[2026-03-30 20:22:04]
   PID     ELAPSED STAT %CPU %MEM CMD
144214    17:24:02 Rl+  99.8  0.2 python -u experiments/run_highway_experiments.py --phase train --envs merge-v0 intersection-v0 --algos dqn --seeds 0 1 2 3 4
994590       01:25 Sl+   8.2  0.0 python -u experiments/run_highway_experiments.py --phase train --envs intersection-v0 --algos ppo --seeds 0 1 2 --train-workers 2 --worker-torch-threads 10
0 %, 0 %, 635 MiB, 32607 MiB
144214, python, 626 MiB
---
[2026-03-30 20:23:04]
   PID     ELAPSED STAT %CPU %MEM CMD
144214    17:25:02 Rl+  99.8  0.2 python -u experiments/run_highway_experiments.py --phase train --envs merge-v0 intersection-v0 --algos dqn --seeds 0 1 2 3 4
994590       02:25 Sl+   4.8  0.0 python -u experiments/run_highway_experiments.py --phase train --envs intersection-v0 --algos ppo --seeds 0 1 2 --train-workers 2 --worker-torch-threads 10
0 %, 0 %, 635 MiB, 32607 MiB
144214, python, 626 MiB
---
[2026-03-30 20:24:05]
   PID     ELAPSED STAT %CPU %MEM CMD
144214    17:26:02 Rl+  99.8  0.2 python -u experiments/run_highway_experiments.py --phase train --envs merge-v0 intersection-v0 --algos dqn --seeds 0 1 2 3 4
994590       03:25 Sl+   3.4  0.0 python -u experiments/run_highway_experiments.py --phase train --envs intersection-v0 --algos ppo --seeds 0 1 2 --train-workers 2 --worker-torch-threads 10
0 %, 0 %, 635 MiB, 32607 MiB
144214, python, 626 MiB
---
[2026-03-30 20:25:05]
   PID     ELAPSED STAT %CPU %MEM CMD
144214    17:27:03 Rl+  99.8  0.2 python -u experiments/run_highway_experiments.py --phase train --envs merge-v0 intersection-v0 --algos dqn --seeds 0 1 2 3 4
994590       04:26 Sl+   2.6  0.0 python -u experiments/run_highway_experiments.py --phase train --envs intersection-v0 --algos ppo --seeds 0 1 2 --train-workers 2 --worker-torch-threads 10
0 %, 0 %, 635 MiB, 32607 MiB
144214, python, 626 MiB
---
[2026-03-30 20:26:05]
   PID     ELAPSED STAT %CPU %MEM CMD
144214    17:28:03 Rl+  99.8  0.2 python -u experiments/run_highway_experiments.py --phase train --envs merge-v0 intersection-v0 --algos dqn --seeds 0 1 2 3 4
994590       05:26 Sl+   2.1  0.0 python -u experiments/run_highway_experiments.py --phase train --envs intersection-v0 --algos ppo --seeds 0 1 2 --train-workers 2 --worker-torch-threads 10
0 %, 0 %, 635 MiB, 32607 MiB
144214, python, 626 MiB
---
[2026-03-30 20:27:05]
   PID     ELAPSED STAT %CPU %MEM CMD
144214    17:29:03 Rl+  99.8  0.2 python -u experiments/run_highway_experiments.py --phase train --envs merge-v0 intersection-v0 --algos dqn --seeds 0 1 2 3 4
994590       06:26 Sl+   1.8  0.0 python -u experiments/run_highway_experiments.py --phase train --envs intersection-v0 --algos ppo --seeds 0 1 2 --train-workers 2 --worker-torch-threads 10
0 %, 0 %, 635 MiB, 32607 MiB
144214, python, 626 MiB
---
[2026-03-30 20:28:05]
   PID     ELAPSED STAT %CPU %MEM CMD
144214    17:30:03 Rl+  99.8  0.2 python -u experiments/run_highway_experiments.py --phase train --envs merge-v0 intersection-v0 --algos dqn --seeds 0 1 2 3 4
994590       07:26 Sl+   1.5  0.0 python -u experiments/run_highway_experiments.py --phase train --envs intersection-v0 --algos ppo --seeds 0 1 2 --train-workers 2 --worker-torch-threads 10
0 %, 0 %, 635 MiB, 32607 MiB
144214, python, 626 MiB
---
[2026-03-30 20:29:05]
   PID     ELAPSED STAT %CPU %MEM CMD
144214    17:31:03 Rl+  99.8  0.2 python -u experiments/run_highway_experiments.py --phase train --envs merge-v0 intersection-v0 --algos dqn --seeds 0 1 2 3 4
994590       08:26 Sl+   1.3  0.0 python -u experiments/run_highway_experiments.py --phase train --envs intersection-v0 --algos ppo --seeds 0 1 2 --train-workers 2 --worker-torch-threads 10
0 %, 0 %, 635 MiB, 32607 MiB
144214, python, 626 MiB
---
[2026-03-30 20:30:05]
   PID     ELAPSED STAT %CPU %MEM CMD
144214    17:32:03 Rl+  99.8  0.2 python -u experiments/run_highway_experiments.py --phase train --envs merge-v0 intersection-v0 --algos dqn --seeds 0 1 2 3 4
994590       09:26 Sl+   1.2  0.0 python -u experiments/run_highway_experiments.py --phase train --envs intersection-v0 --algos ppo --seeds 0 1 2 --train-workers 2 --worker-torch-threads 10
0 %, 0 %, 635 MiB, 32607 MiB
144214, python, 626 MiB
---
[2026-03-30 20:31:06]
   PID     ELAPSED STAT %CPU %MEM CMD
144214    17:33:03 Rl+  99.8  0.2 python -u experiments/run_highway_experiments.py --phase train --envs merge-v0 intersection-v0 --algos dqn --seeds 0 1 2 3 4
994590       10:26 Sl+   1.1  0.0 python -u experiments/run_highway_experiments.py --phase train --envs intersection-v0 --algos ppo --seeds 0 1 2 --train-workers 2 --worker-torch-threads 10
1 %, 0 %, 635 MiB, 32607 MiB
144214, python, 626 MiB
---
[2026-03-30 20:32:06]
   PID     ELAPSED STAT %CPU %MEM CMD
144214    17:34:04 Rl+  99.8  0.2 python -u experiments/run_highway_experiments.py --phase train --envs merge-v0 intersection-v0 --algos dqn --seeds 0 1 2 3 4
994590       11:27 Sl+   1.0  0.0 python -u experiments/run_highway_experiments.py --phase train --envs intersection-v0 --algos ppo --seeds 0 1 2 --train-workers 2 --worker-torch-threads 10
0 %, 0 %, 635 MiB, 32607 MiB
144214, python, 626 MiB
---
[2026-03-30 20:33:06]
   PID     ELAPSED STAT %CPU %MEM CMD
144214    17:35:04 Rl+  99.8  0.2 python -u experiments/run_highway_experiments.py --phase train --envs merge-v0 intersection-v0 --algos dqn --seeds 0 1 2 3 4
994590       12:27 Sl+   0.9  0.0 python -u experiments/run_highway_experiments.py --phase train --envs intersection-v0 --algos ppo --seeds 0 1 2 --train-workers 2 --worker-torch-threads 10
1 %, 0 %, 635 MiB, 32607 MiB
144214, python, 626 MiB
---
[2026-03-30 20:34:06]
   PID     ELAPSED STAT %CPU %MEM CMD
144214    17:36:04 Rl+  99.8  0.2 python -u experiments/run_highway_experiments.py --phase train --envs merge-v0 intersection-v0 --algos dqn --seeds 0 1 2 3 4
994590       13:27 Sl+   0.8  0.0 python -u experiments/run_highway_experiments.py --phase train --envs intersection-v0 --algos ppo --seeds 0 1 2 --train-workers 2 --worker-torch-threads 10
0 %, 0 %, 635 MiB, 32607 MiB
144214, python, 626 MiB
---
[2026-03-30 20:35:06]
   PID     ELAPSED STAT %CPU %MEM CMD
144214    17:37:04 Rl+  99.8  0.2 python -u experiments/run_highway_experiments.py --phase train --envs merge-v0 intersection-v0 --algos dqn --seeds 0 1 2 3 4
994590       14:27 Sl+   0.8  0.0 python -u experiments/run_highway_experiments.py --phase train --envs intersection-v0 --algos ppo --seeds 0 1 2 --train-workers 2 --worker-torch-threads 10
0 %, 0 %, 635 MiB, 32607 MiB
144214, python, 626 MiB
---
[2026-03-30 20:36:06]
   PID     ELAPSED STAT %CPU %MEM CMD
144214    17:38:04 Rl+  99.8  0.2 python -u experiments/run_highway_experiments.py --phase train --envs merge-v0 intersection-v0 --algos dqn --seeds 0 1 2 3 4
994590       15:27 Sl+   0.7  0.0 python -u experiments/run_highway_experiments.py --phase train --envs intersection-v0 --algos ppo --seeds 0 1 2 --train-workers 2 --worker-torch-threads 10
0 %, 0 %, 635 MiB, 32607 MiB
144214, python, 626 MiB
---
[2026-03-30 20:37:06]
   PID     ELAPSED STAT %CPU %MEM CMD
144214    17:39:04 Rl+  99.8  0.2 python -u experiments/run_highway_experiments.py --phase train --envs merge-v0 intersection-v0 --algos dqn --seeds 0 1 2 3 4
994590       16:27 Sl+   0.7  0.0 python -u experiments/run_highway_experiments.py --phase train --envs intersection-v0 --algos ppo --seeds 0 1 2 --train-workers 2 --worker-torch-threads 10
0 %, 0 %, 635 MiB, 32607 MiB
144214, python, 626 MiB
---
[2026-03-30 20:38:07]
   PID     ELAPSED STAT %CPU %MEM CMD
144214    17:40:04 Rl+  99.9  0.2 python -u experiments/run_highway_experiments.py --phase train --envs merge-v0 intersection-v0 --algos dqn --seeds 0 1 2 3 4
994590       17:27 Sl+   0.6  0.0 python -u experiments/run_highway_experiments.py --phase train --envs intersection-v0 --algos ppo --seeds 0 1 2 --train-workers 2 --worker-torch-threads 10
0 %, 0 %, 635 MiB, 32607 MiB
144214, python, 626 MiB
---
[2026-03-30 20:39:07]
   PID     ELAPSED STAT %CPU %MEM CMD
144214    17:41:05 Rl+  99.8  0.2 python -u experiments/run_highway_experiments.py --phase train --envs merge-v0 intersection-v0 --algos dqn --seeds 0 1 2 3 4
994590       18:28 Sl+   0.6  0.0 python -u experiments/run_highway_experiments.py --phase train --envs intersection-v0 --algos ppo --seeds 0 1 2 --train-workers 2 --worker-torch-threads 10
0 %, 0 %, 635 MiB, 32607 MiB
144214, python, 626 MiB
---
[2026-03-30 20:40:07]
   PID     ELAPSED STAT %CPU %MEM CMD
144214    17:42:05 Rl+  99.8  0.2 python -u experiments/run_highway_experiments.py --phase train --envs merge-v0 intersection-v0 --algos dqn --seeds 0 1 2 3 4
994590       19:28 Sl+   0.5  0.0 python -u experiments/run_highway_experiments.py --phase train --envs intersection-v0 --algos ppo --seeds 0 1 2 --train-workers 2 --worker-torch-threads 10
0 %, 0 %, 635 MiB, 32607 MiB
144214, python, 626 MiB
---
[2026-03-30 20:41:07]
   PID     ELAPSED STAT %CPU %MEM CMD
144214    17:43:05 Rl+  99.8  0.2 python -u experiments/run_highway_experiments.py --phase train --envs merge-v0 intersection-v0 --algos dqn --seeds 0 1 2 3 4
994590       20:28 Sl+   0.5  0.0 python -u experiments/run_highway_experiments.py --phase train --envs intersection-v0 --algos ppo --seeds 0 1 2 --train-workers 2 --worker-torch-threads 10
0 %, 0 %, 635 MiB, 32607 MiB
144214, python, 626 MiB
---
[2026-03-30 20:42:07]
   PID     ELAPSED STAT %CPU %MEM CMD
144214    17:44:05 Rl+  99.9  0.2 python -u experiments/run_highway_experiments.py --phase train --envs merge-v0 intersection-v0 --algos dqn --seeds 0 1 2 3 4
994590       21:28 Sl+   0.5  0.0 python -u experiments/run_highway_experiments.py --phase train --envs intersection-v0 --algos ppo --seeds 0 1 2 --train-workers 2 --worker-torch-threads 10
0 %, 0 %, 635 MiB, 32607 MiB
144214, python, 626 MiB
---
[2026-03-30 20:43:07]
   PID     ELAPSED STAT %CPU %MEM CMD
144214    17:45:05 Rl+  99.9  0.2 python -u experiments/run_highway_experiments.py --phase train --envs merge-v0 intersection-v0 --algos dqn --seeds 0 1 2 3 4
994590       22:28 Sl+   0.5  0.0 python -u experiments/run_highway_experiments.py --phase train --envs intersection-v0 --algos ppo --seeds 0 1 2 --train-workers 2 --worker-torch-threads 10
0 %, 0 %, 635 MiB, 32607 MiB
144214, python, 626 MiB
---
[2026-03-30 20:44:07]
   PID     ELAPSED STAT %CPU %MEM CMD
144214    17:46:05 Rl+  99.9  0.2 python -u experiments/run_highway_experiments.py --phase train --envs merge-v0 intersection-v0 --algos dqn --seeds 0 1 2 3 4
994590       23:28 Sl+   0.4  0.0 python -u experiments/run_highway_experiments.py --phase train --envs intersection-v0 --algos ppo --seeds 0 1 2 --train-workers 2 --worker-torch-threads 10
0 %, 0 %, 635 MiB, 32607 MiB
144214, python, 626 MiB
---
[2026-03-30 20:45:08]
   PID     ELAPSED STAT %CPU %MEM CMD
144214    17:47:05 Rl+  99.9  0.2 python -u experiments/run_highway_experiments.py --phase train --envs merge-v0 intersection-v0 --algos dqn --seeds 0 1 2 3 4
994590       24:28 Sl+   0.4  0.0 python -u experiments/run_highway_experiments.py --phase train --envs intersection-v0 --algos ppo --seeds 0 1 2 --train-workers 2 --worker-torch-threads 10
0 %, 0 %, 635 MiB, 32607 MiB
144214, python, 626 MiB
---
[2026-03-30 20:46:08]
   PID     ELAPSED STAT %CPU %MEM CMD
144214    17:48:06 Rl+  99.9  0.2 python -u experiments/run_highway_experiments.py --phase train --envs merge-v0 intersection-v0 --algos dqn --seeds 0 1 2 3 4
994590       25:29 Sl+   0.4  0.0 python -u experiments/run_highway_experiments.py --phase train --envs intersection-v0 --algos ppo --seeds 0 1 2 --train-workers 2 --worker-torch-threads 10
0 %, 0 %, 635 MiB, 32607 MiB
144214, python, 626 MiB
---
[2026-03-30 20:47:08]
   PID     ELAPSED STAT %CPU %MEM CMD
144214    17:49:06 Rl+  99.9  0.2 python -u experiments/run_highway_experiments.py --phase train --envs merge-v0 intersection-v0 --algos dqn --seeds 0 1 2 3 4
994590       26:29 Sl+   0.4  0.0 python -u experiments/run_highway_experiments.py --phase train --envs intersection-v0 --algos ppo --seeds 0 1 2 --train-workers 2 --worker-torch-threads 10
1 %, 0 %, 635 MiB, 32607 MiB
144214, python, 626 MiB
---
[2026-03-30 20:48:08]
   PID     ELAPSED STAT %CPU %MEM CMD
144214    17:50:06 Rl+  99.9  0.2 python -u experiments/run_highway_experiments.py --phase train --envs merge-v0 intersection-v0 --algos dqn --seeds 0 1 2 3 4
994590       27:29 Sl+   0.4  0.0 python -u experiments/run_highway_experiments.py --phase train --envs intersection-v0 --algos ppo --seeds 0 1 2 --train-workers 2 --worker-torch-threads 10
0 %, 0 %, 635 MiB, 32607 MiB
144214, python, 626 MiB
---
[2026-03-30 20:49:08]
   PID     ELAPSED STAT %CPU %MEM CMD
144214    17:51:06 Rl+  99.9  0.2 python -u experiments/run_highway_experiments.py --phase train --envs merge-v0 intersection-v0 --algos dqn --seeds 0 1 2 3 4
994590       28:29 Sl+   0.4  0.0 python -u experiments/run_highway_experiments.py --phase train --envs intersection-v0 --algos ppo --seeds 0 1 2 --train-workers 2 --worker-torch-threads 10
0 %, 0 %, 635 MiB, 32607 MiB
144214, python, 626 MiB
---
[2026-03-30 20:50:08]
   PID     ELAPSED STAT %CPU %MEM CMD
144214    17:52:06 Rl+  99.9  0.2 python -u experiments/run_highway_experiments.py --phase train --envs merge-v0 intersection-v0 --algos dqn --seeds 0 1 2 3 4
994590       29:29 Sl+   0.3  0.0 python -u experiments/run_highway_experiments.py --phase train --envs intersection-v0 --algos ppo --seeds 0 1 2 --train-workers 2 --worker-torch-threads 10
0 %, 0 %, 635 MiB, 32607 MiB
144214, python, 626 MiB
---
[2026-03-30 20:51:09]
   PID     ELAPSED STAT %CPU %MEM CMD
144214    17:53:06 Rl+  99.9  0.2 python -u experiments/run_highway_experiments.py --phase train --envs merge-v0 intersection-v0 --algos dqn --seeds 0 1 2 3 4
994590       30:29 Sl+   0.3  0.0 python -u experiments/run_highway_experiments.py --phase train --envs intersection-v0 --algos ppo --seeds 0 1 2 --train-workers 2 --worker-torch-threads 10
0 %, 0 %, 635 MiB, 32607 MiB
144214, python, 626 MiB
---
[2026-03-30 20:52:09]
   PID     ELAPSED STAT %CPU %MEM CMD
144214    17:54:07 Rl+  99.9  0.2 python -u experiments/run_highway_experiments.py --phase train --envs merge-v0 intersection-v0 --algos dqn --seeds 0 1 2 3 4
994590       31:30 Sl+   0.3  0.0 python -u experiments/run_highway_experiments.py --phase train --envs intersection-v0 --algos ppo --seeds 0 1 2 --train-workers 2 --worker-torch-threads 10
0 %, 0 %, 635 MiB, 32607 MiB
144214, python, 626 MiB
---
[2026-03-30 20:53:09]
   PID     ELAPSED STAT %CPU %MEM CMD
144214    17:55:07 Rl+  99.9  0.2 python -u experiments/run_highway_experiments.py --phase train --envs merge-v0 intersection-v0 --algos dqn --seeds 0 1 2 3 4
994590       32:30 Sl+   0.3  0.0 python -u experiments/run_highway_experiments.py --phase train --envs intersection-v0 --algos ppo --seeds 0 1 2 --train-workers 2 --worker-torch-threads 10
0 %, 0 %, 635 MiB, 32607 MiB
144214, python, 626 MiB
---
[2026-03-30 20:54:09]
   PID     ELAPSED STAT %CPU %MEM CMD
144214    17:56:07 Rl+  99.9  0.2 python -u experiments/run_highway_experiments.py --phase train --envs merge-v0 intersection-v0 --algos dqn --seeds 0 1 2 3 4
994590       33:30 Sl+   0.3  0.0 python -u experiments/run_highway_experiments.py --phase train --envs intersection-v0 --algos ppo --seeds 0 1 2 --train-workers 2 --worker-torch-threads 10
0 %, 0 %, 635 MiB, 32607 MiB
144214, python, 626 MiB
---
[2026-03-30 20:55:09]
   PID     ELAPSED STAT %CPU %MEM CMD
144214    17:57:07 Rl+  99.9  0.2 python -u experiments/run_highway_experiments.py --phase train --envs merge-v0 intersection-v0 --algos dqn --seeds 0 1 2 3 4
994590       34:30 Sl+   0.3  0.0 python -u experiments/run_highway_experiments.py --phase train --envs intersection-v0 --algos ppo --seeds 0 1 2 --train-workers 2 --worker-torch-threads 10
0 %, 0 %, 635 MiB, 32607 MiB
144214, python, 626 MiB
---
[2026-03-30 20:56:09]
   PID     ELAPSED STAT %CPU %MEM CMD
144214    17:58:07 Rl+  99.9  0.2 python -u experiments/run_highway_experiments.py --phase train --envs merge-v0 intersection-v0 --algos dqn --seeds 0 1 2 3 4
994590       35:30 Sl+   0.3  0.0 python -u experiments/run_highway_experiments.py --phase train --envs intersection-v0 --algos ppo --seeds 0 1 2 --train-workers 2 --worker-torch-threads 10
0 %, 0 %, 635 MiB, 32607 MiB
144214, python, 626 MiB
---
[2026-03-30 20:57:09]
   PID     ELAPSED STAT %CPU %MEM CMD
144214    17:59:07 Rl+  99.9  0.2 python -u experiments/run_highway_experiments.py --phase train --envs merge-v0 intersection-v0 --algos dqn --seeds 0 1 2 3 4
994590       36:30 Sl+   0.3  0.0 python -u experiments/run_highway_experiments.py --phase train --envs intersection-v0 --algos ppo --seeds 0 1 2 --train-workers 2 --worker-torch-threads 10
1 %, 0 %, 635 MiB, 32607 MiB
144214, python, 626 MiB
---
[2026-03-30 20:58:10]
   PID     ELAPSED STAT %CPU %MEM CMD
144214    18:00:07 Rl+  99.9  0.2 python -u experiments/run_highway_experiments.py --phase train --envs merge-v0 intersection-v0 --algos dqn --seeds 0 1 2 3 4
994590       37:30 Sl+   0.3  0.0 python -u experiments/run_highway_experiments.py --phase train --envs intersection-v0 --algos ppo --seeds 0 1 2 --train-workers 2 --worker-torch-threads 10
0 %, 0 %, 635 MiB, 32607 MiB
144214, python, 626 MiB
---
[2026-03-30 20:59:10]
   PID     ELAPSED STAT %CPU %MEM CMD
144214    18:01:08 Rl+  99.9  0.2 python -u experiments/run_highway_experiments.py --phase train --envs merge-v0 intersection-v0 --algos dqn --seeds 0 1 2 3 4
994590       38:31 Sl+   0.3  0.0 python -u experiments/run_highway_experiments.py --phase train --envs intersection-v0 --algos ppo --seeds 0 1 2 --train-workers 2 --worker-torch-threads 10
0 %, 0 %, 635 MiB, 32607 MiB
144214, python, 626 MiB
---
[2026-03-30 21:00:10]
   PID     ELAPSED STAT %CPU %MEM CMD
144214    18:02:08 Rl+  99.9  0.2 python -u experiments/run_highway_experiments.py --phase train --envs merge-v0 intersection-v0 --algos dqn --seeds 0 1 2 3 4
994590       39:31 Sl+   0.2  0.0 python -u experiments/run_highway_experiments.py --phase train --envs intersection-v0 --algos ppo --seeds 0 1 2 --train-workers 2 --worker-torch-threads 10
0 %, 0 %, 635 MiB, 32607 MiB
144214, python, 626 MiB
---
[2026-03-30 21:01:10]
   PID     ELAPSED STAT %CPU %MEM CMD
144214    18:03:08 Rl+  99.9  0.2 python -u experiments/run_highway_experiments.py --phase train --envs merge-v0 intersection-v0 --algos dqn --seeds 0 1 2 3 4
994590       40:31 Sl+   0.2  0.0 python -u experiments/run_highway_experiments.py --phase train --envs intersection-v0 --algos ppo --seeds 0 1 2 --train-workers 2 --worker-torch-threads 10
0 %, 0 %, 635 MiB, 32607 MiB
144214, python, 626 MiB
---
[2026-03-30 21:02:10]
   PID     ELAPSED STAT %CPU %MEM CMD
144214    18:04:08 Rl+  99.9  0.2 python -u experiments/run_highway_experiments.py --phase train --envs merge-v0 intersection-v0 --algos dqn --seeds 0 1 2 3 4
994590       41:31 Sl+   0.2  0.0 python -u experiments/run_highway_experiments.py --phase train --envs intersection-v0 --algos ppo --seeds 0 1 2 --train-workers 2 --worker-torch-threads 10
0 %, 0 %, 635 MiB, 32607 MiB
144214, python, 626 MiB
---
[2026-03-30 21:03:10]
   PID     ELAPSED STAT %CPU %MEM CMD
144214    18:05:08 Rl+  99.9  0.2 python -u experiments/run_highway_experiments.py --phase train --envs merge-v0 intersection-v0 --algos dqn --seeds 0 1 2 3 4
994590       42:31 Sl+   0.2  0.0 python -u experiments/run_highway_experiments.py --phase train --envs intersection-v0 --algos ppo --seeds 0 1 2 --train-workers 2 --worker-torch-threads 10
0 %, 0 %, 635 MiB, 32607 MiB
144214, python, 626 MiB
---
[2026-03-30 21:04:11]
   PID     ELAPSED STAT %CPU %MEM CMD
144214    18:06:08 Rl+  99.9  0.2 python -u experiments/run_highway_experiments.py --phase train --envs merge-v0 intersection-v0 --algos dqn --seeds 0 1 2 3 4
994590       43:31 Sl+   0.2  0.0 python -u experiments/run_highway_experiments.py --phase train --envs intersection-v0 --algos ppo --seeds 0 1 2 --train-workers 2 --worker-torch-threads 10
0 %, 0 %, 635 MiB, 32607 MiB
144214, python, 626 MiB
---
[2026-03-30 21:05:11]
   PID     ELAPSED STAT %CPU %MEM CMD
144214    18:07:09 Rl+  99.9  0.2 python -u experiments/run_highway_experiments.py --phase train --envs merge-v0 intersection-v0 --algos dqn --seeds 0 1 2 3 4
994590       44:32 Sl+   0.2  0.0 python -u experiments/run_highway_experiments.py --phase train --envs intersection-v0 --algos ppo --seeds 0 1 2 --train-workers 2 --worker-torch-threads 10
0 %, 0 %, 635 MiB, 32607 MiB
144214, python, 626 MiB
---
[2026-03-30 21:06:11]
   PID     ELAPSED STAT %CPU %MEM CMD
144214    18:08:09 Rl+  99.9  0.2 python -u experiments/run_highway_experiments.py --phase train --envs merge-v0 intersection-v0 --algos dqn --seeds 0 1 2 3 4
994590       45:32 Sl+   0.2  0.0 python -u experiments/run_highway_experiments.py --phase train --envs intersection-v0 --algos ppo --seeds 0 1 2 --train-workers 2 --worker-torch-threads 10
0 %, 0 %, 635 MiB, 32607 MiB
144214, python, 626 MiB
---
[2026-03-30 21:07:11]
   PID     ELAPSED STAT %CPU %MEM CMD
144214    18:09:09 Rl+  99.9  0.2 python -u experiments/run_highway_experiments.py --phase train --envs merge-v0 intersection-v0 --algos dqn --seeds 0 1 2 3 4
994590       46:32 Sl+   0.2  0.0 python -u experiments/run_highway_experiments.py --phase train --envs intersection-v0 --algos ppo --seeds 0 1 2 --train-workers 2 --worker-torch-threads 10
0 %, 0 %, 635 MiB, 32607 MiB
144214, python, 626 MiB
---
[2026-03-30 21:08:11]
   PID     ELAPSED STAT %CPU %MEM CMD
144214    18:10:09 Rl+  99.9  0.2 python -u experiments/run_highway_experiments.py --phase train --envs merge-v0 intersection-v0 --algos dqn --seeds 0 1 2 3 4
994590       47:32 Sl+   0.2  0.0 python -u experiments/run_highway_experiments.py --phase train --envs intersection-v0 --algos ppo --seeds 0 1 2 --train-workers 2 --worker-torch-threads 10
0 %, 0 %, 635 MiB, 32607 MiB
144214, python, 626 MiB
---
[2026-03-30 21:09:11]
   PID     ELAPSED STAT %CPU %MEM CMD
144214    18:11:09 Rl+  99.9  0.2 python -u experiments/run_highway_experiments.py --phase train --envs merge-v0 intersection-v0 --algos dqn --seeds 0 1 2 3 4
994590       48:32 Sl+   0.2  0.0 python -u experiments/run_highway_experiments.py --phase train --envs intersection-v0 --algos ppo --seeds 0 1 2 --train-workers 2 --worker-torch-threads 10
0 %, 0 %, 635 MiB, 32607 MiB
144214, python, 626 MiB
---
[2026-03-30 21:10:11]
   PID     ELAPSED STAT %CPU %MEM CMD
144214    18:12:09 Rl+  99.9  0.2 python -u experiments/run_highway_experiments.py --phase train --envs merge-v0 intersection-v0 --algos dqn --seeds 0 1 2 3 4
994590       49:32 Sl+   0.2  0.0 python -u experiments/run_highway_experiments.py --phase train --envs intersection-v0 --algos ppo --seeds 0 1 2 --train-workers 2 --worker-torch-threads 10
0 %, 0 %, 635 MiB, 32607 MiB
144214, python, 626 MiB
---
[2026-03-30 21:11:12]
   PID     ELAPSED STAT %CPU %MEM CMD
144214    18:13:09 Rl+  99.9  0.2 python -u experiments/run_highway_experiments.py --phase train --envs merge-v0 intersection-v0 --algos dqn --seeds 0 1 2 3 4
994590       50:32 Sl+   0.2  0.0 python -u experiments/run_highway_experiments.py --phase train --envs intersection-v0 --algos ppo --seeds 0 1 2 --train-workers 2 --worker-torch-threads 10
0 %, 0 %, 635 MiB, 32607 MiB
144214, python, 626 MiB
---
[2026-03-30 21:12:12]
   PID     ELAPSED STAT %CPU %MEM CMD
144214    18:14:10 Rl+  99.9  0.2 python -u experiments/run_highway_experiments.py --phase train --envs merge-v0 intersection-v0 --algos dqn --seeds 0 1 2 3 4
994590       51:33 Sl+   0.2  0.0 python -u experiments/run_highway_experiments.py --phase train --envs intersection-v0 --algos ppo --seeds 0 1 2 --train-workers 2 --worker-torch-threads 10
0 %, 0 %, 635 MiB, 32607 MiB
144214, python, 626 MiB
---
[2026-03-30 21:13:12]
   PID     ELAPSED STAT %CPU %MEM CMD
144214    18:15:10 Rl+  99.9  0.2 python -u experiments/run_highway_experiments.py --phase train --envs merge-v0 intersection-v0 --algos dqn --seeds 0 1 2 3 4
994590       52:33 Sl+   0.2  0.0 python -u experiments/run_highway_experiments.py --phase train --envs intersection-v0 --algos ppo --seeds 0 1 2 --train-workers 2 --worker-torch-threads 10
0 %, 0 %, 635 MiB, 32607 MiB
144214, python, 626 MiB
---
[2026-03-30 21:14:12]
   PID     ELAPSED STAT %CPU %MEM CMD
144214    18:16:10 Rl+  99.9  0.2 python -u experiments/run_highway_experiments.py --phase train --envs merge-v0 intersection-v0 --algos dqn --seeds 0 1 2 3 4
994590       53:33 Sl+   0.2  0.0 python -u experiments/run_highway_experiments.py --phase train --envs intersection-v0 --algos ppo --seeds 0 1 2 --train-workers 2 --worker-torch-threads 10
0 %, 0 %, 635 MiB, 32607 MiB
144214, python, 626 MiB
---
[2026-03-30 21:15:12]
   PID     ELAPSED STAT %CPU %MEM CMD
144214    18:17:10 Rl+  99.9  0.2 python -u experiments/run_highway_experiments.py --phase train --envs merge-v0 intersection-v0 --algos dqn --seeds 0 1 2 3 4
994590       54:33 Sl+   0.2  0.0 python -u experiments/run_highway_experiments.py --phase train --envs intersection-v0 --algos ppo --seeds 0 1 2 --train-workers 2 --worker-torch-threads 10
0 %, 0 %, 635 MiB, 32607 MiB
144214, python, 626 MiB
---
[2026-03-30 21:16:12]
   PID     ELAPSED STAT %CPU %MEM CMD
144214    18:18:10 Rl+  99.9  0.2 python -u experiments/run_highway_experiments.py --phase train --envs merge-v0 intersection-v0 --algos dqn --seeds 0 1 2 3 4
994590       55:33 Sl+   0.2  0.0 python -u experiments/run_highway_experiments.py --phase train --envs intersection-v0 --algos ppo --seeds 0 1 2 --train-workers 2 --worker-torch-threads 10
0 %, 0 %, 635 MiB, 32607 MiB
144214, python, 626 MiB
---
[2026-03-30 21:17:12]
   PID     ELAPSED STAT %CPU %MEM CMD
144214    18:19:10 Rl+  99.9  0.2 python -u experiments/run_highway_experiments.py --phase train --envs merge-v0 intersection-v0 --algos dqn --seeds 0 1 2 3 4
994590       56:33 Sl+   0.2  0.0 python -u experiments/run_highway_experiments.py --phase train --envs intersection-v0 --algos ppo --seeds 0 1 2 --train-workers 2 --worker-torch-threads 10
0 %, 0 %, 635 MiB, 32607 MiB
144214, python, 626 MiB
---
[2026-03-30 21:18:13]
   PID     ELAPSED STAT %CPU %MEM CMD
144214    18:20:11 Rl+  99.9  0.2 python -u experiments/run_highway_experiments.py --phase train --envs merge-v0 intersection-v0 --algos dqn --seeds 0 1 2 3 4
994590       57:34 Sl+   0.2  0.0 python -u experiments/run_highway_experiments.py --phase train --envs intersection-v0 --algos ppo --seeds 0 1 2 --train-workers 2 --worker-torch-threads 10
0 %, 0 %, 635 MiB, 32607 MiB
144214, python, 626 MiB
---
[2026-03-30 21:19:13]
   PID     ELAPSED STAT %CPU %MEM CMD
144214    18:21:11 Rl+  99.9  0.2 python -u experiments/run_highway_experiments.py --phase train --envs merge-v0 intersection-v0 --algos dqn --seeds 0 1 2 3 4
994590       58:34 Sl+   0.1  0.0 python -u experiments/run_highway_experiments.py --phase train --envs intersection-v0 --algos ppo --seeds 0 1 2 --train-workers 2 --worker-torch-threads 10
0 %, 0 %, 635 MiB, 32607 MiB
144214, python, 626 MiB
---
[2026-03-30 21:20:13]
   PID     ELAPSED STAT %CPU %MEM CMD
144214    18:22:11 Rl+  99.9  0.2 python -u experiments/run_highway_experiments.py --phase train --envs merge-v0 intersection-v0 --algos dqn --seeds 0 1 2 3 4
994590       59:34 Sl+   0.1  0.0 python -u experiments/run_highway_experiments.py --phase train --envs intersection-v0 --algos ppo --seeds 0 1 2 --train-workers 2 --worker-torch-threads 10
0 %, 0 %, 635 MiB, 32607 MiB
144214, python, 626 MiB
---
[2026-03-30 21:21:13]
   PID     ELAPSED STAT %CPU %MEM CMD
144214    18:23:11 Rl+  99.9  0.2 python -u experiments/run_highway_experiments.py --phase train --envs merge-v0 intersection-v0 --algos dqn --seeds 0 1 2 3 4
994590    01:00:34 Sl+   0.1  0.0 python -u experiments/run_highway_experiments.py --phase train --envs intersection-v0 --algos ppo --seeds 0 1 2 --train-workers 2 --worker-torch-threads 10
0 %, 0 %, 635 MiB, 32607 MiB
144214, python, 626 MiB
---
[2026-03-30 21:22:13]
   PID     ELAPSED STAT %CPU %MEM CMD
144214    18:24:11 Rl+  99.9  0.2 python -u experiments/run_highway_experiments.py --phase train --envs merge-v0 intersection-v0 --algos dqn --seeds 0 1 2 3 4
994590    01:01:34 Sl+   0.1  0.0 python -u experiments/run_highway_experiments.py --phase train --envs intersection-v0 --algos ppo --seeds 0 1 2 --train-workers 2 --worker-torch-threads 10
0 %, 0 %, 635 MiB, 32607 MiB
144214, python, 626 MiB
---
[2026-03-30 21:23:14]
   PID     ELAPSED STAT %CPU %MEM CMD
144214    18:25:11 Rl+  99.9  0.2 python -u experiments/run_highway_experiments.py --phase train --envs merge-v0 intersection-v0 --algos dqn --seeds 0 1 2 3 4
994590    01:02:34 Sl+   0.1  0.0 python -u experiments/run_highway_experiments.py --phase train --envs intersection-v0 --algos ppo --seeds 0 1 2 --train-workers 2 --worker-torch-threads 10
0 %, 0 %, 635 MiB, 32607 MiB
144214, python, 626 MiB
---
[2026-03-30 21:24:14]
   PID     ELAPSED STAT %CPU %MEM CMD
144214    18:26:12 Rl+  99.9  0.2 python -u experiments/run_highway_experiments.py --phase train --envs merge-v0 intersection-v0 --algos dqn --seeds 0 1 2 3 4
994590    01:03:35 Sl+   0.1  0.0 python -u experiments/run_highway_experiments.py --phase train --envs intersection-v0 --algos ppo --seeds 0 1 2 --train-workers 2 --worker-torch-threads 10
0 %, 0 %, 635 MiB, 32607 MiB
144214, python, 626 MiB
---
[2026-03-30 21:25:14]
   PID     ELAPSED STAT %CPU %MEM CMD
144214    18:27:12 Rl+  99.9  0.2 python -u experiments/run_highway_experiments.py --phase train --envs merge-v0 intersection-v0 --algos dqn --seeds 0 1 2 3 4
994590    01:04:35 Sl+   0.1  0.0 python -u experiments/run_highway_experiments.py --phase train --envs intersection-v0 --algos ppo --seeds 0 1 2 --train-workers 2 --worker-torch-threads 10
0 %, 0 %, 635 MiB, 32607 MiB
144214, python, 626 MiB
---
[2026-03-30 21:26:14]
   PID     ELAPSED STAT %CPU %MEM CMD
144214    18:28:12 Rl+  99.9  0.2 python -u experiments/run_highway_experiments.py --phase train --envs merge-v0 intersection-v0 --algos dqn --seeds 0 1 2 3 4
994590    01:05:35 Sl+   0.1  0.0 python -u experiments/run_highway_experiments.py --phase train --envs intersection-v0 --algos ppo --seeds 0 1 2 --train-workers 2 --worker-torch-threads 10
0 %, 0 %, 635 MiB, 32607 MiB
144214, python, 626 MiB
---
[2026-03-30 21:27:14]
   PID     ELAPSED STAT %CPU %MEM CMD
144214    18:29:12 Rl+  99.9  0.2 python -u experiments/run_highway_experiments.py --phase train --envs merge-v0 intersection-v0 --algos dqn --seeds 0 1 2 3 4
994590    01:06:35 Sl+   0.1  0.0 python -u experiments/run_highway_experiments.py --phase train --envs intersection-v0 --algos ppo --seeds 0 1 2 --train-workers 2 --worker-torch-threads 10
0 %, 0 %, 635 MiB, 32607 MiB
144214, python, 626 MiB
---
[2026-03-30 21:28:14]
   PID     ELAPSED STAT %CPU %MEM CMD
144214    18:30:12 Rl+  99.9  0.2 python -u experiments/run_highway_experiments.py --phase train --envs merge-v0 intersection-v0 --algos dqn --seeds 0 1 2 3 4
994590    01:07:35 Sl+   0.1  0.0 python -u experiments/run_highway_experiments.py --phase train --envs intersection-v0 --algos ppo --seeds 0 1 2 --train-workers 2 --worker-torch-threads 10
0 %, 0 %, 635 MiB, 32607 MiB
144214, python, 626 MiB
---
[2026-03-30 21:29:14]
   PID     ELAPSED STAT %CPU %MEM CMD
144214    18:31:12 Rl+  99.9  0.2 python -u experiments/run_highway_experiments.py --phase train --envs merge-v0 intersection-v0 --algos dqn --seeds 0 1 2 3 4
994590    01:08:35 Sl+   0.1  0.0 python -u experiments/run_highway_experiments.py --phase train --envs intersection-v0 --algos ppo --seeds 0 1 2 --train-workers 2 --worker-torch-threads 10
0 %, 0 %, 635 MiB, 32607 MiB
144214, python, 626 MiB
---
[2026-03-30 21:30:15]
   PID     ELAPSED STAT %CPU %MEM CMD
144214    18:32:13 Rl+  99.9  0.2 python -u experiments/run_highway_experiments.py --phase train --envs merge-v0 intersection-v0 --algos dqn --seeds 0 1 2 3 4
994590    01:09:36 Sl+   0.1  0.0 python -u experiments/run_highway_experiments.py --phase train --envs intersection-v0 --algos ppo --seeds 0 1 2 --train-workers 2 --worker-torch-threads 10
0 %, 0 %, 635 MiB, 32607 MiB
144214, python, 626 MiB
---
[2026-03-30 21:31:15]
   PID     ELAPSED STAT %CPU %MEM CMD
144214    18:33:13 Rl+  99.9  0.2 python -u experiments/run_highway_experiments.py --phase train --envs merge-v0 intersection-v0 --algos dqn --seeds 0 1 2 3 4
994590    01:10:36 Sl+   0.1  0.0 python -u experiments/run_highway_experiments.py --phase train --envs intersection-v0 --algos ppo --seeds 0 1 2 --train-workers 2 --worker-torch-threads 10
0 %, 0 %, 635 MiB, 32607 MiB
144214, python, 626 MiB
---
[2026-03-30 21:32:15]
   PID     ELAPSED STAT %CPU %MEM CMD
144214    18:34:13 Rl+  99.9  0.2 python -u experiments/run_highway_experiments.py --phase train --envs merge-v0 intersection-v0 --algos dqn --seeds 0 1 2 3 4
994590    01:11:36 Sl+   0.1  0.0 python -u experiments/run_highway_experiments.py --phase train --envs intersection-v0 --algos ppo --seeds 0 1 2 --train-workers 2 --worker-torch-threads 10
0 %, 0 %, 635 MiB, 32607 MiB
144214, python, 626 MiB
---
[2026-03-30 21:33:15]
   PID     ELAPSED STAT %CPU %MEM CMD
144214    18:35:13 Rl+  99.9  0.2 python -u experiments/run_highway_experiments.py --phase train --envs merge-v0 intersection-v0 --algos dqn --seeds 0 1 2 3 4
994590    01:12:36 Sl+   0.1  0.0 python -u experiments/run_highway_experiments.py --phase train --envs intersection-v0 --algos ppo --seeds 0 1 2 --train-workers 2 --worker-torch-threads 10
0 %, 0 %, 635 MiB, 32607 MiB
144214, python, 626 MiB
---
[2026-03-30 21:34:15]
   PID     ELAPSED STAT %CPU %MEM CMD
144214    18:36:13 Rl+  99.9  0.2 python -u experiments/run_highway_experiments.py --phase train --envs merge-v0 intersection-v0 --algos dqn --seeds 0 1 2 3 4
994590    01:13:36 Sl+   0.1  0.0 python -u experiments/run_highway_experiments.py --phase train --envs intersection-v0 --algos ppo --seeds 0 1 2 --train-workers 2 --worker-torch-threads 10
0 %, 0 %, 635 MiB, 32607 MiB
144214, python, 626 MiB
---
[2026-03-30 21:35:15]
   PID     ELAPSED STAT %CPU %MEM CMD
144214    18:37:13 Rl+  99.9  0.2 python -u experiments/run_highway_experiments.py --phase train --envs merge-v0 intersection-v0 --algos dqn --seeds 0 1 2 3 4
994590    01:14:36 Sl+   0.1  0.0 python -u experiments/run_highway_experiments.py --phase train --envs intersection-v0 --algos ppo --seeds 0 1 2 --train-workers 2 --worker-torch-threads 10
0 %, 0 %, 635 MiB, 32607 MiB
144214, python, 626 MiB
---
[2026-03-30 21:36:15]
   PID     ELAPSED STAT %CPU %MEM CMD
144214    18:38:13 Rl+  99.9  0.2 python -u experiments/run_highway_experiments.py --phase train --envs merge-v0 intersection-v0 --algos dqn --seeds 0 1 2 3 4
994590    01:15:36 Sl+   0.1  0.0 python -u experiments/run_highway_experiments.py --phase train --envs intersection-v0 --algos ppo --seeds 0 1 2 --train-workers 2 --worker-torch-threads 10
0 %, 0 %, 635 MiB, 32607 MiB
144214, python, 626 MiB
---
[2026-03-30 21:37:16]
   PID     ELAPSED STAT %CPU %MEM CMD
144214    18:39:13 Rl+  99.9  0.2 python -u experiments/run_highway_experiments.py --phase train --envs merge-v0 intersection-v0 --algos dqn --seeds 0 1 2 3 4
994590    01:16:36 Sl+   0.1  0.0 python -u experiments/run_highway_experiments.py --phase train --envs intersection-v0 --algos ppo --seeds 0 1 2 --train-workers 2 --worker-torch-threads 10
0 %, 0 %, 635 MiB, 32607 MiB
144214, python, 626 MiB
---
[2026-03-30 21:38:16]
   PID     ELAPSED STAT %CPU %MEM CMD
144214    18:40:14 Rl+  99.9  0.2 python -u experiments/run_highway_experiments.py --phase train --envs merge-v0 intersection-v0 --algos dqn --seeds 0 1 2 3 4
994590    01:17:37 Sl+   0.1  0.0 python -u experiments/run_highway_experiments.py --phase train --envs intersection-v0 --algos ppo --seeds 0 1 2 --train-workers 2 --worker-torch-threads 10
0 %, 0 %, 635 MiB, 32607 MiB
144214, python, 626 MiB
---
[2026-03-30 21:39:16]
   PID     ELAPSED STAT %CPU %MEM CMD
144214    18:41:14 Rl+  99.9  0.2 python -u experiments/run_highway_experiments.py --phase train --envs merge-v0 intersection-v0 --algos dqn --seeds 0 1 2 3 4
994590    01:18:37 Sl+   0.1  0.0 python -u experiments/run_highway_experiments.py --phase train --envs intersection-v0 --algos ppo --seeds 0 1 2 --train-workers 2 --worker-torch-threads 10
0 %, 0 %, 635 MiB, 32607 MiB
144214, python, 626 MiB
---
[2026-03-30 21:40:16]
   PID     ELAPSED STAT %CPU %MEM CMD
144214    18:42:14 Rl+  99.9  0.2 python -u experiments/run_highway_experiments.py --phase train --envs merge-v0 intersection-v0 --algos dqn --seeds 0 1 2 3 4
994590    01:19:37 Sl+   0.1  0.0 python -u experiments/run_highway_experiments.py --phase train --envs intersection-v0 --algos ppo --seeds 0 1 2 --train-workers 2 --worker-torch-threads 10
0 %, 0 %, 635 MiB, 32607 MiB
144214, python, 626 MiB
---
[2026-03-30 21:41:16]
   PID     ELAPSED STAT %CPU %MEM CMD
144214    18:43:14 Rl+  99.9  0.2 python -u experiments/run_highway_experiments.py --phase train --envs merge-v0 intersection-v0 --algos dqn --seeds 0 1 2 3 4
994590    01:20:37 Sl+   0.1  0.0 python -u experiments/run_highway_experiments.py --phase train --envs intersection-v0 --algos ppo --seeds 0 1 2 --train-workers 2 --worker-torch-threads 10
1 %, 0 %, 635 MiB, 32607 MiB
144214, python, 626 MiB
---
[2026-03-30 21:42:16]
   PID     ELAPSED STAT %CPU %MEM CMD
144214    18:44:14 Rl+  99.9  0.2 python -u experiments/run_highway_experiments.py --phase train --envs merge-v0 intersection-v0 --algos dqn --seeds 0 1 2 3 4
994590    01:21:37 Sl+   0.1  0.0 python -u experiments/run_highway_experiments.py --phase train --envs intersection-v0 --algos ppo --seeds 0 1 2 --train-workers 2 --worker-torch-threads 10
0 %, 0 %, 635 MiB, 32607 MiB
144214, python, 626 MiB
---
[2026-03-30 21:43:16]
   PID     ELAPSED STAT %CPU %MEM CMD
144214    18:45:14 Sl+  99.9  0.2 python -u experiments/run_highway_experiments.py --phase train --envs merge-v0 intersection-v0 --algos dqn --seeds 0 1 2 3 4
994590    01:22:37 Sl+   0.1  0.0 python -u experiments/run_highway_experiments.py --phase train --envs intersection-v0 --algos ppo --seeds 0 1 2 --train-workers 2 --worker-torch-threads 10
0 %, 0 %, 635 MiB, 32607 MiB
144214, python, 626 MiB
---
[2026-03-30 21:44:17]
   PID     ELAPSED STAT %CPU %MEM CMD
144214    18:46:15 Rl+  99.9  0.2 python -u experiments/run_highway_experiments.py --phase train --envs merge-v0 intersection-v0 --algos dqn --seeds 0 1 2 3 4
994590    01:23:38 Sl+   0.1  0.0 python -u experiments/run_highway_experiments.py --phase train --envs intersection-v0 --algos ppo --seeds 0 1 2 --train-workers 2 --worker-torch-threads 10
0 %, 0 %, 635 MiB, 32607 MiB
144214, python, 626 MiB
---
[2026-03-30 21:45:17]
   PID     ELAPSED STAT %CPU %MEM CMD
144214    18:47:15 Rl+  99.9  0.2 python -u experiments/run_highway_experiments.py --phase train --envs merge-v0 intersection-v0 --algos dqn --seeds 0 1 2 3 4
994590    01:24:38 Sl+   0.1  0.0 python -u experiments/run_highway_experiments.py --phase train --envs intersection-v0 --algos ppo --seeds 0 1 2 --train-workers 2 --worker-torch-threads 10
0 %, 0 %, 635 MiB, 32607 MiB
144214, python, 626 MiB
---
[2026-03-30 21:46:17]
   PID     ELAPSED STAT %CPU %MEM CMD
144214    18:48:15 Rl+  99.9  0.2 python -u experiments/run_highway_experiments.py --phase train --envs merge-v0 intersection-v0 --algos dqn --seeds 0 1 2 3 4
994590    01:25:38 Sl+   0.1  0.0 python -u experiments/run_highway_experiments.py --phase train --envs intersection-v0 --algos ppo --seeds 0 1 2 --train-workers 2 --worker-torch-threads 10
0 %, 0 %, 635 MiB, 32607 MiB
144214, python, 626 MiB
---
[2026-03-30 21:47:17]
   PID     ELAPSED STAT %CPU %MEM CMD
144214    18:49:15 Rl+  99.9  0.2 python -u experiments/run_highway_experiments.py --phase train --envs merge-v0 intersection-v0 --algos dqn --seeds 0 1 2 3 4
994590    01:26:38 Sl+   0.1  0.0 python -u experiments/run_highway_experiments.py --phase train --envs intersection-v0 --algos ppo --seeds 0 1 2 --train-workers 2 --worker-torch-threads 10
0 %, 0 %, 635 MiB, 32607 MiB
144214, python, 626 MiB
---
[2026-03-30 21:48:17]
   PID     ELAPSED STAT %CPU %MEM CMD
144214    18:50:15 Rl+  99.9  0.2 python -u experiments/run_highway_experiments.py --phase train --envs merge-v0 intersection-v0 --algos dqn --seeds 0 1 2 3 4
994590    01:27:38 Sl+   0.1  0.0 python -u experiments/run_highway_experiments.py --phase train --envs intersection-v0 --algos ppo --seeds 0 1 2 --train-workers 2 --worker-torch-threads 10
0 %, 0 %, 635 MiB, 32607 MiB
144214, python, 626 MiB
---
[2026-03-30 21:49:17]
   PID     ELAPSED STAT %CPU %MEM CMD
144214    18:51:15 Rl+  99.9  0.2 python -u experiments/run_highway_experiments.py --phase train --envs merge-v0 intersection-v0 --algos dqn --seeds 0 1 2 3 4
994590    01:28:38 Sl+   0.1  0.0 python -u experiments/run_highway_experiments.py --phase train --envs intersection-v0 --algos ppo --seeds 0 1 2 --train-workers 2 --worker-torch-threads 10
0 %, 0 %, 635 MiB, 32607 MiB
144214, python, 626 MiB
---
[2026-03-30 21:50:18]
   PID     ELAPSED STAT %CPU %MEM CMD
144214    18:52:15 Rl+  99.9  0.2 python -u experiments/run_highway_experiments.py --phase train --envs merge-v0 intersection-v0 --algos dqn --seeds 0 1 2 3 4
994590    01:29:38 Sl+   0.1  0.0 python -u experiments/run_highway_experiments.py --phase train --envs intersection-v0 --algos ppo --seeds 0 1 2 --train-workers 2 --worker-torch-threads 10
0 %, 0 %, 635 MiB, 32607 MiB
144214, python, 626 MiB
---
[2026-03-30 21:51:18]
   PID     ELAPSED STAT %CPU %MEM CMD
144214    18:53:16 Rl+  99.9  0.2 python -u experiments/run_highway_experiments.py --phase train --envs merge-v0 intersection-v0 --algos dqn --seeds 0 1 2 3 4
994590    01:30:39 Sl+   0.1  0.0 python -u experiments/run_highway_experiments.py --phase train --envs intersection-v0 --algos ppo --seeds 0 1 2 --train-workers 2 --worker-torch-threads 10
0 %, 0 %, 635 MiB, 32607 MiB
144214, python, 626 MiB
---
[2026-03-30 21:52:18]
   PID     ELAPSED STAT %CPU %MEM CMD
144214    18:54:16 Rl+  99.9  0.2 python -u experiments/run_highway_experiments.py --phase train --envs merge-v0 intersection-v0 --algos dqn --seeds 0 1 2 3 4
994590    01:31:39 Sl+   0.1  0.0 python -u experiments/run_highway_experiments.py --phase train --envs intersection-v0 --algos ppo --seeds 0 1 2 --train-workers 2 --worker-torch-threads 10
0 %, 0 %, 635 MiB, 32607 MiB
144214, python, 626 MiB
---
[2026-03-30 21:53:18]
   PID     ELAPSED STAT %CPU %MEM CMD
144214    18:55:16 Rl+  99.9  0.2 python -u experiments/run_highway_experiments.py --phase train --envs merge-v0 intersection-v0 --algos dqn --seeds 0 1 2 3 4
994590    01:32:39 Sl+   0.1  0.0 python -u experiments/run_highway_experiments.py --phase train --envs intersection-v0 --algos ppo --seeds 0 1 2 --train-workers 2 --worker-torch-threads 10
0 %, 0 %, 635 MiB, 32607 MiB
144214, python, 626 MiB
---
[2026-03-30 21:54:18]
   PID     ELAPSED STAT %CPU %MEM CMD
144214    18:56:16 Rl+  99.9  0.2 python -u experiments/run_highway_experiments.py --phase train --envs merge-v0 intersection-v0 --algos dqn --seeds 0 1 2 3 4
994590    01:33:39 Sl+   0.1  0.0 python -u experiments/run_highway_experiments.py --phase train --envs intersection-v0 --algos ppo --seeds 0 1 2 --train-workers 2 --worker-torch-threads 10
1 %, 0 %, 635 MiB, 32607 MiB
144214, python, 626 MiB
---
[2026-03-30 21:55:18]
   PID     ELAPSED STAT %CPU %MEM CMD
144214    18:57:16 Rl+  99.9  0.2 python -u experiments/run_highway_experiments.py --phase train --envs merge-v0 intersection-v0 --algos dqn --seeds 0 1 2 3 4
994590    01:34:39 Sl+   0.1  0.0 python -u experiments/run_highway_experiments.py --phase train --envs intersection-v0 --algos ppo --seeds 0 1 2 --train-workers 2 --worker-torch-threads 10
0 %, 0 %, 635 MiB, 32607 MiB
144214, python, 626 MiB
---
[2026-03-30 21:56:18]
   PID     ELAPSED STAT %CPU %MEM CMD
144214    18:58:16 Rl+  99.9  0.2 python -u experiments/run_highway_experiments.py --phase train --envs merge-v0 intersection-v0 --algos dqn --seeds 0 1 2 3 4
994590    01:35:39 Sl+   0.1  0.0 python -u experiments/run_highway_experiments.py --phase train --envs intersection-v0 --algos ppo --seeds 0 1 2 --train-workers 2 --worker-torch-threads 10
0 %, 0 %, 635 MiB, 32607 MiB
144214, python, 626 MiB
---
[2026-03-30 21:57:19]
   PID     ELAPSED STAT %CPU %MEM CMD
144214    18:59:17 Rl+  99.9  0.2 python -u experiments/run_highway_experiments.py --phase train --envs merge-v0 intersection-v0 --algos dqn --seeds 0 1 2 3 4
994590    01:36:40 Sl+   0.1  0.0 python -u experiments/run_highway_experiments.py --phase train --envs intersection-v0 --algos ppo --seeds 0 1 2 --train-workers 2 --worker-torch-threads 10
0 %, 0 %, 635 MiB, 32607 MiB
144214, python, 626 MiB
---
[2026-03-30 21:58:19]
   PID     ELAPSED STAT %CPU %MEM CMD
144214    19:00:17 Rl+  99.9  0.2 python -u experiments/run_highway_experiments.py --phase train --envs merge-v0 intersection-v0 --algos dqn --seeds 0 1 2 3 4
994590    01:37:40 Sl+   0.1  0.0 python -u experiments/run_highway_experiments.py --phase train --envs intersection-v0 --algos ppo --seeds 0 1 2 --train-workers 2 --worker-torch-threads 10
0 %, 0 %, 635 MiB, 32607 MiB
144214, python, 626 MiB
---
[2026-03-30 21:59:19]
   PID     ELAPSED STAT %CPU %MEM CMD
144214    19:01:17 Rl+  99.9  0.2 python -u experiments/run_highway_experiments.py --phase train --envs merge-v0 intersection-v0 --algos dqn --seeds 0 1 2 3 4
994590    01:38:40 Sl+   0.1  0.0 python -u experiments/run_highway_experiments.py --phase train --envs intersection-v0 --algos ppo --seeds 0 1 2 --train-workers 2 --worker-torch-threads 10
0 %, 0 %, 635 MiB, 32607 MiB
144214, python, 626 MiB
---
[2026-03-30 22:00:19]
   PID     ELAPSED STAT %CPU %MEM CMD
144214    19:02:17 Rl+  99.9  0.2 python -u experiments/run_highway_experiments.py --phase train --envs merge-v0 intersection-v0 --algos dqn --seeds 0 1 2 3 4
994590    01:39:40 Sl+   0.1  0.0 python -u experiments/run_highway_experiments.py --phase train --envs intersection-v0 --algos ppo --seeds 0 1 2 --train-workers 2 --worker-torch-threads 10
0 %, 0 %, 635 MiB, 32607 MiB
144214, python, 626 MiB
---
[2026-03-30 22:01:19]
   PID     ELAPSED STAT %CPU %MEM CMD
144214    19:03:17 Rl+  99.9  0.2 python -u experiments/run_highway_experiments.py --phase train --envs merge-v0 intersection-v0 --algos dqn --seeds 0 1 2 3 4
994590    01:40:40 Sl+   0.1  0.0 python -u experiments/run_highway_experiments.py --phase train --envs intersection-v0 --algos ppo --seeds 0 1 2 --train-workers 2 --worker-torch-threads 10
0 %, 0 %, 635 MiB, 32607 MiB
144214, python, 626 MiB
---
[2026-03-30 22:02:20]
   PID     ELAPSED STAT %CPU %MEM CMD
144214    19:04:17 Rl+  99.9  0.2 python -u experiments/run_highway_experiments.py --phase train --envs merge-v0 intersection-v0 --algos dqn --seeds 0 1 2 3 4
994590    01:41:40 Sl+   0.1  0.0 python -u experiments/run_highway_experiments.py --phase train --envs intersection-v0 --algos ppo --seeds 0 1 2 --train-workers 2 --worker-torch-threads 10
0 %, 0 %, 635 MiB, 32607 MiB
144214, python, 626 MiB
---
[2026-03-30 22:03:20]
   PID     ELAPSED STAT %CPU %MEM CMD
144214    19:05:18 Rl+  99.9  0.2 python -u experiments/run_highway_experiments.py --phase train --envs merge-v0 intersection-v0 --algos dqn --seeds 0 1 2 3 4
994590    01:42:41 Sl+   0.1  0.0 python -u experiments/run_highway_experiments.py --phase train --envs intersection-v0 --algos ppo --seeds 0 1 2 --train-workers 2 --worker-torch-threads 10
0 %, 0 %, 635 MiB, 32607 MiB
144214, python, 626 MiB
---
[2026-03-30 22:04:20]
   PID     ELAPSED STAT %CPU %MEM CMD
144214    19:06:18 Rl+  99.9  0.2 python -u experiments/run_highway_experiments.py --phase train --envs merge-v0 intersection-v0 --algos dqn --seeds 0 1 2 3 4
994590    01:43:41 Sl+   0.1  0.0 python -u experiments/run_highway_experiments.py --phase train --envs intersection-v0 --algos ppo --seeds 0 1 2 --train-workers 2 --worker-torch-threads 10
0 %, 0 %, 635 MiB, 32607 MiB
144214, python, 626 MiB
---
[2026-03-30 22:05:20]
   PID     ELAPSED STAT %CPU %MEM CMD
144214    19:07:18 Rl+  99.9  0.2 python -u experiments/run_highway_experiments.py --phase train --envs merge-v0 intersection-v0 --algos dqn --seeds 0 1 2 3 4
994590    01:44:41 Sl+   0.1  0.0 python -u experiments/run_highway_experiments.py --phase train --envs intersection-v0 --algos ppo --seeds 0 1 2 --train-workers 2 --worker-torch-threads 10
0 %, 0 %, 635 MiB, 32607 MiB
144214, python, 626 MiB
---
[2026-03-30 22:06:20]
   PID     ELAPSED STAT %CPU %MEM CMD
144214    19:08:18 Rl+  99.9  0.2 python -u experiments/run_highway_experiments.py --phase train --envs merge-v0 intersection-v0 --algos dqn --seeds 0 1 2 3 4
994590    01:45:41 Sl+   0.1  0.0 python -u experiments/run_highway_experiments.py --phase train --envs intersection-v0 --algos ppo --seeds 0 1 2 --train-workers 2 --worker-torch-threads 10
0 %, 0 %, 635 MiB, 32607 MiB
144214, python, 626 MiB
---
[2026-03-30 22:07:20]
   PID     ELAPSED STAT %CPU %MEM CMD
144214    19:09:18 Rl+  99.9  0.2 python -u experiments/run_highway_experiments.py --phase train --envs merge-v0 intersection-v0 --algos dqn --seeds 0 1 2 3 4
994590    01:46:41 Sl+   0.1  0.0 python -u experiments/run_highway_experiments.py --phase train --envs intersection-v0 --algos ppo --seeds 0 1 2 --train-workers 2 --worker-torch-threads 10
0 %, 0 %, 635 MiB, 32607 MiB
144214, python, 626 MiB
---
[2026-03-30 22:08:20]
   PID     ELAPSED STAT %CPU %MEM CMD
144214    19:10:18 Rl+  99.9  0.2 python -u experiments/run_highway_experiments.py --phase train --envs merge-v0 intersection-v0 --algos dqn --seeds 0 1 2 3 4
994590    01:47:41 Sl+   0.1  0.0 python -u experiments/run_highway_experiments.py --phase train --envs intersection-v0 --algos ppo --seeds 0 1 2 --train-workers 2 --worker-torch-threads 10
0 %, 0 %, 635 MiB, 32607 MiB
144214, python, 626 MiB
---
[2026-03-30 22:09:21]
   PID     ELAPSED STAT %CPU %MEM CMD
144214    19:11:18 Rl+  99.9  0.2 python -u experiments/run_highway_experiments.py --phase train --envs merge-v0 intersection-v0 --algos dqn --seeds 0 1 2 3 4
994590    01:48:41 Sl+   0.1  0.0 python -u experiments/run_highway_experiments.py --phase train --envs intersection-v0 --algos ppo --seeds 0 1 2 --train-workers 2 --worker-torch-threads 10
0 %, 0 %, 635 MiB, 32607 MiB
144214, python, 626 MiB
---
[2026-03-30 22:10:21]
   PID     ELAPSED STAT %CPU %MEM CMD
144214    19:12:19 Rl+  99.9  0.2 python -u experiments/run_highway_experiments.py --phase train --envs merge-v0 intersection-v0 --algos dqn --seeds 0 1 2 3 4
994590    01:49:42 Sl+   0.1  0.0 python -u experiments/run_highway_experiments.py --phase train --envs intersection-v0 --algos ppo --seeds 0 1 2 --train-workers 2 --worker-torch-threads 10
0 %, 0 %, 635 MiB, 32607 MiB
144214, python, 626 MiB
---
[2026-03-30 22:11:21]
   PID     ELAPSED STAT %CPU %MEM CMD
144214    19:13:19 Rl+  99.9  0.2 python -u experiments/run_highway_experiments.py --phase train --envs merge-v0 intersection-v0 --algos dqn --seeds 0 1 2 3 4
994590    01:50:42 Sl+   0.1  0.0 python -u experiments/run_highway_experiments.py --phase train --envs intersection-v0 --algos ppo --seeds 0 1 2 --train-workers 2 --worker-torch-threads 10
0 %, 0 %, 635 MiB, 32607 MiB
144214, python, 626 MiB
---
[2026-03-30 22:12:21]
   PID     ELAPSED STAT %CPU %MEM CMD
144214    19:14:19 Rl+  99.9  0.2 python -u experiments/run_highway_experiments.py --phase train --envs merge-v0 intersection-v0 --algos dqn --seeds 0 1 2 3 4
994590    01:51:42 Sl+   0.1  0.0 python -u experiments/run_highway_experiments.py --phase train --envs intersection-v0 --algos ppo --seeds 0 1 2 --train-workers 2 --worker-torch-threads 10
0 %, 0 %, 635 MiB, 32607 MiB
144214, python, 626 MiB
---
[2026-03-30 22:13:21]
   PID     ELAPSED STAT %CPU %MEM CMD
144214    19:15:19 Rl+  99.9  0.2 python -u experiments/run_highway_experiments.py --phase train --envs merge-v0 intersection-v0 --algos dqn --seeds 0 1 2 3 4
994590    01:52:42 Sl+   0.1  0.0 python -u experiments/run_highway_experiments.py --phase train --envs intersection-v0 --algos ppo --seeds 0 1 2 --train-workers 2 --worker-torch-threads 10
0 %, 0 %, 635 MiB, 32607 MiB
144214, python, 626 MiB
---
[2026-03-30 22:14:21]
   PID     ELAPSED STAT %CPU %MEM CMD
144214    19:16:19 Rl+  99.9  0.2 python -u experiments/run_highway_experiments.py --phase train --envs merge-v0 intersection-v0 --algos dqn --seeds 0 1 2 3 4
994590    01:53:42 Sl+   0.1  0.0 python -u experiments/run_highway_experiments.py --phase train --envs intersection-v0 --algos ppo --seeds 0 1 2 --train-workers 2 --worker-torch-threads 10
0 %, 0 %, 635 MiB, 32607 MiB
144214, python, 626 MiB
---
[2026-03-30 22:15:22]
   PID     ELAPSED STAT %CPU %MEM CMD
144214    19:17:20 Rl+  99.9  0.2 python -u experiments/run_highway_experiments.py --phase train --envs merge-v0 intersection-v0 --algos dqn --seeds 0 1 2 3 4
994590    01:54:43 Sl+   0.1  0.0 python -u experiments/run_highway_experiments.py --phase train --envs intersection-v0 --algos ppo --seeds 0 1 2 --train-workers 2 --worker-torch-threads 10
0 %, 0 %, 635 MiB, 32607 MiB
144214, python, 626 MiB
---
[2026-03-30 22:16:22]
   PID     ELAPSED STAT %CPU %MEM CMD
144214    19:18:20 Rl+  99.9  0.2 python -u experiments/run_highway_experiments.py --phase train --envs merge-v0 intersection-v0 --algos dqn --seeds 0 1 2 3 4
994590    01:55:43 Sl+   0.1  0.0 python -u experiments/run_highway_experiments.py --phase train --envs intersection-v0 --algos ppo --seeds 0 1 2 --train-workers 2 --worker-torch-threads 10
0 %, 0 %, 635 MiB, 32607 MiB
144214, python, 626 MiB
---
[2026-03-30 22:17:22]
   PID     ELAPSED STAT %CPU %MEM CMD
144214    19:19:20 Rl+  99.9  0.2 python -u experiments/run_highway_experiments.py --phase train --envs merge-v0 intersection-v0 --algos dqn --seeds 0 1 2 3 4
994590    01:56:43 Sl+   0.0  0.0 python -u experiments/run_highway_experiments.py --phase train --envs intersection-v0 --algos ppo --seeds 0 1 2 --train-workers 2 --worker-torch-threads 10
0 %, 0 %, 635 MiB, 32607 MiB
144214, python, 626 MiB
---
[2026-03-30 22:18:22]
   PID     ELAPSED STAT %CPU %MEM CMD
144214    19:20:20 Rl+  99.9  0.2 python -u experiments/run_highway_experiments.py --phase train --envs merge-v0 intersection-v0 --algos dqn --seeds 0 1 2 3 4
994590    01:57:43 Sl+   0.0  0.0 python -u experiments/run_highway_experiments.py --phase train --envs intersection-v0 --algos ppo --seeds 0 1 2 --train-workers 2 --worker-torch-threads 10
0 %, 0 %, 635 MiB, 32607 MiB
144214, python, 626 MiB
---
[2026-03-30 22:19:22]
   PID     ELAPSED STAT %CPU %MEM CMD
144214    19:21:20 Rl+  99.9  0.2 python -u experiments/run_highway_experiments.py --phase train --envs merge-v0 intersection-v0 --algos dqn --seeds 0 1 2 3 4
994590    01:58:43 Sl+   0.0  0.0 python -u experiments/run_highway_experiments.py --phase train --envs intersection-v0 --algos ppo --seeds 0 1 2 --train-workers 2 --worker-torch-threads 10
0 %, 0 %, 635 MiB, 32607 MiB
144214, python, 626 MiB
---
[2026-03-30 22:20:22]
   PID     ELAPSED STAT %CPU %MEM CMD
144214    19:22:20 Rl+  99.9  0.2 python -u experiments/run_highway_experiments.py --phase train --envs merge-v0 intersection-v0 --algos dqn --seeds 0 1 2 3 4
994590    01:59:43 Sl+   0.0  0.0 python -u experiments/run_highway_experiments.py --phase train --envs intersection-v0 --algos ppo --seeds 0 1 2 --train-workers 2 --worker-torch-threads 10
0 %, 0 %, 635 MiB, 32607 MiB
144214, python, 626 MiB
---
[2026-03-30 22:21:23]
   PID     ELAPSED STAT %CPU %MEM CMD
144214    19:23:20 Rl+  99.9  0.2 python -u experiments/run_highway_experiments.py --phase train --envs merge-v0 intersection-v0 --algos dqn --seeds 0 1 2 3 4
994590    02:00:43 Sl+   0.0  0.0 python -u experiments/run_highway_experiments.py --phase train --envs intersection-v0 --algos ppo --seeds 0 1 2 --train-workers 2 --worker-torch-threads 10
0 %, 0 %, 635 MiB, 32607 MiB
144214, python, 626 MiB
---
[2026-03-30 22:22:23]
   PID     ELAPSED STAT %CPU %MEM CMD
144214    19:24:21 Rl+  99.9  0.2 python -u experiments/run_highway_experiments.py --phase train --envs merge-v0 intersection-v0 --algos dqn --seeds 0 1 2 3 4
994590    02:01:44 Sl+   0.0  0.0 python -u experiments/run_highway_experiments.py --phase train --envs intersection-v0 --algos ppo --seeds 0 1 2 --train-workers 2 --worker-torch-threads 10
0 %, 0 %, 635 MiB, 32607 MiB
144214, python, 626 MiB
---
[2026-03-30 22:23:23]
   PID     ELAPSED STAT %CPU %MEM CMD
144214    19:25:21 Rl+  99.9  0.2 python -u experiments/run_highway_experiments.py --phase train --envs merge-v0 intersection-v0 --algos dqn --seeds 0 1 2 3 4
994590    02:02:44 Sl+   0.0  0.0 python -u experiments/run_highway_experiments.py --phase train --envs intersection-v0 --algos ppo --seeds 0 1 2 --train-workers 2 --worker-torch-threads 10
0 %, 0 %, 635 MiB, 32607 MiB
144214, python, 626 MiB
---
[2026-03-30 22:24:23]
   PID     ELAPSED STAT %CPU %MEM CMD
144214    19:26:21 Rl+  99.9  0.2 python -u experiments/run_highway_experiments.py --phase train --envs merge-v0 intersection-v0 --algos dqn --seeds 0 1 2 3 4
994590    02:03:44 Sl+   0.0  0.0 python -u experiments/run_highway_experiments.py --phase train --envs intersection-v0 --algos ppo --seeds 0 1 2 --train-workers 2 --worker-torch-threads 10
0 %, 0 %, 635 MiB, 32607 MiB
144214, python, 626 MiB
---
[2026-03-30 22:25:23]
   PID     ELAPSED STAT %CPU %MEM CMD
144214    19:27:21 Rl+  99.9  0.2 python -u experiments/run_highway_experiments.py --phase train --envs merge-v0 intersection-v0 --algos dqn --seeds 0 1 2 3 4
994590    02:04:44 Sl+   0.0  0.0 python -u experiments/run_highway_experiments.py --phase train --envs intersection-v0 --algos ppo --seeds 0 1 2 --train-workers 2 --worker-torch-threads 10
0 %, 0 %, 635 MiB, 32607 MiB
144214, python, 626 MiB
---
[2026-03-30 22:26:23]
   PID     ELAPSED STAT %CPU %MEM CMD
144214    19:28:21 Rl+  99.9  0.2 python -u experiments/run_highway_experiments.py --phase train --envs merge-v0 intersection-v0 --algos dqn --seeds 0 1 2 3 4
994590    02:05:44 Sl+   0.0  0.0 python -u experiments/run_highway_experiments.py --phase train --envs intersection-v0 --algos ppo --seeds 0 1 2 --train-workers 2 --worker-torch-threads 10
0 %, 0 %, 635 MiB, 32607 MiB
144214, python, 626 MiB
---
[2026-03-30 22:27:24]
   PID     ELAPSED STAT %CPU %MEM CMD
144214    19:29:21 Rl+  99.9  0.2 python -u experiments/run_highway_experiments.py --phase train --envs merge-v0 intersection-v0 --algos dqn --seeds 0 1 2 3 4
994590    02:06:44 Sl+   0.0  0.0 python -u experiments/run_highway_experiments.py --phase train --envs intersection-v0 --algos ppo --seeds 0 1 2 --train-workers 2 --worker-torch-threads 10
0 %, 0 %, 635 MiB, 32607 MiB
144214, python, 626 MiB
---
[2026-03-30 22:28:24]
   PID     ELAPSED STAT %CPU %MEM CMD
144214    19:30:22 Rl+  99.9  0.2 python -u experiments/run_highway_experiments.py --phase train --envs merge-v0 intersection-v0 --algos dqn --seeds 0 1 2 3 4
994590    02:07:45 Sl+   0.0  0.0 python -u experiments/run_highway_experiments.py --phase train --envs intersection-v0 --algos ppo --seeds 0 1 2 --train-workers 2 --worker-torch-threads 10
0 %, 0 %, 635 MiB, 32607 MiB
144214, python, 626 MiB
---
[2026-03-30 22:29:24]
   PID     ELAPSED STAT %CPU %MEM CMD
144214    19:31:22 Rl+  99.9  0.2 python -u experiments/run_highway_experiments.py --phase train --envs merge-v0 intersection-v0 --algos dqn --seeds 0 1 2 3 4
994590    02:08:45 Sl+   0.0  0.0 python -u experiments/run_highway_experiments.py --phase train --envs intersection-v0 --algos ppo --seeds 0 1 2 --train-workers 2 --worker-torch-threads 10
0 %, 0 %, 635 MiB, 32607 MiB
144214, python, 626 MiB
---
[2026-03-30 22:30:24]
   PID     ELAPSED STAT %CPU %MEM CMD
144214    19:32:22 Rl+  99.9  0.2 python -u experiments/run_highway_experiments.py --phase train --envs merge-v0 intersection-v0 --algos dqn --seeds 0 1 2 3 4
994590    02:09:45 Sl+   0.0  0.0 python -u experiments/run_highway_experiments.py --phase train --envs intersection-v0 --algos ppo --seeds 0 1 2 --train-workers 2 --worker-torch-threads 10
0 %, 0 %, 635 MiB, 32607 MiB
144214, python, 626 MiB
---
[2026-03-30 22:31:24]
   PID     ELAPSED STAT %CPU %MEM CMD
144214    19:33:22 Rl+  99.9  0.2 python -u experiments/run_highway_experiments.py --phase train --envs merge-v0 intersection-v0 --algos dqn --seeds 0 1 2 3 4
994590    02:10:45 Sl+   0.0  0.0 python -u experiments/run_highway_experiments.py --phase train --envs intersection-v0 --algos ppo --seeds 0 1 2 --train-workers 2 --worker-torch-threads 10
0 %, 0 %, 635 MiB, 32607 MiB
144214, python, 626 MiB
---
[2026-03-30 22:32:24]
   PID     ELAPSED STAT %CPU %MEM CMD
144214    19:34:22 Rl+  99.9  0.2 python -u experiments/run_highway_experiments.py --phase train --envs merge-v0 intersection-v0 --algos dqn --seeds 0 1 2 3 4
994590    02:11:45 Sl+   0.0  0.0 python -u experiments/run_highway_experiments.py --phase train --envs intersection-v0 --algos ppo --seeds 0 1 2 --train-workers 2 --worker-torch-threads 10
0 %, 0 %, 635 MiB, 32607 MiB
144214, python, 626 MiB
---
[2026-03-30 22:33:24]
   PID     ELAPSED STAT %CPU %MEM CMD
144214    19:35:22 Rl+  99.9  0.2 python -u experiments/run_highway_experiments.py --phase train --envs merge-v0 intersection-v0 --algos dqn --seeds 0 1 2 3 4
994590    02:12:45 Sl+   0.0  0.0 python -u experiments/run_highway_experiments.py --phase train --envs intersection-v0 --algos ppo --seeds 0 1 2 --train-workers 2 --worker-torch-threads 10
0 %, 0 %, 635 MiB, 32607 MiB
144214, python, 626 MiB
---
[2026-03-30 22:34:25]
   PID     ELAPSED STAT %CPU %MEM CMD
144214    19:36:23 Rl+  99.9  0.2 python -u experiments/run_highway_experiments.py --phase train --envs merge-v0 intersection-v0 --algos dqn --seeds 0 1 2 3 4
994590    02:13:46 Sl+   0.0  0.0 python -u experiments/run_highway_experiments.py --phase train --envs intersection-v0 --algos ppo --seeds 0 1 2 --train-workers 2 --worker-torch-threads 10
0 %, 0 %, 635 MiB, 32607 MiB
144214, python, 626 MiB
---
[2026-03-30 22:35:25]
   PID     ELAPSED STAT %CPU %MEM CMD
144214    19:37:23 Rl+  99.9  0.2 python -u experiments/run_highway_experiments.py --phase train --envs merge-v0 intersection-v0 --algos dqn --seeds 0 1 2 3 4
994590    02:14:46 Sl+   0.0  0.0 python -u experiments/run_highway_experiments.py --phase train --envs intersection-v0 --algos ppo --seeds 0 1 2 --train-workers 2 --worker-torch-threads 10
0 %, 0 %, 635 MiB, 32607 MiB
144214, python, 626 MiB
---
[2026-03-30 22:36:25]
   PID     ELAPSED STAT %CPU %MEM CMD
144214    19:38:23 Rl+  99.9  0.2 python -u experiments/run_highway_experiments.py --phase train --envs merge-v0 intersection-v0 --algos dqn --seeds 0 1 2 3 4
994590    02:15:46 Sl+   0.0  0.0 python -u experiments/run_highway_experiments.py --phase train --envs intersection-v0 --algos ppo --seeds 0 1 2 --train-workers 2 --worker-torch-threads 10
0 %, 0 %, 635 MiB, 32607 MiB
144214, python, 626 MiB
---
[2026-03-30 22:37:25]
   PID     ELAPSED STAT %CPU %MEM CMD
144214    19:39:23 Rl+  99.9  0.2 python -u experiments/run_highway_experiments.py --phase train --envs merge-v0 intersection-v0 --algos dqn --seeds 0 1 2 3 4
994590    02:16:46 Sl+   0.0  0.0 python -u experiments/run_highway_experiments.py --phase train --envs intersection-v0 --algos ppo --seeds 0 1 2 --train-workers 2 --worker-torch-threads 10
0 %, 0 %, 635 MiB, 32607 MiB
144214, python, 626 MiB
---
[2026-03-30 22:38:25]
   PID     ELAPSED STAT %CPU %MEM CMD
144214    19:40:23 Rl+  99.9  0.2 python -u experiments/run_highway_experiments.py --phase train --envs merge-v0 intersection-v0 --algos dqn --seeds 0 1 2 3 4
994590    02:17:46 Sl+   0.0  0.0 python -u experiments/run_highway_experiments.py --phase train --envs intersection-v0 --algos ppo --seeds 0 1 2 --train-workers 2 --worker-torch-threads 10
0 %, 0 %, 635 MiB, 32607 MiB
144214, python, 626 MiB
---
[2026-03-30 22:39:25]
   PID     ELAPSED STAT %CPU %MEM CMD
144214    19:41:23 Rl+  99.9  0.2 python -u experiments/run_highway_experiments.py --phase train --envs merge-v0 intersection-v0 --algos dqn --seeds 0 1 2 3 4
994590    02:18:46 Sl+   0.0  0.0 python -u experiments/run_highway_experiments.py --phase train --envs intersection-v0 --algos ppo --seeds 0 1 2 --train-workers 2 --worker-torch-threads 10
0 %, 0 %, 635 MiB, 32607 MiB
144214, python, 626 MiB
---
[2026-03-30 22:40:26]
   PID     ELAPSED STAT %CPU %MEM CMD
144214    19:42:24 Rl+  99.9  0.2 python -u experiments/run_highway_experiments.py --phase train --envs merge-v0 intersection-v0 --algos dqn --seeds 0 1 2 3 4
994590    02:19:47 Sl+   0.0  0.0 python -u experiments/run_highway_experiments.py --phase train --envs intersection-v0 --algos ppo --seeds 0 1 2 --train-workers 2 --worker-torch-threads 10
0 %, 0 %, 635 MiB, 32607 MiB
144214, python, 626 MiB
---
[2026-03-30 22:41:26]
   PID     ELAPSED STAT %CPU %MEM CMD
144214    19:43:24 Rl+  99.9  0.2 python -u experiments/run_highway_experiments.py --phase train --envs merge-v0 intersection-v0 --algos dqn --seeds 0 1 2 3 4
994590    02:20:47 Sl+   0.0  0.0 python -u experiments/run_highway_experiments.py --phase train --envs intersection-v0 --algos ppo --seeds 0 1 2 --train-workers 2 --worker-torch-threads 10
0 %, 0 %, 635 MiB, 32607 MiB
144214, python, 626 MiB
---
[2026-03-30 22:42:26]
   PID     ELAPSED STAT %CPU %MEM CMD
144214    19:44:24 Rl+  99.9  0.2 python -u experiments/run_highway_experiments.py --phase train --envs merge-v0 intersection-v0 --algos dqn --seeds 0 1 2 3 4
994590    02:21:47 Sl+   0.0  0.0 python -u experiments/run_highway_experiments.py --phase train --envs intersection-v0 --algos ppo --seeds 0 1 2 --train-workers 2 --worker-torch-threads 10
0 %, 0 %, 635 MiB, 32607 MiB
144214, python, 626 MiB
---
[2026-03-30 22:43:26]
   PID     ELAPSED STAT %CPU %MEM CMD
144214    19:45:24 Rl+  99.9  0.2 python -u experiments/run_highway_experiments.py --phase train --envs merge-v0 intersection-v0 --algos dqn --seeds 0 1 2 3 4
994590    02:22:47 Sl+   0.0  0.0 python -u experiments/run_highway_experiments.py --phase train --envs intersection-v0 --algos ppo --seeds 0 1 2 --train-workers 2 --worker-torch-threads 10
0 %, 0 %, 635 MiB, 32607 MiB
144214, python, 626 MiB
---
[2026-03-30 22:44:26]
   PID     ELAPSED STAT %CPU %MEM CMD
144214    19:46:24 Rl+  99.9  0.2 python -u experiments/run_highway_experiments.py --phase train --envs merge-v0 intersection-v0 --algos dqn --seeds 0 1 2 3 4
994590    02:23:47 Sl+   0.0  0.0 python -u experiments/run_highway_experiments.py --phase train --envs intersection-v0 --algos ppo --seeds 0 1 2 --train-workers 2 --worker-torch-threads 10
0 %, 0 %, 635 MiB, 32607 MiB
144214, python, 626 MiB
---
[2026-03-30 22:45:26]
   PID     ELAPSED STAT %CPU %MEM CMD
144214    19:47:24 Rl+  99.9  0.2 python -u experiments/run_highway_experiments.py --phase train --envs merge-v0 intersection-v0 --algos dqn --seeds 0 1 2 3 4
994590    02:24:47 Sl+   0.0  0.0 python -u experiments/run_highway_experiments.py --phase train --envs intersection-v0 --algos ppo --seeds 0 1 2 --train-workers 2 --worker-torch-threads 10
0 %, 0 %, 635 MiB, 32607 MiB
144214, python, 626 MiB
---
[2026-03-30 22:46:26]
   PID     ELAPSED STAT %CPU %MEM CMD
144214    19:48:24 Rl+  99.9  0.2 python -u experiments/run_highway_experiments.py --phase train --envs merge-v0 intersection-v0 --algos dqn --seeds 0 1 2 3 4
994590    02:25:47 Sl+   0.0  0.0 python -u experiments/run_highway_experiments.py --phase train --envs intersection-v0 --algos ppo --seeds 0 1 2 --train-workers 2 --worker-torch-threads 10
0 %, 0 %, 635 MiB, 32607 MiB
144214, python, 626 MiB
---
[2026-03-30 22:47:27]
   PID     ELAPSED STAT %CPU %MEM CMD
144214    19:49:25 Rl+  99.9  0.2 python -u experiments/run_highway_experiments.py --phase train --envs merge-v0 intersection-v0 --algos dqn --seeds 0 1 2 3 4
994590    02:26:48 Sl+   0.0  0.0 python -u experiments/run_highway_experiments.py --phase train --envs intersection-v0 --algos ppo --seeds 0 1 2 --train-workers 2 --worker-torch-threads 10
0 %, 0 %, 635 MiB, 32607 MiB
144214, python, 626 MiB
---
[2026-03-30 22:48:27]
   PID     ELAPSED STAT %CPU %MEM CMD
144214    19:50:25 Rl+  99.9  0.2 python -u experiments/run_highway_experiments.py --phase train --envs merge-v0 intersection-v0 --algos dqn --seeds 0 1 2 3 4
994590    02:27:48 Sl+   0.0  0.0 python -u experiments/run_highway_experiments.py --phase train --envs intersection-v0 --algos ppo --seeds 0 1 2 --train-workers 2 --worker-torch-threads 10
0 %, 0 %, 635 MiB, 32607 MiB
144214, python, 626 MiB
---
[2026-03-30 22:49:27]
   PID     ELAPSED STAT %CPU %MEM CMD
144214    19:51:25 Rl+  99.9  0.2 python -u experiments/run_highway_experiments.py --phase train --envs merge-v0 intersection-v0 --algos dqn --seeds 0 1 2 3 4
994590    02:28:48 Sl+   0.0  0.0 python -u experiments/run_highway_experiments.py --phase train --envs intersection-v0 --algos ppo --seeds 0 1 2 --train-workers 2 --worker-torch-threads 10
0 %, 0 %, 635 MiB, 32607 MiB
144214, python, 626 MiB
---
[2026-03-30 22:50:27]
   PID     ELAPSED STAT %CPU %MEM CMD
144214    19:52:25 Rl+  99.9  0.2 python -u experiments/run_highway_experiments.py --phase train --envs merge-v0 intersection-v0 --algos dqn --seeds 0 1 2 3 4
994590    02:29:48 Sl+   0.0  0.0 python -u experiments/run_highway_experiments.py --phase train --envs intersection-v0 --algos ppo --seeds 0 1 2 --train-workers 2 --worker-torch-threads 10
0 %, 0 %, 635 MiB, 32607 MiB
144214, python, 626 MiB
---
[2026-03-30 22:51:27]
   PID     ELAPSED STAT %CPU %MEM CMD
144214    19:53:25 Rl+  99.9  0.2 python -u experiments/run_highway_experiments.py --phase train --envs merge-v0 intersection-v0 --algos dqn --seeds 0 1 2 3 4
994590    02:30:48 Sl+   0.0  0.0 python -u experiments/run_highway_experiments.py --phase train --envs intersection-v0 --algos ppo --seeds 0 1 2 --train-workers 2 --worker-torch-threads 10
0 %, 0 %, 635 MiB, 32607 MiB
144214, python, 626 MiB
---
[2026-03-30 22:52:27]
   PID     ELAPSED STAT %CPU %MEM CMD
144214    19:54:25 Rl+  99.9  0.2 python -u experiments/run_highway_experiments.py --phase train --envs merge-v0 intersection-v0 --algos dqn --seeds 0 1 2 3 4
994590    02:31:48 Sl+   0.0  0.0 python -u experiments/run_highway_experiments.py --phase train --envs intersection-v0 --algos ppo --seeds 0 1 2 --train-workers 2 --worker-torch-threads 10
0 %, 0 %, 635 MiB, 32607 MiB
144214, python, 626 MiB
---
[2026-03-30 22:53:27]
   PID     ELAPSED STAT %CPU %MEM CMD
144214    19:55:25 Rl+  99.9  0.2 python -u experiments/run_highway_experiments.py --phase train --envs merge-v0 intersection-v0 --algos dqn --seeds 0 1 2 3 4
994590    02:32:48 Sl+   0.0  0.0 python -u experiments/run_highway_experiments.py --phase train --envs intersection-v0 --algos ppo --seeds 0 1 2 --train-workers 2 --worker-torch-threads 10
0 %, 0 %, 635 MiB, 32607 MiB
144214, python, 626 MiB
---
[2026-03-30 22:54:28]
   PID     ELAPSED STAT %CPU %MEM CMD
144214    19:56:26 Rl+  99.9  0.2 python -u experiments/run_highway_experiments.py --phase train --envs merge-v0 intersection-v0 --algos dqn --seeds 0 1 2 3 4
994590    02:33:49 Sl+   0.0  0.0 python -u experiments/run_highway_experiments.py --phase train --envs intersection-v0 --algos ppo --seeds 0 1 2 --train-workers 2 --worker-torch-threads 10
0 %, 0 %, 635 MiB, 32607 MiB
144214, python, 626 MiB
---
[2026-03-30 22:55:28]
   PID     ELAPSED STAT %CPU %MEM CMD
144214    19:57:26 Rl+  99.9  0.2 python -u experiments/run_highway_experiments.py --phase train --envs merge-v0 intersection-v0 --algos dqn --seeds 0 1 2 3 4
994590    02:34:49 Sl+   0.0  0.0 python -u experiments/run_highway_experiments.py --phase train --envs intersection-v0 --algos ppo --seeds 0 1 2 --train-workers 2 --worker-torch-threads 10
0 %, 0 %, 635 MiB, 32607 MiB
144214, python, 626 MiB
---
[2026-03-30 22:56:28]
   PID     ELAPSED STAT %CPU %MEM CMD
144214    19:58:26 Rl+  99.9  0.2 python -u experiments/run_highway_experiments.py --phase train --envs merge-v0 intersection-v0 --algos dqn --seeds 0 1 2 3 4
994590    02:35:49 Sl+   0.0  0.0 python -u experiments/run_highway_experiments.py --phase train --envs intersection-v0 --algos ppo --seeds 0 1 2 --train-workers 2 --worker-torch-threads 10
0 %, 0 %, 635 MiB, 32607 MiB
144214, python, 626 MiB
---
[2026-03-30 22:57:28]
   PID     ELAPSED STAT %CPU %MEM CMD
144214    19:59:26 Rl+  99.9  0.2 python -u experiments/run_highway_experiments.py --phase train --envs merge-v0 intersection-v0 --algos dqn --seeds 0 1 2 3 4
994590    02:36:49 Sl+   0.0  0.0 python -u experiments/run_highway_experiments.py --phase train --envs intersection-v0 --algos ppo --seeds 0 1 2 --train-workers 2 --worker-torch-threads 10
0 %, 0 %, 635 MiB, 32607 MiB
144214, python, 626 MiB
---
[2026-03-30 22:58:28]
   PID     ELAPSED STAT %CPU %MEM CMD
144214    20:00:26 Rl+  99.9  0.2 python -u experiments/run_highway_experiments.py --phase train --envs merge-v0 intersection-v0 --algos dqn --seeds 0 1 2 3 4
994590    02:37:49 Sl+   0.0  0.0 python -u experiments/run_highway_experiments.py --phase train --envs intersection-v0 --algos ppo --seeds 0 1 2 --train-workers 2 --worker-torch-threads 10
0 %, 0 %, 635 MiB, 32607 MiB
144214, python, 626 MiB
---
[2026-03-30 22:59:29]
   PID     ELAPSED STAT %CPU %MEM CMD
144214    20:01:26 Rl+  99.9  0.2 python -u experiments/run_highway_experiments.py --phase train --envs merge-v0 intersection-v0 --algos dqn --seeds 0 1 2 3 4
994590    02:38:49 Sl+   0.0  0.0 python -u experiments/run_highway_experiments.py --phase train --envs intersection-v0 --algos ppo --seeds 0 1 2 --train-workers 2 --worker-torch-threads 10
0 %, 0 %, 635 MiB, 32607 MiB
144214, python, 626 MiB
---
[2026-03-30 23:00:29]
   PID     ELAPSED STAT %CPU %MEM CMD
144214    20:02:27 Rl+  99.9  0.2 python -u experiments/run_highway_experiments.py --phase train --envs merge-v0 intersection-v0 --algos dqn --seeds 0 1 2 3 4
994590    02:39:50 Sl+   0.0  0.0 python -u experiments/run_highway_experiments.py --phase train --envs intersection-v0 --algos ppo --seeds 0 1 2 --train-workers 2 --worker-torch-threads 10
0 %, 0 %, 635 MiB, 32607 MiB
144214, python, 626 MiB
---
[2026-03-30 23:01:29]
   PID     ELAPSED STAT %CPU %MEM CMD
144214    20:03:27 Rl+  99.9  0.2 python -u experiments/run_highway_experiments.py --phase train --envs merge-v0 intersection-v0 --algos dqn --seeds 0 1 2 3 4
994590    02:40:50 Sl+   0.0  0.0 python -u experiments/run_highway_experiments.py --phase train --envs intersection-v0 --algos ppo --seeds 0 1 2 --train-workers 2 --worker-torch-threads 10
0 %, 0 %, 635 MiB, 32607 MiB
144214, python, 626 MiB
---
[2026-03-30 23:02:29]
   PID     ELAPSED STAT %CPU %MEM CMD
144214    20:04:27 Rl+  99.9  0.2 python -u experiments/run_highway_experiments.py --phase train --envs merge-v0 intersection-v0 --algos dqn --seeds 0 1 2 3 4
994590    02:41:50 Sl+   0.0  0.0 python -u experiments/run_highway_experiments.py --phase train --envs intersection-v0 --algos ppo --seeds 0 1 2 --train-workers 2 --worker-torch-threads 10
0 %, 0 %, 635 MiB, 32607 MiB
144214, python, 626 MiB
---
[2026-03-30 23:03:29]
   PID     ELAPSED STAT %CPU %MEM CMD
144214    20:05:27 Rl+  99.9  0.2 python -u experiments/run_highway_experiments.py --phase train --envs merge-v0 intersection-v0 --algos dqn --seeds 0 1 2 3 4
994590    02:42:50 Sl+   0.0  0.0 python -u experiments/run_highway_experiments.py --phase train --envs intersection-v0 --algos ppo --seeds 0 1 2 --train-workers 2 --worker-torch-threads 10
0 %, 0 %, 635 MiB, 32607 MiB
144214, python, 626 MiB
---
[2026-03-30 23:04:29]
   PID     ELAPSED STAT %CPU %MEM CMD
144214    20:06:27 Rl+  99.9  0.2 python -u experiments/run_highway_experiments.py --phase train --envs merge-v0 intersection-v0 --algos dqn --seeds 0 1 2 3 4
994590    02:43:50 Sl+   0.0  0.0 python -u experiments/run_highway_experiments.py --phase train --envs intersection-v0 --algos ppo --seeds 0 1 2 --train-workers 2 --worker-torch-threads 10
0 %, 0 %, 635 MiB, 32607 MiB
144214, python, 626 MiB
---
[2026-03-30 23:05:29]
   PID     ELAPSED STAT %CPU %MEM CMD
144214    20:07:27 Rl+  99.9  0.2 python -u experiments/run_highway_experiments.py --phase train --envs merge-v0 intersection-v0 --algos dqn --seeds 0 1 2 3 4
994590    02:44:50 Sl+   0.0  0.0 python -u experiments/run_highway_experiments.py --phase train --envs intersection-v0 --algos ppo --seeds 0 1 2 --train-workers 2 --worker-torch-threads 10
0 %, 0 %, 635 MiB, 32607 MiB
144214, python, 626 MiB
---
[2026-03-30 23:06:29]
   PID     ELAPSED STAT %CPU %MEM CMD
144214    20:08:27 Rl+  99.9  0.2 python -u experiments/run_highway_experiments.py --phase train --envs merge-v0 intersection-v0 --algos dqn --seeds 0 1 2 3 4
994590    02:45:50 Sl+   0.0  0.0 python -u experiments/run_highway_experiments.py --phase train --envs intersection-v0 --algos ppo --seeds 0 1 2 --train-workers 2 --worker-torch-threads 10
0 %, 0 %, 635 MiB, 32607 MiB
144214, python, 626 MiB
---
[2026-03-30 23:07:30]
   PID     ELAPSED STAT %CPU %MEM CMD
144214    20:09:28 Rl+  99.9  0.2 python -u experiments/run_highway_experiments.py --phase train --envs merge-v0 intersection-v0 --algos dqn --seeds 0 1 2 3 4
994590    02:46:51 Sl+   0.0  0.0 python -u experiments/run_highway_experiments.py --phase train --envs intersection-v0 --algos ppo --seeds 0 1 2 --train-workers 2 --worker-torch-threads 10
0 %, 0 %, 635 MiB, 32607 MiB
144214, python, 626 MiB
---
[2026-03-30 23:08:30]
   PID     ELAPSED STAT %CPU %MEM CMD
144214    20:10:28 Rl+  99.9  0.2 python -u experiments/run_highway_experiments.py --phase train --envs merge-v0 intersection-v0 --algos dqn --seeds 0 1 2 3 4
994590    02:47:51 Sl+   0.0  0.0 python -u experiments/run_highway_experiments.py --phase train --envs intersection-v0 --algos ppo --seeds 0 1 2 --train-workers 2 --worker-torch-threads 10
0 %, 0 %, 635 MiB, 32607 MiB
144214, python, 626 MiB
---
[2026-03-30 23:09:30]
   PID     ELAPSED STAT %CPU %MEM CMD
144214    20:11:28 Rl+  99.9  0.2 python -u experiments/run_highway_experiments.py --phase train --envs merge-v0 intersection-v0 --algos dqn --seeds 0 1 2 3 4
994590    02:48:51 Sl+   0.0  0.0 python -u experiments/run_highway_experiments.py --phase train --envs intersection-v0 --algos ppo --seeds 0 1 2 --train-workers 2 --worker-torch-threads 10
0 %, 0 %, 635 MiB, 32607 MiB
144214, python, 626 MiB
---
[2026-03-30 23:10:30]
   PID     ELAPSED STAT %CPU %MEM CMD
144214    20:12:28 Rl+  99.9  0.2 python -u experiments/run_highway_experiments.py --phase train --envs merge-v0 intersection-v0 --algos dqn --seeds 0 1 2 3 4
994590    02:49:51 Sl+   0.0  0.0 python -u experiments/run_highway_experiments.py --phase train --envs intersection-v0 --algos ppo --seeds 0 1 2 --train-workers 2 --worker-torch-threads 10
0 %, 0 %, 635 MiB, 32607 MiB
144214, python, 626 MiB
---
[2026-03-30 23:11:30]
   PID     ELAPSED STAT %CPU %MEM CMD
144214    20:13:28 Rl+  99.9  0.2 python -u experiments/run_highway_experiments.py --phase train --envs merge-v0 intersection-v0 --algos dqn --seeds 0 1 2 3 4
994590    02:50:51 Sl+   0.0  0.0 python -u experiments/run_highway_experiments.py --phase train --envs intersection-v0 --algos ppo --seeds 0 1 2 --train-workers 2 --worker-torch-threads 10
0 %, 0 %, 635 MiB, 32607 MiB
144214, python, 626 MiB
---
[2026-03-30 23:12:30]
   PID     ELAPSED STAT %CPU %MEM CMD
144214    20:14:28 Rl+  99.9  0.2 python -u experiments/run_highway_experiments.py --phase train --envs merge-v0 intersection-v0 --algos dqn --seeds 0 1 2 3 4
994590    02:51:51 Sl+   0.0  0.0 python -u experiments/run_highway_experiments.py --phase train --envs intersection-v0 --algos ppo --seeds 0 1 2 --train-workers 2 --worker-torch-threads 10
0 %, 0 %, 635 MiB, 32607 MiB
144214, python, 626 MiB
---
[2026-03-30 23:13:30]
   PID     ELAPSED STAT %CPU %MEM CMD
144214    20:15:28 Rl+  99.9  0.2 python -u experiments/run_highway_experiments.py --phase train --envs merge-v0 intersection-v0 --algos dqn --seeds 0 1 2 3 4
994590    02:52:51 Sl+   0.0  0.0 python -u experiments/run_highway_experiments.py --phase train --envs intersection-v0 --algos ppo --seeds 0 1 2 --train-workers 2 --worker-torch-threads 10
0 %, 0 %, 635 MiB, 32607 MiB
144214, python, 626 MiB
---
[2026-03-30 23:14:31]
   PID     ELAPSED STAT %CPU %MEM CMD
144214    20:16:28 Rl+  99.9  0.2 python -u experiments/run_highway_experiments.py --phase train --envs merge-v0 intersection-v0 --algos dqn --seeds 0 1 2 3 4
994590    02:53:51 Sl+   0.0  0.0 python -u experiments/run_highway_experiments.py --phase train --envs intersection-v0 --algos ppo --seeds 0 1 2 --train-workers 2 --worker-torch-threads 10
0 %, 0 %, 635 MiB, 32607 MiB
144214, python, 626 MiB
---
[2026-03-30 23:15:31]
   PID     ELAPSED STAT %CPU %MEM CMD
144214    20:17:29 Rl+  99.9  0.2 python -u experiments/run_highway_experiments.py --phase train --envs merge-v0 intersection-v0 --algos dqn --seeds 0 1 2 3 4
994590    02:54:52 Sl+   0.0  0.0 python -u experiments/run_highway_experiments.py --phase train --envs intersection-v0 --algos ppo --seeds 0 1 2 --train-workers 2 --worker-torch-threads 10
0 %, 0 %, 635 MiB, 32607 MiB
144214, python, 626 MiB
---
[2026-03-30 23:16:31]
   PID     ELAPSED STAT %CPU %MEM CMD
144214    20:18:29 Rl+  99.9  0.2 python -u experiments/run_highway_experiments.py --phase train --envs merge-v0 intersection-v0 --algos dqn --seeds 0 1 2 3 4
994590    02:55:52 Sl+   0.0  0.0 python -u experiments/run_highway_experiments.py --phase train --envs intersection-v0 --algos ppo --seeds 0 1 2 --train-workers 2 --worker-torch-threads 10
0 %, 0 %, 635 MiB, 32607 MiB
144214, python, 626 MiB
---
[2026-03-30 23:17:31]
   PID     ELAPSED STAT %CPU %MEM CMD
144214    20:19:29 Rl+  99.9  0.2 python -u experiments/run_highway_experiments.py --phase train --envs merge-v0 intersection-v0 --algos dqn --seeds 0 1 2 3 4
994590    02:56:52 Sl+   0.0  0.0 python -u experiments/run_highway_experiments.py --phase train --envs intersection-v0 --algos ppo --seeds 0 1 2 --train-workers 2 --worker-torch-threads 10
0 %, 0 %, 635 MiB, 32607 MiB
144214, python, 626 MiB
---
[2026-03-30 23:18:31]
   PID     ELAPSED STAT %CPU %MEM CMD
144214    20:20:29 Rl+  99.9  0.2 python -u experiments/run_highway_experiments.py --phase train --envs merge-v0 intersection-v0 --algos dqn --seeds 0 1 2 3 4
994590    02:57:52 Sl+   0.0  0.0 python -u experiments/run_highway_experiments.py --phase train --envs intersection-v0 --algos ppo --seeds 0 1 2 --train-workers 2 --worker-torch-threads 10
0 %, 0 %, 635 MiB, 32607 MiB
144214, python, 626 MiB
---
[2026-03-30 23:19:31]
   PID     ELAPSED STAT %CPU %MEM CMD
144214    20:21:29 Rl+  99.9  0.2 python -u experiments/run_highway_experiments.py --phase train --envs merge-v0 intersection-v0 --algos dqn --seeds 0 1 2 3 4
994590    02:58:52 Sl+   0.0  0.0 python -u experiments/run_highway_experiments.py --phase train --envs intersection-v0 --algos ppo --seeds 0 1 2 --train-workers 2 --worker-torch-threads 10
0 %, 0 %, 635 MiB, 32607 MiB
144214, python, 626 MiB
---
[2026-03-30 23:20:31]
   PID     ELAPSED STAT %CPU %MEM CMD
144214    20:22:29 Rl+  99.9  0.2 python -u experiments/run_highway_experiments.py --phase train --envs merge-v0 intersection-v0 --algos dqn --seeds 0 1 2 3 4
994590    02:59:52 Sl+   0.0  0.0 python -u experiments/run_highway_experiments.py --phase train --envs intersection-v0 --algos ppo --seeds 0 1 2 --train-workers 2 --worker-torch-threads 10
0 %, 0 %, 635 MiB, 32607 MiB
144214, python, 626 MiB
---
[2026-03-30 23:21:32]
   PID     ELAPSED STAT %CPU %MEM CMD
144214    20:23:30 Rl+  99.9  0.2 python -u experiments/run_highway_experiments.py --phase train --envs merge-v0 intersection-v0 --algos dqn --seeds 0 1 2 3 4
994590    03:00:53 Sl+   0.0  0.0 python -u experiments/run_highway_experiments.py --phase train --envs intersection-v0 --algos ppo --seeds 0 1 2 --train-workers 2 --worker-torch-threads 10
0 %, 0 %, 635 MiB, 32607 MiB
144214, python, 626 MiB
---
[2026-03-30 23:22:32]
   PID     ELAPSED STAT %CPU %MEM CMD
144214    20:24:30 Rl+  99.9  0.2 python -u experiments/run_highway_experiments.py --phase train --envs merge-v0 intersection-v0 --algos dqn --seeds 0 1 2 3 4
994590    03:01:53 Sl+   0.0  0.0 python -u experiments/run_highway_experiments.py --phase train --envs intersection-v0 --algos ppo --seeds 0 1 2 --train-workers 2 --worker-torch-threads 10
0 %, 0 %, 635 MiB, 32607 MiB
144214, python, 626 MiB
---
[2026-03-30 23:23:32]
   PID     ELAPSED STAT %CPU %MEM CMD
144214    20:25:30 Rl+  99.9  0.2 python -u experiments/run_highway_experiments.py --phase train --envs merge-v0 intersection-v0 --algos dqn --seeds 0 1 2 3 4
994590    03:02:53 Sl+   0.0  0.0 python -u experiments/run_highway_experiments.py --phase train --envs intersection-v0 --algos ppo --seeds 0 1 2 --train-workers 2 --worker-torch-threads 10
0 %, 0 %, 635 MiB, 32607 MiB
144214, python, 626 MiB
---
[2026-03-30 23:24:32]
   PID     ELAPSED STAT %CPU %MEM CMD
144214    20:26:30 Rl+  99.9  0.2 python -u experiments/run_highway_experiments.py --phase train --envs merge-v0 intersection-v0 --algos dqn --seeds 0 1 2 3 4
994590    03:03:53 Sl+   0.0  0.0 python -u experiments/run_highway_experiments.py --phase train --envs intersection-v0 --algos ppo --seeds 0 1 2 --train-workers 2 --worker-torch-threads 10
0 %, 0 %, 635 MiB, 32607 MiB
144214, python, 626 MiB
---
[2026-03-30 23:25:32]
   PID     ELAPSED STAT %CPU %MEM CMD
144214    20:27:30 Rl+  99.9  0.2 python -u experiments/run_highway_experiments.py --phase train --envs merge-v0 intersection-v0 --algos dqn --seeds 0 1 2 3 4
994590    03:04:53 Sl+   0.0  0.0 python -u experiments/run_highway_experiments.py --phase train --envs intersection-v0 --algos ppo --seeds 0 1 2 --train-workers 2 --worker-torch-threads 10
0 %, 0 %, 635 MiB, 32607 MiB
144214, python, 626 MiB
---
[2026-03-30 23:26:32]
   PID     ELAPSED STAT %CPU %MEM CMD
144214    20:28:30 Rl+  99.9  0.2 python -u experiments/run_highway_experiments.py --phase train --envs merge-v0 intersection-v0 --algos dqn --seeds 0 1 2 3 4
994590    03:05:53 Sl+   0.0  0.0 python -u experiments/run_highway_experiments.py --phase train --envs intersection-v0 --algos ppo --seeds 0 1 2 --train-workers 2 --worker-torch-threads 10
0 %, 0 %, 635 MiB, 32607 MiB
144214, python, 626 MiB
---
[2026-03-30 23:27:33]
   PID     ELAPSED STAT %CPU %MEM CMD
144214    20:29:30 Rl+  99.9  0.2 python -u experiments/run_highway_experiments.py --phase train --envs merge-v0 intersection-v0 --algos dqn --seeds 0 1 2 3 4
994590    03:06:53 Sl+   0.0  0.0 python -u experiments/run_highway_experiments.py --phase train --envs intersection-v0 --algos ppo --seeds 0 1 2 --train-workers 2 --worker-torch-threads 10
0 %, 0 %, 635 MiB, 32607 MiB
144214, python, 626 MiB
---
[2026-03-30 23:28:33]
   PID     ELAPSED STAT %CPU %MEM CMD
144214    20:30:31 Rl+  99.9  0.2 python -u experiments/run_highway_experiments.py --phase train --envs merge-v0 intersection-v0 --algos dqn --seeds 0 1 2 3 4
994590    03:07:54 Sl+   0.0  0.0 python -u experiments/run_highway_experiments.py --phase train --envs intersection-v0 --algos ppo --seeds 0 1 2 --train-workers 2 --worker-torch-threads 10
0 %, 0 %, 635 MiB, 32607 MiB
144214, python, 626 MiB
---
[2026-03-30 23:29:33]
   PID     ELAPSED STAT %CPU %MEM CMD
144214    20:31:31 Rl+  99.9  0.2 python -u experiments/run_highway_experiments.py --phase train --envs merge-v0 intersection-v0 --algos dqn --seeds 0 1 2 3 4
994590    03:08:54 Sl+   0.0  0.0 python -u experiments/run_highway_experiments.py --phase train --envs intersection-v0 --algos ppo --seeds 0 1 2 --train-workers 2 --worker-torch-threads 10
0 %, 0 %, 635 MiB, 32607 MiB
144214, python, 626 MiB
---
[2026-03-30 23:30:33]
   PID     ELAPSED STAT %CPU %MEM CMD
144214    20:32:31 Rl+  99.9  0.2 python -u experiments/run_highway_experiments.py --phase train --envs merge-v0 intersection-v0 --algos dqn --seeds 0 1 2 3 4
994590    03:09:54 Sl+   0.0  0.0 python -u experiments/run_highway_experiments.py --phase train --envs intersection-v0 --algos ppo --seeds 0 1 2 --train-workers 2 --worker-torch-threads 10
0 %, 0 %, 635 MiB, 32607 MiB
144214, python, 626 MiB
---
[2026-03-30 23:31:33]
   PID     ELAPSED STAT %CPU %MEM CMD
144214    20:33:31 Rl+  99.9  0.2 python -u experiments/run_highway_experiments.py --phase train --envs merge-v0 intersection-v0 --algos dqn --seeds 0 1 2 3 4
994590    03:10:54 Sl+   0.0  0.0 python -u experiments/run_highway_experiments.py --phase train --envs intersection-v0 --algos ppo --seeds 0 1 2 --train-workers 2 --worker-torch-threads 10
0 %, 0 %, 635 MiB, 32607 MiB
144214, python, 626 MiB
---
[2026-03-30 23:32:33]
   PID     ELAPSED STAT %CPU %MEM CMD
144214    20:34:31 Rl+  99.9  0.2 python -u experiments/run_highway_experiments.py --phase train --envs merge-v0 intersection-v0 --algos dqn --seeds 0 1 2 3 4
994590    03:11:54 Sl+   0.0  0.0 python -u experiments/run_highway_experiments.py --phase train --envs intersection-v0 --algos ppo --seeds 0 1 2 --train-workers 2 --worker-torch-threads 10
0 %, 0 %, 635 MiB, 32607 MiB
144214, python, 626 MiB
---
[2026-03-30 23:33:34]
   PID     ELAPSED STAT %CPU %MEM CMD
144214    20:35:32 Rl+  99.9  0.2 python -u experiments/run_highway_experiments.py --phase train --envs merge-v0 intersection-v0 --algos dqn --seeds 0 1 2 3 4
994590    03:12:55 Sl+   0.0  0.0 python -u experiments/run_highway_experiments.py --phase train --envs intersection-v0 --algos ppo --seeds 0 1 2 --train-workers 2 --worker-torch-threads 10
0 %, 0 %, 635 MiB, 32607 MiB
144214, python, 626 MiB
---
[2026-03-30 23:34:34]
   PID     ELAPSED STAT %CPU %MEM CMD
144214    20:36:32 Rl+  99.9  0.2 python -u experiments/run_highway_experiments.py --phase train --envs merge-v0 intersection-v0 --algos dqn --seeds 0 1 2 3 4
994590    03:13:55 Sl+   0.0  0.0 python -u experiments/run_highway_experiments.py --phase train --envs intersection-v0 --algos ppo --seeds 0 1 2 --train-workers 2 --worker-torch-threads 10
0 %, 0 %, 635 MiB, 32607 MiB
144214, python, 626 MiB
---
[2026-03-30 23:35:34]
   PID     ELAPSED STAT %CPU %MEM CMD
144214    20:37:32 Rl+  99.9  0.2 python -u experiments/run_highway_experiments.py --phase train --envs merge-v0 intersection-v0 --algos dqn --seeds 0 1 2 3 4
994590    03:14:55 Sl+   0.0  0.0 python -u experiments/run_highway_experiments.py --phase train --envs intersection-v0 --algos ppo --seeds 0 1 2 --train-workers 2 --worker-torch-threads 10
0 %, 0 %, 635 MiB, 32607 MiB
144214, python, 626 MiB
---
[2026-03-30 23:36:34]
   PID     ELAPSED STAT %CPU %MEM CMD
144214    20:38:32 Rl+  99.9  0.2 python -u experiments/run_highway_experiments.py --phase train --envs merge-v0 intersection-v0 --algos dqn --seeds 0 1 2 3 4
994590    03:15:55 Sl+   0.0  0.0 python -u experiments/run_highway_experiments.py --phase train --envs intersection-v0 --algos ppo --seeds 0 1 2 --train-workers 2 --worker-torch-threads 10
0 %, 0 %, 635 MiB, 32607 MiB
144214, python, 626 MiB
---
[2026-03-30 23:37:34]
   PID     ELAPSED STAT %CPU %MEM CMD
144214    20:39:32 Rl+  99.9  0.2 python -u experiments/run_highway_experiments.py --phase train --envs merge-v0 intersection-v0 --algos dqn --seeds 0 1 2 3 4
994590    03:16:55 Sl+   0.0  0.0 python -u experiments/run_highway_experiments.py --phase train --envs intersection-v0 --algos ppo --seeds 0 1 2 --train-workers 2 --worker-torch-threads 10
0 %, 0 %, 635 MiB, 32607 MiB
144214, python, 626 MiB
---
[2026-03-30 23:38:34]
   PID     ELAPSED STAT %CPU %MEM CMD
144214    20:40:32 Rl+  99.9  0.2 python -u experiments/run_highway_experiments.py --phase train --envs merge-v0 intersection-v0 --algos dqn --seeds 0 1 2 3 4
994590    03:17:55 Sl+   0.0  0.0 python -u experiments/run_highway_experiments.py --phase train --envs intersection-v0 --algos ppo --seeds 0 1 2 --train-workers 2 --worker-torch-threads 10
0 %, 0 %, 635 MiB, 32607 MiB
144214, python, 626 MiB
---
[2026-03-30 23:39:35]
   PID     ELAPSED STAT %CPU %MEM CMD
144214    20:41:32 Rl+  99.9  0.2 python -u experiments/run_highway_experiments.py --phase train --envs merge-v0 intersection-v0 --algos dqn --seeds 0 1 2 3 4
994590    03:18:55 Sl+   0.0  0.0 python -u experiments/run_highway_experiments.py --phase train --envs intersection-v0 --algos ppo --seeds 0 1 2 --train-workers 2 --worker-torch-threads 10
0 %, 0 %, 635 MiB, 32607 MiB
144214, python, 626 MiB
---
[2026-03-30 23:40:35]
   PID     ELAPSED STAT %CPU %MEM CMD
144214    20:42:33 Rl+  99.9  0.2 python -u experiments/run_highway_experiments.py --phase train --envs merge-v0 intersection-v0 --algos dqn --seeds 0 1 2 3 4
994590    03:19:56 Sl+   0.0  0.0 python -u experiments/run_highway_experiments.py --phase train --envs intersection-v0 --algos ppo --seeds 0 1 2 --train-workers 2 --worker-torch-threads 10
0 %, 0 %, 635 MiB, 32607 MiB
144214, python, 626 MiB
---
[2026-03-30 23:41:35]
   PID     ELAPSED STAT %CPU %MEM CMD
144214    20:43:33 Rl+  99.9  0.2 python -u experiments/run_highway_experiments.py --phase train --envs merge-v0 intersection-v0 --algos dqn --seeds 0 1 2 3 4
994590    03:20:56 Sl+   0.0  0.0 python -u experiments/run_highway_experiments.py --phase train --envs intersection-v0 --algos ppo --seeds 0 1 2 --train-workers 2 --worker-torch-threads 10
0 %, 0 %, 635 MiB, 32607 MiB
144214, python, 626 MiB
---
[2026-03-30 23:42:35]
   PID     ELAPSED STAT %CPU %MEM CMD
144214    20:44:33 Rl+  99.9  0.2 python -u experiments/run_highway_experiments.py --phase train --envs merge-v0 intersection-v0 --algos dqn --seeds 0 1 2 3 4
994590    03:21:56 Sl+   0.0  0.0 python -u experiments/run_highway_experiments.py --phase train --envs intersection-v0 --algos ppo --seeds 0 1 2 --train-workers 2 --worker-torch-threads 10
0 %, 0 %, 635 MiB, 32607 MiB
144214, python, 626 MiB
---
[2026-03-30 23:43:35]
   PID     ELAPSED STAT %CPU %MEM CMD
144214    20:45:33 Rl+  99.9  0.2 python -u experiments/run_highway_experiments.py --phase train --envs merge-v0 intersection-v0 --algos dqn --seeds 0 1 2 3 4
994590    03:22:56 Sl+   0.0  0.0 python -u experiments/run_highway_experiments.py --phase train --envs intersection-v0 --algos ppo --seeds 0 1 2 --train-workers 2 --worker-torch-threads 10
0 %, 0 %, 635 MiB, 32607 MiB
144214, python, 626 MiB
---
[2026-03-30 23:44:35]
   PID     ELAPSED STAT %CPU %MEM CMD
144214    20:46:33 Rl+  99.9  0.2 python -u experiments/run_highway_experiments.py --phase train --envs merge-v0 intersection-v0 --algos dqn --seeds 0 1 2 3 4
994590    03:23:56 Sl+   0.0  0.0 python -u experiments/run_highway_experiments.py --phase train --envs intersection-v0 --algos ppo --seeds 0 1 2 --train-workers 2 --worker-torch-threads 10
0 %, 0 %, 635 MiB, 32607 MiB
144214, python, 626 MiB
---
[2026-03-30 23:45:35]
   PID     ELAPSED STAT %CPU %MEM CMD
144214    20:47:33 Rl+  99.9  0.2 python -u experiments/run_highway_experiments.py --phase train --envs merge-v0 intersection-v0 --algos dqn --seeds 0 1 2 3 4
994590    03:24:56 Sl+   0.0  0.0 python -u experiments/run_highway_experiments.py --phase train --envs intersection-v0 --algos ppo --seeds 0 1 2 --train-workers 2 --worker-torch-threads 10
0 %, 0 %, 635 MiB, 32607 MiB
144214, python, 626 MiB
---
[2026-03-30 23:46:36]
   PID     ELAPSED STAT %CPU %MEM CMD
144214    20:48:34 Rl+  99.9  0.2 python -u experiments/run_highway_experiments.py --phase train --envs merge-v0 intersection-v0 --algos dqn --seeds 0 1 2 3 4
994590    03:25:57 Sl+   0.0  0.0 python -u experiments/run_highway_experiments.py --phase train --envs intersection-v0 --algos ppo --seeds 0 1 2 --train-workers 2 --worker-torch-threads 10
0 %, 0 %, 635 MiB, 32607 MiB
144214, python, 626 MiB
---
[2026-03-30 23:47:36]
   PID     ELAPSED STAT %CPU %MEM CMD
144214    20:49:34 Rl+  99.9  0.2 python -u experiments/run_highway_experiments.py --phase train --envs merge-v0 intersection-v0 --algos dqn --seeds 0 1 2 3 4
994590    03:26:57 Sl+   0.0  0.0 python -u experiments/run_highway_experiments.py --phase train --envs intersection-v0 --algos ppo --seeds 0 1 2 --train-workers 2 --worker-torch-threads 10
0 %, 0 %, 635 MiB, 32607 MiB
144214, python, 626 MiB
---
[2026-03-30 23:48:36]
   PID     ELAPSED STAT %CPU %MEM CMD
144214    20:50:34 Rl+  99.9  0.2 python -u experiments/run_highway_experiments.py --phase train --envs merge-v0 intersection-v0 --algos dqn --seeds 0 1 2 3 4
994590    03:27:57 Sl+   0.0  0.0 python -u experiments/run_highway_experiments.py --phase train --envs intersection-v0 --algos ppo --seeds 0 1 2 --train-workers 2 --worker-torch-threads 10
0 %, 0 %, 635 MiB, 32607 MiB
144214, python, 626 MiB
---
[2026-03-30 23:49:36]
   PID     ELAPSED STAT %CPU %MEM CMD
144214    20:51:34 Rl+  99.9  0.2 python -u experiments/run_highway_experiments.py --phase train --envs merge-v0 intersection-v0 --algos dqn --seeds 0 1 2 3 4
994590    03:28:57 Sl+   0.0  0.0 python -u experiments/run_highway_experiments.py --phase train --envs intersection-v0 --algos ppo --seeds 0 1 2 --train-workers 2 --worker-torch-threads 10
0 %, 0 %, 635 MiB, 32607 MiB
144214, python, 626 MiB
---
[2026-03-30 23:50:36]
   PID     ELAPSED STAT %CPU %MEM CMD
144214    20:52:34 Sl+  99.9  0.2 python -u experiments/run_highway_experiments.py --phase train --envs merge-v0 intersection-v0 --algos dqn --seeds 0 1 2 3 4
994590    03:29:57 Sl+   0.0  0.0 python -u experiments/run_highway_experiments.py --phase train --envs intersection-v0 --algos ppo --seeds 0 1 2 --train-workers 2 --worker-torch-threads 10
0 %, 0 %, 635 MiB, 32607 MiB
144214, python, 626 MiB
---
[2026-03-30 23:51:37]
   PID     ELAPSED STAT %CPU %MEM CMD
144214    20:53:34 Rl+  99.9  0.2 python -u experiments/run_highway_experiments.py --phase train --envs merge-v0 intersection-v0 --algos dqn --seeds 0 1 2 3 4
994590    03:30:57 Sl+   0.0  0.0 python -u experiments/run_highway_experiments.py --phase train --envs intersection-v0 --algos ppo --seeds 0 1 2 --train-workers 2 --worker-torch-threads 10
0 %, 0 %, 635 MiB, 32607 MiB
144214, python, 626 MiB
---
[2026-03-30 23:52:37]
   PID     ELAPSED STAT %CPU %MEM CMD
144214    20:54:35 Rl+  99.9  0.2 python -u experiments/run_highway_experiments.py --phase train --envs merge-v0 intersection-v0 --algos dqn --seeds 0 1 2 3 4
994590    03:31:58 Sl+   0.0  0.0 python -u experiments/run_highway_experiments.py --phase train --envs intersection-v0 --algos ppo --seeds 0 1 2 --train-workers 2 --worker-torch-threads 10
0 %, 0 %, 635 MiB, 32607 MiB
144214, python, 626 MiB
---
[2026-03-30 23:53:37]
   PID     ELAPSED STAT %CPU %MEM CMD
144214    20:55:35 Rl+  99.9  0.2 python -u experiments/run_highway_experiments.py --phase train --envs merge-v0 intersection-v0 --algos dqn --seeds 0 1 2 3 4
994590    03:32:58 Sl+   0.0  0.0 python -u experiments/run_highway_experiments.py --phase train --envs intersection-v0 --algos ppo --seeds 0 1 2 --train-workers 2 --worker-torch-threads 10
0 %, 0 %, 635 MiB, 32607 MiB
144214, python, 626 MiB
---
[2026-03-30 23:54:37]
   PID     ELAPSED STAT %CPU %MEM CMD
144214    20:56:35 Rl+  99.9  0.2 python -u experiments/run_highway_experiments.py --phase train --envs merge-v0 intersection-v0 --algos dqn --seeds 0 1 2 3 4
994590    03:33:58 Sl+   0.0  0.0 python -u experiments/run_highway_experiments.py --phase train --envs intersection-v0 --algos ppo --seeds 0 1 2 --train-workers 2 --worker-torch-threads 10
0 %, 0 %, 635 MiB, 32607 MiB
144214, python, 626 MiB
---
[2026-03-30 23:55:37]
   PID     ELAPSED STAT %CPU %MEM CMD
144214    20:57:35 Rl+  99.9  0.2 python -u experiments/run_highway_experiments.py --phase train --envs merge-v0 intersection-v0 --algos dqn --seeds 0 1 2 3 4
994590    03:34:58 Sl+   0.0  0.0 python -u experiments/run_highway_experiments.py --phase train --envs intersection-v0 --algos ppo --seeds 0 1 2 --train-workers 2 --worker-torch-threads 10
0 %, 0 %, 635 MiB, 32607 MiB
144214, python, 626 MiB
---
[2026-03-30 23:56:37]
   PID     ELAPSED STAT %CPU %MEM CMD
144214    20:58:35 Rl+  99.9  0.2 python -u experiments/run_highway_experiments.py --phase train --envs merge-v0 intersection-v0 --algos dqn --seeds 0 1 2 3 4
994590    03:35:58 Sl+   0.0  0.0 python -u experiments/run_highway_experiments.py --phase train --envs intersection-v0 --algos ppo --seeds 0 1 2 --train-workers 2 --worker-torch-threads 10
0 %, 0 %, 635 MiB, 32607 MiB
144214, python, 626 MiB
---
[2026-03-30 23:57:38]
   PID     ELAPSED STAT %CPU %MEM CMD
144214    20:59:35 Rl+  99.9  0.2 python -u experiments/run_highway_experiments.py --phase train --envs merge-v0 intersection-v0 --algos dqn --seeds 0 1 2 3 4
994590    03:36:58 Sl+   0.0  0.0 python -u experiments/run_highway_experiments.py --phase train --envs intersection-v0 --algos ppo --seeds 0 1 2 --train-workers 2 --worker-torch-threads 10
0 %, 0 %, 635 MiB, 32607 MiB
144214, python, 626 MiB
---
[2026-03-30 23:58:38]
   PID     ELAPSED STAT %CPU %MEM CMD
144214    21:00:36 Rl+  99.9  0.2 python -u experiments/run_highway_experiments.py --phase train --envs merge-v0 intersection-v0 --algos dqn --seeds 0 1 2 3 4
994590    03:37:59 Sl+   0.0  0.0 python -u experiments/run_highway_experiments.py --phase train --envs intersection-v0 --algos ppo --seeds 0 1 2 --train-workers 2 --worker-torch-threads 10
1 %, 0 %, 635 MiB, 32607 MiB
144214, python, 626 MiB
---
[2026-03-30 23:59:38]
   PID     ELAPSED STAT %CPU %MEM CMD
144214    21:01:36 Rl+  99.9  0.2 python -u experiments/run_highway_experiments.py --phase train --envs merge-v0 intersection-v0 --algos dqn --seeds 0 1 2 3 4
994590    03:38:59 Sl+   0.0  0.0 python -u experiments/run_highway_experiments.py --phase train --envs intersection-v0 --algos ppo --seeds 0 1 2 --train-workers 2 --worker-torch-threads 10
0 %, 0 %, 635 MiB, 32607 MiB
144214, python, 626 MiB
---
[2026-03-31 00:00:38]
   PID     ELAPSED STAT %CPU %MEM CMD
144214    21:02:36 Rl+  99.9  0.2 python -u experiments/run_highway_experiments.py --phase train --envs merge-v0 intersection-v0 --algos dqn --seeds 0 1 2 3 4
994590    03:39:59 Sl+   0.0  0.0 python -u experiments/run_highway_experiments.py --phase train --envs intersection-v0 --algos ppo --seeds 0 1 2 --train-workers 2 --worker-torch-threads 10
0 %, 0 %, 635 MiB, 32607 MiB
144214, python, 626 MiB
---
[2026-03-31 00:01:38]
   PID     ELAPSED STAT %CPU %MEM CMD
144214    21:03:36 Rl+  99.9  0.2 python -u experiments/run_highway_experiments.py --phase train --envs merge-v0 intersection-v0 --algos dqn --seeds 0 1 2 3 4
994590    03:40:59 Sl+   0.0  0.0 python -u experiments/run_highway_experiments.py --phase train --envs intersection-v0 --algos ppo --seeds 0 1 2 --train-workers 2 --worker-torch-threads 10
0 %, 0 %, 635 MiB, 32607 MiB
144214, python, 626 MiB
---
[2026-03-31 00:02:38]
   PID     ELAPSED STAT %CPU %MEM CMD
144214    21:04:36 Rl+  99.9  0.2 python -u experiments/run_highway_experiments.py --phase train --envs merge-v0 intersection-v0 --algos dqn --seeds 0 1 2 3 4
994590    03:41:59 Sl+   0.0  0.0 python -u experiments/run_highway_experiments.py --phase train --envs intersection-v0 --algos ppo --seeds 0 1 2 --train-workers 2 --worker-torch-threads 10
0 %, 0 %, 635 MiB, 32607 MiB
144214, python, 626 MiB
---
[2026-03-31 00:03:39]
   PID     ELAPSED STAT %CPU %MEM CMD
144214    21:05:36 Rl+  99.9  0.2 python -u experiments/run_highway_experiments.py --phase train --envs merge-v0 intersection-v0 --algos dqn --seeds 0 1 2 3 4
994590    03:42:59 Sl+   0.0  0.0 python -u experiments/run_highway_experiments.py --phase train --envs intersection-v0 --algos ppo --seeds 0 1 2 --train-workers 2 --worker-torch-threads 10
0 %, 0 %, 635 MiB, 32607 MiB
144214, python, 626 MiB
---
[2026-03-31 00:04:39]
   PID     ELAPSED STAT %CPU %MEM CMD
144214    21:06:37 Rl+  99.9  0.2 python -u experiments/run_highway_experiments.py --phase train --envs merge-v0 intersection-v0 --algos dqn --seeds 0 1 2 3 4
994590    03:44:00 Sl+   0.0  0.0 python -u experiments/run_highway_experiments.py --phase train --envs intersection-v0 --algos ppo --seeds 0 1 2 --train-workers 2 --worker-torch-threads 10
0 %, 0 %, 635 MiB, 32607 MiB
144214, python, 626 MiB
---
[2026-03-31 00:05:39]
   PID     ELAPSED STAT %CPU %MEM CMD
144214    21:07:37 Rl+  99.9  0.2 python -u experiments/run_highway_experiments.py --phase train --envs merge-v0 intersection-v0 --algos dqn --seeds 0 1 2 3 4
994590    03:45:00 Sl+   0.0  0.0 python -u experiments/run_highway_experiments.py --phase train --envs intersection-v0 --algos ppo --seeds 0 1 2 --train-workers 2 --worker-torch-threads 10
0 %, 0 %, 635 MiB, 32607 MiB
144214, python, 626 MiB
---
[2026-03-31 00:06:39]
   PID     ELAPSED STAT %CPU %MEM CMD
144214    21:08:37 Rl+  99.9  0.2 python -u experiments/run_highway_experiments.py --phase train --envs merge-v0 intersection-v0 --algos dqn --seeds 0 1 2 3 4
994590    03:46:00 Sl+   0.0  0.0 python -u experiments/run_highway_experiments.py --phase train --envs intersection-v0 --algos ppo --seeds 0 1 2 --train-workers 2 --worker-torch-threads 10
0 %, 0 %, 635 MiB, 32607 MiB
144214, python, 626 MiB
---
[2026-03-31 00:07:39]
   PID     ELAPSED STAT %CPU %MEM CMD
144214    21:09:37 Rl+  99.9  0.2 python -u experiments/run_highway_experiments.py --phase train --envs merge-v0 intersection-v0 --algos dqn --seeds 0 1 2 3 4
994590    03:47:00 Sl+   0.0  0.0 python -u experiments/run_highway_experiments.py --phase train --envs intersection-v0 --algos ppo --seeds 0 1 2 --train-workers 2 --worker-torch-threads 10
0 %, 0 %, 635 MiB, 32607 MiB
144214, python, 626 MiB
---
[2026-03-31 00:08:39]
   PID     ELAPSED STAT %CPU %MEM CMD
144214    21:10:37 Rl+  99.9  0.2 python -u experiments/run_highway_experiments.py --phase train --envs merge-v0 intersection-v0 --algos dqn --seeds 0 1 2 3 4
994590    03:48:00 Sl+   0.0  0.0 python -u experiments/run_highway_experiments.py --phase train --envs intersection-v0 --algos ppo --seeds 0 1 2 --train-workers 2 --worker-torch-threads 10
0 %, 0 %, 635 MiB, 32607 MiB
144214, python, 626 MiB
---
[2026-03-31 00:09:40]
   PID     ELAPSED STAT %CPU %MEM CMD
144214    21:11:37 Rl+  99.9  0.2 python -u experiments/run_highway_experiments.py --phase train --envs merge-v0 intersection-v0 --algos dqn --seeds 0 1 2 3 4
994590    03:49:00 Sl+   0.0  0.0 python -u experiments/run_highway_experiments.py --phase train --envs intersection-v0 --algos ppo --seeds 0 1 2 --train-workers 2 --worker-torch-threads 10
0 %, 0 %, 635 MiB, 32607 MiB
144214, python, 626 MiB
---
[2026-03-31 00:10:40]
   PID     ELAPSED STAT %CPU %MEM CMD
144214    21:12:38 Rl+  99.9  0.2 python -u experiments/run_highway_experiments.py --phase train --envs merge-v0 intersection-v0 --algos dqn --seeds 0 1 2 3 4
994590    03:50:01 Sl+   0.0  0.0 python -u experiments/run_highway_experiments.py --phase train --envs intersection-v0 --algos ppo --seeds 0 1 2 --train-workers 2 --worker-torch-threads 10
0 %, 0 %, 635 MiB, 32607 MiB
144214, python, 626 MiB
---
[2026-03-31 00:11:40]
   PID     ELAPSED STAT %CPU %MEM CMD
144214    21:13:38 Rl+  99.9  0.2 python -u experiments/run_highway_experiments.py --phase train --envs merge-v0 intersection-v0 --algos dqn --seeds 0 1 2 3 4
994590    03:51:01 Sl+   0.0  0.0 python -u experiments/run_highway_experiments.py --phase train --envs intersection-v0 --algos ppo --seeds 0 1 2 --train-workers 2 --worker-torch-threads 10
0 %, 0 %, 635 MiB, 32607 MiB
144214, python, 626 MiB
---
[2026-03-31 00:12:40]
   PID     ELAPSED STAT %CPU %MEM CMD
144214    21:14:38 Rl+  99.9  0.2 python -u experiments/run_highway_experiments.py --phase train --envs merge-v0 intersection-v0 --algos dqn --seeds 0 1 2 3 4
994590    03:52:01 Sl+   0.0  0.0 python -u experiments/run_highway_experiments.py --phase train --envs intersection-v0 --algos ppo --seeds 0 1 2 --train-workers 2 --worker-torch-threads 10
0 %, 0 %, 635 MiB, 32607 MiB
144214, python, 626 MiB
---
[2026-03-31 00:13:40]
   PID     ELAPSED STAT %CPU %MEM CMD
144214    21:15:38 Rl+  99.9  0.2 python -u experiments/run_highway_experiments.py --phase train --envs merge-v0 intersection-v0 --algos dqn --seeds 0 1 2 3 4
994590    03:53:01 Sl+   0.0  0.0 python -u experiments/run_highway_experiments.py --phase train --envs intersection-v0 --algos ppo --seeds 0 1 2 --train-workers 2 --worker-torch-threads 10
0 %, 0 %, 635 MiB, 32607 MiB
144214, python, 626 MiB
---
[2026-03-31 00:14:40]
   PID     ELAPSED STAT %CPU %MEM CMD
144214    21:16:38 Rl+  99.9  0.2 python -u experiments/run_highway_experiments.py --phase train --envs merge-v0 intersection-v0 --algos dqn --seeds 0 1 2 3 4
994590    03:54:01 Sl+   0.0  0.0 python -u experiments/run_highway_experiments.py --phase train --envs intersection-v0 --algos ppo --seeds 0 1 2 --train-workers 2 --worker-torch-threads 10
0 %, 0 %, 635 MiB, 32607 MiB
144214, python, 626 MiB
---
[2026-03-31 00:15:40]
   PID     ELAPSED STAT %CPU %MEM CMD
144214    21:17:38 Rl+  99.9  0.2 python -u experiments/run_highway_experiments.py --phase train --envs merge-v0 intersection-v0 --algos dqn --seeds 0 1 2 3 4
994590    03:55:01 Sl+   0.0  0.0 python -u experiments/run_highway_experiments.py --phase train --envs intersection-v0 --algos ppo --seeds 0 1 2 --train-workers 2 --worker-torch-threads 10
0 %, 0 %, 635 MiB, 32607 MiB
144214, python, 626 MiB
---
[2026-03-31 00:16:40]
   PID     ELAPSED STAT %CPU %MEM CMD
144214    21:18:38 Rl+  99.9  0.2 python -u experiments/run_highway_experiments.py --phase train --envs merge-v0 intersection-v0 --algos dqn --seeds 0 1 2 3 4
994590    03:56:01 Sl+   0.0  0.0 python -u experiments/run_highway_experiments.py --phase train --envs intersection-v0 --algos ppo --seeds 0 1 2 --train-workers 2 --worker-torch-threads 10
1 %, 0 %, 635 MiB, 32607 MiB
144214, python, 626 MiB
---
[2026-03-31 00:17:41]
   PID     ELAPSED STAT %CPU %MEM CMD
144214    21:19:39 Rl+  99.9  0.2 python -u experiments/run_highway_experiments.py --phase train --envs merge-v0 intersection-v0 --algos dqn --seeds 0 1 2 3 4
994590    03:57:02 Sl+   0.0  0.0 python -u experiments/run_highway_experiments.py --phase train --envs intersection-v0 --algos ppo --seeds 0 1 2 --train-workers 2 --worker-torch-threads 10
0 %, 0 %, 635 MiB, 32607 MiB
144214, python, 626 MiB
---
[2026-03-31 00:18:41]
   PID     ELAPSED STAT %CPU %MEM CMD
144214    21:20:39 Rl+  99.9  0.2 python -u experiments/run_highway_experiments.py --phase train --envs merge-v0 intersection-v0 --algos dqn --seeds 0 1 2 3 4
994590    03:58:02 Sl+   0.0  0.0 python -u experiments/run_highway_experiments.py --phase train --envs intersection-v0 --algos ppo --seeds 0 1 2 --train-workers 2 --worker-torch-threads 10
0 %, 0 %, 635 MiB, 32607 MiB
144214, python, 626 MiB
---
[2026-03-31 00:19:41]
   PID     ELAPSED STAT %CPU %MEM CMD
144214    21:21:39 Rl+  99.9  0.2 python -u experiments/run_highway_experiments.py --phase train --envs merge-v0 intersection-v0 --algos dqn --seeds 0 1 2 3 4
994590    03:59:02 Sl+   0.0  0.0 python -u experiments/run_highway_experiments.py --phase train --envs intersection-v0 --algos ppo --seeds 0 1 2 --train-workers 2 --worker-torch-threads 10
0 %, 0 %, 635 MiB, 32607 MiB
144214, python, 626 MiB
---
[2026-03-31 00:20:41]
   PID     ELAPSED STAT %CPU %MEM CMD
144214    21:22:39 Rl+  99.9  0.2 python -u experiments/run_highway_experiments.py --phase train --envs merge-v0 intersection-v0 --algos dqn --seeds 0 1 2 3 4
994590    04:00:02 Sl+   0.0  0.0 python -u experiments/run_highway_experiments.py --phase train --envs intersection-v0 --algos ppo --seeds 0 1 2 --train-workers 2 --worker-torch-threads 10
0 %, 0 %, 635 MiB, 32607 MiB
144214, python, 626 MiB
---
[2026-03-31 00:21:41]
   PID     ELAPSED STAT %CPU %MEM CMD
144214    21:23:39 Rl+  99.9  0.2 python -u experiments/run_highway_experiments.py --phase train --envs merge-v0 intersection-v0 --algos dqn --seeds 0 1 2 3 4
994590    04:01:02 Sl+   0.0  0.0 python -u experiments/run_highway_experiments.py --phase train --envs intersection-v0 --algos ppo --seeds 0 1 2 --train-workers 2 --worker-torch-threads 10
0 %, 0 %, 635 MiB, 32607 MiB
144214, python, 626 MiB
---
[2026-03-31 00:22:41]
   PID     ELAPSED STAT %CPU %MEM CMD
144214    21:24:39 Rl+  99.9  0.2 python -u experiments/run_highway_experiments.py --phase train --envs merge-v0 intersection-v0 --algos dqn --seeds 0 1 2 3 4
994590    04:02:02 Sl+   0.0  0.0 python -u experiments/run_highway_experiments.py --phase train --envs intersection-v0 --algos ppo --seeds 0 1 2 --train-workers 2 --worker-torch-threads 10
0 %, 0 %, 635 MiB, 32607 MiB
144214, python, 626 MiB
---
[2026-03-31 00:23:42]
   PID     ELAPSED STAT %CPU %MEM CMD
144214    21:25:40 Rl+  99.9  0.2 python -u experiments/run_highway_experiments.py --phase train --envs merge-v0 intersection-v0 --algos dqn --seeds 0 1 2 3 4
994590    04:03:03 Sl+   0.0  0.0 python -u experiments/run_highway_experiments.py --phase train --envs intersection-v0 --algos ppo --seeds 0 1 2 --train-workers 2 --worker-torch-threads 10
0 %, 0 %, 635 MiB, 32607 MiB
144214, python, 626 MiB
---
[2026-03-31 00:24:42]
   PID     ELAPSED STAT %CPU %MEM CMD
144214    21:26:40 Rl+  99.9  0.2 python -u experiments/run_highway_experiments.py --phase train --envs merge-v0 intersection-v0 --algos dqn --seeds 0 1 2 3 4
994590    04:04:03 Sl+   0.0  0.0 python -u experiments/run_highway_experiments.py --phase train --envs intersection-v0 --algos ppo --seeds 0 1 2 --train-workers 2 --worker-torch-threads 10
0 %, 0 %, 635 MiB, 32607 MiB
144214, python, 626 MiB
---
[2026-03-31 00:25:42]
   PID     ELAPSED STAT %CPU %MEM CMD
144214    21:27:40 Rl+  99.9  0.2 python -u experiments/run_highway_experiments.py --phase train --envs merge-v0 intersection-v0 --algos dqn --seeds 0 1 2 3 4
994590    04:05:03 Sl+   0.0  0.0 python -u experiments/run_highway_experiments.py --phase train --envs intersection-v0 --algos ppo --seeds 0 1 2 --train-workers 2 --worker-torch-threads 10
0 %, 0 %, 635 MiB, 32607 MiB
144214, python, 626 MiB
---
[2026-03-31 00:26:42]
   PID     ELAPSED STAT %CPU %MEM CMD
144214    21:28:40 Rl+  99.9  0.2 python -u experiments/run_highway_experiments.py --phase train --envs merge-v0 intersection-v0 --algos dqn --seeds 0 1 2 3 4
994590    04:06:03 Sl+   0.0  0.0 python -u experiments/run_highway_experiments.py --phase train --envs intersection-v0 --algos ppo --seeds 0 1 2 --train-workers 2 --worker-torch-threads 10
0 %, 0 %, 635 MiB, 32607 MiB
144214, python, 626 MiB
---
[2026-03-31 00:27:42]
   PID     ELAPSED STAT %CPU %MEM CMD
144214    21:29:40 Rl+  99.9  0.2 python -u experiments/run_highway_experiments.py --phase train --envs merge-v0 intersection-v0 --algos dqn --seeds 0 1 2 3 4
994590    04:07:03 Sl+   0.0  0.0 python -u experiments/run_highway_experiments.py --phase train --envs intersection-v0 --algos ppo --seeds 0 1 2 --train-workers 2 --worker-torch-threads 10
0 %, 0 %, 635 MiB, 32607 MiB
144214, python, 626 MiB
---
[2026-03-31 00:28:42]
   PID     ELAPSED STAT %CPU %MEM CMD
144214    21:30:40 Rl+  99.9  0.2 python -u experiments/run_highway_experiments.py --phase train --envs merge-v0 intersection-v0 --algos dqn --seeds 0 1 2 3 4
994590    04:08:03 Sl+   0.0  0.0 python -u experiments/run_highway_experiments.py --phase train --envs intersection-v0 --algos ppo --seeds 0 1 2 --train-workers 2 --worker-torch-threads 10
0 %, 0 %, 635 MiB, 32607 MiB
144214, python, 626 MiB
---
[2026-03-31 00:29:43]
   PID     ELAPSED STAT %CPU %MEM CMD
144214    21:31:41 Rl+  99.9  0.2 python -u experiments/run_highway_experiments.py --phase train --envs merge-v0 intersection-v0 --algos dqn --seeds 0 1 2 3 4
994590    04:09:04 Sl+   0.0  0.0 python -u experiments/run_highway_experiments.py --phase train --envs intersection-v0 --algos ppo --seeds 0 1 2 --train-workers 2 --worker-torch-threads 10
0 %, 0 %, 635 MiB, 32607 MiB
144214, python, 626 MiB
---
[2026-03-31 00:30:43]
   PID     ELAPSED STAT %CPU %MEM CMD
144214    21:32:41 Rl+  99.9  0.2 python -u experiments/run_highway_experiments.py --phase train --envs merge-v0 intersection-v0 --algos dqn --seeds 0 1 2 3 4
994590    04:10:04 Sl+   0.0  0.0 python -u experiments/run_highway_experiments.py --phase train --envs intersection-v0 --algos ppo --seeds 0 1 2 --train-workers 2 --worker-torch-threads 10
0 %, 0 %, 635 MiB, 32607 MiB
144214, python, 626 MiB
---
[2026-03-31 00:31:43]
   PID     ELAPSED STAT %CPU %MEM CMD
144214    21:33:41 Rl+  99.9  0.2 python -u experiments/run_highway_experiments.py --phase train --envs merge-v0 intersection-v0 --algos dqn --seeds 0 1 2 3 4
994590    04:11:04 Sl+   0.0  0.0 python -u experiments/run_highway_experiments.py --phase train --envs intersection-v0 --algos ppo --seeds 0 1 2 --train-workers 2 --worker-torch-threads 10
0 %, 0 %, 635 MiB, 32607 MiB
144214, python, 626 MiB
---
[2026-03-31 00:32:43]
   PID     ELAPSED STAT %CPU %MEM CMD
144214    21:34:41 Rl+  99.9  0.2 python -u experiments/run_highway_experiments.py --phase train --envs merge-v0 intersection-v0 --algos dqn --seeds 0 1 2 3 4
994590    04:12:04 Sl+   0.0  0.0 python -u experiments/run_highway_experiments.py --phase train --envs intersection-v0 --algos ppo --seeds 0 1 2 --train-workers 2 --worker-torch-threads 10
0 %, 0 %, 635 MiB, 32607 MiB
144214, python, 626 MiB
---
[2026-03-31 00:33:43]
   PID     ELAPSED STAT %CPU %MEM CMD
144214    21:35:41 Rl+  99.9  0.2 python -u experiments/run_highway_experiments.py --phase train --envs merge-v0 intersection-v0 --algos dqn --seeds 0 1 2 3 4
994590    04:13:04 Sl+   0.0  0.0 python -u experiments/run_highway_experiments.py --phase train --envs intersection-v0 --algos ppo --seeds 0 1 2 --train-workers 2 --worker-torch-threads 10
0 %, 0 %, 635 MiB, 32607 MiB
144214, python, 626 MiB
---
[2026-03-31 00:34:43]
   PID     ELAPSED STAT %CPU %MEM CMD
144214    21:36:41 Rl+  99.9  0.2 python -u experiments/run_highway_experiments.py --phase train --envs merge-v0 intersection-v0 --algos dqn --seeds 0 1 2 3 4
994590    04:14:04 Sl+   0.0  0.0 python -u experiments/run_highway_experiments.py --phase train --envs intersection-v0 --algos ppo --seeds 0 1 2 --train-workers 2 --worker-torch-threads 10
0 %, 0 %, 635 MiB, 32607 MiB
144214, python, 626 MiB
---
[2026-03-31 00:35:44]
   PID     ELAPSED STAT %CPU %MEM CMD
144214    21:37:41 Rl+  99.9  0.2 python -u experiments/run_highway_experiments.py --phase train --envs merge-v0 intersection-v0 --algos dqn --seeds 0 1 2 3 4
994590    04:15:04 Sl+   0.0  0.0 python -u experiments/run_highway_experiments.py --phase train --envs intersection-v0 --algos ppo --seeds 0 1 2 --train-workers 2 --worker-torch-threads 10
0 %, 0 %, 635 MiB, 32607 MiB
144214, python, 626 MiB
---
[2026-03-31 00:36:44]
   PID     ELAPSED STAT %CPU %MEM CMD
144214    21:38:42 Rl+  99.9  0.2 python -u experiments/run_highway_experiments.py --phase train --envs merge-v0 intersection-v0 --algos dqn --seeds 0 1 2 3 4
994590    04:16:05 Sl+   0.0  0.0 python -u experiments/run_highway_experiments.py --phase train --envs intersection-v0 --algos ppo --seeds 0 1 2 --train-workers 2 --worker-torch-threads 10
0 %, 0 %, 635 MiB, 32607 MiB
144214, python, 626 MiB
---
[2026-03-31 00:37:44]
   PID     ELAPSED STAT %CPU %MEM CMD
144214    21:39:42 Rl+  99.9  0.2 python -u experiments/run_highway_experiments.py --phase train --envs merge-v0 intersection-v0 --algos dqn --seeds 0 1 2 3 4
994590    04:17:05 Sl+   0.0  0.0 python -u experiments/run_highway_experiments.py --phase train --envs intersection-v0 --algos ppo --seeds 0 1 2 --train-workers 2 --worker-torch-threads 10
0 %, 0 %, 635 MiB, 32607 MiB
144214, python, 626 MiB
---
[2026-03-31 00:38:44]
   PID     ELAPSED STAT %CPU %MEM CMD
144214    21:40:42 Rl+  99.9  0.2 python -u experiments/run_highway_experiments.py --phase train --envs merge-v0 intersection-v0 --algos dqn --seeds 0 1 2 3 4
994590    04:18:05 Sl+   0.0  0.0 python -u experiments/run_highway_experiments.py --phase train --envs intersection-v0 --algos ppo --seeds 0 1 2 --train-workers 2 --worker-torch-threads 10
0 %, 0 %, 635 MiB, 32607 MiB
144214, python, 626 MiB
---
[2026-03-31 00:39:44]
   PID     ELAPSED STAT %CPU %MEM CMD
144214    21:41:42 Rl+  99.9  0.2 python -u experiments/run_highway_experiments.py --phase train --envs merge-v0 intersection-v0 --algos dqn --seeds 0 1 2 3 4
994590    04:19:05 Sl+   0.0  0.0 python -u experiments/run_highway_experiments.py --phase train --envs intersection-v0 --algos ppo --seeds 0 1 2 --train-workers 2 --worker-torch-threads 10
0 %, 0 %, 635 MiB, 32607 MiB
144214, python, 626 MiB
---
[2026-03-31 00:40:44]
   PID     ELAPSED STAT %CPU %MEM CMD
144214    21:42:42 Rl+  99.9  0.2 python -u experiments/run_highway_experiments.py --phase train --envs merge-v0 intersection-v0 --algos dqn --seeds 0 1 2 3 4
994590    04:20:05 Sl+   0.0  0.0 python -u experiments/run_highway_experiments.py --phase train --envs intersection-v0 --algos ppo --seeds 0 1 2 --train-workers 2 --worker-torch-threads 10
0 %, 0 %, 635 MiB, 32607 MiB
144214, python, 626 MiB
---
[2026-03-31 00:41:45]
   PID     ELAPSED STAT %CPU %MEM CMD
144214    21:43:43 Rl+  99.9  0.2 python -u experiments/run_highway_experiments.py --phase train --envs merge-v0 intersection-v0 --algos dqn --seeds 0 1 2 3 4
994590    04:21:06 Sl+   0.0  0.0 python -u experiments/run_highway_experiments.py --phase train --envs intersection-v0 --algos ppo --seeds 0 1 2 --train-workers 2 --worker-torch-threads 10
0 %, 0 %, 635 MiB, 32607 MiB
144214, python, 626 MiB
---
[2026-03-31 00:42:45]
   PID     ELAPSED STAT %CPU %MEM CMD
144214    21:44:43 Rl+  99.9  0.2 python -u experiments/run_highway_experiments.py --phase train --envs merge-v0 intersection-v0 --algos dqn --seeds 0 1 2 3 4
994590    04:22:06 Sl+   0.0  0.0 python -u experiments/run_highway_experiments.py --phase train --envs intersection-v0 --algos ppo --seeds 0 1 2 --train-workers 2 --worker-torch-threads 10
0 %, 0 %, 635 MiB, 32607 MiB
144214, python, 626 MiB
---
[2026-03-31 00:43:45]
   PID     ELAPSED STAT %CPU %MEM CMD
144214    21:45:43 Rl+  99.9  0.2 python -u experiments/run_highway_experiments.py --phase train --envs merge-v0 intersection-v0 --algos dqn --seeds 0 1 2 3 4
994590    04:23:06 Sl+   0.0  0.0 python -u experiments/run_highway_experiments.py --phase train --envs intersection-v0 --algos ppo --seeds 0 1 2 --train-workers 2 --worker-torch-threads 10
0 %, 0 %, 635 MiB, 32607 MiB
144214, python, 626 MiB
---
[2026-03-31 00:44:45]
   PID     ELAPSED STAT %CPU %MEM CMD
144214    21:46:43 Rl+  99.9  0.2 python -u experiments/run_highway_experiments.py --phase train --envs merge-v0 intersection-v0 --algos dqn --seeds 0 1 2 3 4
994590    04:24:06 Sl+   0.0  0.0 python -u experiments/run_highway_experiments.py --phase train --envs intersection-v0 --algos ppo --seeds 0 1 2 --train-workers 2 --worker-torch-threads 10
0 %, 0 %, 635 MiB, 32607 MiB
144214, python, 626 MiB
---
[2026-03-31 00:45:45]
   PID     ELAPSED STAT %CPU %MEM CMD
144214    21:47:43 Rl+  99.9  0.2 python -u experiments/run_highway_experiments.py --phase train --envs merge-v0 intersection-v0 --algos dqn --seeds 0 1 2 3 4
994590    04:25:06 Sl+   0.0  0.0 python -u experiments/run_highway_experiments.py --phase train --envs intersection-v0 --algos ppo --seeds 0 1 2 --train-workers 2 --worker-torch-threads 10
0 %, 0 %, 635 MiB, 32607 MiB
144214, python, 626 MiB
---
[2026-03-31 00:46:45]
   PID     ELAPSED STAT %CPU %MEM CMD
144214    21:48:43 Rl+  99.9  0.2 python -u experiments/run_highway_experiments.py --phase train --envs merge-v0 intersection-v0 --algos dqn --seeds 0 1 2 3 4
994590    04:26:06 Sl+   0.0  0.0 python -u experiments/run_highway_experiments.py --phase train --envs intersection-v0 --algos ppo --seeds 0 1 2 --train-workers 2 --worker-torch-threads 10
0 %, 0 %, 635 MiB, 32607 MiB
144214, python, 626 MiB
---
[2026-03-31 00:47:46]
   PID     ELAPSED STAT %CPU %MEM CMD
144214    21:49:44 Rl+  99.9  0.2 python -u experiments/run_highway_experiments.py --phase train --envs merge-v0 intersection-v0 --algos dqn --seeds 0 1 2 3 4
994590    04:27:07 Sl+   0.0  0.0 python -u experiments/run_highway_experiments.py --phase train --envs intersection-v0 --algos ppo --seeds 0 1 2 --train-workers 2 --worker-torch-threads 10
0 %, 0 %, 635 MiB, 32607 MiB
144214, python, 626 MiB
---
[2026-03-31 00:48:46]
   PID     ELAPSED STAT %CPU %MEM CMD
144214    21:50:44 Rl+  99.9  0.2 python -u experiments/run_highway_experiments.py --phase train --envs merge-v0 intersection-v0 --algos dqn --seeds 0 1 2 3 4
994590    04:28:07 Sl+   0.0  0.0 python -u experiments/run_highway_experiments.py --phase train --envs intersection-v0 --algos ppo --seeds 0 1 2 --train-workers 2 --worker-torch-threads 10
0 %, 0 %, 635 MiB, 32607 MiB
144214, python, 626 MiB
---
[2026-03-31 00:49:46]
   PID     ELAPSED STAT %CPU %MEM CMD
144214    21:51:44 Rl+  99.9  0.2 python -u experiments/run_highway_experiments.py --phase train --envs merge-v0 intersection-v0 --algos dqn --seeds 0 1 2 3 4
994590    04:29:07 Sl+   0.0  0.0 python -u experiments/run_highway_experiments.py --phase train --envs intersection-v0 --algos ppo --seeds 0 1 2 --train-workers 2 --worker-torch-threads 10
0 %, 0 %, 635 MiB, 32607 MiB
144214, python, 626 MiB
---
[2026-03-31 00:50:46]
   PID     ELAPSED STAT %CPU %MEM CMD
144214    21:52:44 Rl+  99.9  0.2 python -u experiments/run_highway_experiments.py --phase train --envs merge-v0 intersection-v0 --algos dqn --seeds 0 1 2 3 4
994590    04:30:07 Sl+   0.0  0.0 python -u experiments/run_highway_experiments.py --phase train --envs intersection-v0 --algos ppo --seeds 0 1 2 --train-workers 2 --worker-torch-threads 10
0 %, 0 %, 635 MiB, 32607 MiB
144214, python, 626 MiB
---
[2026-03-31 00:51:46]
   PID     ELAPSED STAT %CPU %MEM CMD
144214    21:53:44 Rl+  99.9  0.2 python -u experiments/run_highway_experiments.py --phase train --envs merge-v0 intersection-v0 --algos dqn --seeds 0 1 2 3 4
994590    04:31:07 Sl+   0.0  0.0 python -u experiments/run_highway_experiments.py --phase train --envs intersection-v0 --algos ppo --seeds 0 1 2 --train-workers 2 --worker-torch-threads 10
0 %, 0 %, 635 MiB, 32607 MiB
144214, python, 626 MiB
---
[2026-03-31 00:52:46]
   PID     ELAPSED STAT %CPU %MEM CMD
144214    21:54:44 Rl+  99.9  0.2 python -u experiments/run_highway_experiments.py --phase train --envs merge-v0 intersection-v0 --algos dqn --seeds 0 1 2 3 4
994590    04:32:07 Sl+   0.0  0.0 python -u experiments/run_highway_experiments.py --phase train --envs intersection-v0 --algos ppo --seeds 0 1 2 --train-workers 2 --worker-torch-threads 10
0 %, 0 %, 635 MiB, 32607 MiB
144214, python, 626 MiB
---
[2026-03-31 00:53:47]
   PID     ELAPSED STAT %CPU %MEM CMD
144214    21:55:45 Rl+  99.9  0.2 python -u experiments/run_highway_experiments.py --phase train --envs merge-v0 intersection-v0 --algos dqn --seeds 0 1 2 3 4
994590    04:33:08 Sl+   0.0  0.0 python -u experiments/run_highway_experiments.py --phase train --envs intersection-v0 --algos ppo --seeds 0 1 2 --train-workers 2 --worker-torch-threads 10
0 %, 0 %, 635 MiB, 32607 MiB
144214, python, 626 MiB
---
[2026-03-31 00:54:47]
   PID     ELAPSED STAT %CPU %MEM CMD
144214    21:56:45 Rl+  99.9  0.2 python -u experiments/run_highway_experiments.py --phase train --envs merge-v0 intersection-v0 --algos dqn --seeds 0 1 2 3 4
994590    04:34:08 Sl+   0.0  0.0 python -u experiments/run_highway_experiments.py --phase train --envs intersection-v0 --algos ppo --seeds 0 1 2 --train-workers 2 --worker-torch-threads 10
0 %, 0 %, 635 MiB, 32607 MiB
144214, python, 626 MiB
---
[2026-03-31 00:55:47]
   PID     ELAPSED STAT %CPU %MEM CMD
144214    21:57:45 Rl+  99.9  0.2 python -u experiments/run_highway_experiments.py --phase train --envs merge-v0 intersection-v0 --algos dqn --seeds 0 1 2 3 4
994590    04:35:08 Sl+   0.0  0.0 python -u experiments/run_highway_experiments.py --phase train --envs intersection-v0 --algos ppo --seeds 0 1 2 --train-workers 2 --worker-torch-threads 10
0 %, 0 %, 635 MiB, 32607 MiB
144214, python, 626 MiB
---
[2026-03-31 00:56:47]
   PID     ELAPSED STAT %CPU %MEM CMD
144214    21:58:45 Rl+  99.9  0.2 python -u experiments/run_highway_experiments.py --phase train --envs merge-v0 intersection-v0 --algos dqn --seeds 0 1 2 3 4
994590    04:36:08 Sl+   0.0  0.0 python -u experiments/run_highway_experiments.py --phase train --envs intersection-v0 --algos ppo --seeds 0 1 2 --train-workers 2 --worker-torch-threads 10
0 %, 0 %, 635 MiB, 32607 MiB
144214, python, 626 MiB
---
[2026-03-31 00:57:47]
   PID     ELAPSED STAT %CPU %MEM CMD
144214    21:59:45 Rl+  99.9  0.2 python -u experiments/run_highway_experiments.py --phase train --envs merge-v0 intersection-v0 --algos dqn --seeds 0 1 2 3 4
994590    04:37:08 Sl+   0.0  0.0 python -u experiments/run_highway_experiments.py --phase train --envs intersection-v0 --algos ppo --seeds 0 1 2 --train-workers 2 --worker-torch-threads 10
0 %, 0 %, 635 MiB, 32607 MiB
144214, python, 626 MiB
---
[2026-03-31 00:58:48]
   PID     ELAPSED STAT %CPU %MEM CMD
144214    22:00:45 Rl+  99.9  0.2 python -u experiments/run_highway_experiments.py --phase train --envs merge-v0 intersection-v0 --algos dqn --seeds 0 1 2 3 4
994590    04:38:08 Sl+   0.0  0.0 python -u experiments/run_highway_experiments.py --phase train --envs intersection-v0 --algos ppo --seeds 0 1 2 --train-workers 2 --worker-torch-threads 10
0 %, 0 %, 635 MiB, 32607 MiB
144214, python, 626 MiB
---
[2026-03-31 00:59:48]
   PID     ELAPSED STAT %CPU %MEM CMD
144214    22:01:46 Rl+  99.9  0.2 python -u experiments/run_highway_experiments.py --phase train --envs merge-v0 intersection-v0 --algos dqn --seeds 0 1 2 3 4
994590    04:39:09 Sl+   0.0  0.0 python -u experiments/run_highway_experiments.py --phase train --envs intersection-v0 --algos ppo --seeds 0 1 2 --train-workers 2 --worker-torch-threads 10
0 %, 0 %, 635 MiB, 32607 MiB
144214, python, 626 MiB
---
[2026-03-31 01:00:48]
   PID     ELAPSED STAT %CPU %MEM CMD
144214    22:02:46 Rl+  99.9  0.2 python -u experiments/run_highway_experiments.py --phase train --envs merge-v0 intersection-v0 --algos dqn --seeds 0 1 2 3 4
994590    04:40:09 Sl+   0.0  0.0 python -u experiments/run_highway_experiments.py --phase train --envs intersection-v0 --algos ppo --seeds 0 1 2 --train-workers 2 --worker-torch-threads 10
0 %, 0 %, 635 MiB, 32607 MiB
144214, python, 626 MiB
---
[2026-03-31 01:01:48]
   PID     ELAPSED STAT %CPU %MEM CMD
144214    22:03:46 Rl+  99.9  0.2 python -u experiments/run_highway_experiments.py --phase train --envs merge-v0 intersection-v0 --algos dqn --seeds 0 1 2 3 4
994590    04:41:09 Sl+   0.0  0.0 python -u experiments/run_highway_experiments.py --phase train --envs intersection-v0 --algos ppo --seeds 0 1 2 --train-workers 2 --worker-torch-threads 10
0 %, 0 %, 635 MiB, 32607 MiB
144214, python, 626 MiB
---
[2026-03-31 01:02:48]
   PID     ELAPSED STAT %CPU %MEM CMD
144214    22:04:46 Rl+  99.9  0.2 python -u experiments/run_highway_experiments.py --phase train --envs merge-v0 intersection-v0 --algos dqn --seeds 0 1 2 3 4
994590    04:42:09 Sl+   0.0  0.0 python -u experiments/run_highway_experiments.py --phase train --envs intersection-v0 --algos ppo --seeds 0 1 2 --train-workers 2 --worker-torch-threads 10
0 %, 0 %, 635 MiB, 32607 MiB
144214, python, 626 MiB
---
[2026-03-31 01:03:48]
   PID     ELAPSED STAT %CPU %MEM CMD
144214    22:05:46 Rl+  99.9  0.2 python -u experiments/run_highway_experiments.py --phase train --envs merge-v0 intersection-v0 --algos dqn --seeds 0 1 2 3 4
994590    04:43:09 Sl+   0.0  0.0 python -u experiments/run_highway_experiments.py --phase train --envs intersection-v0 --algos ppo --seeds 0 1 2 --train-workers 2 --worker-torch-threads 10
0 %, 0 %, 635 MiB, 32607 MiB
144214, python, 626 MiB
---
[2026-03-31 01:04:49]
   PID     ELAPSED STAT %CPU %MEM CMD
144214    22:06:46 Rl+  99.9  0.2 python -u experiments/run_highway_experiments.py --phase train --envs merge-v0 intersection-v0 --algos dqn --seeds 0 1 2 3 4
994590    04:44:09 Sl+   0.0  0.0 python -u experiments/run_highway_experiments.py --phase train --envs intersection-v0 --algos ppo --seeds 0 1 2 --train-workers 2 --worker-torch-threads 10
0 %, 0 %, 635 MiB, 32607 MiB
144214, python, 626 MiB
---
[2026-03-31 01:05:49]
   PID     ELAPSED STAT %CPU %MEM CMD
144214    22:07:47 Rl+  99.9  0.2 python -u experiments/run_highway_experiments.py --phase train --envs merge-v0 intersection-v0 --algos dqn --seeds 0 1 2 3 4
994590    04:45:10 Sl+   0.0  0.0 python -u experiments/run_highway_experiments.py --phase train --envs intersection-v0 --algos ppo --seeds 0 1 2 --train-workers 2 --worker-torch-threads 10
0 %, 0 %, 635 MiB, 32607 MiB
144214, python, 626 MiB
---
[2026-03-31 01:06:49]
   PID     ELAPSED STAT %CPU %MEM CMD
144214    22:08:47 Rl+  99.9  0.2 python -u experiments/run_highway_experiments.py --phase train --envs merge-v0 intersection-v0 --algos dqn --seeds 0 1 2 3 4
994590    04:46:10 Sl+   0.0  0.0 python -u experiments/run_highway_experiments.py --phase train --envs intersection-v0 --algos ppo --seeds 0 1 2 --train-workers 2 --worker-torch-threads 10
0 %, 0 %, 635 MiB, 32607 MiB
144214, python, 626 MiB
---
[2026-03-31 01:07:49]
   PID     ELAPSED STAT %CPU %MEM CMD
144214    22:09:47 Rl+  99.9  0.2 python -u experiments/run_highway_experiments.py --phase train --envs merge-v0 intersection-v0 --algos dqn --seeds 0 1 2 3 4
994590    04:47:10 Sl+   0.0  0.0 python -u experiments/run_highway_experiments.py --phase train --envs intersection-v0 --algos ppo --seeds 0 1 2 --train-workers 2 --worker-torch-threads 10
0 %, 0 %, 635 MiB, 32607 MiB
144214, python, 626 MiB
---
[2026-03-31 01:08:49]
   PID     ELAPSED STAT %CPU %MEM CMD
144214    22:10:47 Rl+  99.9  0.2 python -u experiments/run_highway_experiments.py --phase train --envs merge-v0 intersection-v0 --algos dqn --seeds 0 1 2 3 4
994590    04:48:10 Sl+   0.0  0.0 python -u experiments/run_highway_experiments.py --phase train --envs intersection-v0 --algos ppo --seeds 0 1 2 --train-workers 2 --worker-torch-threads 10
0 %, 0 %, 635 MiB, 32607 MiB
144214, python, 626 MiB
---
[2026-03-31 01:09:49]
   PID     ELAPSED STAT %CPU %MEM CMD
144214    22:11:47 Rl+  99.9  0.2 python -u experiments/run_highway_experiments.py --phase train --envs merge-v0 intersection-v0 --algos dqn --seeds 0 1 2 3 4
994590    04:49:10 Sl+   0.0  0.0 python -u experiments/run_highway_experiments.py --phase train --envs intersection-v0 --algos ppo --seeds 0 1 2 --train-workers 2 --worker-torch-threads 10
0 %, 0 %, 635 MiB, 32607 MiB
144214, python, 626 MiB
---
[2026-03-31 01:10:50]
   PID     ELAPSED STAT %CPU %MEM CMD
144214    22:12:47 Rl+  99.9  0.2 python -u experiments/run_highway_experiments.py --phase train --envs merge-v0 intersection-v0 --algos dqn --seeds 0 1 2 3 4
994590    04:50:10 Sl+   0.0  0.0 python -u experiments/run_highway_experiments.py --phase train --envs intersection-v0 --algos ppo --seeds 0 1 2 --train-workers 2 --worker-torch-threads 10
0 %, 0 %, 635 MiB, 32607 MiB
144214, python, 626 MiB
---
[2026-03-31 01:11:50]
   PID     ELAPSED STAT %CPU %MEM CMD
144214    22:13:48 Rl+  99.9  0.2 python -u experiments/run_highway_experiments.py --phase train --envs merge-v0 intersection-v0 --algos dqn --seeds 0 1 2 3 4
994590    04:51:11 Sl+   0.0  0.0 python -u experiments/run_highway_experiments.py --phase train --envs intersection-v0 --algos ppo --seeds 0 1 2 --train-workers 2 --worker-torch-threads 10
0 %, 0 %, 635 MiB, 32607 MiB
144214, python, 626 MiB
---
[2026-03-31 01:12:50]
   PID     ELAPSED STAT %CPU %MEM CMD
144214    22:14:48 Rl+  99.9  0.2 python -u experiments/run_highway_experiments.py --phase train --envs merge-v0 intersection-v0 --algos dqn --seeds 0 1 2 3 4
994590    04:52:11 Sl+   0.0  0.0 python -u experiments/run_highway_experiments.py --phase train --envs intersection-v0 --algos ppo --seeds 0 1 2 --train-workers 2 --worker-torch-threads 10
0 %, 0 %, 635 MiB, 32607 MiB
144214, python, 626 MiB
---
[2026-03-31 01:13:50]
   PID     ELAPSED STAT %CPU %MEM CMD
144214    22:15:48 Rl+  99.9  0.2 python -u experiments/run_highway_experiments.py --phase train --envs merge-v0 intersection-v0 --algos dqn --seeds 0 1 2 3 4
994590    04:53:11 Sl+   0.0  0.0 python -u experiments/run_highway_experiments.py --phase train --envs intersection-v0 --algos ppo --seeds 0 1 2 --train-workers 2 --worker-torch-threads 10
0 %, 0 %, 635 MiB, 32607 MiB
144214, python, 626 MiB
---
[2026-03-31 01:14:50]
   PID     ELAPSED STAT %CPU %MEM CMD
144214    22:16:48 Rl+  99.9  0.2 python -u experiments/run_highway_experiments.py --phase train --envs merge-v0 intersection-v0 --algos dqn --seeds 0 1 2 3 4
994590    04:54:11 Sl+   0.0  0.0 python -u experiments/run_highway_experiments.py --phase train --envs intersection-v0 --algos ppo --seeds 0 1 2 --train-workers 2 --worker-torch-threads 10
0 %, 0 %, 635 MiB, 32607 MiB
144214, python, 626 MiB
---
[2026-03-31 01:15:50]
   PID     ELAPSED STAT %CPU %MEM CMD
144214    22:17:48 Rl+  99.9  0.2 python -u experiments/run_highway_experiments.py --phase train --envs merge-v0 intersection-v0 --algos dqn --seeds 0 1 2 3 4
994590    04:55:11 Sl+   0.0  0.0 python -u experiments/run_highway_experiments.py --phase train --envs intersection-v0 --algos ppo --seeds 0 1 2 --train-workers 2 --worker-torch-threads 10
0 %, 0 %, 635 MiB, 32607 MiB
144214, python, 626 MiB
---
[2026-03-31 01:16:50]
   PID     ELAPSED STAT %CPU %MEM CMD
144214    22:18:48 Rl+  99.9  0.2 python -u experiments/run_highway_experiments.py --phase train --envs merge-v0 intersection-v0 --algos dqn --seeds 0 1 2 3 4
994590    04:56:11 Sl+   0.0  0.0 python -u experiments/run_highway_experiments.py --phase train --envs intersection-v0 --algos ppo --seeds 0 1 2 --train-workers 2 --worker-torch-threads 10
0 %, 0 %, 635 MiB, 32607 MiB
144214, python, 626 MiB
---
[2026-03-31 01:17:51]
   PID     ELAPSED STAT %CPU %MEM CMD
144214    22:19:49 Rl+  99.9  0.2 python -u experiments/run_highway_experiments.py --phase train --envs merge-v0 intersection-v0 --algos dqn --seeds 0 1 2 3 4
994590    04:57:12 Sl+   0.0  0.0 python -u experiments/run_highway_experiments.py --phase train --envs intersection-v0 --algos ppo --seeds 0 1 2 --train-workers 2 --worker-torch-threads 10
0 %, 0 %, 635 MiB, 32607 MiB
144214, python, 626 MiB
---
[2026-03-31 01:18:51]
   PID     ELAPSED STAT %CPU %MEM CMD
144214    22:20:49 Rl+  99.9  0.2 python -u experiments/run_highway_experiments.py --phase train --envs merge-v0 intersection-v0 --algos dqn --seeds 0 1 2 3 4
994590    04:58:12 Sl+   0.0  0.0 python -u experiments/run_highway_experiments.py --phase train --envs intersection-v0 --algos ppo --seeds 0 1 2 --train-workers 2 --worker-torch-threads 10
0 %, 0 %, 635 MiB, 32607 MiB
144214, python, 626 MiB
---
[2026-03-31 01:19:51]
   PID     ELAPSED STAT %CPU %MEM CMD
144214    22:21:49 Rl+  99.9  0.2 python -u experiments/run_highway_experiments.py --phase train --envs merge-v0 intersection-v0 --algos dqn --seeds 0 1 2 3 4
994590    04:59:12 Sl+   0.0  0.0 python -u experiments/run_highway_experiments.py --phase train --envs intersection-v0 --algos ppo --seeds 0 1 2 --train-workers 2 --worker-torch-threads 10
0 %, 0 %, 635 MiB, 32607 MiB
144214, python, 626 MiB
---
[2026-03-31 01:20:51]
   PID     ELAPSED STAT %CPU %MEM CMD
144214    22:22:49 Rl+  99.9  0.2 python -u experiments/run_highway_experiments.py --phase train --envs merge-v0 intersection-v0 --algos dqn --seeds 0 1 2 3 4
994590    05:00:12 Sl+   0.0  0.0 python -u experiments/run_highway_experiments.py --phase train --envs intersection-v0 --algos ppo --seeds 0 1 2 --train-workers 2 --worker-torch-threads 10
0 %, 0 %, 635 MiB, 32607 MiB
144214, python, 626 MiB
---
[2026-03-31 01:21:51]
   PID     ELAPSED STAT %CPU %MEM CMD
144214    22:23:49 Rl+  99.9  0.2 python -u experiments/run_highway_experiments.py --phase train --envs merge-v0 intersection-v0 --algos dqn --seeds 0 1 2 3 4
994590    05:01:12 Sl+   0.0  0.0 python -u experiments/run_highway_experiments.py --phase train --envs intersection-v0 --algos ppo --seeds 0 1 2 --train-workers 2 --worker-torch-threads 10
0 %, 0 %, 635 MiB, 32607 MiB
144214, python, 626 MiB
---
[2026-03-31 01:22:51]
   PID     ELAPSED STAT %CPU %MEM CMD
144214    22:24:49 Rl+  99.9  0.2 python -u experiments/run_highway_experiments.py --phase train --envs merge-v0 intersection-v0 --algos dqn --seeds 0 1 2 3 4
994590    05:02:12 Sl+   0.0  0.0 python -u experiments/run_highway_experiments.py --phase train --envs intersection-v0 --algos ppo --seeds 0 1 2 --train-workers 2 --worker-torch-threads 10
0 %, 0 %, 635 MiB, 32607 MiB
144214, python, 626 MiB
---
[2026-03-31 01:23:52]
   PID     ELAPSED STAT %CPU %MEM CMD
144214    22:25:49 Rl+  99.9  0.2 python -u experiments/run_highway_experiments.py --phase train --envs merge-v0 intersection-v0 --algos dqn --seeds 0 1 2 3 4
994590    05:03:12 Sl+   0.0  0.0 python -u experiments/run_highway_experiments.py --phase train --envs intersection-v0 --algos ppo --seeds 0 1 2 --train-workers 2 --worker-torch-threads 10
0 %, 0 %, 635 MiB, 32607 MiB
144214, python, 626 MiB
---
[2026-03-31 01:24:52]
   PID     ELAPSED STAT %CPU %MEM CMD
144214    22:26:50 Rl+  99.9  0.2 python -u experiments/run_highway_experiments.py --phase train --envs merge-v0 intersection-v0 --algos dqn --seeds 0 1 2 3 4
994590    05:04:13 Sl+   0.0  0.0 python -u experiments/run_highway_experiments.py --phase train --envs intersection-v0 --algos ppo --seeds 0 1 2 --train-workers 2 --worker-torch-threads 10
0 %, 0 %, 635 MiB, 32607 MiB
144214, python, 626 MiB
---
[2026-03-31 01:25:52]
   PID     ELAPSED STAT %CPU %MEM CMD
144214    22:27:50 Rl+  99.9  0.2 python -u experiments/run_highway_experiments.py --phase train --envs merge-v0 intersection-v0 --algos dqn --seeds 0 1 2 3 4
994590    05:05:13 Sl+   0.0  0.0 python -u experiments/run_highway_experiments.py --phase train --envs intersection-v0 --algos ppo --seeds 0 1 2 --train-workers 2 --worker-torch-threads 10
0 %, 0 %, 635 MiB, 32607 MiB
144214, python, 626 MiB
---
[2026-03-31 01:26:52]
   PID     ELAPSED STAT %CPU %MEM CMD
144214    22:28:50 Rl+  99.9  0.2 python -u experiments/run_highway_experiments.py --phase train --envs merge-v0 intersection-v0 --algos dqn --seeds 0 1 2 3 4
994590    05:06:13 Sl+   0.0  0.0 python -u experiments/run_highway_experiments.py --phase train --envs intersection-v0 --algos ppo --seeds 0 1 2 --train-workers 2 --worker-torch-threads 10
0 %, 0 %, 635 MiB, 32607 MiB
144214, python, 626 MiB
---
[2026-03-31 01:27:52]
   PID     ELAPSED STAT %CPU %MEM CMD
144214    22:29:50 Rl+  99.9  0.2 python -u experiments/run_highway_experiments.py --phase train --envs merge-v0 intersection-v0 --algos dqn --seeds 0 1 2 3 4
994590    05:07:13 Sl+   0.0  0.0 python -u experiments/run_highway_experiments.py --phase train --envs intersection-v0 --algos ppo --seeds 0 1 2 --train-workers 2 --worker-torch-threads 10
0 %, 0 %, 635 MiB, 32607 MiB
144214, python, 626 MiB
---
[2026-03-31 01:28:52]
   PID     ELAPSED STAT %CPU %MEM CMD
144214    22:30:50 Rl+  99.9  0.2 python -u experiments/run_highway_experiments.py --phase train --envs merge-v0 intersection-v0 --algos dqn --seeds 0 1 2 3 4
994590    05:08:13 Sl+   0.0  0.0 python -u experiments/run_highway_experiments.py --phase train --envs intersection-v0 --algos ppo --seeds 0 1 2 --train-workers 2 --worker-torch-threads 10
0 %, 0 %, 635 MiB, 32607 MiB
144214, python, 626 MiB
---
[2026-03-31 01:29:52]
   PID     ELAPSED STAT %CPU %MEM CMD
144214    22:31:50 Rl+  99.9  0.2 python -u experiments/run_highway_experiments.py --phase train --envs merge-v0 intersection-v0 --algos dqn --seeds 0 1 2 3 4
994590    05:09:13 Sl+   0.0  0.0 python -u experiments/run_highway_experiments.py --phase train --envs intersection-v0 --algos ppo --seeds 0 1 2 --train-workers 2 --worker-torch-threads 10
0 %, 0 %, 635 MiB, 32607 MiB
144214, python, 626 MiB
---
[2026-03-31 01:30:53]
   PID     ELAPSED STAT %CPU %MEM CMD
144214    22:32:51 Rl+  99.9  0.2 python -u experiments/run_highway_experiments.py --phase train --envs merge-v0 intersection-v0 --algos dqn --seeds 0 1 2 3 4
994590    05:10:14 Sl+   0.0  0.0 python -u experiments/run_highway_experiments.py --phase train --envs intersection-v0 --algos ppo --seeds 0 1 2 --train-workers 2 --worker-torch-threads 10
0 %, 0 %, 635 MiB, 32607 MiB
144214, python, 626 MiB
---
[2026-03-31 01:31:53]
   PID     ELAPSED STAT %CPU %MEM CMD
144214    22:33:51 Rl+  99.9  0.2 python -u experiments/run_highway_experiments.py --phase train --envs merge-v0 intersection-v0 --algos dqn --seeds 0 1 2 3 4
994590    05:11:14 Sl+   0.0  0.0 python -u experiments/run_highway_experiments.py --phase train --envs intersection-v0 --algos ppo --seeds 0 1 2 --train-workers 2 --worker-torch-threads 10
0 %, 0 %, 635 MiB, 32607 MiB
144214, python, 626 MiB
---
[2026-03-31 01:32:53]
   PID     ELAPSED STAT %CPU %MEM CMD
144214    22:34:51 Rl+  99.9  0.2 python -u experiments/run_highway_experiments.py --phase train --envs merge-v0 intersection-v0 --algos dqn --seeds 0 1 2 3 4
994590    05:12:14 Sl+   0.0  0.0 python -u experiments/run_highway_experiments.py --phase train --envs intersection-v0 --algos ppo --seeds 0 1 2 --train-workers 2 --worker-torch-threads 10
0 %, 0 %, 635 MiB, 32607 MiB
144214, python, 626 MiB
---
[2026-03-31 01:33:53]
   PID     ELAPSED STAT %CPU %MEM CMD
144214    22:35:51 Rl+  99.9  0.2 python -u experiments/run_highway_experiments.py --phase train --envs merge-v0 intersection-v0 --algos dqn --seeds 0 1 2 3 4
994590    05:13:14 Sl+   0.0  0.0 python -u experiments/run_highway_experiments.py --phase train --envs intersection-v0 --algos ppo --seeds 0 1 2 --train-workers 2 --worker-torch-threads 10
0 %, 0 %, 635 MiB, 32607 MiB
144214, python, 626 MiB
---
[2026-03-31 01:34:53]
   PID     ELAPSED STAT %CPU %MEM CMD
144214    22:36:51 Rl+  99.9  0.2 python -u experiments/run_highway_experiments.py --phase train --envs merge-v0 intersection-v0 --algos dqn --seeds 0 1 2 3 4
994590    05:14:14 Sl+   0.0  0.0 python -u experiments/run_highway_experiments.py --phase train --envs intersection-v0 --algos ppo --seeds 0 1 2 --train-workers 2 --worker-torch-threads 10
0 %, 0 %, 635 MiB, 32607 MiB
144214, python, 626 MiB
---
[2026-03-31 01:35:53]
   PID     ELAPSED STAT %CPU %MEM CMD
144214    22:37:51 Rl+  99.9  0.2 python -u experiments/run_highway_experiments.py --phase train --envs merge-v0 intersection-v0 --algos dqn --seeds 0 1 2 3 4
994590    05:15:14 Sl+   0.0  0.0 python -u experiments/run_highway_experiments.py --phase train --envs intersection-v0 --algos ppo --seeds 0 1 2 --train-workers 2 --worker-torch-threads 10
0 %, 0 %, 635 MiB, 32607 MiB
144214, python, 626 MiB
---
[2026-03-31 01:36:54]
   PID     ELAPSED STAT %CPU %MEM CMD
144214    22:38:52 Rl+  99.9  0.2 python -u experiments/run_highway_experiments.py --phase train --envs merge-v0 intersection-v0 --algos dqn --seeds 0 1 2 3 4
994590    05:16:15 Sl+   0.0  0.0 python -u experiments/run_highway_experiments.py --phase train --envs intersection-v0 --algos ppo --seeds 0 1 2 --train-workers 2 --worker-torch-threads 10
0 %, 0 %, 635 MiB, 32607 MiB
144214, python, 626 MiB
---
[2026-03-31 01:37:54]
   PID     ELAPSED STAT %CPU %MEM CMD
144214    22:39:52 Rl+  99.9  0.2 python -u experiments/run_highway_experiments.py --phase train --envs merge-v0 intersection-v0 --algos dqn --seeds 0 1 2 3 4
994590    05:17:15 Sl+   0.0  0.0 python -u experiments/run_highway_experiments.py --phase train --envs intersection-v0 --algos ppo --seeds 0 1 2 --train-workers 2 --worker-torch-threads 10
0 %, 0 %, 635 MiB, 32607 MiB
144214, python, 626 MiB
---
[2026-03-31 01:38:54]
   PID     ELAPSED STAT %CPU %MEM CMD
144214    22:40:52 Rl+  99.9  0.2 python -u experiments/run_highway_experiments.py --phase train --envs merge-v0 intersection-v0 --algos dqn --seeds 0 1 2 3 4
994590    05:18:15 Sl+   0.0  0.0 python -u experiments/run_highway_experiments.py --phase train --envs intersection-v0 --algos ppo --seeds 0 1 2 --train-workers 2 --worker-torch-threads 10
0 %, 0 %, 635 MiB, 32607 MiB
144214, python, 626 MiB
---
[2026-03-31 01:39:54]
   PID     ELAPSED STAT %CPU %MEM CMD
144214    22:41:52 Rl+  99.9  0.2 python -u experiments/run_highway_experiments.py --phase train --envs merge-v0 intersection-v0 --algos dqn --seeds 0 1 2 3 4
994590    05:19:15 Sl+   0.0  0.0 python -u experiments/run_highway_experiments.py --phase train --envs intersection-v0 --algos ppo --seeds 0 1 2 --train-workers 2 --worker-torch-threads 10
0 %, 0 %, 635 MiB, 32607 MiB
144214, python, 626 MiB
---
[2026-03-31 01:40:54]
   PID     ELAPSED STAT %CPU %MEM CMD
144214    22:42:52 Rl+  99.9  0.2 python -u experiments/run_highway_experiments.py --phase train --envs merge-v0 intersection-v0 --algos dqn --seeds 0 1 2 3 4
994590    05:20:15 Sl+   0.0  0.0 python -u experiments/run_highway_experiments.py --phase train --envs intersection-v0 --algos ppo --seeds 0 1 2 --train-workers 2 --worker-torch-threads 10
0 %, 0 %, 635 MiB, 32607 MiB
144214, python, 626 MiB
---
[2026-03-31 01:41:54]
   PID     ELAPSED STAT %CPU %MEM CMD
144214    22:43:52 Rl+  99.9  0.2 python -u experiments/run_highway_experiments.py --phase train --envs merge-v0 intersection-v0 --algos dqn --seeds 0 1 2 3 4
994590    05:21:15 Sl+   0.0  0.0 python -u experiments/run_highway_experiments.py --phase train --envs intersection-v0 --algos ppo --seeds 0 1 2 --train-workers 2 --worker-torch-threads 10
0 %, 0 %, 635 MiB, 32607 MiB
144214, python, 626 MiB
---
[2026-03-31 01:42:55]
   PID     ELAPSED STAT %CPU %MEM CMD
144214    22:44:53 Rl+  99.9  0.2 python -u experiments/run_highway_experiments.py --phase train --envs merge-v0 intersection-v0 --algos dqn --seeds 0 1 2 3 4
994590    05:22:16 Sl+   0.0  0.0 python -u experiments/run_highway_experiments.py --phase train --envs intersection-v0 --algos ppo --seeds 0 1 2 --train-workers 2 --worker-torch-threads 10
0 %, 0 %, 635 MiB, 32607 MiB
144214, python, 626 MiB
---
[2026-03-31 01:43:55]
   PID     ELAPSED STAT %CPU %MEM CMD
144214    22:45:53 Rl+  99.9  0.2 python -u experiments/run_highway_experiments.py --phase train --envs merge-v0 intersection-v0 --algos dqn --seeds 0 1 2 3 4
994590    05:23:16 Sl+   0.0  0.0 python -u experiments/run_highway_experiments.py --phase train --envs intersection-v0 --algos ppo --seeds 0 1 2 --train-workers 2 --worker-torch-threads 10
0 %, 0 %, 635 MiB, 32607 MiB
144214, python, 626 MiB
---
[2026-03-31 01:44:55]
   PID     ELAPSED STAT %CPU %MEM CMD
144214    22:46:53 Rl+  99.9  0.2 python -u experiments/run_highway_experiments.py --phase train --envs merge-v0 intersection-v0 --algos dqn --seeds 0 1 2 3 4
994590    05:24:16 Sl+   0.0  0.0 python -u experiments/run_highway_experiments.py --phase train --envs intersection-v0 --algos ppo --seeds 0 1 2 --train-workers 2 --worker-torch-threads 10
1 %, 0 %, 635 MiB, 32607 MiB
144214, python, 626 MiB
---
[2026-03-31 01:45:55]
   PID     ELAPSED STAT %CPU %MEM CMD
144214    22:47:53 Rl+  99.9  0.2 python -u experiments/run_highway_experiments.py --phase train --envs merge-v0 intersection-v0 --algos dqn --seeds 0 1 2 3 4
994590    05:25:16 Sl+   0.0  0.0 python -u experiments/run_highway_experiments.py --phase train --envs intersection-v0 --algos ppo --seeds 0 1 2 --train-workers 2 --worker-torch-threads 10
0 %, 0 %, 635 MiB, 32607 MiB
144214, python, 626 MiB
---
[2026-03-31 01:46:55]
   PID     ELAPSED STAT %CPU %MEM CMD
144214    22:48:53 Rl+  99.9  0.2 python -u experiments/run_highway_experiments.py --phase train --envs merge-v0 intersection-v0 --algos dqn --seeds 0 1 2 3 4
994590    05:26:16 Sl+   0.0  0.0 python -u experiments/run_highway_experiments.py --phase train --envs intersection-v0 --algos ppo --seeds 0 1 2 --train-workers 2 --worker-torch-threads 10
0 %, 0 %, 635 MiB, 32607 MiB
144214, python, 626 MiB
---
[2026-03-31 01:47:55]
   PID     ELAPSED STAT %CPU %MEM CMD
144214    22:49:53 Rl+  99.9  0.2 python -u experiments/run_highway_experiments.py --phase train --envs merge-v0 intersection-v0 --algos dqn --seeds 0 1 2 3 4
994590    05:27:16 Sl+   0.0  0.0 python -u experiments/run_highway_experiments.py --phase train --envs intersection-v0 --algos ppo --seeds 0 1 2 --train-workers 2 --worker-torch-threads 10
0 %, 0 %, 635 MiB, 32607 MiB
144214, python, 626 MiB
---
[2026-03-31 01:48:56]
   PID     ELAPSED STAT %CPU %MEM CMD
144214    22:50:53 Rl+  99.9  0.2 python -u experiments/run_highway_experiments.py --phase train --envs merge-v0 intersection-v0 --algos dqn --seeds 0 1 2 3 4
994590    05:28:16 Sl+   0.0  0.0 python -u experiments/run_highway_experiments.py --phase train --envs intersection-v0 --algos ppo --seeds 0 1 2 --train-workers 2 --worker-torch-threads 10
0 %, 0 %, 635 MiB, 32607 MiB
144214, python, 626 MiB
---
[2026-03-31 01:49:56]
   PID     ELAPSED STAT %CPU %MEM CMD
144214    22:51:54 Rl+  99.9  0.2 python -u experiments/run_highway_experiments.py --phase train --envs merge-v0 intersection-v0 --algos dqn --seeds 0 1 2 3 4
994590    05:29:17 Sl+   0.0  0.0 python -u experiments/run_highway_experiments.py --phase train --envs intersection-v0 --algos ppo --seeds 0 1 2 --train-workers 2 --worker-torch-threads 10
0 %, 0 %, 635 MiB, 32607 MiB
144214, python, 626 MiB
---
[2026-03-31 01:50:56]
   PID     ELAPSED STAT %CPU %MEM CMD
144214    22:52:54 Rl+  99.9  0.2 python -u experiments/run_highway_experiments.py --phase train --envs merge-v0 intersection-v0 --algos dqn --seeds 0 1 2 3 4
994590    05:30:17 Sl+   0.0  0.0 python -u experiments/run_highway_experiments.py --phase train --envs intersection-v0 --algos ppo --seeds 0 1 2 --train-workers 2 --worker-torch-threads 10
0 %, 0 %, 635 MiB, 32607 MiB
144214, python, 626 MiB
---
[2026-03-31 01:51:56]
   PID     ELAPSED STAT %CPU %MEM CMD
144214    22:53:54 Rl+  99.9  0.2 python -u experiments/run_highway_experiments.py --phase train --envs merge-v0 intersection-v0 --algos dqn --seeds 0 1 2 3 4
994590    05:31:17 Sl+   0.0  0.0 python -u experiments/run_highway_experiments.py --phase train --envs intersection-v0 --algos ppo --seeds 0 1 2 --train-workers 2 --worker-torch-threads 10
0 %, 0 %, 635 MiB, 32607 MiB
144214, python, 626 MiB
---
[2026-03-31 01:52:56]
   PID     ELAPSED STAT %CPU %MEM CMD
144214    22:54:54 Rl+  99.9  0.2 python -u experiments/run_highway_experiments.py --phase train --envs merge-v0 intersection-v0 --algos dqn --seeds 0 1 2 3 4
994590    05:32:17 Sl+   0.0  0.0 python -u experiments/run_highway_experiments.py --phase train --envs intersection-v0 --algos ppo --seeds 0 1 2 --train-workers 2 --worker-torch-threads 10
0 %, 0 %, 635 MiB, 32607 MiB
144214, python, 626 MiB
---
[2026-03-31 01:53:56]
   PID     ELAPSED STAT %CPU %MEM CMD
144214    22:55:54 Rl+  99.9  0.2 python -u experiments/run_highway_experiments.py --phase train --envs merge-v0 intersection-v0 --algos dqn --seeds 0 1 2 3 4
994590    05:33:17 Sl+   0.0  0.0 python -u experiments/run_highway_experiments.py --phase train --envs intersection-v0 --algos ppo --seeds 0 1 2 --train-workers 2 --worker-torch-threads 10
0 %, 0 %, 635 MiB, 32607 MiB
144214, python, 626 MiB
---
[2026-03-31 01:54:56]
   PID     ELAPSED STAT %CPU %MEM CMD
144214    22:56:54 Rl+  99.9  0.2 python -u experiments/run_highway_experiments.py --phase train --envs merge-v0 intersection-v0 --algos dqn --seeds 0 1 2 3 4
994590    05:34:17 Sl+   0.0  0.0 python -u experiments/run_highway_experiments.py --phase train --envs intersection-v0 --algos ppo --seeds 0 1 2 --train-workers 2 --worker-torch-threads 10
0 %, 0 %, 635 MiB, 32607 MiB
144214, python, 626 MiB
---
[2026-03-31 01:55:57]
   PID     ELAPSED STAT %CPU %MEM CMD
144214    22:57:55 Rl+  99.9  0.2 python -u experiments/run_highway_experiments.py --phase train --envs merge-v0 intersection-v0 --algos dqn --seeds 0 1 2 3 4
994590    05:35:18 Sl+   0.0  0.0 python -u experiments/run_highway_experiments.py --phase train --envs intersection-v0 --algos ppo --seeds 0 1 2 --train-workers 2 --worker-torch-threads 10
0 %, 0 %, 635 MiB, 32607 MiB
144214, python, 626 MiB
---
[2026-03-31 01:56:57]
   PID     ELAPSED STAT %CPU %MEM CMD
144214    22:58:55 Rl+  99.9  0.2 python -u experiments/run_highway_experiments.py --phase train --envs merge-v0 intersection-v0 --algos dqn --seeds 0 1 2 3 4
994590    05:36:18 Sl+   0.0  0.0 python -u experiments/run_highway_experiments.py --phase train --envs intersection-v0 --algos ppo --seeds 0 1 2 --train-workers 2 --worker-torch-threads 10
0 %, 0 %, 635 MiB, 32607 MiB
144214, python, 626 MiB
---
[2026-03-31 01:57:57]
   PID     ELAPSED STAT %CPU %MEM CMD
144214    22:59:55 Rl+  99.9  0.2 python -u experiments/run_highway_experiments.py --phase train --envs merge-v0 intersection-v0 --algos dqn --seeds 0 1 2 3 4
994590    05:37:18 Sl+   0.0  0.0 python -u experiments/run_highway_experiments.py --phase train --envs intersection-v0 --algos ppo --seeds 0 1 2 --train-workers 2 --worker-torch-threads 10
0 %, 0 %, 635 MiB, 32607 MiB
144214, python, 626 MiB
---
[2026-03-31 01:58:57]
   PID     ELAPSED STAT %CPU %MEM CMD
144214    23:00:55 Rl+  99.9  0.2 python -u experiments/run_highway_experiments.py --phase train --envs merge-v0 intersection-v0 --algos dqn --seeds 0 1 2 3 4
994590    05:38:18 Sl+   0.0  0.0 python -u experiments/run_highway_experiments.py --phase train --envs intersection-v0 --algos ppo --seeds 0 1 2 --train-workers 2 --worker-torch-threads 10
0 %, 0 %, 635 MiB, 32607 MiB
144214, python, 626 MiB
---
[2026-03-31 01:59:57]
   PID     ELAPSED STAT %CPU %MEM CMD
144214    23:01:55 Rl+  99.9  0.2 python -u experiments/run_highway_experiments.py --phase train --envs merge-v0 intersection-v0 --algos dqn --seeds 0 1 2 3 4
994590    05:39:18 Sl+   0.0  0.0 python -u experiments/run_highway_experiments.py --phase train --envs intersection-v0 --algos ppo --seeds 0 1 2 --train-workers 2 --worker-torch-threads 10
0 %, 0 %, 635 MiB, 32607 MiB
144214, python, 626 MiB
---
[2026-03-31 02:00:57]
   PID     ELAPSED STAT %CPU %MEM CMD
144214    23:02:55 Rl+  99.9  0.2 python -u experiments/run_highway_experiments.py --phase train --envs merge-v0 intersection-v0 --algos dqn --seeds 0 1 2 3 4
994590    05:40:18 Sl+   0.0  0.0 python -u experiments/run_highway_experiments.py --phase train --envs intersection-v0 --algos ppo --seeds 0 1 2 --train-workers 2 --worker-torch-threads 10
0 %, 0 %, 635 MiB, 32607 MiB
144214, python, 626 MiB
---
[2026-03-31 02:01:58]
   PID     ELAPSED STAT %CPU %MEM CMD
144214    23:03:55 Rl+  99.9  0.2 python -u experiments/run_highway_experiments.py --phase train --envs merge-v0 intersection-v0 --algos dqn --seeds 0 1 2 3 4
994590    05:41:18 Sl+   0.0  0.0 python -u experiments/run_highway_experiments.py --phase train --envs intersection-v0 --algos ppo --seeds 0 1 2 --train-workers 2 --worker-torch-threads 10
0 %, 0 %, 635 MiB, 32607 MiB
144214, python, 626 MiB
---
[2026-03-31 02:02:58]
   PID     ELAPSED STAT %CPU %MEM CMD
144214    23:04:56 Rl+  99.9  0.2 python -u experiments/run_highway_experiments.py --phase train --envs merge-v0 intersection-v0 --algos dqn --seeds 0 1 2 3 4
994590    05:42:19 Sl+   0.0  0.0 python -u experiments/run_highway_experiments.py --phase train --envs intersection-v0 --algos ppo --seeds 0 1 2 --train-workers 2 --worker-torch-threads 10
0 %, 0 %, 635 MiB, 32607 MiB
144214, python, 626 MiB
---
[2026-03-31 02:03:58]
   PID     ELAPSED STAT %CPU %MEM CMD
144214    23:05:56 Rl+  99.9  0.2 python -u experiments/run_highway_experiments.py --phase train --envs merge-v0 intersection-v0 --algos dqn --seeds 0 1 2 3 4
994590    05:43:19 Sl+   0.0  0.0 python -u experiments/run_highway_experiments.py --phase train --envs intersection-v0 --algos ppo --seeds 0 1 2 --train-workers 2 --worker-torch-threads 10
0 %, 0 %, 635 MiB, 32607 MiB
144214, python, 626 MiB
---
[2026-03-31 02:04:58]
   PID     ELAPSED STAT %CPU %MEM CMD
144214    23:06:56 Rl+  99.9  0.2 python -u experiments/run_highway_experiments.py --phase train --envs merge-v0 intersection-v0 --algos dqn --seeds 0 1 2 3 4
994590    05:44:19 Sl+   0.0  0.0 python -u experiments/run_highway_experiments.py --phase train --envs intersection-v0 --algos ppo --seeds 0 1 2 --train-workers 2 --worker-torch-threads 10
0 %, 0 %, 635 MiB, 32607 MiB
144214, python, 626 MiB
---
[2026-03-31 02:05:58]
   PID     ELAPSED STAT %CPU %MEM CMD
144214    23:07:56 Rl+  99.9  0.2 python -u experiments/run_highway_experiments.py --phase train --envs merge-v0 intersection-v0 --algos dqn --seeds 0 1 2 3 4
994590    05:45:19 Sl+   0.0  0.0 python -u experiments/run_highway_experiments.py --phase train --envs intersection-v0 --algos ppo --seeds 0 1 2 --train-workers 2 --worker-torch-threads 10
0 %, 0 %, 635 MiB, 32607 MiB
144214, python, 626 MiB
---
[2026-03-31 02:06:58]
   PID     ELAPSED STAT %CPU %MEM CMD
144214    23:08:56 Rl+  99.9  0.2 python -u experiments/run_highway_experiments.py --phase train --envs merge-v0 intersection-v0 --algos dqn --seeds 0 1 2 3 4
994590    05:46:19 Sl+   0.0  0.0 python -u experiments/run_highway_experiments.py --phase train --envs intersection-v0 --algos ppo --seeds 0 1 2 --train-workers 2 --worker-torch-threads 10
0 %, 0 %, 635 MiB, 32607 MiB
144214, python, 626 MiB
---
[2026-03-31 02:07:59]
   PID     ELAPSED STAT %CPU %MEM CMD
144214    23:09:56 Rl+  99.9  0.2 python -u experiments/run_highway_experiments.py --phase train --envs merge-v0 intersection-v0 --algos dqn --seeds 0 1 2 3 4
994590    05:47:19 Sl+   0.0  0.0 python -u experiments/run_highway_experiments.py --phase train --envs intersection-v0 --algos ppo --seeds 0 1 2 --train-workers 2 --worker-torch-threads 10
0 %, 0 %, 635 MiB, 32607 MiB
144214, python, 626 MiB
---
[2026-03-31 02:08:59]
   PID     ELAPSED STAT %CPU %MEM CMD
144214    23:10:57 Rl+  99.9  0.2 python -u experiments/run_highway_experiments.py --phase train --envs merge-v0 intersection-v0 --algos dqn --seeds 0 1 2 3 4
994590    05:48:20 Sl+   0.0  0.0 python -u experiments/run_highway_experiments.py --phase train --envs intersection-v0 --algos ppo --seeds 0 1 2 --train-workers 2 --worker-torch-threads 10
0 %, 0 %, 635 MiB, 32607 MiB
144214, python, 626 MiB
---
[2026-03-31 02:09:59]
   PID     ELAPSED STAT %CPU %MEM CMD
144214    23:11:57 Rl+  99.9  0.2 python -u experiments/run_highway_experiments.py --phase train --envs merge-v0 intersection-v0 --algos dqn --seeds 0 1 2 3 4
994590    05:49:20 Sl+   0.0  0.0 python -u experiments/run_highway_experiments.py --phase train --envs intersection-v0 --algos ppo --seeds 0 1 2 --train-workers 2 --worker-torch-threads 10
0 %, 0 %, 635 MiB, 32607 MiB
144214, python, 626 MiB
---
[2026-03-31 02:10:59]
   PID     ELAPSED STAT %CPU %MEM CMD
144214    23:12:57 Rl+  99.9  0.2 python -u experiments/run_highway_experiments.py --phase train --envs merge-v0 intersection-v0 --algos dqn --seeds 0 1 2 3 4
994590    05:50:20 Sl+   0.0  0.0 python -u experiments/run_highway_experiments.py --phase train --envs intersection-v0 --algos ppo --seeds 0 1 2 --train-workers 2 --worker-torch-threads 10
0 %, 0 %, 635 MiB, 32607 MiB
144214, python, 626 MiB
---
[2026-03-31 02:11:59]
   PID     ELAPSED STAT %CPU %MEM CMD
144214    23:13:57 Rl+  99.9  0.2 python -u experiments/run_highway_experiments.py --phase train --envs merge-v0 intersection-v0 --algos dqn --seeds 0 1 2 3 4
994590    05:51:20 Sl+   0.0  0.0 python -u experiments/run_highway_experiments.py --phase train --envs intersection-v0 --algos ppo --seeds 0 1 2 --train-workers 2 --worker-torch-threads 10
0 %, 0 %, 635 MiB, 32607 MiB
144214, python, 626 MiB
---
[2026-03-31 02:12:59]
   PID     ELAPSED STAT %CPU %MEM CMD
144214    23:14:57 Rl+  99.9  0.2 python -u experiments/run_highway_experiments.py --phase train --envs merge-v0 intersection-v0 --algos dqn --seeds 0 1 2 3 4
994590    05:52:20 Sl+   0.0  0.0 python -u experiments/run_highway_experiments.py --phase train --envs intersection-v0 --algos ppo --seeds 0 1 2 --train-workers 2 --worker-torch-threads 10
0 %, 0 %, 635 MiB, 32607 MiB
144214, python, 626 MiB
---
[2026-03-31 02:13:59]
   PID     ELAPSED STAT %CPU %MEM CMD
144214    23:15:57 Rl+  99.9  0.2 python -u experiments/run_highway_experiments.py --phase train --envs merge-v0 intersection-v0 --algos dqn --seeds 0 1 2 3 4
994590    05:53:20 Sl+   0.0  0.0 python -u experiments/run_highway_experiments.py --phase train --envs intersection-v0 --algos ppo --seeds 0 1 2 --train-workers 2 --worker-torch-threads 10
0 %, 0 %, 635 MiB, 32607 MiB
144214, python, 626 MiB
---
[2026-03-31 02:15:00]
   PID     ELAPSED STAT %CPU %MEM CMD
144214    23:16:58 Rl+  99.9  0.2 python -u experiments/run_highway_experiments.py --phase train --envs merge-v0 intersection-v0 --algos dqn --seeds 0 1 2 3 4
994590    05:54:21 Sl+   0.0  0.0 python -u experiments/run_highway_experiments.py --phase train --envs intersection-v0 --algos ppo --seeds 0 1 2 --train-workers 2 --worker-torch-threads 10
0 %, 0 %, 635 MiB, 32607 MiB
144214, python, 626 MiB
---
[2026-03-31 02:16:00]
   PID     ELAPSED STAT %CPU %MEM CMD
144214    23:17:58 Rl+  99.9  0.2 python -u experiments/run_highway_experiments.py --phase train --envs merge-v0 intersection-v0 --algos dqn --seeds 0 1 2 3 4
994590    05:55:21 Sl+   0.0  0.0 python -u experiments/run_highway_experiments.py --phase train --envs intersection-v0 --algos ppo --seeds 0 1 2 --train-workers 2 --worker-torch-threads 10
0 %, 0 %, 635 MiB, 32607 MiB
144214, python, 626 MiB
---
[2026-03-31 02:17:00]
   PID     ELAPSED STAT %CPU %MEM CMD
144214    23:18:58 Rl+  99.9  0.2 python -u experiments/run_highway_experiments.py --phase train --envs merge-v0 intersection-v0 --algos dqn --seeds 0 1 2 3 4
994590    05:56:21 Sl+   0.0  0.0 python -u experiments/run_highway_experiments.py --phase train --envs intersection-v0 --algos ppo --seeds 0 1 2 --train-workers 2 --worker-torch-threads 10
0 %, 0 %, 635 MiB, 32607 MiB
144214, python, 626 MiB
---
[2026-03-31 02:18:00]
   PID     ELAPSED STAT %CPU %MEM CMD
144214    23:19:58 Rl+  99.9  0.2 python -u experiments/run_highway_experiments.py --phase train --envs merge-v0 intersection-v0 --algos dqn --seeds 0 1 2 3 4
994590    05:57:21 Sl+   0.0  0.0 python -u experiments/run_highway_experiments.py --phase train --envs intersection-v0 --algos ppo --seeds 0 1 2 --train-workers 2 --worker-torch-threads 10
0 %, 0 %, 635 MiB, 32607 MiB
144214, python, 626 MiB
---
[2026-03-31 02:19:00]
   PID     ELAPSED STAT %CPU %MEM CMD
144214    23:20:58 Rl+  99.9  0.2 python -u experiments/run_highway_experiments.py --phase train --envs merge-v0 intersection-v0 --algos dqn --seeds 0 1 2 3 4
994590    05:58:21 Sl+   0.0  0.0 python -u experiments/run_highway_experiments.py --phase train --envs intersection-v0 --algos ppo --seeds 0 1 2 --train-workers 2 --worker-torch-threads 10
0 %, 0 %, 635 MiB, 32607 MiB
144214, python, 626 MiB
---
[2026-03-31 02:20:00]
   PID     ELAPSED STAT %CPU %MEM CMD
144214    23:21:58 Rl+  99.9  0.2 python -u experiments/run_highway_experiments.py --phase train --envs merge-v0 intersection-v0 --algos dqn --seeds 0 1 2 3 4
994590    05:59:21 Sl+   0.0  0.0 python -u experiments/run_highway_experiments.py --phase train --envs intersection-v0 --algos ppo --seeds 0 1 2 --train-workers 2 --worker-torch-threads 10
0 %, 0 %, 635 MiB, 32607 MiB
144214, python, 626 MiB
---
[2026-03-31 02:21:01]
   PID     ELAPSED STAT %CPU %MEM CMD
144214    23:22:58 Rl+  99.9  0.2 python -u experiments/run_highway_experiments.py --phase train --envs merge-v0 intersection-v0 --algos dqn --seeds 0 1 2 3 4
994590    06:00:21 Sl+   0.0  0.0 python -u experiments/run_highway_experiments.py --phase train --envs intersection-v0 --algos ppo --seeds 0 1 2 --train-workers 2 --worker-torch-threads 10
0 %, 0 %, 635 MiB, 32607 MiB
144214, python, 626 MiB
---
[2026-03-31 02:22:01]
   PID     ELAPSED STAT %CPU %MEM CMD
144214    23:23:59 Rl+  99.9  0.2 python -u experiments/run_highway_experiments.py --phase train --envs merge-v0 intersection-v0 --algos dqn --seeds 0 1 2 3 4
994590    06:01:22 Sl+   0.0  0.0 python -u experiments/run_highway_experiments.py --phase train --envs intersection-v0 --algos ppo --seeds 0 1 2 --train-workers 2 --worker-torch-threads 10
0 %, 0 %, 635 MiB, 32607 MiB
144214, python, 626 MiB
---
[2026-03-31 02:23:01]
   PID     ELAPSED STAT %CPU %MEM CMD
144214    23:24:59 Rl+  99.9  0.2 python -u experiments/run_highway_experiments.py --phase train --envs merge-v0 intersection-v0 --algos dqn --seeds 0 1 2 3 4
994590    06:02:22 Sl+   0.0  0.0 python -u experiments/run_highway_experiments.py --phase train --envs intersection-v0 --algos ppo --seeds 0 1 2 --train-workers 2 --worker-torch-threads 10
0 %, 0 %, 635 MiB, 32607 MiB
144214, python, 626 MiB
---
[2026-03-31 02:24:01]
   PID     ELAPSED STAT %CPU %MEM CMD
144214    23:25:59 Rl+  99.9  0.2 python -u experiments/run_highway_experiments.py --phase train --envs merge-v0 intersection-v0 --algos dqn --seeds 0 1 2 3 4
994590    06:03:22 Sl+   0.0  0.0 python -u experiments/run_highway_experiments.py --phase train --envs intersection-v0 --algos ppo --seeds 0 1 2 --train-workers 2 --worker-torch-threads 10
0 %, 0 %, 635 MiB, 32607 MiB
144214, python, 626 MiB
---
[2026-03-31 02:25:01]
   PID     ELAPSED STAT %CPU %MEM CMD
144214    23:26:59 Rl+  99.9  0.2 python -u experiments/run_highway_experiments.py --phase train --envs merge-v0 intersection-v0 --algos dqn --seeds 0 1 2 3 4
994590    06:04:22 Sl+   0.0  0.0 python -u experiments/run_highway_experiments.py --phase train --envs intersection-v0 --algos ppo --seeds 0 1 2 --train-workers 2 --worker-torch-threads 10
0 %, 0 %, 635 MiB, 32607 MiB
144214, python, 626 MiB
---
[2026-03-31 02:26:01]
   PID     ELAPSED STAT %CPU %MEM CMD
144214    23:27:59 Rl+  99.9  0.2 python -u experiments/run_highway_experiments.py --phase train --envs merge-v0 intersection-v0 --algos dqn --seeds 0 1 2 3 4
994590    06:05:22 Sl+   0.0  0.0 python -u experiments/run_highway_experiments.py --phase train --envs intersection-v0 --algos ppo --seeds 0 1 2 --train-workers 2 --worker-torch-threads 10
0 %, 0 %, 635 MiB, 32607 MiB
144214, python, 626 MiB
---
[2026-03-31 02:27:02]
   PID     ELAPSED STAT %CPU %MEM CMD
144214    23:28:59 Rl+  99.9  0.2 python -u experiments/run_highway_experiments.py --phase train --envs merge-v0 intersection-v0 --algos dqn --seeds 0 1 2 3 4
994590    06:06:22 Sl+   0.0  0.0 python -u experiments/run_highway_experiments.py --phase train --envs intersection-v0 --algos ppo --seeds 0 1 2 --train-workers 2 --worker-torch-threads 10
0 %, 0 %, 635 MiB, 32607 MiB
144214, python, 626 MiB
---
[2026-03-31 02:28:02]
   PID     ELAPSED STAT %CPU %MEM CMD
144214    23:30:00 Rl+  99.9  0.2 python -u experiments/run_highway_experiments.py --phase train --envs merge-v0 intersection-v0 --algos dqn --seeds 0 1 2 3 4
994590    06:07:23 Sl+   0.0  0.0 python -u experiments/run_highway_experiments.py --phase train --envs intersection-v0 --algos ppo --seeds 0 1 2 --train-workers 2 --worker-torch-threads 10
0 %, 0 %, 635 MiB, 32607 MiB
144214, python, 626 MiB
---
[2026-03-31 02:29:02]
   PID     ELAPSED STAT %CPU %MEM CMD
144214    23:31:00 Rl+  99.9  0.2 python -u experiments/run_highway_experiments.py --phase train --envs merge-v0 intersection-v0 --algos dqn --seeds 0 1 2 3 4
994590    06:08:23 Sl+   0.0  0.0 python -u experiments/run_highway_experiments.py --phase train --envs intersection-v0 --algos ppo --seeds 0 1 2 --train-workers 2 --worker-torch-threads 10
0 %, 0 %, 635 MiB, 32607 MiB
144214, python, 626 MiB
---
[2026-03-31 02:30:02]
   PID     ELAPSED STAT %CPU %MEM CMD
144214    23:32:00 Rl+  99.9  0.2 python -u experiments/run_highway_experiments.py --phase train --envs merge-v0 intersection-v0 --algos dqn --seeds 0 1 2 3 4
994590    06:09:23 Sl+   0.0  0.0 python -u experiments/run_highway_experiments.py --phase train --envs intersection-v0 --algos ppo --seeds 0 1 2 --train-workers 2 --worker-torch-threads 10
0 %, 0 %, 635 MiB, 32607 MiB
144214, python, 626 MiB
---
[2026-03-31 02:31:02]
   PID     ELAPSED STAT %CPU %MEM CMD
144214    23:33:00 Rl+  99.9  0.2 python -u experiments/run_highway_experiments.py --phase train --envs merge-v0 intersection-v0 --algos dqn --seeds 0 1 2 3 4
994590    06:10:23 Sl+   0.0  0.0 python -u experiments/run_highway_experiments.py --phase train --envs intersection-v0 --algos ppo --seeds 0 1 2 --train-workers 2 --worker-torch-threads 10
0 %, 0 %, 635 MiB, 32607 MiB
144214, python, 626 MiB
---
[2026-03-31 02:32:02]
   PID     ELAPSED STAT %CPU %MEM CMD
144214    23:34:00 Rl+  99.9  0.2 python -u experiments/run_highway_experiments.py --phase train --envs merge-v0 intersection-v0 --algos dqn --seeds 0 1 2 3 4
994590    06:11:23 Sl+   0.0  0.0 python -u experiments/run_highway_experiments.py --phase train --envs intersection-v0 --algos ppo --seeds 0 1 2 --train-workers 2 --worker-torch-threads 10
0 %, 0 %, 635 MiB, 32607 MiB
144214, python, 626 MiB
---
[2026-03-31 02:33:03]
   PID     ELAPSED STAT %CPU %MEM CMD
144214    23:35:00 Rl+  99.9  0.2 python -u experiments/run_highway_experiments.py --phase train --envs merge-v0 intersection-v0 --algos dqn --seeds 0 1 2 3 4
994590    06:12:23 Sl+   0.0  0.0 python -u experiments/run_highway_experiments.py --phase train --envs intersection-v0 --algos ppo --seeds 0 1 2 --train-workers 2 --worker-torch-threads 10
0 %, 0 %, 635 MiB, 32607 MiB
144214, python, 626 MiB
---
[2026-03-31 02:34:03]
   PID     ELAPSED STAT %CPU %MEM CMD
144214    23:36:01 Rl+  99.9  0.2 python -u experiments/run_highway_experiments.py --phase train --envs merge-v0 intersection-v0 --algos dqn --seeds 0 1 2 3 4
994590    06:13:24 Sl+   0.0  0.0 python -u experiments/run_highway_experiments.py --phase train --envs intersection-v0 --algos ppo --seeds 0 1 2 --train-workers 2 --worker-torch-threads 10
0 %, 0 %, 635 MiB, 32607 MiB
144214, python, 626 MiB
---
[2026-03-31 02:35:03]
   PID     ELAPSED STAT %CPU %MEM CMD
144214    23:37:01 Rl+  99.9  0.2 python -u experiments/run_highway_experiments.py --phase train --envs merge-v0 intersection-v0 --algos dqn --seeds 0 1 2 3 4
994590    06:14:24 Sl+   0.0  0.0 python -u experiments/run_highway_experiments.py --phase train --envs intersection-v0 --algos ppo --seeds 0 1 2 --train-workers 2 --worker-torch-threads 10
0 %, 0 %, 635 MiB, 32607 MiB
144214, python, 626 MiB
---
[2026-03-31 02:36:03]
   PID     ELAPSED STAT %CPU %MEM CMD
144214    23:38:01 Rl+  99.9  0.2 python -u experiments/run_highway_experiments.py --phase train --envs merge-v0 intersection-v0 --algos dqn --seeds 0 1 2 3 4
994590    06:15:24 Sl+   0.0  0.0 python -u experiments/run_highway_experiments.py --phase train --envs intersection-v0 --algos ppo --seeds 0 1 2 --train-workers 2 --worker-torch-threads 10
0 %, 0 %, 635 MiB, 32607 MiB
144214, python, 626 MiB
---
[2026-03-31 02:37:03]
   PID     ELAPSED STAT %CPU %MEM CMD
144214    23:39:01 Rl+  99.9  0.2 python -u experiments/run_highway_experiments.py --phase train --envs merge-v0 intersection-v0 --algos dqn --seeds 0 1 2 3 4
994590    06:16:24 Sl+   0.0  0.0 python -u experiments/run_highway_experiments.py --phase train --envs intersection-v0 --algos ppo --seeds 0 1 2 --train-workers 2 --worker-torch-threads 10
0 %, 0 %, 635 MiB, 32607 MiB
144214, python, 626 MiB
---
[2026-03-31 02:38:03]
   PID     ELAPSED STAT %CPU %MEM CMD
144214    23:40:01 Rl+  99.9  0.2 python -u experiments/run_highway_experiments.py --phase train --envs merge-v0 intersection-v0 --algos dqn --seeds 0 1 2 3 4
994590    06:17:24 Sl+   0.0  0.0 python -u experiments/run_highway_experiments.py --phase train --envs intersection-v0 --algos ppo --seeds 0 1 2 --train-workers 2 --worker-torch-threads 10
0 %, 0 %, 635 MiB, 32607 MiB
144214, python, 626 MiB
---
[2026-03-31 02:39:04]
   PID     ELAPSED STAT %CPU %MEM CMD
144214    23:41:01 Rl+  99.9  0.2 python -u experiments/run_highway_experiments.py --phase train --envs merge-v0 intersection-v0 --algos dqn --seeds 0 1 2 3 4
994590    06:18:24 Sl+   0.0  0.0 python -u experiments/run_highway_experiments.py --phase train --envs intersection-v0 --algos ppo --seeds 0 1 2 --train-workers 2 --worker-torch-threads 10
0 %, 0 %, 635 MiB, 32607 MiB
144214, python, 626 MiB
---
[2026-03-31 02:40:04]
   PID     ELAPSED STAT %CPU %MEM CMD
144214    23:42:02 Rl+  99.9  0.2 python -u experiments/run_highway_experiments.py --phase train --envs merge-v0 intersection-v0 --algos dqn --seeds 0 1 2 3 4
994590    06:19:25 Sl+   0.0  0.0 python -u experiments/run_highway_experiments.py --phase train --envs intersection-v0 --algos ppo --seeds 0 1 2 --train-workers 2 --worker-torch-threads 10
0 %, 0 %, 635 MiB, 32607 MiB
144214, python, 626 MiB
---
[2026-03-31 02:41:04]
   PID     ELAPSED STAT %CPU %MEM CMD
144214    23:43:02 Rl+  99.9  0.2 python -u experiments/run_highway_experiments.py --phase train --envs merge-v0 intersection-v0 --algos dqn --seeds 0 1 2 3 4
994590    06:20:25 Sl+   0.0  0.0 python -u experiments/run_highway_experiments.py --phase train --envs intersection-v0 --algos ppo --seeds 0 1 2 --train-workers 2 --worker-torch-threads 10
0 %, 0 %, 635 MiB, 32607 MiB
144214, python, 626 MiB
---
[2026-03-31 02:42:04]
   PID     ELAPSED STAT %CPU %MEM CMD
144214    23:44:02 Rl+  99.9  0.2 python -u experiments/run_highway_experiments.py --phase train --envs merge-v0 intersection-v0 --algos dqn --seeds 0 1 2 3 4
994590    06:21:25 Sl+   0.0  0.0 python -u experiments/run_highway_experiments.py --phase train --envs intersection-v0 --algos ppo --seeds 0 1 2 --train-workers 2 --worker-torch-threads 10
0 %, 0 %, 635 MiB, 32607 MiB
144214, python, 626 MiB
---
[2026-03-31 02:43:04]
   PID     ELAPSED STAT %CPU %MEM CMD
144214    23:45:02 Rl+  99.9  0.2 python -u experiments/run_highway_experiments.py --phase train --envs merge-v0 intersection-v0 --algos dqn --seeds 0 1 2 3 4
994590    06:22:25 Sl+   0.0  0.0 python -u experiments/run_highway_experiments.py --phase train --envs intersection-v0 --algos ppo --seeds 0 1 2 --train-workers 2 --worker-torch-threads 10
0 %, 0 %, 635 MiB, 32607 MiB
144214, python, 626 MiB
---
[2026-03-31 02:44:04]
   PID     ELAPSED STAT %CPU %MEM CMD
144214    23:46:02 Rl+  99.9  0.2 python -u experiments/run_highway_experiments.py --phase train --envs merge-v0 intersection-v0 --algos dqn --seeds 0 1 2 3 4
994590    06:23:25 Sl+   0.0  0.0 python -u experiments/run_highway_experiments.py --phase train --envs intersection-v0 --algos ppo --seeds 0 1 2 --train-workers 2 --worker-torch-threads 10
0 %, 0 %, 635 MiB, 32607 MiB
144214, python, 626 MiB
---
[2026-03-31 02:45:05]
   PID     ELAPSED STAT %CPU %MEM CMD
144214    23:47:02 Rl+  99.9  0.2 python -u experiments/run_highway_experiments.py --phase train --envs merge-v0 intersection-v0 --algos dqn --seeds 0 1 2 3 4
994590    06:24:25 Sl+   0.0  0.0 python -u experiments/run_highway_experiments.py --phase train --envs intersection-v0 --algos ppo --seeds 0 1 2 --train-workers 2 --worker-torch-threads 10
0 %, 0 %, 635 MiB, 32607 MiB
144214, python, 626 MiB
---
[2026-03-31 02:46:05]
   PID     ELAPSED STAT %CPU %MEM CMD
144214    23:48:03 Rl+  99.9  0.2 python -u experiments/run_highway_experiments.py --phase train --envs merge-v0 intersection-v0 --algos dqn --seeds 0 1 2 3 4
994590    06:25:26 Sl+   0.0  0.0 python -u experiments/run_highway_experiments.py --phase train --envs intersection-v0 --algos ppo --seeds 0 1 2 --train-workers 2 --worker-torch-threads 10
0 %, 0 %, 635 MiB, 32607 MiB
144214, python, 626 MiB
---
[2026-03-31 02:47:05]
   PID     ELAPSED STAT %CPU %MEM CMD
144214    23:49:03 Rl+  99.9  0.2 python -u experiments/run_highway_experiments.py --phase train --envs merge-v0 intersection-v0 --algos dqn --seeds 0 1 2 3 4
994590    06:26:26 Sl+   0.0  0.0 python -u experiments/run_highway_experiments.py --phase train --envs intersection-v0 --algos ppo --seeds 0 1 2 --train-workers 2 --worker-torch-threads 10
0 %, 0 %, 635 MiB, 32607 MiB
144214, python, 626 MiB
---
[2026-03-31 02:48:05]
   PID     ELAPSED STAT %CPU %MEM CMD
144214    23:50:03 Rl+  99.9  0.2 python -u experiments/run_highway_experiments.py --phase train --envs merge-v0 intersection-v0 --algos dqn --seeds 0 1 2 3 4
994590    06:27:26 Sl+   0.0  0.0 python -u experiments/run_highway_experiments.py --phase train --envs intersection-v0 --algos ppo --seeds 0 1 2 --train-workers 2 --worker-torch-threads 10
0 %, 0 %, 635 MiB, 32607 MiB
144214, python, 626 MiB
---
[2026-03-31 02:49:05]
   PID     ELAPSED STAT %CPU %MEM CMD
144214    23:51:03 Rl+  99.9  0.2 python -u experiments/run_highway_experiments.py --phase train --envs merge-v0 intersection-v0 --algos dqn --seeds 0 1 2 3 4
994590    06:28:26 Sl+   0.0  0.0 python -u experiments/run_highway_experiments.py --phase train --envs intersection-v0 --algos ppo --seeds 0 1 2 --train-workers 2 --worker-torch-threads 10
0 %, 0 %, 635 MiB, 32607 MiB
144214, python, 626 MiB
---
[2026-03-31 02:50:05]
   PID     ELAPSED STAT %CPU %MEM CMD
144214    23:52:03 Rl+  99.9  0.2 python -u experiments/run_highway_experiments.py --phase train --envs merge-v0 intersection-v0 --algos dqn --seeds 0 1 2 3 4
994590    06:29:26 Sl+   0.0  0.0 python -u experiments/run_highway_experiments.py --phase train --envs intersection-v0 --algos ppo --seeds 0 1 2 --train-workers 2 --worker-torch-threads 10
0 %, 0 %, 635 MiB, 32607 MiB
144214, python, 626 MiB
---
[2026-03-31 02:51:05]
   PID     ELAPSED STAT %CPU %MEM CMD
144214    23:53:03 Rl+  99.9  0.2 python -u experiments/run_highway_experiments.py --phase train --envs merge-v0 intersection-v0 --algos dqn --seeds 0 1 2 3 4
994590    06:30:26 Sl+   0.0  0.0 python -u experiments/run_highway_experiments.py --phase train --envs intersection-v0 --algos ppo --seeds 0 1 2 --train-workers 2 --worker-torch-threads 10
0 %, 0 %, 635 MiB, 32607 MiB
144214, python, 626 MiB
---
[2026-03-31 02:52:06]
   PID     ELAPSED STAT %CPU %MEM CMD
144214    23:54:03 Rl+  99.9  0.2 python -u experiments/run_highway_experiments.py --phase train --envs merge-v0 intersection-v0 --algos dqn --seeds 0 1 2 3 4
994590    06:31:26 Sl+   0.0  0.0 python -u experiments/run_highway_experiments.py --phase train --envs intersection-v0 --algos ppo --seeds 0 1 2 --train-workers 2 --worker-torch-threads 10
0 %, 0 %, 635 MiB, 32607 MiB
144214, python, 626 MiB
---
[2026-03-31 02:53:06]
   PID     ELAPSED STAT %CPU %MEM CMD
144214    23:55:04 Rl+  99.9  0.2 python -u experiments/run_highway_experiments.py --phase train --envs merge-v0 intersection-v0 --algos dqn --seeds 0 1 2 3 4
994590    06:32:27 Sl+   0.0  0.0 python -u experiments/run_highway_experiments.py --phase train --envs intersection-v0 --algos ppo --seeds 0 1 2 --train-workers 2 --worker-torch-threads 10
0 %, 0 %, 635 MiB, 32607 MiB
144214, python, 626 MiB
---
[2026-03-31 02:54:06]
   PID     ELAPSED STAT %CPU %MEM CMD
144214    23:56:04 Rl+  99.9  0.2 python -u experiments/run_highway_experiments.py --phase train --envs merge-v0 intersection-v0 --algos dqn --seeds 0 1 2 3 4
994590    06:33:27 Sl+   0.0  0.0 python -u experiments/run_highway_experiments.py --phase train --envs intersection-v0 --algos ppo --seeds 0 1 2 --train-workers 2 --worker-torch-threads 10
0 %, 0 %, 635 MiB, 32607 MiB
144214, python, 626 MiB
---
[2026-03-31 02:55:06]
   PID     ELAPSED STAT %CPU %MEM CMD
144214    23:57:04 Rl+  99.9  0.2 python -u experiments/run_highway_experiments.py --phase train --envs merge-v0 intersection-v0 --algos dqn --seeds 0 1 2 3 4
994590    06:34:27 Sl+   0.0  0.0 python -u experiments/run_highway_experiments.py --phase train --envs intersection-v0 --algos ppo --seeds 0 1 2 --train-workers 2 --worker-torch-threads 10
0 %, 0 %, 635 MiB, 32607 MiB
144214, python, 626 MiB
---
[2026-03-31 02:56:06]
   PID     ELAPSED STAT %CPU %MEM CMD
144214    23:58:04 Rl+  99.9  0.2 python -u experiments/run_highway_experiments.py --phase train --envs merge-v0 intersection-v0 --algos dqn --seeds 0 1 2 3 4
994590    06:35:27 Sl+   0.0  0.0 python -u experiments/run_highway_experiments.py --phase train --envs intersection-v0 --algos ppo --seeds 0 1 2 --train-workers 2 --worker-torch-threads 10
0 %, 0 %, 635 MiB, 32607 MiB
144214, python, 626 MiB
---
[2026-03-31 02:57:06]
   PID     ELAPSED STAT %CPU %MEM CMD
144214    23:59:04 Rl+  99.9  0.2 python -u experiments/run_highway_experiments.py --phase train --envs merge-v0 intersection-v0 --algos dqn --seeds 0 1 2 3 4
994590    06:36:27 Sl+   0.0  0.0 python -u experiments/run_highway_experiments.py --phase train --envs intersection-v0 --algos ppo --seeds 0 1 2 --train-workers 2 --worker-torch-threads 10
0 %, 0 %, 635 MiB, 32607 MiB
144214, python, 626 MiB
---
[2026-03-31 02:58:07]
   PID     ELAPSED STAT %CPU %MEM CMD
144214  1-00:00:04 Rl+  99.9  0.2 python -u experiments/run_highway_experiments.py --phase train --envs merge-v0 intersection-v0 --algos dqn --seeds 0 1 2 3 4
994590    06:37:27 Sl+   0.0  0.0 python -u experiments/run_highway_experiments.py --phase train --envs intersection-v0 --algos ppo --seeds 0 1 2 --train-workers 2 --worker-torch-threads 10
0 %, 0 %, 635 MiB, 32607 MiB
144214, python, 626 MiB
---
[2026-03-31 02:59:07]
   PID     ELAPSED STAT %CPU %MEM CMD
144214  1-00:01:05 Rl+  99.9  0.2 python -u experiments/run_highway_experiments.py --phase train --envs merge-v0 intersection-v0 --algos dqn --seeds 0 1 2 3 4
994590    06:38:28 Sl+   0.0  0.0 python -u experiments/run_highway_experiments.py --phase train --envs intersection-v0 --algos ppo --seeds 0 1 2 --train-workers 2 --worker-torch-threads 10
0 %, 0 %, 635 MiB, 32607 MiB
144214, python, 626 MiB
---
[2026-03-31 03:00:07]
   PID     ELAPSED STAT %CPU %MEM CMD
144214  1-00:02:05 Rl+  99.9  0.2 python -u experiments/run_highway_experiments.py --phase train --envs merge-v0 intersection-v0 --algos dqn --seeds 0 1 2 3 4
994590    06:39:28 Sl+   0.0  0.0 python -u experiments/run_highway_experiments.py --phase train --envs intersection-v0 --algos ppo --seeds 0 1 2 --train-workers 2 --worker-torch-threads 10
1 %, 0 %, 635 MiB, 32607 MiB
144214, python, 626 MiB
---
[2026-03-31 03:01:07]
   PID     ELAPSED STAT %CPU %MEM CMD
144214  1-00:03:05 Rl+  99.9  0.2 python -u experiments/run_highway_experiments.py --phase train --envs merge-v0 intersection-v0 --algos dqn --seeds 0 1 2 3 4
994590    06:40:28 Sl+   0.0  0.0 python -u experiments/run_highway_experiments.py --phase train --envs intersection-v0 --algos ppo --seeds 0 1 2 --train-workers 2 --worker-torch-threads 10
0 %, 0 %, 635 MiB, 32607 MiB
144214, python, 626 MiB
---
[2026-03-31 03:02:07]
   PID     ELAPSED STAT %CPU %MEM CMD
144214  1-00:04:05 Rl+  99.9  0.2 python -u experiments/run_highway_experiments.py --phase train --envs merge-v0 intersection-v0 --algos dqn --seeds 0 1 2 3 4
994590    06:41:28 Sl+   0.0  0.0 python -u experiments/run_highway_experiments.py --phase train --envs intersection-v0 --algos ppo --seeds 0 1 2 --train-workers 2 --worker-torch-threads 10
0 %, 0 %, 635 MiB, 32607 MiB
144214, python, 626 MiB
---
[2026-03-31 03:03:07]
   PID     ELAPSED STAT %CPU %MEM CMD
144214  1-00:05:05 Rl+  99.9  0.2 python -u experiments/run_highway_experiments.py --phase train --envs merge-v0 intersection-v0 --algos dqn --seeds 0 1 2 3 4
994590    06:42:28 Sl+   0.0  0.0 python -u experiments/run_highway_experiments.py --phase train --envs intersection-v0 --algos ppo --seeds 0 1 2 --train-workers 2 --worker-torch-threads 10
0 %, 0 %, 635 MiB, 32607 MiB
144214, python, 626 MiB
---
[2026-03-31 03:04:08]
   PID     ELAPSED STAT %CPU %MEM CMD
144214  1-00:06:06 Rl+  99.9  0.2 python -u experiments/run_highway_experiments.py --phase train --envs merge-v0 intersection-v0 --algos dqn --seeds 0 1 2 3 4
994590    06:43:29 Sl+   0.0  0.0 python -u experiments/run_highway_experiments.py --phase train --envs intersection-v0 --algos ppo --seeds 0 1 2 --train-workers 2 --worker-torch-threads 10
0 %, 0 %, 635 MiB, 32607 MiB
144214, python, 626 MiB
---
[2026-03-31 03:05:08]
   PID     ELAPSED STAT %CPU %MEM CMD
144214  1-00:07:06 Rl+  99.9  0.2 python -u experiments/run_highway_experiments.py --phase train --envs merge-v0 intersection-v0 --algos dqn --seeds 0 1 2 3 4
994590    06:44:29 Sl+   0.0  0.0 python -u experiments/run_highway_experiments.py --phase train --envs intersection-v0 --algos ppo --seeds 0 1 2 --train-workers 2 --worker-torch-threads 10
0 %, 0 %, 635 MiB, 32607 MiB
144214, python, 626 MiB
---
[2026-03-31 03:06:08]
   PID     ELAPSED STAT %CPU %MEM CMD
144214  1-00:08:06 Rl+  99.9  0.2 python -u experiments/run_highway_experiments.py --phase train --envs merge-v0 intersection-v0 --algos dqn --seeds 0 1 2 3 4
994590    06:45:29 Sl+   0.0  0.0 python -u experiments/run_highway_experiments.py --phase train --envs intersection-v0 --algos ppo --seeds 0 1 2 --train-workers 2 --worker-torch-threads 10
0 %, 0 %, 635 MiB, 32607 MiB
144214, python, 626 MiB
---
[2026-03-31 03:07:08]
   PID     ELAPSED STAT %CPU %MEM CMD
144214  1-00:09:06 Rl+  99.9  0.2 python -u experiments/run_highway_experiments.py --phase train --envs merge-v0 intersection-v0 --algos dqn --seeds 0 1 2 3 4
994590    06:46:29 Sl+   0.0  0.0 python -u experiments/run_highway_experiments.py --phase train --envs intersection-v0 --algos ppo --seeds 0 1 2 --train-workers 2 --worker-torch-threads 10
0 %, 0 %, 635 MiB, 32607 MiB
144214, python, 626 MiB
---
[2026-03-31 03:08:08]
   PID     ELAPSED STAT %CPU %MEM CMD
144214  1-00:10:06 Rl+  99.9  0.2 python -u experiments/run_highway_experiments.py --phase train --envs merge-v0 intersection-v0 --algos dqn --seeds 0 1 2 3 4
994590    06:47:29 Sl+   0.0  0.0 python -u experiments/run_highway_experiments.py --phase train --envs intersection-v0 --algos ppo --seeds 0 1 2 --train-workers 2 --worker-torch-threads 10
0 %, 0 %, 635 MiB, 32607 MiB
144214, python, 626 MiB
---
[2026-03-31 03:09:09]
   PID     ELAPSED STAT %CPU %MEM CMD
144214  1-00:11:07 Rl+  99.9  0.2 python -u experiments/run_highway_experiments.py --phase train --envs merge-v0 intersection-v0 --algos dqn --seeds 0 1 2 3 4
994590    06:48:30 Sl+   0.0  0.0 python -u experiments/run_highway_experiments.py --phase train --envs intersection-v0 --algos ppo --seeds 0 1 2 --train-workers 2 --worker-torch-threads 10
0 %, 0 %, 635 MiB, 32607 MiB
144214, python, 626 MiB
---
[2026-03-31 03:10:09]
   PID     ELAPSED STAT %CPU %MEM CMD
144214  1-00:12:07 Rl+  99.9  0.2 python -u experiments/run_highway_experiments.py --phase train --envs merge-v0 intersection-v0 --algos dqn --seeds 0 1 2 3 4
994590    06:49:30 Sl+   0.0  0.0 python -u experiments/run_highway_experiments.py --phase train --envs intersection-v0 --algos ppo --seeds 0 1 2 --train-workers 2 --worker-torch-threads 10
0 %, 0 %, 635 MiB, 32607 MiB
144214, python, 626 MiB
---
[2026-03-31 03:11:09]
   PID     ELAPSED STAT %CPU %MEM CMD
144214  1-00:13:07 Rl+  99.9  0.2 python -u experiments/run_highway_experiments.py --phase train --envs merge-v0 intersection-v0 --algos dqn --seeds 0 1 2 3 4
994590    06:50:30 Sl+   0.0  0.0 python -u experiments/run_highway_experiments.py --phase train --envs intersection-v0 --algos ppo --seeds 0 1 2 --train-workers 2 --worker-torch-threads 10
0 %, 0 %, 635 MiB, 32607 MiB
144214, python, 626 MiB
---
[2026-03-31 03:12:09]
   PID     ELAPSED STAT %CPU %MEM CMD
144214  1-00:14:07 Rl+  99.9  0.2 python -u experiments/run_highway_experiments.py --phase train --envs merge-v0 intersection-v0 --algos dqn --seeds 0 1 2 3 4
994590    06:51:30 Sl+   0.0  0.0 python -u experiments/run_highway_experiments.py --phase train --envs intersection-v0 --algos ppo --seeds 0 1 2 --train-workers 2 --worker-torch-threads 10
0 %, 0 %, 635 MiB, 32607 MiB
144214, python, 626 MiB
---
[2026-03-31 03:13:09]
   PID     ELAPSED STAT %CPU %MEM CMD
144214  1-00:15:07 Rl+  99.9  0.2 python -u experiments/run_highway_experiments.py --phase train --envs merge-v0 intersection-v0 --algos dqn --seeds 0 1 2 3 4
994590    06:52:30 Sl+   0.0  0.0 python -u experiments/run_highway_experiments.py --phase train --envs intersection-v0 --algos ppo --seeds 0 1 2 --train-workers 2 --worker-torch-threads 10
0 %, 0 %, 635 MiB, 32607 MiB
144214, python, 626 MiB
---
[2026-03-31 03:14:09]
   PID     ELAPSED STAT %CPU %MEM CMD
144214  1-00:16:07 Rl+  99.9  0.2 python -u experiments/run_highway_experiments.py --phase train --envs merge-v0 intersection-v0 --algos dqn --seeds 0 1 2 3 4
994590    06:53:30 Sl+   0.0  0.0 python -u experiments/run_highway_experiments.py --phase train --envs intersection-v0 --algos ppo --seeds 0 1 2 --train-workers 2 --worker-torch-threads 10
0 %, 0 %, 635 MiB, 32607 MiB
144214, python, 626 MiB
---
[2026-03-31 03:15:09]
   PID     ELAPSED STAT %CPU %MEM CMD
144214  1-00:17:07 Rl+  99.9  0.2 python -u experiments/run_highway_experiments.py --phase train --envs merge-v0 intersection-v0 --algos dqn --seeds 0 1 2 3 4
994590    06:54:30 Sl+   0.0  0.0 python -u experiments/run_highway_experiments.py --phase train --envs intersection-v0 --algos ppo --seeds 0 1 2 --train-workers 2 --worker-torch-threads 10
0 %, 0 %, 635 MiB, 32607 MiB
144214, python, 626 MiB
---
[2026-03-31 03:16:10]
   PID     ELAPSED STAT %CPU %MEM CMD
144214  1-00:18:08 Rl+  99.9  0.2 python -u experiments/run_highway_experiments.py --phase train --envs merge-v0 intersection-v0 --algos dqn --seeds 0 1 2 3 4
994590    06:55:31 Sl+   0.0  0.0 python -u experiments/run_highway_experiments.py --phase train --envs intersection-v0 --algos ppo --seeds 0 1 2 --train-workers 2 --worker-torch-threads 10
0 %, 0 %, 635 MiB, 32607 MiB
144214, python, 626 MiB
---
[2026-03-31 03:17:10]
   PID     ELAPSED STAT %CPU %MEM CMD
144214  1-00:19:08 Rl+  99.9  0.2 python -u experiments/run_highway_experiments.py --phase train --envs merge-v0 intersection-v0 --algos dqn --seeds 0 1 2 3 4
994590    06:56:31 Sl+   0.0  0.0 python -u experiments/run_highway_experiments.py --phase train --envs intersection-v0 --algos ppo --seeds 0 1 2 --train-workers 2 --worker-torch-threads 10
0 %, 0 %, 635 MiB, 32607 MiB
144214, python, 626 MiB
---
[2026-03-31 03:18:10]
   PID     ELAPSED STAT %CPU %MEM CMD
144214  1-00:20:08 Rl+  99.9  0.2 python -u experiments/run_highway_experiments.py --phase train --envs merge-v0 intersection-v0 --algos dqn --seeds 0 1 2 3 4
994590    06:57:31 Sl+   0.0  0.0 python -u experiments/run_highway_experiments.py --phase train --envs intersection-v0 --algos ppo --seeds 0 1 2 --train-workers 2 --worker-torch-threads 10
0 %, 0 %, 635 MiB, 32607 MiB
144214, python, 626 MiB
---
[2026-03-31 03:19:10]
   PID     ELAPSED STAT %CPU %MEM CMD
144214  1-00:21:08 Rl+  99.9  0.2 python -u experiments/run_highway_experiments.py --phase train --envs merge-v0 intersection-v0 --algos dqn --seeds 0 1 2 3 4
994590    06:58:31 Sl+   0.0  0.0 python -u experiments/run_highway_experiments.py --phase train --envs intersection-v0 --algos ppo --seeds 0 1 2 --train-workers 2 --worker-torch-threads 10
0 %, 0 %, 635 MiB, 32607 MiB
144214, python, 626 MiB
---
[2026-03-31 03:20:10]
   PID     ELAPSED STAT %CPU %MEM CMD
144214  1-00:22:08 Rl+  99.9  0.2 python -u experiments/run_highway_experiments.py --phase train --envs merge-v0 intersection-v0 --algos dqn --seeds 0 1 2 3 4
994590    06:59:31 Sl+   0.0  0.0 python -u experiments/run_highway_experiments.py --phase train --envs intersection-v0 --algos ppo --seeds 0 1 2 --train-workers 2 --worker-torch-threads 10
0 %, 0 %, 635 MiB, 32607 MiB
144214, python, 626 MiB
---
[2026-03-31 03:21:10]
   PID     ELAPSED STAT %CPU %MEM CMD
144214  1-00:23:08 Rl+  99.9  0.2 python -u experiments/run_highway_experiments.py --phase train --envs merge-v0 intersection-v0 --algos dqn --seeds 0 1 2 3 4
994590    07:00:31 Sl+   0.0  0.0 python -u experiments/run_highway_experiments.py --phase train --envs intersection-v0 --algos ppo --seeds 0 1 2 --train-workers 2 --worker-torch-threads 10
0 %, 0 %, 635 MiB, 32607 MiB
144214, python, 626 MiB
---
[2026-03-31 03:22:11]
   PID     ELAPSED STAT %CPU %MEM CMD
144214  1-00:24:08 Rl+  99.9  0.2 python -u experiments/run_highway_experiments.py --phase train --envs merge-v0 intersection-v0 --algos dqn --seeds 0 1 2 3 4
994590    07:01:31 Sl+   0.0  0.0 python -u experiments/run_highway_experiments.py --phase train --envs intersection-v0 --algos ppo --seeds 0 1 2 --train-workers 2 --worker-torch-threads 10
0 %, 0 %, 635 MiB, 32607 MiB
144214, python, 626 MiB
---
[2026-03-31 03:23:11]
   PID     ELAPSED STAT %CPU %MEM CMD
144214  1-00:25:09 Rl+  99.9  0.2 python -u experiments/run_highway_experiments.py --phase train --envs merge-v0 intersection-v0 --algos dqn --seeds 0 1 2 3 4
994590    07:02:32 Sl+   0.0  0.0 python -u experiments/run_highway_experiments.py --phase train --envs intersection-v0 --algos ppo --seeds 0 1 2 --train-workers 2 --worker-torch-threads 10
0 %, 0 %, 635 MiB, 32607 MiB
144214, python, 626 MiB
---
[2026-03-31 03:24:11]
   PID     ELAPSED STAT %CPU %MEM CMD
144214  1-00:26:09 Rl+  99.9  0.2 python -u experiments/run_highway_experiments.py --phase train --envs merge-v0 intersection-v0 --algos dqn --seeds 0 1 2 3 4
994590    07:03:32 Sl+   0.0  0.0 python -u experiments/run_highway_experiments.py --phase train --envs intersection-v0 --algos ppo --seeds 0 1 2 --train-workers 2 --worker-torch-threads 10
0 %, 0 %, 635 MiB, 32607 MiB
144214, python, 626 MiB
---
[2026-03-31 03:25:11]
   PID     ELAPSED STAT %CPU %MEM CMD
144214  1-00:27:09 Rl+  99.9  0.2 python -u experiments/run_highway_experiments.py --phase train --envs merge-v0 intersection-v0 --algos dqn --seeds 0 1 2 3 4
994590    07:04:32 Sl+   0.0  0.0 python -u experiments/run_highway_experiments.py --phase train --envs intersection-v0 --algos ppo --seeds 0 1 2 --train-workers 2 --worker-torch-threads 10
0 %, 0 %, 635 MiB, 32607 MiB
144214, python, 626 MiB
---
[2026-03-31 03:26:11]
   PID     ELAPSED STAT %CPU %MEM CMD
144214  1-00:28:09 Rl+  99.9  0.2 python -u experiments/run_highway_experiments.py --phase train --envs merge-v0 intersection-v0 --algos dqn --seeds 0 1 2 3 4
994590    07:05:32 Sl+   0.0  0.0 python -u experiments/run_highway_experiments.py --phase train --envs intersection-v0 --algos ppo --seeds 0 1 2 --train-workers 2 --worker-torch-threads 10
0 %, 0 %, 635 MiB, 32607 MiB
144214, python, 626 MiB
---
[2026-03-31 03:27:11]
   PID     ELAPSED STAT %CPU %MEM CMD
144214  1-00:29:09 Rl+  99.9  0.2 python -u experiments/run_highway_experiments.py --phase train --envs merge-v0 intersection-v0 --algos dqn --seeds 0 1 2 3 4
994590    07:06:32 Sl+   0.0  0.0 python -u experiments/run_highway_experiments.py --phase train --envs intersection-v0 --algos ppo --seeds 0 1 2 --train-workers 2 --worker-torch-threads 10
0 %, 0 %, 635 MiB, 32607 MiB
144214, python, 626 MiB
---
[2026-03-31 03:28:12]
   PID     ELAPSED STAT %CPU %MEM CMD
144214  1-00:30:09 Rl+  99.9  0.2 python -u experiments/run_highway_experiments.py --phase train --envs merge-v0 intersection-v0 --algos dqn --seeds 0 1 2 3 4
994590    07:07:32 Sl+   0.0  0.0 python -u experiments/run_highway_experiments.py --phase train --envs intersection-v0 --algos ppo --seeds 0 1 2 --train-workers 2 --worker-torch-threads 10
0 %, 0 %, 635 MiB, 32607 MiB
144214, python, 626 MiB
---
[2026-03-31 03:29:12]
   PID     ELAPSED STAT %CPU %MEM CMD
144214  1-00:31:10 Rl+  99.9  0.2 python -u experiments/run_highway_experiments.py --phase train --envs merge-v0 intersection-v0 --algos dqn --seeds 0 1 2 3 4
994590    07:08:33 Sl+   0.0  0.0 python -u experiments/run_highway_experiments.py --phase train --envs intersection-v0 --algos ppo --seeds 0 1 2 --train-workers 2 --worker-torch-threads 10
0 %, 0 %, 635 MiB, 32607 MiB
144214, python, 626 MiB
---
[2026-03-31 03:30:12]
   PID     ELAPSED STAT %CPU %MEM CMD
144214  1-00:32:10 Rl+  99.9  0.2 python -u experiments/run_highway_experiments.py --phase train --envs merge-v0 intersection-v0 --algos dqn --seeds 0 1 2 3 4
994590    07:09:33 Sl+   0.0  0.0 python -u experiments/run_highway_experiments.py --phase train --envs intersection-v0 --algos ppo --seeds 0 1 2 --train-workers 2 --worker-torch-threads 10
0 %, 0 %, 635 MiB, 32607 MiB
144214, python, 626 MiB
---
[2026-03-31 03:31:12]
   PID     ELAPSED STAT %CPU %MEM CMD
144214  1-00:33:10 Rl+  99.9  0.2 python -u experiments/run_highway_experiments.py --phase train --envs merge-v0 intersection-v0 --algos dqn --seeds 0 1 2 3 4
994590    07:10:33 Sl+   0.0  0.0 python -u experiments/run_highway_experiments.py --phase train --envs intersection-v0 --algos ppo --seeds 0 1 2 --train-workers 2 --worker-torch-threads 10
0 %, 0 %, 635 MiB, 32607 MiB
144214, python, 626 MiB
---
[2026-03-31 03:32:12]
   PID     ELAPSED STAT %CPU %MEM CMD
144214  1-00:34:10 Rl+  99.9  0.2 python -u experiments/run_highway_experiments.py --phase train --envs merge-v0 intersection-v0 --algos dqn --seeds 0 1 2 3 4
994590    07:11:33 Sl+   0.0  0.0 python -u experiments/run_highway_experiments.py --phase train --envs intersection-v0 --algos ppo --seeds 0 1 2 --train-workers 2 --worker-torch-threads 10
0 %, 0 %, 635 MiB, 32607 MiB
144214, python, 626 MiB
---
[2026-03-31 03:33:12]
   PID     ELAPSED STAT %CPU %MEM CMD
144214  1-00:35:10 Rl+  99.9  0.2 python -u experiments/run_highway_experiments.py --phase train --envs merge-v0 intersection-v0 --algos dqn --seeds 0 1 2 3 4
994590    07:12:33 Sl+   0.0  0.0 python -u experiments/run_highway_experiments.py --phase train --envs intersection-v0 --algos ppo --seeds 0 1 2 --train-workers 2 --worker-torch-threads 10
0 %, 0 %, 635 MiB, 32607 MiB
144214, python, 626 MiB
---
[2026-03-31 03:34:13]
   PID     ELAPSED STAT %CPU %MEM CMD
144214  1-00:36:10 Rl+  99.9  0.2 python -u experiments/run_highway_experiments.py --phase train --envs merge-v0 intersection-v0 --algos dqn --seeds 0 1 2 3 4
994590    07:13:33 Sl+   0.0  0.0 python -u experiments/run_highway_experiments.py --phase train --envs intersection-v0 --algos ppo --seeds 0 1 2 --train-workers 2 --worker-torch-threads 10
0 %, 0 %, 635 MiB, 32607 MiB
144214, python, 626 MiB
---
[2026-03-31 03:35:13]
   PID     ELAPSED STAT %CPU %MEM CMD
144214  1-00:37:11 Rl+  99.9  0.2 python -u experiments/run_highway_experiments.py --phase train --envs merge-v0 intersection-v0 --algos dqn --seeds 0 1 2 3 4
994590    07:14:34 Sl+   0.0  0.0 python -u experiments/run_highway_experiments.py --phase train --envs intersection-v0 --algos ppo --seeds 0 1 2 --train-workers 2 --worker-torch-threads 10
0 %, 0 %, 635 MiB, 32607 MiB
144214, python, 626 MiB
---
[2026-03-31 03:36:13]
   PID     ELAPSED STAT %CPU %MEM CMD
144214  1-00:38:11 Rl+  99.9  0.2 python -u experiments/run_highway_experiments.py --phase train --envs merge-v0 intersection-v0 --algos dqn --seeds 0 1 2 3 4
994590    07:15:34 Sl+   0.0  0.0 python -u experiments/run_highway_experiments.py --phase train --envs intersection-v0 --algos ppo --seeds 0 1 2 --train-workers 2 --worker-torch-threads 10
0 %, 0 %, 635 MiB, 32607 MiB
144214, python, 626 MiB
---
[2026-03-31 03:37:13]
   PID     ELAPSED STAT %CPU %MEM CMD
144214  1-00:39:11 Rl+  99.9  0.2 python -u experiments/run_highway_experiments.py --phase train --envs merge-v0 intersection-v0 --algos dqn --seeds 0 1 2 3 4
994590    07:16:34 Sl+   0.0  0.0 python -u experiments/run_highway_experiments.py --phase train --envs intersection-v0 --algos ppo --seeds 0 1 2 --train-workers 2 --worker-torch-threads 10
0 %, 0 %, 635 MiB, 32607 MiB
144214, python, 626 MiB
---
[2026-03-31 03:38:13]
   PID     ELAPSED STAT %CPU %MEM CMD
144214  1-00:40:11 Rl+  99.9  0.2 python -u experiments/run_highway_experiments.py --phase train --envs merge-v0 intersection-v0 --algos dqn --seeds 0 1 2 3 4
994590    07:17:34 Sl+   0.0  0.0 python -u experiments/run_highway_experiments.py --phase train --envs intersection-v0 --algos ppo --seeds 0 1 2 --train-workers 2 --worker-torch-threads 10
0 %, 0 %, 635 MiB, 32607 MiB
144214, python, 626 MiB
---
[2026-03-31 03:39:13]
   PID     ELAPSED STAT %CPU %MEM CMD
144214  1-00:41:11 Rl+  99.9  0.2 python -u experiments/run_highway_experiments.py --phase train --envs merge-v0 intersection-v0 --algos dqn --seeds 0 1 2 3 4
994590    07:18:34 Sl+   0.0  0.0 python -u experiments/run_highway_experiments.py --phase train --envs intersection-v0 --algos ppo --seeds 0 1 2 --train-workers 2 --worker-torch-threads 10
0 %, 0 %, 635 MiB, 32607 MiB
144214, python, 626 MiB
---
[2026-03-31 03:40:14]
   PID     ELAPSED STAT %CPU %MEM CMD
144214  1-00:42:11 Rl+  99.9  0.2 python -u experiments/run_highway_experiments.py --phase train --envs merge-v0 intersection-v0 --algos dqn --seeds 0 1 2 3 4
994590    07:19:34 Sl+   0.0  0.0 python -u experiments/run_highway_experiments.py --phase train --envs intersection-v0 --algos ppo --seeds 0 1 2 --train-workers 2 --worker-torch-threads 10
0 %, 0 %, 635 MiB, 32607 MiB
144214, python, 626 MiB
---
[2026-03-31 03:41:14]
   PID     ELAPSED STAT %CPU %MEM CMD
144214  1-00:43:12 Rl+  99.9  0.2 python -u experiments/run_highway_experiments.py --phase train --envs merge-v0 intersection-v0 --algos dqn --seeds 0 1 2 3 4
994590    07:20:35 Sl+   0.0  0.0 python -u experiments/run_highway_experiments.py --phase train --envs intersection-v0 --algos ppo --seeds 0 1 2 --train-workers 2 --worker-torch-threads 10
0 %, 0 %, 635 MiB, 32607 MiB
144214, python, 626 MiB
---
[2026-03-31 03:42:14]
   PID     ELAPSED STAT %CPU %MEM CMD
144214  1-00:44:12 Rl+  99.9  0.2 python -u experiments/run_highway_experiments.py --phase train --envs merge-v0 intersection-v0 --algos dqn --seeds 0 1 2 3 4
994590    07:21:35 Sl+   0.0  0.0 python -u experiments/run_highway_experiments.py --phase train --envs intersection-v0 --algos ppo --seeds 0 1 2 --train-workers 2 --worker-torch-threads 10
0 %, 0 %, 635 MiB, 32607 MiB
144214, python, 626 MiB
---
[2026-03-31 03:43:14]
   PID     ELAPSED STAT %CPU %MEM CMD
144214  1-00:45:12 Rl+  99.9  0.2 python -u experiments/run_highway_experiments.py --phase train --envs merge-v0 intersection-v0 --algos dqn --seeds 0 1 2 3 4
994590    07:22:35 Sl+   0.0  0.0 python -u experiments/run_highway_experiments.py --phase train --envs intersection-v0 --algos ppo --seeds 0 1 2 --train-workers 2 --worker-torch-threads 10
0 %, 0 %, 635 MiB, 32607 MiB
144214, python, 626 MiB
---
[2026-03-31 03:44:14]
   PID     ELAPSED STAT %CPU %MEM CMD
144214  1-00:46:12 Rl+  99.9  0.2 python -u experiments/run_highway_experiments.py --phase train --envs merge-v0 intersection-v0 --algos dqn --seeds 0 1 2 3 4
994590    07:23:35 Sl+   0.0  0.0 python -u experiments/run_highway_experiments.py --phase train --envs intersection-v0 --algos ppo --seeds 0 1 2 --train-workers 2 --worker-torch-threads 10
0 %, 0 %, 635 MiB, 32607 MiB
144214, python, 626 MiB
---
[2026-03-31 03:45:14]
   PID     ELAPSED STAT %CPU %MEM CMD
144214  1-00:47:12 Rl+  99.9  0.2 python -u experiments/run_highway_experiments.py --phase train --envs merge-v0 intersection-v0 --algos dqn --seeds 0 1 2 3 4
994590    07:24:35 Sl+   0.0  0.0 python -u experiments/run_highway_experiments.py --phase train --envs intersection-v0 --algos ppo --seeds 0 1 2 --train-workers 2 --worker-torch-threads 10
0 %, 0 %, 635 MiB, 32607 MiB
144214, python, 626 MiB
---
[2026-03-31 03:46:15]
   PID     ELAPSED STAT %CPU %MEM CMD
144214  1-00:48:13 Rl+  99.9  0.2 python -u experiments/run_highway_experiments.py --phase train --envs merge-v0 intersection-v0 --algos dqn --seeds 0 1 2 3 4
994590    07:25:36 Sl+   0.0  0.0 python -u experiments/run_highway_experiments.py --phase train --envs intersection-v0 --algos ppo --seeds 0 1 2 --train-workers 2 --worker-torch-threads 10
0 %, 0 %, 635 MiB, 32607 MiB
144214, python, 626 MiB
---
[2026-03-31 03:47:15]
   PID     ELAPSED STAT %CPU %MEM CMD
144214  1-00:49:13 Rl+  99.9  0.2 python -u experiments/run_highway_experiments.py --phase train --envs merge-v0 intersection-v0 --algos dqn --seeds 0 1 2 3 4
994590    07:26:36 Sl+   0.0  0.0 python -u experiments/run_highway_experiments.py --phase train --envs intersection-v0 --algos ppo --seeds 0 1 2 --train-workers 2 --worker-torch-threads 10
0 %, 0 %, 635 MiB, 32607 MiB
144214, python, 626 MiB
---
[2026-03-31 03:48:15]
   PID     ELAPSED STAT %CPU %MEM CMD
144214  1-00:50:13 Rl+  99.9  0.2 python -u experiments/run_highway_experiments.py --phase train --envs merge-v0 intersection-v0 --algos dqn --seeds 0 1 2 3 4
994590    07:27:36 Sl+   0.0  0.0 python -u experiments/run_highway_experiments.py --phase train --envs intersection-v0 --algos ppo --seeds 0 1 2 --train-workers 2 --worker-torch-threads 10
0 %, 0 %, 635 MiB, 32607 MiB
144214, python, 626 MiB
---
[2026-03-31 03:49:15]
   PID     ELAPSED STAT %CPU %MEM CMD
144214  1-00:51:13 Rl+  99.9  0.2 python -u experiments/run_highway_experiments.py --phase train --envs merge-v0 intersection-v0 --algos dqn --seeds 0 1 2 3 4
994590    07:28:36 Sl+   0.0  0.0 python -u experiments/run_highway_experiments.py --phase train --envs intersection-v0 --algos ppo --seeds 0 1 2 --train-workers 2 --worker-torch-threads 10
0 %, 0 %, 635 MiB, 32607 MiB
144214, python, 626 MiB
---
[2026-03-31 03:50:15]
   PID     ELAPSED STAT %CPU %MEM CMD
144214  1-00:52:13 Rl+  99.9  0.2 python -u experiments/run_highway_experiments.py --phase train --envs merge-v0 intersection-v0 --algos dqn --seeds 0 1 2 3 4
994590    07:29:36 Sl+   0.0  0.0 python -u experiments/run_highway_experiments.py --phase train --envs intersection-v0 --algos ppo --seeds 0 1 2 --train-workers 2 --worker-torch-threads 10
0 %, 0 %, 635 MiB, 32607 MiB
144214, python, 626 MiB
---
[2026-03-31 03:51:15]
   PID     ELAPSED STAT %CPU %MEM CMD
144214  1-00:53:13 Rl+  99.9  0.2 python -u experiments/run_highway_experiments.py --phase train --envs merge-v0 intersection-v0 --algos dqn --seeds 0 1 2 3 4
994590    07:30:36 Sl+   0.0  0.0 python -u experiments/run_highway_experiments.py --phase train --envs intersection-v0 --algos ppo --seeds 0 1 2 --train-workers 2 --worker-torch-threads 10
0 %, 0 %, 635 MiB, 32607 MiB
144214, python, 626 MiB
---
[2026-03-31 03:52:15]
   PID     ELAPSED STAT %CPU %MEM CMD
144214  1-00:54:13 Rl+  99.9  0.2 python -u experiments/run_highway_experiments.py --phase train --envs merge-v0 intersection-v0 --algos dqn --seeds 0 1 2 3 4
994590    07:31:36 Sl+   0.0  0.0 python -u experiments/run_highway_experiments.py --phase train --envs intersection-v0 --algos ppo --seeds 0 1 2 --train-workers 2 --worker-torch-threads 10
0 %, 0 %, 635 MiB, 32607 MiB
144214, python, 626 MiB
---
[2026-03-31 03:53:16]
   PID     ELAPSED STAT %CPU %MEM CMD
144214  1-00:55:14 Rl+  99.9  0.2 python -u experiments/run_highway_experiments.py --phase train --envs merge-v0 intersection-v0 --algos dqn --seeds 0 1 2 3 4
994590    07:32:37 Sl+   0.0  0.0 python -u experiments/run_highway_experiments.py --phase train --envs intersection-v0 --algos ppo --seeds 0 1 2 --train-workers 2 --worker-torch-threads 10
0 %, 0 %, 635 MiB, 32607 MiB
144214, python, 626 MiB
---
[2026-03-31 03:54:16]
   PID     ELAPSED STAT %CPU %MEM CMD
144214  1-00:56:14 Rl+  99.9  0.2 python -u experiments/run_highway_experiments.py --phase train --envs merge-v0 intersection-v0 --algos dqn --seeds 0 1 2 3 4
994590    07:33:37 Sl+   0.0  0.0 python -u experiments/run_highway_experiments.py --phase train --envs intersection-v0 --algos ppo --seeds 0 1 2 --train-workers 2 --worker-torch-threads 10
0 %, 0 %, 635 MiB, 32607 MiB
144214, python, 626 MiB
---
[2026-03-31 03:55:16]
   PID     ELAPSED STAT %CPU %MEM CMD
144214  1-00:57:14 Rl+  99.9  0.2 python -u experiments/run_highway_experiments.py --phase train --envs merge-v0 intersection-v0 --algos dqn --seeds 0 1 2 3 4
994590    07:34:37 Sl+   0.0  0.0 python -u experiments/run_highway_experiments.py --phase train --envs intersection-v0 --algos ppo --seeds 0 1 2 --train-workers 2 --worker-torch-threads 10
0 %, 0 %, 635 MiB, 32607 MiB
144214, python, 626 MiB
---
[2026-03-31 03:56:16]
   PID     ELAPSED STAT %CPU %MEM CMD
144214  1-00:58:14 Rl+  99.9  0.2 python -u experiments/run_highway_experiments.py --phase train --envs merge-v0 intersection-v0 --algos dqn --seeds 0 1 2 3 4
994590    07:35:37 Sl+   0.0  0.0 python -u experiments/run_highway_experiments.py --phase train --envs intersection-v0 --algos ppo --seeds 0 1 2 --train-workers 2 --worker-torch-threads 10
0 %, 0 %, 635 MiB, 32607 MiB
144214, python, 626 MiB
---
[2026-03-31 03:57:16]
   PID     ELAPSED STAT %CPU %MEM CMD
144214  1-00:59:14 Rl+  99.9  0.2 python -u experiments/run_highway_experiments.py --phase train --envs merge-v0 intersection-v0 --algos dqn --seeds 0 1 2 3 4
994590    07:36:37 Sl+   0.0  0.0 python -u experiments/run_highway_experiments.py --phase train --envs intersection-v0 --algos ppo --seeds 0 1 2 --train-workers 2 --worker-torch-threads 10
0 %, 0 %, 635 MiB, 32607 MiB
144214, python, 626 MiB
---
[2026-03-31 03:58:17]
   PID     ELAPSED STAT %CPU %MEM CMD
144214  1-01:00:15 Rl+  99.9  0.2 python -u experiments/run_highway_experiments.py --phase train --envs merge-v0 intersection-v0 --algos dqn --seeds 0 1 2 3 4
994590    07:37:38 Sl+   0.0  0.0 python -u experiments/run_highway_experiments.py --phase train --envs intersection-v0 --algos ppo --seeds 0 1 2 --train-workers 2 --worker-torch-threads 10
0 %, 0 %, 635 MiB, 32607 MiB
144214, python, 626 MiB
---
[2026-03-31 03:59:17]
   PID     ELAPSED STAT %CPU %MEM CMD
144214  1-01:01:15 Rl+  99.9  0.2 python -u experiments/run_highway_experiments.py --phase train --envs merge-v0 intersection-v0 --algos dqn --seeds 0 1 2 3 4
994590    07:38:38 Sl+   0.0  0.0 python -u experiments/run_highway_experiments.py --phase train --envs intersection-v0 --algos ppo --seeds 0 1 2 --train-workers 2 --worker-torch-threads 10
0 %, 0 %, 635 MiB, 32607 MiB
144214, python, 626 MiB
---
[2026-03-31 04:00:17]
   PID     ELAPSED STAT %CPU %MEM CMD
144214  1-01:02:15 Rl+  99.9  0.2 python -u experiments/run_highway_experiments.py --phase train --envs merge-v0 intersection-v0 --algos dqn --seeds 0 1 2 3 4
994590    07:39:38 Sl+   0.0  0.0 python -u experiments/run_highway_experiments.py --phase train --envs intersection-v0 --algos ppo --seeds 0 1 2 --train-workers 2 --worker-torch-threads 10
0 %, 0 %, 635 MiB, 32607 MiB
144214, python, 626 MiB
---
[2026-03-31 04:01:17]
   PID     ELAPSED STAT %CPU %MEM CMD
144214  1-01:03:15 Rl+  99.9  0.2 python -u experiments/run_highway_experiments.py --phase train --envs merge-v0 intersection-v0 --algos dqn --seeds 0 1 2 3 4
994590    07:40:38 Sl+   0.0  0.0 python -u experiments/run_highway_experiments.py --phase train --envs intersection-v0 --algos ppo --seeds 0 1 2 --train-workers 2 --worker-torch-threads 10
0 %, 0 %, 635 MiB, 32607 MiB
144214, python, 626 MiB
---
[2026-03-31 04:02:17]
   PID     ELAPSED STAT %CPU %MEM CMD
144214  1-01:04:15 Rl+  99.9  0.2 python -u experiments/run_highway_experiments.py --phase train --envs merge-v0 intersection-v0 --algos dqn --seeds 0 1 2 3 4
994590    07:41:38 Sl+   0.0  0.0 python -u experiments/run_highway_experiments.py --phase train --envs intersection-v0 --algos ppo --seeds 0 1 2 --train-workers 2 --worker-torch-threads 10
0 %, 0 %, 635 MiB, 32607 MiB
144214, python, 626 MiB
---
[2026-03-31 04:03:17]
   PID     ELAPSED STAT %CPU %MEM CMD
144214  1-01:05:15 Rl+  99.9  0.2 python -u experiments/run_highway_experiments.py --phase train --envs merge-v0 intersection-v0 --algos dqn --seeds 0 1 2 3 4
994590    07:42:38 Sl+   0.0  0.0 python -u experiments/run_highway_experiments.py --phase train --envs intersection-v0 --algos ppo --seeds 0 1 2 --train-workers 2 --worker-torch-threads 10
0 %, 0 %, 635 MiB, 32607 MiB
144214, python, 626 MiB
---
[2026-03-31 04:04:18]
   PID     ELAPSED STAT %CPU %MEM CMD
144214  1-01:06:16 Rl+  99.9  0.2 python -u experiments/run_highway_experiments.py --phase train --envs merge-v0 intersection-v0 --algos dqn --seeds 0 1 2 3 4
994590    07:43:39 Sl+   0.0  0.0 python -u experiments/run_highway_experiments.py --phase train --envs intersection-v0 --algos ppo --seeds 0 1 2 --train-workers 2 --worker-torch-threads 10
0 %, 0 %, 635 MiB, 32607 MiB
144214, python, 626 MiB
---
[2026-03-31 04:05:18]
   PID     ELAPSED STAT %CPU %MEM CMD
144214  1-01:07:16 Rl+  99.9  0.2 python -u experiments/run_highway_experiments.py --phase train --envs merge-v0 intersection-v0 --algos dqn --seeds 0 1 2 3 4
994590    07:44:39 Sl+   0.0  0.0 python -u experiments/run_highway_experiments.py --phase train --envs intersection-v0 --algos ppo --seeds 0 1 2 --train-workers 2 --worker-torch-threads 10
0 %, 0 %, 635 MiB, 32607 MiB
144214, python, 626 MiB
---
[2026-03-31 04:06:18]
   PID     ELAPSED STAT %CPU %MEM CMD
144214  1-01:08:16 Rl+  99.9  0.2 python -u experiments/run_highway_experiments.py --phase train --envs merge-v0 intersection-v0 --algos dqn --seeds 0 1 2 3 4
994590    07:45:39 Sl+   0.0  0.0 python -u experiments/run_highway_experiments.py --phase train --envs intersection-v0 --algos ppo --seeds 0 1 2 --train-workers 2 --worker-torch-threads 10
0 %, 0 %, 635 MiB, 32607 MiB
144214, python, 626 MiB
---
[2026-03-31 04:07:18]
   PID     ELAPSED STAT %CPU %MEM CMD
144214  1-01:09:16 Rl+  99.9  0.2 python -u experiments/run_highway_experiments.py --phase train --envs merge-v0 intersection-v0 --algos dqn --seeds 0 1 2 3 4
994590    07:46:39 Sl+   0.0  0.0 python -u experiments/run_highway_experiments.py --phase train --envs intersection-v0 --algos ppo --seeds 0 1 2 --train-workers 2 --worker-torch-threads 10
0 %, 0 %, 635 MiB, 32607 MiB
144214, python, 626 MiB
---
[2026-03-31 04:08:18]
   PID     ELAPSED STAT %CPU %MEM CMD
144214  1-01:10:16 Rl+  99.9  0.2 python -u experiments/run_highway_experiments.py --phase train --envs merge-v0 intersection-v0 --algos dqn --seeds 0 1 2 3 4
994590    07:47:39 Sl+   0.0  0.0 python -u experiments/run_highway_experiments.py --phase train --envs intersection-v0 --algos ppo --seeds 0 1 2 --train-workers 2 --worker-torch-threads 10
0 %, 0 %, 635 MiB, 32607 MiB
144214, python, 626 MiB
---
[2026-03-31 04:09:18]
   PID     ELAPSED STAT %CPU %MEM CMD
144214  1-01:11:16 Rl+  99.9  0.2 python -u experiments/run_highway_experiments.py --phase train --envs merge-v0 intersection-v0 --algos dqn --seeds 0 1 2 3 4
994590    07:48:39 Sl+   0.0  0.0 python -u experiments/run_highway_experiments.py --phase train --envs intersection-v0 --algos ppo --seeds 0 1 2 --train-workers 2 --worker-torch-threads 10
0 %, 0 %, 635 MiB, 32607 MiB
144214, python, 626 MiB
---
[2026-03-31 04:10:19]
   PID     ELAPSED STAT %CPU %MEM CMD
144214  1-01:12:16 Rl+  99.9  0.2 python -u experiments/run_highway_experiments.py --phase train --envs merge-v0 intersection-v0 --algos dqn --seeds 0 1 2 3 4
994590    07:49:39 Sl+   0.0  0.0 python -u experiments/run_highway_experiments.py --phase train --envs intersection-v0 --algos ppo --seeds 0 1 2 --train-workers 2 --worker-torch-threads 10
0 %, 0 %, 635 MiB, 32607 MiB
144214, python, 626 MiB
---
[2026-03-31 04:11:19]
   PID     ELAPSED STAT %CPU %MEM CMD
144214  1-01:13:17 Rl+  99.9  0.2 python -u experiments/run_highway_experiments.py --phase train --envs merge-v0 intersection-v0 --algos dqn --seeds 0 1 2 3 4
994590    07:50:40 Sl+   0.0  0.0 python -u experiments/run_highway_experiments.py --phase train --envs intersection-v0 --algos ppo --seeds 0 1 2 --train-workers 2 --worker-torch-threads 10
0 %, 0 %, 635 MiB, 32607 MiB
144214, python, 626 MiB
---
[2026-03-31 04:12:19]
   PID     ELAPSED STAT %CPU %MEM CMD
144214  1-01:14:17 Rl+  99.9  0.2 python -u experiments/run_highway_experiments.py --phase train --envs merge-v0 intersection-v0 --algos dqn --seeds 0 1 2 3 4
994590    07:51:40 Sl+   0.0  0.0 python -u experiments/run_highway_experiments.py --phase train --envs intersection-v0 --algos ppo --seeds 0 1 2 --train-workers 2 --worker-torch-threads 10
0 %, 0 %, 635 MiB, 32607 MiB
144214, python, 626 MiB
---
[2026-03-31 04:13:19]
   PID     ELAPSED STAT %CPU %MEM CMD
144214  1-01:15:17 Rl+  99.9  0.2 python -u experiments/run_highway_experiments.py --phase train --envs merge-v0 intersection-v0 --algos dqn --seeds 0 1 2 3 4
994590    07:52:40 Sl+   0.0  0.0 python -u experiments/run_highway_experiments.py --phase train --envs intersection-v0 --algos ppo --seeds 0 1 2 --train-workers 2 --worker-torch-threads 10
0 %, 0 %, 635 MiB, 32607 MiB
144214, python, 626 MiB
---
[2026-03-31 04:14:19]
   PID     ELAPSED STAT %CPU %MEM CMD
144214  1-01:16:17 Rl+  99.9  0.2 python -u experiments/run_highway_experiments.py --phase train --envs merge-v0 intersection-v0 --algos dqn --seeds 0 1 2 3 4
994590    07:53:40 Sl+   0.0  0.0 python -u experiments/run_highway_experiments.py --phase train --envs intersection-v0 --algos ppo --seeds 0 1 2 --train-workers 2 --worker-torch-threads 10
0 %, 0 %, 635 MiB, 32607 MiB
144214, python, 626 MiB
---
[2026-03-31 04:15:19]
   PID     ELAPSED STAT %CPU %MEM CMD
144214  1-01:17:17 Rl+  99.9  0.2 python -u experiments/run_highway_experiments.py --phase train --envs merge-v0 intersection-v0 --algos dqn --seeds 0 1 2 3 4
994590    07:54:40 Sl+   0.0  0.0 python -u experiments/run_highway_experiments.py --phase train --envs intersection-v0 --algos ppo --seeds 0 1 2 --train-workers 2 --worker-torch-threads 10
0 %, 0 %, 635 MiB, 32607 MiB
144214, python, 626 MiB
---
[2026-03-31 04:16:20]
   PID     ELAPSED STAT %CPU %MEM CMD
144214  1-01:18:17 Rl+  99.9  0.2 python -u experiments/run_highway_experiments.py --phase train --envs merge-v0 intersection-v0 --algos dqn --seeds 0 1 2 3 4
994590    07:55:40 Sl+   0.0  0.0 python -u experiments/run_highway_experiments.py --phase train --envs intersection-v0 --algos ppo --seeds 0 1 2 --train-workers 2 --worker-torch-threads 10
0 %, 0 %, 635 MiB, 32607 MiB
144214, python, 626 MiB
---
[2026-03-31 04:17:20]
   PID     ELAPSED STAT %CPU %MEM CMD
144214  1-01:19:18 Rl+  99.9  0.2 python -u experiments/run_highway_experiments.py --phase train --envs merge-v0 intersection-v0 --algos dqn --seeds 0 1 2 3 4
994590    07:56:41 Sl+   0.0  0.0 python -u experiments/run_highway_experiments.py --phase train --envs intersection-v0 --algos ppo --seeds 0 1 2 --train-workers 2 --worker-torch-threads 10
0 %, 0 %, 635 MiB, 32607 MiB
144214, python, 626 MiB
---
[2026-03-31 04:18:20]
   PID     ELAPSED STAT %CPU %MEM CMD
144214  1-01:20:18 Rl+  99.9  0.2 python -u experiments/run_highway_experiments.py --phase train --envs merge-v0 intersection-v0 --algos dqn --seeds 0 1 2 3 4
994590    07:57:41 Sl+   0.0  0.0 python -u experiments/run_highway_experiments.py --phase train --envs intersection-v0 --algos ppo --seeds 0 1 2 --train-workers 2 --worker-torch-threads 10
0 %, 0 %, 635 MiB, 32607 MiB
144214, python, 626 MiB
---
[2026-03-31 04:19:20]
   PID     ELAPSED STAT %CPU %MEM CMD
144214  1-01:21:18 Rl+  99.9  0.2 python -u experiments/run_highway_experiments.py --phase train --envs merge-v0 intersection-v0 --algos dqn --seeds 0 1 2 3 4
994590    07:58:41 Sl+   0.0  0.0 python -u experiments/run_highway_experiments.py --phase train --envs intersection-v0 --algos ppo --seeds 0 1 2 --train-workers 2 --worker-torch-threads 10
0 %, 0 %, 635 MiB, 32607 MiB
144214, python, 626 MiB
---
[2026-03-31 04:20:20]
   PID     ELAPSED STAT %CPU %MEM CMD
144214  1-01:22:18 Rl+  99.9  0.2 python -u experiments/run_highway_experiments.py --phase train --envs merge-v0 intersection-v0 --algos dqn --seeds 0 1 2 3 4
994590    07:59:41 Sl+   0.0  0.0 python -u experiments/run_highway_experiments.py --phase train --envs intersection-v0 --algos ppo --seeds 0 1 2 --train-workers 2 --worker-torch-threads 10
0 %, 0 %, 635 MiB, 32607 MiB
144214, python, 626 MiB
---
[2026-03-31 04:21:20]
   PID     ELAPSED STAT %CPU %MEM CMD
144214  1-01:23:18 Rl+  99.9  0.2 python -u experiments/run_highway_experiments.py --phase train --envs merge-v0 intersection-v0 --algos dqn --seeds 0 1 2 3 4
994590    08:00:41 Sl+   0.0  0.0 python -u experiments/run_highway_experiments.py --phase train --envs intersection-v0 --algos ppo --seeds 0 1 2 --train-workers 2 --worker-torch-threads 10
0 %, 0 %, 635 MiB, 32607 MiB
144214, python, 626 MiB
---
[2026-03-31 04:22:20]
   PID     ELAPSED STAT %CPU %MEM CMD
144214  1-01:24:18 Rl+  99.9  0.2 python -u experiments/run_highway_experiments.py --phase train --envs merge-v0 intersection-v0 --algos dqn --seeds 0 1 2 3 4
994590    08:01:41 Sl+   0.0  0.0 python -u experiments/run_highway_experiments.py --phase train --envs intersection-v0 --algos ppo --seeds 0 1 2 --train-workers 2 --worker-torch-threads 10
0 %, 0 %, 635 MiB, 32607 MiB
144214, python, 626 MiB
---
[2026-03-31 04:23:21]
   PID     ELAPSED STAT %CPU %MEM CMD
144214  1-01:25:18 Rl+  99.9  0.2 python -u experiments/run_highway_experiments.py --phase train --envs merge-v0 intersection-v0 --algos dqn --seeds 0 1 2 3 4
994590    08:02:41 Sl+   0.0  0.0 python -u experiments/run_highway_experiments.py --phase train --envs intersection-v0 --algos ppo --seeds 0 1 2 --train-workers 2 --worker-torch-threads 10
0 %, 0 %, 635 MiB, 32607 MiB
144214, python, 626 MiB
---
[2026-03-31 04:24:21]
   PID     ELAPSED STAT %CPU %MEM CMD
144214  1-01:26:19 Rl+  99.9  0.2 python -u experiments/run_highway_experiments.py --phase train --envs merge-v0 intersection-v0 --algos dqn --seeds 0 1 2 3 4
994590    08:03:42 Sl+   0.0  0.0 python -u experiments/run_highway_experiments.py --phase train --envs intersection-v0 --algos ppo --seeds 0 1 2 --train-workers 2 --worker-torch-threads 10
0 %, 0 %, 635 MiB, 32607 MiB
144214, python, 626 MiB
---
[2026-03-31 04:25:21]
   PID     ELAPSED STAT %CPU %MEM CMD
144214  1-01:27:19 Rl+  99.9  0.2 python -u experiments/run_highway_experiments.py --phase train --envs merge-v0 intersection-v0 --algos dqn --seeds 0 1 2 3 4
994590    08:04:42 Sl+   0.0  0.0 python -u experiments/run_highway_experiments.py --phase train --envs intersection-v0 --algos ppo --seeds 0 1 2 --train-workers 2 --worker-torch-threads 10
0 %, 0 %, 635 MiB, 32607 MiB
144214, python, 626 MiB
---
[2026-03-31 04:26:21]
   PID     ELAPSED STAT %CPU %MEM CMD
144214  1-01:28:19 Rl+  99.9  0.2 python -u experiments/run_highway_experiments.py --phase train --envs merge-v0 intersection-v0 --algos dqn --seeds 0 1 2 3 4
994590    08:05:42 Sl+   0.0  0.0 python -u experiments/run_highway_experiments.py --phase train --envs intersection-v0 --algos ppo --seeds 0 1 2 --train-workers 2 --worker-torch-threads 10
0 %, 0 %, 635 MiB, 32607 MiB
144214, python, 626 MiB
---
[2026-03-31 04:27:21]
   PID     ELAPSED STAT %CPU %MEM CMD
144214  1-01:29:19 Rl+  99.9  0.2 python -u experiments/run_highway_experiments.py --phase train --envs merge-v0 intersection-v0 --algos dqn --seeds 0 1 2 3 4
994590    08:06:42 Sl+   0.0  0.0 python -u experiments/run_highway_experiments.py --phase train --envs intersection-v0 --algos ppo --seeds 0 1 2 --train-workers 2 --worker-torch-threads 10
0 %, 0 %, 635 MiB, 32607 MiB
144214, python, 626 MiB
---
[2026-03-31 04:28:21]
   PID     ELAPSED STAT %CPU %MEM CMD
144214  1-01:30:19 Rl+  99.9  0.2 python -u experiments/run_highway_experiments.py --phase train --envs merge-v0 intersection-v0 --algos dqn --seeds 0 1 2 3 4
994590    08:07:42 Sl+   0.0  0.0 python -u experiments/run_highway_experiments.py --phase train --envs intersection-v0 --algos ppo --seeds 0 1 2 --train-workers 2 --worker-torch-threads 10
0 %, 0 %, 635 MiB, 32607 MiB
144214, python, 626 MiB
---
[2026-03-31 04:29:21]
   PID     ELAPSED STAT %CPU %MEM CMD
144214  1-01:31:19 Rl+  99.9  0.2 python -u experiments/run_highway_experiments.py --phase train --envs merge-v0 intersection-v0 --algos dqn --seeds 0 1 2 3 4
994590    08:08:42 Sl+   0.0  0.0 python -u experiments/run_highway_experiments.py --phase train --envs intersection-v0 --algos ppo --seeds 0 1 2 --train-workers 2 --worker-torch-threads 10
0 %, 0 %, 635 MiB, 32607 MiB
144214, python, 626 MiB
---
[2026-03-31 04:30:22]
   PID     ELAPSED STAT %CPU %MEM CMD
144214  1-01:32:20 Rl+  99.9  0.2 python -u experiments/run_highway_experiments.py --phase train --envs merge-v0 intersection-v0 --algos dqn --seeds 0 1 2 3 4
994590    08:09:43 Sl+   0.0  0.0 python -u experiments/run_highway_experiments.py --phase train --envs intersection-v0 --algos ppo --seeds 0 1 2 --train-workers 2 --worker-torch-threads 10
0 %, 0 %, 635 MiB, 32607 MiB
144214, python, 626 MiB
---
[2026-03-31 04:31:22]
   PID     ELAPSED STAT %CPU %MEM CMD
144214  1-01:33:20 Rl+  99.9  0.2 python -u experiments/run_highway_experiments.py --phase train --envs merge-v0 intersection-v0 --algos dqn --seeds 0 1 2 3 4
994590    08:10:43 Sl+   0.0  0.0 python -u experiments/run_highway_experiments.py --phase train --envs intersection-v0 --algos ppo --seeds 0 1 2 --train-workers 2 --worker-torch-threads 10
0 %, 0 %, 635 MiB, 32607 MiB
144214, python, 626 MiB
---
[2026-03-31 04:32:22]
   PID     ELAPSED STAT %CPU %MEM CMD
144214  1-01:34:20 Rl+  99.9  0.2 python -u experiments/run_highway_experiments.py --phase train --envs merge-v0 intersection-v0 --algos dqn --seeds 0 1 2 3 4
994590    08:11:43 Sl+   0.0  0.0 python -u experiments/run_highway_experiments.py --phase train --envs intersection-v0 --algos ppo --seeds 0 1 2 --train-workers 2 --worker-torch-threads 10
0 %, 0 %, 635 MiB, 32607 MiB
144214, python, 626 MiB
---
[2026-03-31 04:33:22]
   PID     ELAPSED STAT %CPU %MEM CMD
144214  1-01:35:20 Rl+  99.9  0.2 python -u experiments/run_highway_experiments.py --phase train --envs merge-v0 intersection-v0 --algos dqn --seeds 0 1 2 3 4
994590    08:12:43 Sl+   0.0  0.0 python -u experiments/run_highway_experiments.py --phase train --envs intersection-v0 --algos ppo --seeds 0 1 2 --train-workers 2 --worker-torch-threads 10
0 %, 0 %, 635 MiB, 32607 MiB
144214, python, 626 MiB
---
[2026-03-31 04:34:22]
   PID     ELAPSED STAT %CPU %MEM CMD
144214  1-01:36:20 Rl+  99.9  0.2 python -u experiments/run_highway_experiments.py --phase train --envs merge-v0 intersection-v0 --algos dqn --seeds 0 1 2 3 4
994590    08:13:43 Sl+   0.0  0.0 python -u experiments/run_highway_experiments.py --phase train --envs intersection-v0 --algos ppo --seeds 0 1 2 --train-workers 2 --worker-torch-threads 10
0 %, 0 %, 635 MiB, 32607 MiB
144214, python, 626 MiB
---
[2026-03-31 04:35:23]
   PID     ELAPSED STAT %CPU %MEM CMD
144214  1-01:37:20 Rl+  99.9  0.2 python -u experiments/run_highway_experiments.py --phase train --envs merge-v0 intersection-v0 --algos dqn --seeds 0 1 2 3 4
994590    08:14:43 Sl+   0.0  0.0 python -u experiments/run_highway_experiments.py --phase train --envs intersection-v0 --algos ppo --seeds 0 1 2 --train-workers 2 --worker-torch-threads 10
0 %, 0 %, 635 MiB, 32607 MiB
144214, python, 626 MiB
---
[2026-03-31 04:36:23]
   PID     ELAPSED STAT %CPU %MEM CMD
144214  1-01:38:21 Rl+  99.9  0.2 python -u experiments/run_highway_experiments.py --phase train --envs merge-v0 intersection-v0 --algos dqn --seeds 0 1 2 3 4
994590    08:15:44 Sl+   0.0  0.0 python -u experiments/run_highway_experiments.py --phase train --envs intersection-v0 --algos ppo --seeds 0 1 2 --train-workers 2 --worker-torch-threads 10
0 %, 0 %, 635 MiB, 32607 MiB
144214, python, 626 MiB
---
[2026-03-31 04:37:23]
   PID     ELAPSED STAT %CPU %MEM CMD
144214  1-01:39:21 Rl+  99.9  0.2 python -u experiments/run_highway_experiments.py --phase train --envs merge-v0 intersection-v0 --algos dqn --seeds 0 1 2 3 4
994590    08:16:44 Sl+   0.0  0.0 python -u experiments/run_highway_experiments.py --phase train --envs intersection-v0 --algos ppo --seeds 0 1 2 --train-workers 2 --worker-torch-threads 10
0 %, 0 %, 635 MiB, 32607 MiB
144214, python, 626 MiB
---
[2026-03-31 04:38:23]
   PID     ELAPSED STAT %CPU %MEM CMD
144214  1-01:40:21 Rl+  99.9  0.2 python -u experiments/run_highway_experiments.py --phase train --envs merge-v0 intersection-v0 --algos dqn --seeds 0 1 2 3 4
994590    08:17:44 Sl+   0.0  0.0 python -u experiments/run_highway_experiments.py --phase train --envs intersection-v0 --algos ppo --seeds 0 1 2 --train-workers 2 --worker-torch-threads 10
0 %, 0 %, 635 MiB, 32607 MiB
144214, python, 626 MiB
---
[2026-03-31 04:39:23]
   PID     ELAPSED STAT %CPU %MEM CMD
144214  1-01:41:21 Rl+  99.9  0.2 python -u experiments/run_highway_experiments.py --phase train --envs merge-v0 intersection-v0 --algos dqn --seeds 0 1 2 3 4
994590    08:18:44 Sl+   0.0  0.0 python -u experiments/run_highway_experiments.py --phase train --envs intersection-v0 --algos ppo --seeds 0 1 2 --train-workers 2 --worker-torch-threads 10
0 %, 0 %, 635 MiB, 32607 MiB
144214, python, 626 MiB
---
[2026-03-31 04:40:23]
   PID     ELAPSED STAT %CPU %MEM CMD
144214  1-01:42:21 Rl+  99.9  0.2 python -u experiments/run_highway_experiments.py --phase train --envs merge-v0 intersection-v0 --algos dqn --seeds 0 1 2 3 4
994590    08:19:44 Sl+   0.0  0.0 python -u experiments/run_highway_experiments.py --phase train --envs intersection-v0 --algos ppo --seeds 0 1 2 --train-workers 2 --worker-torch-threads 10
0 %, 0 %, 635 MiB, 32607 MiB
144214, python, 626 MiB
---
[2026-03-31 04:41:24]
   PID     ELAPSED STAT %CPU %MEM CMD
144214  1-01:43:22 Rl+  99.9  0.2 python -u experiments/run_highway_experiments.py --phase train --envs merge-v0 intersection-v0 --algos dqn --seeds 0 1 2 3 4
994590    08:20:45 Sl+   0.0  0.0 python -u experiments/run_highway_experiments.py --phase train --envs intersection-v0 --algos ppo --seeds 0 1 2 --train-workers 2 --worker-torch-threads 10
0 %, 0 %, 635 MiB, 32607 MiB
144214, python, 626 MiB
---
[2026-03-31 04:42:24]
   PID     ELAPSED STAT %CPU %MEM CMD
144214  1-01:44:22 Rl+  99.9  0.2 python -u experiments/run_highway_experiments.py --phase train --envs merge-v0 intersection-v0 --algos dqn --seeds 0 1 2 3 4
994590    08:21:45 Sl+   0.0  0.0 python -u experiments/run_highway_experiments.py --phase train --envs intersection-v0 --algos ppo --seeds 0 1 2 --train-workers 2 --worker-torch-threads 10
0 %, 0 %, 635 MiB, 32607 MiB
144214, python, 626 MiB
---
[2026-03-31 04:43:24]
   PID     ELAPSED STAT %CPU %MEM CMD
144214  1-01:45:22 Rl+  99.9  0.2 python -u experiments/run_highway_experiments.py --phase train --envs merge-v0 intersection-v0 --algos dqn --seeds 0 1 2 3 4
994590    08:22:45 Sl+   0.0  0.0 python -u experiments/run_highway_experiments.py --phase train --envs intersection-v0 --algos ppo --seeds 0 1 2 --train-workers 2 --worker-torch-threads 10
0 %, 0 %, 635 MiB, 32607 MiB
144214, python, 626 MiB
---
[2026-03-31 04:44:24]
   PID     ELAPSED STAT %CPU %MEM CMD
144214  1-01:46:22 Rl+  99.9  0.2 python -u experiments/run_highway_experiments.py --phase train --envs merge-v0 intersection-v0 --algos dqn --seeds 0 1 2 3 4
994590    08:23:45 Sl+   0.0  0.0 python -u experiments/run_highway_experiments.py --phase train --envs intersection-v0 --algos ppo --seeds 0 1 2 --train-workers 2 --worker-torch-threads 10
0 %, 0 %, 635 MiB, 32607 MiB
144214, python, 626 MiB
---
[2026-03-31 04:45:24]
   PID     ELAPSED STAT %CPU %MEM CMD
144214  1-01:47:22 Rl+  99.9  0.2 python -u experiments/run_highway_experiments.py --phase train --envs merge-v0 intersection-v0 --algos dqn --seeds 0 1 2 3 4
994590    08:24:45 Sl+   0.0  0.0 python -u experiments/run_highway_experiments.py --phase train --envs intersection-v0 --algos ppo --seeds 0 1 2 --train-workers 2 --worker-torch-threads 10
0 %, 0 %, 635 MiB, 32607 MiB
144214, python, 626 MiB
---
[2026-03-31 04:46:24]
   PID     ELAPSED STAT %CPU %MEM CMD
144214  1-01:48:22 Rl+  99.9  0.2 python -u experiments/run_highway_experiments.py --phase train --envs merge-v0 intersection-v0 --algos dqn --seeds 0 1 2 3 4
994590    08:25:45 Sl+   0.0  0.0 python -u experiments/run_highway_experiments.py --phase train --envs intersection-v0 --algos ppo --seeds 0 1 2 --train-workers 2 --worker-torch-threads 10
0 %, 0 %, 635 MiB, 32607 MiB
144214, python, 626 MiB
---
[2026-03-31 04:47:25]
   PID     ELAPSED STAT %CPU %MEM CMD
144214  1-01:49:23 Rl+  99.9  0.2 python -u experiments/run_highway_experiments.py --phase train --envs merge-v0 intersection-v0 --algos dqn --seeds 0 1 2 3 4
994590    08:26:46 Sl+   0.0  0.0 python -u experiments/run_highway_experiments.py --phase train --envs intersection-v0 --algos ppo --seeds 0 1 2 --train-workers 2 --worker-torch-threads 10
0 %, 0 %, 635 MiB, 32607 MiB
144214, python, 626 MiB
---
[2026-03-31 04:48:25]
   PID     ELAPSED STAT %CPU %MEM CMD
144214  1-01:50:23 Rl+  99.9  0.2 python -u experiments/run_highway_experiments.py --phase train --envs merge-v0 intersection-v0 --algos dqn --seeds 0 1 2 3 4
994590    08:27:46 Sl+   0.0  0.0 python -u experiments/run_highway_experiments.py --phase train --envs intersection-v0 --algos ppo --seeds 0 1 2 --train-workers 2 --worker-torch-threads 10
0 %, 0 %, 635 MiB, 32607 MiB
144214, python, 626 MiB
---
[2026-03-31 04:49:25]
   PID     ELAPSED STAT %CPU %MEM CMD
144214  1-01:51:23 Rl+  99.9  0.2 python -u experiments/run_highway_experiments.py --phase train --envs merge-v0 intersection-v0 --algos dqn --seeds 0 1 2 3 4
994590    08:28:46 Sl+   0.0  0.0 python -u experiments/run_highway_experiments.py --phase train --envs intersection-v0 --algos ppo --seeds 0 1 2 --train-workers 2 --worker-torch-threads 10
0 %, 0 %, 635 MiB, 32607 MiB
144214, python, 626 MiB
---
[2026-03-31 04:50:25]
   PID     ELAPSED STAT %CPU %MEM CMD
144214  1-01:52:23 Rl+  99.9  0.2 python -u experiments/run_highway_experiments.py --phase train --envs merge-v0 intersection-v0 --algos dqn --seeds 0 1 2 3 4
994590    08:29:46 Sl+   0.0  0.0 python -u experiments/run_highway_experiments.py --phase train --envs intersection-v0 --algos ppo --seeds 0 1 2 --train-workers 2 --worker-torch-threads 10
0 %, 0 %, 635 MiB, 32607 MiB
144214, python, 626 MiB
---
[2026-03-31 04:51:25]
   PID     ELAPSED STAT %CPU %MEM CMD
144214  1-01:53:23 Rl+  99.9  0.2 python -u experiments/run_highway_experiments.py --phase train --envs merge-v0 intersection-v0 --algos dqn --seeds 0 1 2 3 4
994590    08:30:46 Sl+   0.0  0.0 python -u experiments/run_highway_experiments.py --phase train --envs intersection-v0 --algos ppo --seeds 0 1 2 --train-workers 2 --worker-torch-threads 10
0 %, 0 %, 635 MiB, 32607 MiB
144214, python, 626 MiB
---
[2026-03-31 04:52:25]
   PID     ELAPSED STAT %CPU %MEM CMD
144214  1-01:54:23 Rl+  99.9  0.2 python -u experiments/run_highway_experiments.py --phase train --envs merge-v0 intersection-v0 --algos dqn --seeds 0 1 2 3 4
994590    08:31:46 Sl+   0.0  0.0 python -u experiments/run_highway_experiments.py --phase train --envs intersection-v0 --algos ppo --seeds 0 1 2 --train-workers 2 --worker-torch-threads 10
0 %, 0 %, 635 MiB, 32607 MiB
144214, python, 626 MiB
---
[2026-03-31 04:53:26]
   PID     ELAPSED STAT %CPU %MEM CMD
144214  1-01:55:24 Rl+  99.9  0.2 python -u experiments/run_highway_experiments.py --phase train --envs merge-v0 intersection-v0 --algos dqn --seeds 0 1 2 3 4
994590    08:32:47 Sl+   0.0  0.0 python -u experiments/run_highway_experiments.py --phase train --envs intersection-v0 --algos ppo --seeds 0 1 2 --train-workers 2 --worker-torch-threads 10
0 %, 0 %, 635 MiB, 32607 MiB
144214, python, 626 MiB
---
[2026-03-31 04:54:26]
   PID     ELAPSED STAT %CPU %MEM CMD
144214  1-01:56:24 Rl+  99.9  0.2 python -u experiments/run_highway_experiments.py --phase train --envs merge-v0 intersection-v0 --algos dqn --seeds 0 1 2 3 4
994590    08:33:47 Sl+   0.0  0.0 python -u experiments/run_highway_experiments.py --phase train --envs intersection-v0 --algos ppo --seeds 0 1 2 --train-workers 2 --worker-torch-threads 10
0 %, 0 %, 635 MiB, 32607 MiB
144214, python, 626 MiB
---
[2026-03-31 04:55:26]
   PID     ELAPSED STAT %CPU %MEM CMD
144214  1-01:57:24 Rl+  99.9  0.2 python -u experiments/run_highway_experiments.py --phase train --envs merge-v0 intersection-v0 --algos dqn --seeds 0 1 2 3 4
994590    08:34:47 Sl+   0.0  0.0 python -u experiments/run_highway_experiments.py --phase train --envs intersection-v0 --algos ppo --seeds 0 1 2 --train-workers 2 --worker-torch-threads 10
0 %, 0 %, 635 MiB, 32607 MiB
144214, python, 626 MiB
---
[2026-03-31 04:56:26]
   PID     ELAPSED STAT %CPU %MEM CMD
144214  1-01:58:24 Rl+  99.9  0.2 python -u experiments/run_highway_experiments.py --phase train --envs merge-v0 intersection-v0 --algos dqn --seeds 0 1 2 3 4
994590    08:35:47 Sl+   0.0  0.0 python -u experiments/run_highway_experiments.py --phase train --envs intersection-v0 --algos ppo --seeds 0 1 2 --train-workers 2 --worker-torch-threads 10
0 %, 0 %, 635 MiB, 32607 MiB
144214, python, 626 MiB
---
[2026-03-31 04:57:26]
   PID     ELAPSED STAT %CPU %MEM CMD
144214  1-01:59:24 Rl+  99.9  0.2 python -u experiments/run_highway_experiments.py --phase train --envs merge-v0 intersection-v0 --algos dqn --seeds 0 1 2 3 4
994590    08:36:47 Sl+   0.0  0.0 python -u experiments/run_highway_experiments.py --phase train --envs intersection-v0 --algos ppo --seeds 0 1 2 --train-workers 2 --worker-torch-threads 10
0 %, 0 %, 635 MiB, 32607 MiB
144214, python, 626 MiB
---
[2026-03-31 04:58:26]
   PID     ELAPSED STAT %CPU %MEM CMD
144214  1-02:00:24 Rl+  99.9  0.2 python -u experiments/run_highway_experiments.py --phase train --envs merge-v0 intersection-v0 --algos dqn --seeds 0 1 2 3 4
994590    08:37:47 Sl+   0.0  0.0 python -u experiments/run_highway_experiments.py --phase train --envs intersection-v0 --algos ppo --seeds 0 1 2 --train-workers 2 --worker-torch-threads 10
0 %, 0 %, 635 MiB, 32607 MiB
144214, python, 626 MiB
---
[2026-03-31 04:59:27]
   PID     ELAPSED STAT %CPU %MEM CMD
144214  1-02:01:25 Rl+  99.9  0.2 python -u experiments/run_highway_experiments.py --phase train --envs merge-v0 intersection-v0 --algos dqn --seeds 0 1 2 3 4
994590    08:38:48 Sl+   0.0  0.0 python -u experiments/run_highway_experiments.py --phase train --envs intersection-v0 --algos ppo --seeds 0 1 2 --train-workers 2 --worker-torch-threads 10
0 %, 0 %, 635 MiB, 32607 MiB
144214, python, 626 MiB
---
[2026-03-31 05:00:27]
   PID     ELAPSED STAT %CPU %MEM CMD
144214  1-02:02:25 Rl+  99.9  0.2 python -u experiments/run_highway_experiments.py --phase train --envs merge-v0 intersection-v0 --algos dqn --seeds 0 1 2 3 4
994590    08:39:48 Sl+   0.0  0.0 python -u experiments/run_highway_experiments.py --phase train --envs intersection-v0 --algos ppo --seeds 0 1 2 --train-workers 2 --worker-torch-threads 10
0 %, 0 %, 635 MiB, 32607 MiB
144214, python, 626 MiB
---
[2026-03-31 05:01:27]
   PID     ELAPSED STAT %CPU %MEM CMD
144214  1-02:03:25 Rl+  99.9  0.2 python -u experiments/run_highway_experiments.py --phase train --envs merge-v0 intersection-v0 --algos dqn --seeds 0 1 2 3 4
994590    08:40:48 Sl+   0.0  0.0 python -u experiments/run_highway_experiments.py --phase train --envs intersection-v0 --algos ppo --seeds 0 1 2 --train-workers 2 --worker-torch-threads 10
0 %, 0 %, 635 MiB, 32607 MiB
144214, python, 626 MiB
---
[2026-03-31 05:02:27]
   PID     ELAPSED STAT %CPU %MEM CMD
144214  1-02:04:25 Rl+  99.9  0.2 python -u experiments/run_highway_experiments.py --phase train --envs merge-v0 intersection-v0 --algos dqn --seeds 0 1 2 3 4
994590    08:41:48 Sl+   0.0  0.0 python -u experiments/run_highway_experiments.py --phase train --envs intersection-v0 --algos ppo --seeds 0 1 2 --train-workers 2 --worker-torch-threads 10
1 %, 0 %, 635 MiB, 32607 MiB
144214, python, 626 MiB
---
[2026-03-31 05:03:27]
   PID     ELAPSED STAT %CPU %MEM CMD
144214  1-02:05:25 Rl+  99.9  0.2 python -u experiments/run_highway_experiments.py --phase train --envs merge-v0 intersection-v0 --algos dqn --seeds 0 1 2 3 4
994590    08:42:48 Sl+   0.0  0.0 python -u experiments/run_highway_experiments.py --phase train --envs intersection-v0 --algos ppo --seeds 0 1 2 --train-workers 2 --worker-torch-threads 10
0 %, 0 %, 635 MiB, 32607 MiB
144214, python, 626 MiB
---
[2026-03-31 05:04:27]
   PID     ELAPSED STAT %CPU %MEM CMD
144214  1-02:06:25 Rl+  99.9  0.2 python -u experiments/run_highway_experiments.py --phase train --envs merge-v0 intersection-v0 --algos dqn --seeds 0 1 2 3 4
994590    08:43:48 Sl+   0.0  0.0 python -u experiments/run_highway_experiments.py --phase train --envs intersection-v0 --algos ppo --seeds 0 1 2 --train-workers 2 --worker-torch-threads 10
0 %, 0 %, 635 MiB, 32607 MiB
144214, python, 626 MiB
---
[2026-03-31 05:05:28]
   PID     ELAPSED STAT %CPU %MEM CMD
144214  1-02:07:26 Rl+  99.9  0.2 python -u experiments/run_highway_experiments.py --phase train --envs merge-v0 intersection-v0 --algos dqn --seeds 0 1 2 3 4
994590    08:44:49 Sl+   0.0  0.0 python -u experiments/run_highway_experiments.py --phase train --envs intersection-v0 --algos ppo --seeds 0 1 2 --train-workers 2 --worker-torch-threads 10
0 %, 0 %, 635 MiB, 32607 MiB
144214, python, 626 MiB
---
[2026-03-31 05:06:28]
   PID     ELAPSED STAT %CPU %MEM CMD
144214  1-02:08:26 Rl+  99.9  0.2 python -u experiments/run_highway_experiments.py --phase train --envs merge-v0 intersection-v0 --algos dqn --seeds 0 1 2 3 4
994590    08:45:49 Sl+   0.0  0.0 python -u experiments/run_highway_experiments.py --phase train --envs intersection-v0 --algos ppo --seeds 0 1 2 --train-workers 2 --worker-torch-threads 10
0 %, 0 %, 635 MiB, 32607 MiB
144214, python, 626 MiB
---
[2026-03-31 05:07:28]
   PID     ELAPSED STAT %CPU %MEM CMD
144214  1-02:09:26 Rl+  99.9  0.2 python -u experiments/run_highway_experiments.py --phase train --envs merge-v0 intersection-v0 --algos dqn --seeds 0 1 2 3 4
994590    08:46:49 Sl+   0.0  0.0 python -u experiments/run_highway_experiments.py --phase train --envs intersection-v0 --algos ppo --seeds 0 1 2 --train-workers 2 --worker-torch-threads 10
0 %, 0 %, 635 MiB, 32607 MiB
144214, python, 626 MiB
---
[2026-03-31 05:08:28]
   PID     ELAPSED STAT %CPU %MEM CMD
144214  1-02:10:26 Rl+  99.9  0.2 python -u experiments/run_highway_experiments.py --phase train --envs merge-v0 intersection-v0 --algos dqn --seeds 0 1 2 3 4
994590    08:47:49 Sl+   0.0  0.0 python -u experiments/run_highway_experiments.py --phase train --envs intersection-v0 --algos ppo --seeds 0 1 2 --train-workers 2 --worker-torch-threads 10
0 %, 0 %, 635 MiB, 32607 MiB
144214, python, 626 MiB
---
[2026-03-31 05:09:28]
   PID     ELAPSED STAT %CPU %MEM CMD
144214  1-02:11:26 Rl+  99.9  0.2 python -u experiments/run_highway_experiments.py --phase train --envs merge-v0 intersection-v0 --algos dqn --seeds 0 1 2 3 4
994590    08:48:49 Sl+   0.0  0.0 python -u experiments/run_highway_experiments.py --phase train --envs intersection-v0 --algos ppo --seeds 0 1 2 --train-workers 2 --worker-torch-threads 10
0 %, 0 %, 635 MiB, 32607 MiB
144214, python, 626 MiB
---
[2026-03-31 05:10:28]
   PID     ELAPSED STAT %CPU %MEM CMD
144214  1-02:12:26 Rl+  99.9  0.2 python -u experiments/run_highway_experiments.py --phase train --envs merge-v0 intersection-v0 --algos dqn --seeds 0 1 2 3 4
994590    08:49:49 Sl+   0.0  0.0 python -u experiments/run_highway_experiments.py --phase train --envs intersection-v0 --algos ppo --seeds 0 1 2 --train-workers 2 --worker-torch-threads 10
0 %, 0 %, 635 MiB, 32607 MiB
144214, python, 626 MiB
---
[2026-03-31 05:11:29]
   PID     ELAPSED STAT %CPU %MEM CMD
144214  1-02:13:27 Rl+  99.9  0.2 python -u experiments/run_highway_experiments.py --phase train --envs merge-v0 intersection-v0 --algos dqn --seeds 0 1 2 3 4
994590    08:50:50 Sl+   0.0  0.0 python -u experiments/run_highway_experiments.py --phase train --envs intersection-v0 --algos ppo --seeds 0 1 2 --train-workers 2 --worker-torch-threads 10
0 %, 0 %, 635 MiB, 32607 MiB
144214, python, 626 MiB
---
[2026-03-31 05:12:29]
   PID     ELAPSED STAT %CPU %MEM CMD
144214  1-02:14:27 Rl+  99.9  0.2 python -u experiments/run_highway_experiments.py --phase train --envs merge-v0 intersection-v0 --algos dqn --seeds 0 1 2 3 4
994590    08:51:50 Sl+   0.0  0.0 python -u experiments/run_highway_experiments.py --phase train --envs intersection-v0 --algos ppo --seeds 0 1 2 --train-workers 2 --worker-torch-threads 10
0 %, 0 %, 635 MiB, 32607 MiB
144214, python, 626 MiB
---
[2026-03-31 05:13:29]
   PID     ELAPSED STAT %CPU %MEM CMD
144214  1-02:15:27 Rl+  99.9  0.2 python -u experiments/run_highway_experiments.py --phase train --envs merge-v0 intersection-v0 --algos dqn --seeds 0 1 2 3 4
994590    08:52:50 Sl+   0.0  0.0 python -u experiments/run_highway_experiments.py --phase train --envs intersection-v0 --algos ppo --seeds 0 1 2 --train-workers 2 --worker-torch-threads 10
0 %, 0 %, 635 MiB, 32607 MiB
144214, python, 626 MiB
---
[2026-03-31 05:14:29]
   PID     ELAPSED STAT %CPU %MEM CMD
144214  1-02:16:27 Rl+  99.9  0.2 python -u experiments/run_highway_experiments.py --phase train --envs merge-v0 intersection-v0 --algos dqn --seeds 0 1 2 3 4
994590    08:53:50 Sl+   0.0  0.0 python -u experiments/run_highway_experiments.py --phase train --envs intersection-v0 --algos ppo --seeds 0 1 2 --train-workers 2 --worker-torch-threads 10
0 %, 0 %, 635 MiB, 32607 MiB
144214, python, 626 MiB
---
[2026-03-31 05:15:29]
   PID     ELAPSED STAT %CPU %MEM CMD
144214  1-02:17:27 Rl+  99.9  0.2 python -u experiments/run_highway_experiments.py --phase train --envs merge-v0 intersection-v0 --algos dqn --seeds 0 1 2 3 4
994590    08:54:50 Sl+   0.0  0.0 python -u experiments/run_highway_experiments.py --phase train --envs intersection-v0 --algos ppo --seeds 0 1 2 --train-workers 2 --worker-torch-threads 10
0 %, 0 %, 635 MiB, 32607 MiB
144214, python, 626 MiB
---
[2026-03-31 05:16:29]
   PID     ELAPSED STAT %CPU %MEM CMD
144214  1-02:18:27 Rl+  99.9  0.2 python -u experiments/run_highway_experiments.py --phase train --envs merge-v0 intersection-v0 --algos dqn --seeds 0 1 2 3 4
994590    08:55:50 Sl+   0.0  0.0 python -u experiments/run_highway_experiments.py --phase train --envs intersection-v0 --algos ppo --seeds 0 1 2 --train-workers 2 --worker-torch-threads 10
0 %, 0 %, 635 MiB, 32607 MiB
144214, python, 626 MiB
---
[2026-03-31 05:17:30]
   PID     ELAPSED STAT %CPU %MEM CMD
144214  1-02:19:28 Rl+  99.9  0.2 python -u experiments/run_highway_experiments.py --phase train --envs merge-v0 intersection-v0 --algos dqn --seeds 0 1 2 3 4
994590    08:56:51 Sl+   0.0  0.0 python -u experiments/run_highway_experiments.py --phase train --envs intersection-v0 --algos ppo --seeds 0 1 2 --train-workers 2 --worker-torch-threads 10
0 %, 0 %, 635 MiB, 32607 MiB
144214, python, 626 MiB
---
[2026-03-31 05:18:30]
   PID     ELAPSED STAT %CPU %MEM CMD
144214  1-02:20:28 Rl+  99.9  0.2 python -u experiments/run_highway_experiments.py --phase train --envs merge-v0 intersection-v0 --algos dqn --seeds 0 1 2 3 4
994590    08:57:51 Sl+   0.0  0.0 python -u experiments/run_highway_experiments.py --phase train --envs intersection-v0 --algos ppo --seeds 0 1 2 --train-workers 2 --worker-torch-threads 10
0 %, 0 %, 635 MiB, 32607 MiB
144214, python, 626 MiB
---
[2026-03-31 05:19:30]
   PID     ELAPSED STAT %CPU %MEM CMD
144214  1-02:21:28 Rl+  99.9  0.2 python -u experiments/run_highway_experiments.py --phase train --envs merge-v0 intersection-v0 --algos dqn --seeds 0 1 2 3 4
994590    08:58:51 Sl+   0.0  0.0 python -u experiments/run_highway_experiments.py --phase train --envs intersection-v0 --algos ppo --seeds 0 1 2 --train-workers 2 --worker-torch-threads 10
0 %, 0 %, 635 MiB, 32607 MiB
144214, python, 626 MiB
---
[2026-03-31 05:20:30]
   PID     ELAPSED STAT %CPU %MEM CMD
144214  1-02:22:28 Rl+  99.9  0.2 python -u experiments/run_highway_experiments.py --phase train --envs merge-v0 intersection-v0 --algos dqn --seeds 0 1 2 3 4
994590    08:59:51 Sl+   0.0  0.0 python -u experiments/run_highway_experiments.py --phase train --envs intersection-v0 --algos ppo --seeds 0 1 2 --train-workers 2 --worker-torch-threads 10
0 %, 0 %, 635 MiB, 32607 MiB
144214, python, 626 MiB
---
[2026-03-31 05:21:30]
   PID     ELAPSED STAT %CPU %MEM CMD
144214  1-02:23:28 Rl+  99.9  0.2 python -u experiments/run_highway_experiments.py --phase train --envs merge-v0 intersection-v0 --algos dqn --seeds 0 1 2 3 4
994590    09:00:51 Sl+   0.0  0.0 python -u experiments/run_highway_experiments.py --phase train --envs intersection-v0 --algos ppo --seeds 0 1 2 --train-workers 2 --worker-torch-threads 10
0 %, 0 %, 635 MiB, 32607 MiB
144214, python, 626 MiB
---
[2026-03-31 05:22:30]
   PID     ELAPSED STAT %CPU %MEM CMD
144214  1-02:24:28 Rl+  99.9  0.2 python -u experiments/run_highway_experiments.py --phase train --envs merge-v0 intersection-v0 --algos dqn --seeds 0 1 2 3 4
994590    09:01:51 Sl+   0.0  0.0 python -u experiments/run_highway_experiments.py --phase train --envs intersection-v0 --algos ppo --seeds 0 1 2 --train-workers 2 --worker-torch-threads 10
0 %, 0 %, 635 MiB, 32607 MiB
144214, python, 626 MiB
---
[2026-03-31 05:23:30]
   PID     ELAPSED STAT %CPU %MEM CMD
144214  1-02:25:28 Rl+  99.9  0.2 python -u experiments/run_highway_experiments.py --phase train --envs merge-v0 intersection-v0 --algos dqn --seeds 0 1 2 3 4
994590    09:02:51 Sl+   0.0  0.0 python -u experiments/run_highway_experiments.py --phase train --envs intersection-v0 --algos ppo --seeds 0 1 2 --train-workers 2 --worker-torch-threads 10
0 %, 0 %, 635 MiB, 32607 MiB
144214, python, 626 MiB
---
[2026-03-31 05:24:31]
   PID     ELAPSED STAT %CPU %MEM CMD
144214  1-02:26:29 Rl+  99.9  0.2 python -u experiments/run_highway_experiments.py --phase train --envs merge-v0 intersection-v0 --algos dqn --seeds 0 1 2 3 4
994590    09:03:52 Sl+   0.0  0.0 python -u experiments/run_highway_experiments.py --phase train --envs intersection-v0 --algos ppo --seeds 0 1 2 --train-workers 2 --worker-torch-threads 10
0 %, 0 %, 635 MiB, 32607 MiB
144214, python, 626 MiB
---
[2026-03-31 05:25:31]
   PID     ELAPSED STAT %CPU %MEM CMD
144214  1-02:27:29 Rl+  99.9  0.2 python -u experiments/run_highway_experiments.py --phase train --envs merge-v0 intersection-v0 --algos dqn --seeds 0 1 2 3 4
994590    09:04:52 Sl+   0.0  0.0 python -u experiments/run_highway_experiments.py --phase train --envs intersection-v0 --algos ppo --seeds 0 1 2 --train-workers 2 --worker-torch-threads 10
0 %, 0 %, 635 MiB, 32607 MiB
144214, python, 626 MiB
---
[2026-03-31 05:26:31]
   PID     ELAPSED STAT %CPU %MEM CMD
144214  1-02:28:29 Rl+  99.9  0.2 python -u experiments/run_highway_experiments.py --phase train --envs merge-v0 intersection-v0 --algos dqn --seeds 0 1 2 3 4
994590    09:05:52 Sl+   0.0  0.0 python -u experiments/run_highway_experiments.py --phase train --envs intersection-v0 --algos ppo --seeds 0 1 2 --train-workers 2 --worker-torch-threads 10
0 %, 0 %, 635 MiB, 32607 MiB
144214, python, 626 MiB
---
[2026-03-31 05:27:31]
   PID     ELAPSED STAT %CPU %MEM CMD
144214  1-02:29:29 Rl+  99.9  0.2 python -u experiments/run_highway_experiments.py --phase train --envs merge-v0 intersection-v0 --algos dqn --seeds 0 1 2 3 4
994590    09:06:52 Sl+   0.0  0.0 python -u experiments/run_highway_experiments.py --phase train --envs intersection-v0 --algos ppo --seeds 0 1 2 --train-workers 2 --worker-torch-threads 10
1 %, 0 %, 635 MiB, 32607 MiB
144214, python, 626 MiB
---
[2026-03-31 05:28:31]
   PID     ELAPSED STAT %CPU %MEM CMD
144214  1-02:30:29 Rl+  99.9  0.2 python -u experiments/run_highway_experiments.py --phase train --envs merge-v0 intersection-v0 --algos dqn --seeds 0 1 2 3 4
994590    09:07:52 Sl+   0.0  0.0 python -u experiments/run_highway_experiments.py --phase train --envs intersection-v0 --algos ppo --seeds 0 1 2 --train-workers 2 --worker-torch-threads 10
0 %, 0 %, 635 MiB, 32607 MiB
144214, python, 626 MiB
---
[2026-03-31 05:29:32]
   PID     ELAPSED STAT %CPU %MEM CMD
144214  1-02:31:29 Rl+  99.9  0.2 python -u experiments/run_highway_experiments.py --phase train --envs merge-v0 intersection-v0 --algos dqn --seeds 0 1 2 3 4
994590    09:08:52 Sl+   0.0  0.0 python -u experiments/run_highway_experiments.py --phase train --envs intersection-v0 --algos ppo --seeds 0 1 2 --train-workers 2 --worker-torch-threads 10
0 %, 0 %, 635 MiB, 32607 MiB
144214, python, 626 MiB
---
[2026-03-31 05:30:32]
   PID     ELAPSED STAT %CPU %MEM CMD
144214  1-02:32:30 Rl+  99.9  0.2 python -u experiments/run_highway_experiments.py --phase train --envs merge-v0 intersection-v0 --algos dqn --seeds 0 1 2 3 4
994590    09:09:53 Sl+   0.0  0.0 python -u experiments/run_highway_experiments.py --phase train --envs intersection-v0 --algos ppo --seeds 0 1 2 --train-workers 2 --worker-torch-threads 10
0 %, 0 %, 635 MiB, 32607 MiB
144214, python, 626 MiB
---
[2026-03-31 05:31:32]
   PID     ELAPSED STAT %CPU %MEM CMD
144214  1-02:33:30 Rl+  99.9  0.2 python -u experiments/run_highway_experiments.py --phase train --envs merge-v0 intersection-v0 --algos dqn --seeds 0 1 2 3 4
994590    09:10:53 Sl+   0.0  0.0 python -u experiments/run_highway_experiments.py --phase train --envs intersection-v0 --algos ppo --seeds 0 1 2 --train-workers 2 --worker-torch-threads 10
0 %, 0 %, 635 MiB, 32607 MiB
144214, python, 626 MiB
---
[2026-03-31 05:32:32]
   PID     ELAPSED STAT %CPU %MEM CMD
144214  1-02:34:30 Rl+  99.9  0.2 python -u experiments/run_highway_experiments.py --phase train --envs merge-v0 intersection-v0 --algos dqn --seeds 0 1 2 3 4
994590    09:11:53 Sl+   0.0  0.0 python -u experiments/run_highway_experiments.py --phase train --envs intersection-v0 --algos ppo --seeds 0 1 2 --train-workers 2 --worker-torch-threads 10
0 %, 0 %, 635 MiB, 32607 MiB
144214, python, 626 MiB
---
[2026-03-31 05:33:32]
   PID     ELAPSED STAT %CPU %MEM CMD
144214  1-02:35:30 Rl+  99.9  0.2 python -u experiments/run_highway_experiments.py --phase train --envs merge-v0 intersection-v0 --algos dqn --seeds 0 1 2 3 4
994590    09:12:53 Sl+   0.0  0.0 python -u experiments/run_highway_experiments.py --phase train --envs intersection-v0 --algos ppo --seeds 0 1 2 --train-workers 2 --worker-torch-threads 10
0 %, 0 %, 635 MiB, 32607 MiB
144214, python, 626 MiB
---
[2026-03-31 05:34:32]
   PID     ELAPSED STAT %CPU %MEM CMD
144214  1-02:36:30 Rl+  99.9  0.2 python -u experiments/run_highway_experiments.py --phase train --envs merge-v0 intersection-v0 --algos dqn --seeds 0 1 2 3 4
994590    09:13:53 Sl+   0.0  0.0 python -u experiments/run_highway_experiments.py --phase train --envs intersection-v0 --algos ppo --seeds 0 1 2 --train-workers 2 --worker-torch-threads 10
0 %, 0 %, 635 MiB, 32607 MiB
144214, python, 626 MiB
---
[2026-03-31 05:35:33]
   PID     ELAPSED STAT %CPU %MEM CMD
144214  1-02:37:30 Rl+  99.9  0.2 python -u experiments/run_highway_experiments.py --phase train --envs merge-v0 intersection-v0 --algos dqn --seeds 0 1 2 3 4
994590    09:14:53 Sl+   0.0  0.0 python -u experiments/run_highway_experiments.py --phase train --envs intersection-v0 --algos ppo --seeds 0 1 2 --train-workers 2 --worker-torch-threads 10
0 %, 0 %, 635 MiB, 32607 MiB
144214, python, 626 MiB
---
[2026-03-31 05:36:33]
   PID     ELAPSED STAT %CPU %MEM CMD
144214  1-02:38:31 Rl+  99.9  0.2 python -u experiments/run_highway_experiments.py --phase train --envs merge-v0 intersection-v0 --algos dqn --seeds 0 1 2 3 4
994590    09:15:54 Sl+   0.0  0.0 python -u experiments/run_highway_experiments.py --phase train --envs intersection-v0 --algos ppo --seeds 0 1 2 --train-workers 2 --worker-torch-threads 10
0 %, 0 %, 635 MiB, 32607 MiB
144214, python, 626 MiB
---
[2026-03-31 05:37:33]
   PID     ELAPSED STAT %CPU %MEM CMD
144214  1-02:39:31 Rl+  99.9  0.2 python -u experiments/run_highway_experiments.py --phase train --envs merge-v0 intersection-v0 --algos dqn --seeds 0 1 2 3 4
994590    09:16:54 Sl+   0.0  0.0 python -u experiments/run_highway_experiments.py --phase train --envs intersection-v0 --algos ppo --seeds 0 1 2 --train-workers 2 --worker-torch-threads 10
0 %, 0 %, 635 MiB, 32607 MiB
144214, python, 626 MiB
---
[2026-03-31 05:38:33]
   PID     ELAPSED STAT %CPU %MEM CMD
144214  1-02:40:31 Rl+  99.9  0.2 python -u experiments/run_highway_experiments.py --phase train --envs merge-v0 intersection-v0 --algos dqn --seeds 0 1 2 3 4
994590    09:17:54 Sl+   0.0  0.0 python -u experiments/run_highway_experiments.py --phase train --envs intersection-v0 --algos ppo --seeds 0 1 2 --train-workers 2 --worker-torch-threads 10
0 %, 0 %, 635 MiB, 32607 MiB
144214, python, 626 MiB
---
[2026-03-31 05:39:33]
   PID     ELAPSED STAT %CPU %MEM CMD
144214  1-02:41:31 Rl+  99.9  0.2 python -u experiments/run_highway_experiments.py --phase train --envs merge-v0 intersection-v0 --algos dqn --seeds 0 1 2 3 4
994590    09:18:54 Sl+   0.0  0.0 python -u experiments/run_highway_experiments.py --phase train --envs intersection-v0 --algos ppo --seeds 0 1 2 --train-workers 2 --worker-torch-threads 10
0 %, 0 %, 635 MiB, 32607 MiB
144214, python, 626 MiB
---
[2026-03-31 05:40:33]
   PID     ELAPSED STAT %CPU %MEM CMD
144214  1-02:42:31 Rl+  99.9  0.2 python -u experiments/run_highway_experiments.py --phase train --envs merge-v0 intersection-v0 --algos dqn --seeds 0 1 2 3 4
994590    09:19:54 Sl+   0.0  0.0 python -u experiments/run_highway_experiments.py --phase train --envs intersection-v0 --algos ppo --seeds 0 1 2 --train-workers 2 --worker-torch-threads 10
0 %, 0 %, 635 MiB, 32607 MiB
144214, python, 626 MiB
---
[2026-03-31 05:41:34]
   PID     ELAPSED STAT %CPU %MEM CMD
144214  1-02:43:31 Rl+  99.9  0.2 python -u experiments/run_highway_experiments.py --phase train --envs merge-v0 intersection-v0 --algos dqn --seeds 0 1 2 3 4
994590    09:20:54 Sl+   0.0  0.0 python -u experiments/run_highway_experiments.py --phase train --envs intersection-v0 --algos ppo --seeds 0 1 2 --train-workers 2 --worker-torch-threads 10
0 %, 0 %, 635 MiB, 32607 MiB
144214, python, 626 MiB
---
[2026-03-31 05:42:34]
   PID     ELAPSED STAT %CPU %MEM CMD
144214  1-02:44:32 Rl+  99.9  0.2 python -u experiments/run_highway_experiments.py --phase train --envs merge-v0 intersection-v0 --algos dqn --seeds 0 1 2 3 4
994590    09:21:55 Sl+   0.0  0.0 python -u experiments/run_highway_experiments.py --phase train --envs intersection-v0 --algos ppo --seeds 0 1 2 --train-workers 2 --worker-torch-threads 10
0 %, 0 %, 635 MiB, 32607 MiB
144214, python, 626 MiB
---
[2026-03-31 05:43:34]
   PID     ELAPSED STAT %CPU %MEM CMD
144214  1-02:45:32 Rl+  99.9  0.2 python -u experiments/run_highway_experiments.py --phase train --envs merge-v0 intersection-v0 --algos dqn --seeds 0 1 2 3 4
994590    09:22:55 Sl+   0.0  0.0 python -u experiments/run_highway_experiments.py --phase train --envs intersection-v0 --algos ppo --seeds 0 1 2 --train-workers 2 --worker-torch-threads 10
0 %, 0 %, 635 MiB, 32607 MiB
144214, python, 626 MiB
---
[2026-03-31 05:44:34]
   PID     ELAPSED STAT %CPU %MEM CMD
144214  1-02:46:32 Rl+  99.9  0.2 python -u experiments/run_highway_experiments.py --phase train --envs merge-v0 intersection-v0 --algos dqn --seeds 0 1 2 3 4
994590    09:23:55 Sl+   0.0  0.0 python -u experiments/run_highway_experiments.py --phase train --envs intersection-v0 --algos ppo --seeds 0 1 2 --train-workers 2 --worker-torch-threads 10
0 %, 0 %, 635 MiB, 32607 MiB
144214, python, 626 MiB
---
[2026-03-31 05:45:34]
   PID     ELAPSED STAT %CPU %MEM CMD
144214  1-02:47:32 Rl+  99.9  0.2 python -u experiments/run_highway_experiments.py --phase train --envs merge-v0 intersection-v0 --algos dqn --seeds 0 1 2 3 4
994590    09:24:55 Sl+   0.0  0.0 python -u experiments/run_highway_experiments.py --phase train --envs intersection-v0 --algos ppo --seeds 0 1 2 --train-workers 2 --worker-torch-threads 10
0 %, 0 %, 635 MiB, 32607 MiB
144214, python, 626 MiB
---
[2026-03-31 05:46:34]
   PID     ELAPSED STAT %CPU %MEM CMD
144214  1-02:48:32 Rl+  99.9  0.2 python -u experiments/run_highway_experiments.py --phase train --envs merge-v0 intersection-v0 --algos dqn --seeds 0 1 2 3 4
994590    09:25:55 Sl+   0.0  0.0 python -u experiments/run_highway_experiments.py --phase train --envs intersection-v0 --algos ppo --seeds 0 1 2 --train-workers 2 --worker-torch-threads 10
0 %, 0 %, 635 MiB, 32607 MiB
144214, python, 626 MiB
---
[2026-03-31 05:47:35]
   PID     ELAPSED STAT %CPU %MEM CMD
144214  1-02:49:32 Rl+  99.9  0.2 python -u experiments/run_highway_experiments.py --phase train --envs merge-v0 intersection-v0 --algos dqn --seeds 0 1 2 3 4
994590    09:26:55 Sl+   0.0  0.0 python -u experiments/run_highway_experiments.py --phase train --envs intersection-v0 --algos ppo --seeds 0 1 2 --train-workers 2 --worker-torch-threads 10
0 %, 0 %, 635 MiB, 32607 MiB
144214, python, 626 MiB
---
[2026-03-31 05:48:35]
   PID     ELAPSED STAT %CPU %MEM CMD
144214  1-02:50:33 Rl+  99.9  0.2 python -u experiments/run_highway_experiments.py --phase train --envs merge-v0 intersection-v0 --algos dqn --seeds 0 1 2 3 4
994590    09:27:56 Sl+   0.0  0.0 python -u experiments/run_highway_experiments.py --phase train --envs intersection-v0 --algos ppo --seeds 0 1 2 --train-workers 2 --worker-torch-threads 10
0 %, 0 %, 635 MiB, 32607 MiB
144214, python, 626 MiB
---
[2026-03-31 05:49:35]
   PID     ELAPSED STAT %CPU %MEM CMD
144214  1-02:51:33 Rl+  99.9  0.2 python -u experiments/run_highway_experiments.py --phase train --envs merge-v0 intersection-v0 --algos dqn --seeds 0 1 2 3 4
994590    09:28:56 Sl+   0.0  0.0 python -u experiments/run_highway_experiments.py --phase train --envs intersection-v0 --algos ppo --seeds 0 1 2 --train-workers 2 --worker-torch-threads 10
0 %, 0 %, 635 MiB, 32607 MiB
144214, python, 626 MiB
---
[2026-03-31 05:50:35]
   PID     ELAPSED STAT %CPU %MEM CMD
144214  1-02:52:33 Rl+  99.9  0.2 python -u experiments/run_highway_experiments.py --phase train --envs merge-v0 intersection-v0 --algos dqn --seeds 0 1 2 3 4
994590    09:29:56 Sl+   0.0  0.0 python -u experiments/run_highway_experiments.py --phase train --envs intersection-v0 --algos ppo --seeds 0 1 2 --train-workers 2 --worker-torch-threads 10
0 %, 0 %, 635 MiB, 32607 MiB
144214, python, 626 MiB
---
[2026-03-31 05:51:35]
   PID     ELAPSED STAT %CPU %MEM CMD
144214  1-02:53:33 Rl+  99.9  0.2 python -u experiments/run_highway_experiments.py --phase train --envs merge-v0 intersection-v0 --algos dqn --seeds 0 1 2 3 4
994590    09:30:56 Sl+   0.0  0.0 python -u experiments/run_highway_experiments.py --phase train --envs intersection-v0 --algos ppo --seeds 0 1 2 --train-workers 2 --worker-torch-threads 10
0 %, 0 %, 635 MiB, 32607 MiB
144214, python, 626 MiB
---
[2026-03-31 05:52:35]
   PID     ELAPSED STAT %CPU %MEM CMD
144214  1-02:54:33 Rl+  99.9  0.2 python -u experiments/run_highway_experiments.py --phase train --envs merge-v0 intersection-v0 --algos dqn --seeds 0 1 2 3 4
994590    09:31:56 Sl+   0.0  0.0 python -u experiments/run_highway_experiments.py --phase train --envs intersection-v0 --algos ppo --seeds 0 1 2 --train-workers 2 --worker-torch-threads 10
0 %, 0 %, 635 MiB, 32607 MiB
144214, python, 626 MiB
---
[2026-03-31 05:53:35]
   PID     ELAPSED STAT %CPU %MEM CMD
144214  1-02:55:33 Rl+  99.9  0.2 python -u experiments/run_highway_experiments.py --phase train --envs merge-v0 intersection-v0 --algos dqn --seeds 0 1 2 3 4
994590    09:32:56 Sl+   0.0  0.0 python -u experiments/run_highway_experiments.py --phase train --envs intersection-v0 --algos ppo --seeds 0 1 2 --train-workers 2 --worker-torch-threads 10
0 %, 0 %, 635 MiB, 32607 MiB
144214, python, 626 MiB
---
[2026-03-31 05:54:36]
   PID     ELAPSED STAT %CPU %MEM CMD
144214  1-02:56:34 Rl+  99.9  0.2 python -u experiments/run_highway_experiments.py --phase train --envs merge-v0 intersection-v0 --algos dqn --seeds 0 1 2 3 4
994590    09:33:57 Sl+   0.0  0.0 python -u experiments/run_highway_experiments.py --phase train --envs intersection-v0 --algos ppo --seeds 0 1 2 --train-workers 2 --worker-torch-threads 10
0 %, 0 %, 635 MiB, 32607 MiB
144214, python, 626 MiB
---
[2026-03-31 05:55:36]
   PID     ELAPSED STAT %CPU %MEM CMD
144214  1-02:57:34 Rl+  99.9  0.2 python -u experiments/run_highway_experiments.py --phase train --envs merge-v0 intersection-v0 --algos dqn --seeds 0 1 2 3 4
994590    09:34:57 Sl+   0.0  0.0 python -u experiments/run_highway_experiments.py --phase train --envs intersection-v0 --algos ppo --seeds 0 1 2 --train-workers 2 --worker-torch-threads 10
0 %, 0 %, 635 MiB, 32607 MiB
144214, python, 626 MiB
---
[2026-03-31 05:56:36]
   PID     ELAPSED STAT %CPU %MEM CMD
144214  1-02:58:34 Rl+  99.9  0.2 python -u experiments/run_highway_experiments.py --phase train --envs merge-v0 intersection-v0 --algos dqn --seeds 0 1 2 3 4
994590    09:35:57 Sl+   0.0  0.0 python -u experiments/run_highway_experiments.py --phase train --envs intersection-v0 --algos ppo --seeds 0 1 2 --train-workers 2 --worker-torch-threads 10
0 %, 0 %, 635 MiB, 32607 MiB
144214, python, 626 MiB
---
[2026-03-31 05:57:36]
   PID     ELAPSED STAT %CPU %MEM CMD
144214  1-02:59:34 Rl+  99.9  0.2 python -u experiments/run_highway_experiments.py --phase train --envs merge-v0 intersection-v0 --algos dqn --seeds 0 1 2 3 4
994590    09:36:57 Sl+   0.0  0.0 python -u experiments/run_highway_experiments.py --phase train --envs intersection-v0 --algos ppo --seeds 0 1 2 --train-workers 2 --worker-torch-threads 10
0 %, 0 %, 635 MiB, 32607 MiB
144214, python, 626 MiB
---
[2026-03-31 05:58:36]
   PID     ELAPSED STAT %CPU %MEM CMD
144214  1-03:00:34 Rl+  99.9  0.2 python -u experiments/run_highway_experiments.py --phase train --envs merge-v0 intersection-v0 --algos dqn --seeds 0 1 2 3 4
994590    09:37:57 Sl+   0.0  0.0 python -u experiments/run_highway_experiments.py --phase train --envs intersection-v0 --algos ppo --seeds 0 1 2 --train-workers 2 --worker-torch-threads 10
0 %, 0 %, 635 MiB, 32607 MiB
144214, python, 626 MiB
---
[2026-03-31 05:59:37]
   PID     ELAPSED STAT %CPU %MEM CMD
144214  1-03:01:34 Rl+  99.9  0.2 python -u experiments/run_highway_experiments.py --phase train --envs merge-v0 intersection-v0 --algos dqn --seeds 0 1 2 3 4
994590    09:38:57 Sl+   0.0  0.0 python -u experiments/run_highway_experiments.py --phase train --envs intersection-v0 --algos ppo --seeds 0 1 2 --train-workers 2 --worker-torch-threads 10
0 %, 0 %, 635 MiB, 32607 MiB
144214, python, 626 MiB
---
[2026-03-31 06:00:37]
   PID     ELAPSED STAT %CPU %MEM CMD
144214  1-03:02:35 Rl+  99.9  0.2 python -u experiments/run_highway_experiments.py --phase train --envs merge-v0 intersection-v0 --algos dqn --seeds 0 1 2 3 4
994590    09:39:58 Sl+   0.0  0.0 python -u experiments/run_highway_experiments.py --phase train --envs intersection-v0 --algos ppo --seeds 0 1 2 --train-workers 2 --worker-torch-threads 10
0 %, 0 %, 635 MiB, 32607 MiB
144214, python, 626 MiB
---
[2026-03-31 06:01:37]
   PID     ELAPSED STAT %CPU %MEM CMD
144214  1-03:03:35 Rl+  99.9  0.2 python -u experiments/run_highway_experiments.py --phase train --envs merge-v0 intersection-v0 --algos dqn --seeds 0 1 2 3 4
994590    09:40:58 Sl+   0.0  0.0 python -u experiments/run_highway_experiments.py --phase train --envs intersection-v0 --algos ppo --seeds 0 1 2 --train-workers 2 --worker-torch-threads 10
0 %, 0 %, 635 MiB, 32607 MiB
144214, python, 626 MiB
---
[2026-03-31 06:02:37]
   PID     ELAPSED STAT %CPU %MEM CMD
144214  1-03:04:35 Rl+  99.9  0.2 python -u experiments/run_highway_experiments.py --phase train --envs merge-v0 intersection-v0 --algos dqn --seeds 0 1 2 3 4
994590    09:41:58 Sl+   0.0  0.0 python -u experiments/run_highway_experiments.py --phase train --envs intersection-v0 --algos ppo --seeds 0 1 2 --train-workers 2 --worker-torch-threads 10
0 %, 0 %, 635 MiB, 32607 MiB
144214, python, 626 MiB
---
[2026-03-31 06:03:37]
   PID     ELAPSED STAT %CPU %MEM CMD
144214  1-03:05:35 Rl+  99.9  0.2 python -u experiments/run_highway_experiments.py --phase train --envs merge-v0 intersection-v0 --algos dqn --seeds 0 1 2 3 4
994590    09:42:58 Sl+   0.0  0.0 python -u experiments/run_highway_experiments.py --phase train --envs intersection-v0 --algos ppo --seeds 0 1 2 --train-workers 2 --worker-torch-threads 10
0 %, 0 %, 635 MiB, 32607 MiB
144214, python, 626 MiB
---
[2026-03-31 06:04:37]
   PID     ELAPSED STAT %CPU %MEM CMD
144214  1-03:06:35 Rl+  99.9  0.2 python -u experiments/run_highway_experiments.py --phase train --envs merge-v0 intersection-v0 --algos dqn --seeds 0 1 2 3 4
994590    09:43:58 Sl+   0.0  0.0 python -u experiments/run_highway_experiments.py --phase train --envs intersection-v0 --algos ppo --seeds 0 1 2 --train-workers 2 --worker-torch-threads 10
0 %, 0 %, 635 MiB, 32607 MiB
144214, python, 626 MiB
---
[2026-03-31 06:05:37]
   PID     ELAPSED STAT %CPU %MEM CMD
144214  1-03:07:35 Rl+  99.9  0.2 python -u experiments/run_highway_experiments.py --phase train --envs merge-v0 intersection-v0 --algos dqn --seeds 0 1 2 3 4
994590    09:44:58 Sl+   0.0  0.0 python -u experiments/run_highway_experiments.py --phase train --envs intersection-v0 --algos ppo --seeds 0 1 2 --train-workers 2 --worker-torch-threads 10
0 %, 0 %, 635 MiB, 32607 MiB
144214, python, 626 MiB
---
[2026-03-31 06:06:38]
   PID     ELAPSED STAT %CPU %MEM CMD
144214  1-03:08:36 Rl+  99.9  0.2 python -u experiments/run_highway_experiments.py --phase train --envs merge-v0 intersection-v0 --algos dqn --seeds 0 1 2 3 4
994590    09:45:59 Sl+   0.0  0.0 python -u experiments/run_highway_experiments.py --phase train --envs intersection-v0 --algos ppo --seeds 0 1 2 --train-workers 2 --worker-torch-threads 10
0 %, 0 %, 635 MiB, 32607 MiB
144214, python, 626 MiB
---
[2026-03-31 06:07:38]
   PID     ELAPSED STAT %CPU %MEM CMD
144214  1-03:09:36 Rl+  99.9  0.2 python -u experiments/run_highway_experiments.py --phase train --envs merge-v0 intersection-v0 --algos dqn --seeds 0 1 2 3 4
994590    09:46:59 Sl+   0.0  0.0 python -u experiments/run_highway_experiments.py --phase train --envs intersection-v0 --algos ppo --seeds 0 1 2 --train-workers 2 --worker-torch-threads 10
0 %, 0 %, 635 MiB, 32607 MiB
144214, python, 626 MiB
---
[2026-03-31 06:08:38]
   PID     ELAPSED STAT %CPU %MEM CMD
144214  1-03:10:36 Rl+  99.9  0.2 python -u experiments/run_highway_experiments.py --phase train --envs merge-v0 intersection-v0 --algos dqn --seeds 0 1 2 3 4
994590    09:47:59 Sl+   0.0  0.0 python -u experiments/run_highway_experiments.py --phase train --envs intersection-v0 --algos ppo --seeds 0 1 2 --train-workers 2 --worker-torch-threads 10
0 %, 0 %, 635 MiB, 32607 MiB
144214, python, 626 MiB
---
[2026-03-31 06:09:38]
   PID     ELAPSED STAT %CPU %MEM CMD
144214  1-03:11:36 Rl+  99.9  0.2 python -u experiments/run_highway_experiments.py --phase train --envs merge-v0 intersection-v0 --algos dqn --seeds 0 1 2 3 4
994590    09:48:59 Sl+   0.0  0.0 python -u experiments/run_highway_experiments.py --phase train --envs intersection-v0 --algos ppo --seeds 0 1 2 --train-workers 2 --worker-torch-threads 10
0 %, 0 %, 635 MiB, 32607 MiB
144214, python, 626 MiB
---
[2026-03-31 06:10:38]
   PID     ELAPSED STAT %CPU %MEM CMD
144214  1-03:12:36 Rl+  99.9  0.2 python -u experiments/run_highway_experiments.py --phase train --envs merge-v0 intersection-v0 --algos dqn --seeds 0 1 2 3 4
994590    09:49:59 Sl+   0.0  0.0 python -u experiments/run_highway_experiments.py --phase train --envs intersection-v0 --algos ppo --seeds 0 1 2 --train-workers 2 --worker-torch-threads 10
0 %, 0 %, 635 MiB, 32607 MiB
144214, python, 626 MiB
---
[2026-03-31 06:11:38]
   PID     ELAPSED STAT %CPU %MEM CMD
144214  1-03:13:36 Rl+  99.9  0.2 python -u experiments/run_highway_experiments.py --phase train --envs merge-v0 intersection-v0 --algos dqn --seeds 0 1 2 3 4
994590    09:50:59 Sl+   0.0  0.0 python -u experiments/run_highway_experiments.py --phase train --envs intersection-v0 --algos ppo --seeds 0 1 2 --train-workers 2 --worker-torch-threads 10
0 %, 0 %, 635 MiB, 32607 MiB
144214, python, 626 MiB
---
[2026-03-31 06:12:39]
   PID     ELAPSED STAT %CPU %MEM CMD
144214  1-03:14:36 Rl+  99.9  0.2 python -u experiments/run_highway_experiments.py --phase train --envs merge-v0 intersection-v0 --algos dqn --seeds 0 1 2 3 4
994590    09:51:59 Sl+   0.0  0.0 python -u experiments/run_highway_experiments.py --phase train --envs intersection-v0 --algos ppo --seeds 0 1 2 --train-workers 2 --worker-torch-threads 10
0 %, 0 %, 635 MiB, 32607 MiB
144214, python, 626 MiB
---
[2026-03-31 06:13:39]
   PID     ELAPSED STAT %CPU %MEM CMD
144214  1-03:15:37 Rl+  99.9  0.2 python -u experiments/run_highway_experiments.py --phase train --envs merge-v0 intersection-v0 --algos dqn --seeds 0 1 2 3 4
994590    09:53:00 Sl+   0.0  0.0 python -u experiments/run_highway_experiments.py --phase train --envs intersection-v0 --algos ppo --seeds 0 1 2 --train-workers 2 --worker-torch-threads 10
0 %, 0 %, 635 MiB, 32607 MiB
144214, python, 626 MiB
---
[2026-03-31 06:14:39]
   PID     ELAPSED STAT %CPU %MEM CMD
144214  1-03:16:37 Rl+  99.9  0.2 python -u experiments/run_highway_experiments.py --phase train --envs merge-v0 intersection-v0 --algos dqn --seeds 0 1 2 3 4
994590    09:54:00 Sl+   0.0  0.0 python -u experiments/run_highway_experiments.py --phase train --envs intersection-v0 --algos ppo --seeds 0 1 2 --train-workers 2 --worker-torch-threads 10
0 %, 0 %, 635 MiB, 32607 MiB
144214, python, 626 MiB
---
[2026-03-31 06:15:39]
   PID     ELAPSED STAT %CPU %MEM CMD
144214  1-03:17:37 Rl+  99.9  0.2 python -u experiments/run_highway_experiments.py --phase train --envs merge-v0 intersection-v0 --algos dqn --seeds 0 1 2 3 4
994590    09:55:00 Sl+   0.0  0.0 python -u experiments/run_highway_experiments.py --phase train --envs intersection-v0 --algos ppo --seeds 0 1 2 --train-workers 2 --worker-torch-threads 10
0 %, 0 %, 635 MiB, 32607 MiB
144214, python, 626 MiB
---
[2026-03-31 06:16:39]
   PID     ELAPSED STAT %CPU %MEM CMD
144214  1-03:18:37 Rl+  99.9  0.2 python -u experiments/run_highway_experiments.py --phase train --envs merge-v0 intersection-v0 --algos dqn --seeds 0 1 2 3 4
994590    09:56:00 Sl+   0.0  0.0 python -u experiments/run_highway_experiments.py --phase train --envs intersection-v0 --algos ppo --seeds 0 1 2 --train-workers 2 --worker-torch-threads 10
0 %, 0 %, 635 MiB, 32607 MiB
144214, python, 626 MiB
---
[2026-03-31 06:17:39]
   PID     ELAPSED STAT %CPU %MEM CMD
144214  1-03:19:37 Rl+  99.9  0.2 python -u experiments/run_highway_experiments.py --phase train --envs merge-v0 intersection-v0 --algos dqn --seeds 0 1 2 3 4
994590    09:57:00 Sl+   0.0  0.0 python -u experiments/run_highway_experiments.py --phase train --envs intersection-v0 --algos ppo --seeds 0 1 2 --train-workers 2 --worker-torch-threads 10
0 %, 0 %, 635 MiB, 32607 MiB
144214, python, 626 MiB
---
[2026-03-31 06:18:39]
   PID     ELAPSED STAT %CPU %MEM CMD
144214  1-03:20:37 Rl+  99.9  0.2 python -u experiments/run_highway_experiments.py --phase train --envs merge-v0 intersection-v0 --algos dqn --seeds 0 1 2 3 4
994590    09:58:00 Sl+   0.0  0.0 python -u experiments/run_highway_experiments.py --phase train --envs intersection-v0 --algos ppo --seeds 0 1 2 --train-workers 2 --worker-torch-threads 10
0 %, 0 %, 635 MiB, 32607 MiB
144214, python, 626 MiB
---
[2026-03-31 06:19:40]
   PID     ELAPSED STAT %CPU %MEM CMD
144214  1-03:21:38 Rl+  99.9  0.2 python -u experiments/run_highway_experiments.py --phase train --envs merge-v0 intersection-v0 --algos dqn --seeds 0 1 2 3 4
994590    09:59:01 Sl+   0.0  0.0 python -u experiments/run_highway_experiments.py --phase train --envs intersection-v0 --algos ppo --seeds 0 1 2 --train-workers 2 --worker-torch-threads 10
0 %, 0 %, 635 MiB, 32607 MiB
144214, python, 626 MiB
---
[2026-03-31 06:20:40]
   PID     ELAPSED STAT %CPU %MEM CMD
144214  1-03:22:38 Rl+  99.9  0.2 python -u experiments/run_highway_experiments.py --phase train --envs merge-v0 intersection-v0 --algos dqn --seeds 0 1 2 3 4
994590    10:00:01 Sl+   0.0  0.0 python -u experiments/run_highway_experiments.py --phase train --envs intersection-v0 --algos ppo --seeds 0 1 2 --train-workers 2 --worker-torch-threads 10
0 %, 0 %, 635 MiB, 32607 MiB
144214, python, 626 MiB
---
[2026-03-31 06:21:40]
   PID     ELAPSED STAT %CPU %MEM CMD
144214  1-03:23:38 Rl+  99.9  0.2 python -u experiments/run_highway_experiments.py --phase train --envs merge-v0 intersection-v0 --algos dqn --seeds 0 1 2 3 4
994590    10:01:01 Sl+   0.0  0.0 python -u experiments/run_highway_experiments.py --phase train --envs intersection-v0 --algos ppo --seeds 0 1 2 --train-workers 2 --worker-torch-threads 10
0 %, 0 %, 635 MiB, 32607 MiB
144214, python, 626 MiB
---
[2026-03-31 06:22:40]
   PID     ELAPSED STAT %CPU %MEM CMD
144214  1-03:24:38 Rl+  99.9  0.2 python -u experiments/run_highway_experiments.py --phase train --envs merge-v0 intersection-v0 --algos dqn --seeds 0 1 2 3 4
994590    10:02:01 Sl+   0.0  0.0 python -u experiments/run_highway_experiments.py --phase train --envs intersection-v0 --algos ppo --seeds 0 1 2 --train-workers 2 --worker-torch-threads 10
0 %, 0 %, 635 MiB, 32607 MiB
144214, python, 626 MiB
---
[2026-03-31 06:23:40]
   PID     ELAPSED STAT %CPU %MEM CMD
144214  1-03:25:38 Rl+  99.9  0.2 python -u experiments/run_highway_experiments.py --phase train --envs merge-v0 intersection-v0 --algos dqn --seeds 0 1 2 3 4
994590    10:03:01 Sl+   0.0  0.0 python -u experiments/run_highway_experiments.py --phase train --envs intersection-v0 --algos ppo --seeds 0 1 2 --train-workers 2 --worker-torch-threads 10
0 %, 0 %, 635 MiB, 32607 MiB
144214, python, 626 MiB
---
[2026-03-31 06:24:40]
   PID     ELAPSED STAT %CPU %MEM CMD
144214  1-03:26:38 Rl+  99.9  0.2 python -u experiments/run_highway_experiments.py --phase train --envs merge-v0 intersection-v0 --algos dqn --seeds 0 1 2 3 4
994590    10:04:01 Sl+   0.0  0.0 python -u experiments/run_highway_experiments.py --phase train --envs intersection-v0 --algos ppo --seeds 0 1 2 --train-workers 2 --worker-torch-threads 10
0 %, 0 %, 635 MiB, 32607 MiB
144214, python, 626 MiB
---
[2026-03-31 06:25:41]
   PID     ELAPSED STAT %CPU %MEM CMD
994590    10:05:02 Sl+   0.0  0.0 python -u experiments/run_highway_experiments.py --phase train --envs intersection-v0 --algos ppo --seeds 0 1 2 --train-workers 2 --worker-torch-threads 10
0 %, 0 %, 3 MiB, 32607 MiB
---
[2026-03-31 06:26:41]
   PID     ELAPSED STAT %CPU %MEM CMD
994590    10:06:02 Sl+   0.0  0.0 python -u experiments/run_highway_experiments.py --phase train --envs intersection-v0 --algos ppo --seeds 0 1 2 --train-workers 2 --worker-torch-threads 10
0 %, 0 %, 3 MiB, 32607 MiB
---
[2026-03-31 06:27:41]
   PID     ELAPSED STAT %CPU %MEM CMD
994590    10:07:02 Sl+   0.0  0.0 python -u experiments/run_highway_experiments.py --phase train --envs intersection-v0 --algos ppo --seeds 0 1 2 --train-workers 2 --worker-torch-threads 10
0 %, 0 %, 3 MiB, 32607 MiB
---
[2026-03-31 06:28:41]
   PID     ELAPSED STAT %CPU %MEM CMD
994590    10:08:02 Sl+   0.0  0.0 python -u experiments/run_highway_experiments.py --phase train --envs intersection-v0 --algos ppo --seeds 0 1 2 --train-workers 2 --worker-torch-threads 10
0 %, 0 %, 3 MiB, 32607 MiB
---
[2026-03-31 06:29:41]
   PID     ELAPSED STAT %CPU %MEM CMD
994590    10:09:02 Sl+   0.0  0.0 python -u experiments/run_highway_experiments.py --phase train --envs intersection-v0 --algos ppo --seeds 0 1 2 --train-workers 2 --worker-torch-threads 10
0 %, 0 %, 3 MiB, 32607 MiB
---
[2026-03-31 06:30:42]
   PID     ELAPSED STAT %CPU %MEM CMD
994590    10:10:02 Sl+   0.0  0.0 python -u experiments/run_highway_experiments.py --phase train --envs intersection-v0 --algos ppo --seeds 0 1 2 --train-workers 2 --worker-torch-threads 10
0 %, 0 %, 3 MiB, 32607 MiB
---
[2026-03-31 06:31:42]
   PID     ELAPSED STAT %CPU %MEM CMD
994590    10:11:03 Sl+   0.0  0.0 python -u experiments/run_highway_experiments.py --phase train --envs intersection-v0 --algos ppo --seeds 0 1 2 --train-workers 2 --worker-torch-threads 10
0 %, 0 %, 3 MiB, 32607 MiB
---
[2026-03-31 06:32:42]
   PID     ELAPSED STAT %CPU %MEM CMD
994590    10:12:03 Sl+   0.0  0.0 python -u experiments/run_highway_experiments.py --phase train --envs intersection-v0 --algos ppo --seeds 0 1 2 --train-workers 2 --worker-torch-threads 10
0 %, 0 %, 3 MiB, 32607 MiB
---
[2026-03-31 06:33:42]
   PID     ELAPSED STAT %CPU %MEM CMD
994590    10:13:03 Sl+   0.0  0.0 python -u experiments/run_highway_experiments.py --phase train --envs intersection-v0 --algos ppo --seeds 0 1 2 --train-workers 2 --worker-torch-threads 10
0 %, 0 %, 3 MiB, 32607 MiB
---
[2026-03-31 06:34:42]
   PID     ELAPSED STAT %CPU %MEM CMD
994590    10:14:03 Sl+   0.0  0.0 python -u experiments/run_highway_experiments.py --phase train --envs intersection-v0 --algos ppo --seeds 0 1 2 --train-workers 2 --worker-torch-threads 10
0 %, 0 %, 3 MiB, 32607 MiB
---
[2026-03-31 06:35:42]
   PID     ELAPSED STAT %CPU %MEM CMD
994590    10:15:03 Sl+   0.0  0.0 python -u experiments/run_highway_experiments.py --phase train --envs intersection-v0 --algos ppo --seeds 0 1 2 --train-workers 2 --worker-torch-threads 10
0 %, 0 %, 3 MiB, 32607 MiB
---
[2026-03-31 06:36:43]
   PID     ELAPSED STAT %CPU %MEM CMD
994590    10:16:04 Sl+   0.0  0.0 python -u experiments/run_highway_experiments.py --phase train --envs intersection-v0 --algos ppo --seeds 0 1 2 --train-workers 2 --worker-torch-threads 10
0 %, 0 %, 3 MiB, 32607 MiB
---
[2026-03-31 06:37:43]
   PID     ELAPSED STAT %CPU %MEM CMD
994590    10:17:04 Sl+   0.0  0.0 python -u experiments/run_highway_experiments.py --phase train --envs intersection-v0 --algos ppo --seeds 0 1 2 --train-workers 2 --worker-torch-threads 10
0 %, 0 %, 3 MiB, 32607 MiB
---
[2026-03-31 06:38:43]
   PID     ELAPSED STAT %CPU %MEM CMD
994590    10:18:04 Sl+   0.0  0.0 python -u experiments/run_highway_experiments.py --phase train --envs intersection-v0 --algos ppo --seeds 0 1 2 --train-workers 2 --worker-torch-threads 10
0 %, 0 %, 3 MiB, 32607 MiB
---
[2026-03-31 06:39:43]
   PID     ELAPSED STAT %CPU %MEM CMD
994590    10:19:04 Sl+   0.0  0.0 python -u experiments/run_highway_experiments.py --phase train --envs intersection-v0 --algos ppo --seeds 0 1 2 --train-workers 2 --worker-torch-threads 10
0 %, 0 %, 3 MiB, 32607 MiB
---
[2026-03-31 06:40:43]
   PID     ELAPSED STAT %CPU %MEM CMD
994590    10:20:04 Sl+   0.0  0.0 python -u experiments/run_highway_experiments.py --phase train --envs intersection-v0 --algos ppo --seeds 0 1 2 --train-workers 2 --worker-torch-threads 10
0 %, 0 %, 3 MiB, 32607 MiB
---
[2026-03-31 06:41:43]
   PID     ELAPSED STAT %CPU %MEM CMD
994590    10:21:04 Sl+   0.0  0.0 python -u experiments/run_highway_experiments.py --phase train --envs intersection-v0 --algos ppo --seeds 0 1 2 --train-workers 2 --worker-torch-threads 10
0 %, 0 %, 3 MiB, 32607 MiB
---
[2026-03-31 06:42:44]
   PID     ELAPSED STAT %CPU %MEM CMD
994590    10:22:05 Sl+   0.0  0.0 python -u experiments/run_highway_experiments.py --phase train --envs intersection-v0 --algos ppo --seeds 0 1 2 --train-workers 2 --worker-torch-threads 10
0 %, 0 %, 3 MiB, 32607 MiB
---
[2026-03-31 06:43:44]
   PID     ELAPSED STAT %CPU %MEM CMD
994590    10:23:05 Sl+   0.0  0.0 python -u experiments/run_highway_experiments.py --phase train --envs intersection-v0 --algos ppo --seeds 0 1 2 --train-workers 2 --worker-torch-threads 10
0 %, 0 %, 3 MiB, 32607 MiB
---
[2026-03-31 06:44:44]
   PID     ELAPSED STAT %CPU %MEM CMD
994590    10:24:05 Sl+   0.0  0.0 python -u experiments/run_highway_experiments.py --phase train --envs intersection-v0 --algos ppo --seeds 0 1 2 --train-workers 2 --worker-torch-threads 10
0 %, 0 %, 3 MiB, 32607 MiB
---
[2026-03-31 06:45:44]
   PID     ELAPSED STAT %CPU %MEM CMD
994590    10:25:05 Sl+   0.0  0.0 python -u experiments/run_highway_experiments.py --phase train --envs intersection-v0 --algos ppo --seeds 0 1 2 --train-workers 2 --worker-torch-threads 10
0 %, 0 %, 3 MiB, 32607 MiB
---
[2026-03-31 06:46:44]
   PID     ELAPSED STAT %CPU %MEM CMD
994590    10:26:05 Sl+   0.0  0.0 python -u experiments/run_highway_experiments.py --phase train --envs intersection-v0 --algos ppo --seeds 0 1 2 --train-workers 2 --worker-torch-threads 10
0 %, 0 %, 3 MiB, 32607 MiB
---
[2026-03-31 06:47:45]
   PID     ELAPSED STAT %CPU %MEM CMD
994590    10:27:06 Sl+   0.0  0.0 python -u experiments/run_highway_experiments.py --phase train --envs intersection-v0 --algos ppo --seeds 0 1 2 --train-workers 2 --worker-torch-threads 10
0 %, 0 %, 3 MiB, 32607 MiB
---
[2026-03-31 06:48:45]
   PID     ELAPSED STAT %CPU %MEM CMD
994590    10:28:06 Sl+   0.0  0.0 python -u experiments/run_highway_experiments.py --phase train --envs intersection-v0 --algos ppo --seeds 0 1 2 --train-workers 2 --worker-torch-threads 10
0 %, 0 %, 3 MiB, 32607 MiB
---
[2026-03-31 06:49:45]
   PID     ELAPSED STAT %CPU %MEM CMD
994590    10:29:06 Sl+   0.0  0.0 python -u experiments/run_highway_experiments.py --phase train --envs intersection-v0 --algos ppo --seeds 0 1 2 --train-workers 2 --worker-torch-threads 10
0 %, 0 %, 3 MiB, 32607 MiB
---
[2026-03-31 06:50:45]
   PID     ELAPSED STAT %CPU %MEM CMD
994590    10:30:06 Sl+   0.0  0.0 python -u experiments/run_highway_experiments.py --phase train --envs intersection-v0 --algos ppo --seeds 0 1 2 --train-workers 2 --worker-torch-threads 10
0 %, 0 %, 3 MiB, 32607 MiB
---
[2026-03-31 06:51:45]
   PID     ELAPSED STAT %CPU %MEM CMD
994590    10:31:06 Sl+   0.0  0.0 python -u experiments/run_highway_experiments.py --phase train --envs intersection-v0 --algos ppo --seeds 0 1 2 --train-workers 2 --worker-torch-threads 10
0 %, 0 %, 3 MiB, 32607 MiB
---
[2026-03-31 06:52:45]
   PID     ELAPSED STAT %CPU %MEM CMD
994590    10:32:06 Sl+   0.0  0.0 python -u experiments/run_highway_experiments.py --phase train --envs intersection-v0 --algos ppo --seeds 0 1 2 --train-workers 2 --worker-torch-threads 10
0 %, 0 %, 3 MiB, 32607 MiB
---
[2026-03-31 06:53:46]
   PID     ELAPSED STAT %CPU %MEM CMD
994590    10:33:06 Sl+   0.0  0.0 python -u experiments/run_highway_experiments.py --phase train --envs intersection-v0 --algos ppo --seeds 0 1 2 --train-workers 2 --worker-torch-threads 10
0 %, 0 %, 3 MiB, 32607 MiB
---
[2026-03-31 06:54:46]
   PID     ELAPSED STAT %CPU %MEM CMD
994590    10:34:07 Sl+   0.0  0.0 python -u experiments/run_highway_experiments.py --phase train --envs intersection-v0 --algos ppo --seeds 0 1 2 --train-workers 2 --worker-torch-threads 10
0 %, 0 %, 3 MiB, 32607 MiB
---
[2026-03-31 06:55:46]
   PID     ELAPSED STAT %CPU %MEM CMD
994590    10:35:07 Sl+   0.0  0.0 python -u experiments/run_highway_experiments.py --phase train --envs intersection-v0 --algos ppo --seeds 0 1 2 --train-workers 2 --worker-torch-threads 10
0 %, 0 %, 3 MiB, 32607 MiB
---
[2026-03-31 06:56:46]
   PID     ELAPSED STAT %CPU %MEM CMD
994590    10:36:07 Sl+   0.0  0.0 python -u experiments/run_highway_experiments.py --phase train --envs intersection-v0 --algos ppo --seeds 0 1 2 --train-workers 2 --worker-torch-threads 10
0 %, 0 %, 3 MiB, 32607 MiB
---
[2026-03-31 06:57:46]
   PID     ELAPSED STAT %CPU %MEM CMD
994590    10:37:07 Sl+   0.0  0.0 python -u experiments/run_highway_experiments.py --phase train --envs intersection-v0 --algos ppo --seeds 0 1 2 --train-workers 2 --worker-torch-threads 10
0 %, 0 %, 3 MiB, 32607 MiB
---
[2026-03-31 06:58:46]
   PID     ELAPSED STAT %CPU %MEM CMD
994590    10:38:07 Sl+   0.0  0.0 python -u experiments/run_highway_experiments.py --phase train --envs intersection-v0 --algos ppo --seeds 0 1 2 --train-workers 2 --worker-torch-threads 10
0 %, 0 %, 3 MiB, 32607 MiB
---
[2026-03-31 06:59:47]
   PID     ELAPSED STAT %CPU %MEM CMD
994590    10:39:07 Sl+   0.0  0.0 python -u experiments/run_highway_experiments.py --phase train --envs intersection-v0 --algos ppo --seeds 0 1 2 --train-workers 2 --worker-torch-threads 10
0 %, 0 %, 3 MiB, 32607 MiB
---
[2026-03-31 07:00:47]
   PID     ELAPSED STAT %CPU %MEM CMD
994590    10:40:08 Sl+   0.0  0.0 python -u experiments/run_highway_experiments.py --phase train --envs intersection-v0 --algos ppo --seeds 0 1 2 --train-workers 2 --worker-torch-threads 10
0 %, 0 %, 3 MiB, 32607 MiB
---
[2026-03-31 07:01:47]
   PID     ELAPSED STAT %CPU %MEM CMD
994590    10:41:08 Sl+   0.0  0.0 python -u experiments/run_highway_experiments.py --phase train --envs intersection-v0 --algos ppo --seeds 0 1 2 --train-workers 2 --worker-torch-threads 10
0 %, 0 %, 3 MiB, 32607 MiB
---
[2026-03-31 07:02:47]
   PID     ELAPSED STAT %CPU %MEM CMD
994590    10:42:08 Sl+   0.0  0.0 python -u experiments/run_highway_experiments.py --phase train --envs intersection-v0 --algos ppo --seeds 0 1 2 --train-workers 2 --worker-torch-threads 10
0 %, 0 %, 3 MiB, 32607 MiB
---
[2026-03-31 07:03:47]
   PID     ELAPSED STAT %CPU %MEM CMD
994590    10:43:08 Sl+   0.0  0.0 python -u experiments/run_highway_experiments.py --phase train --envs intersection-v0 --algos ppo --seeds 0 1 2 --train-workers 2 --worker-torch-threads 10
0 %, 0 %, 3 MiB, 32607 MiB
---
[2026-03-31 07:04:47]
   PID     ELAPSED STAT %CPU %MEM CMD
994590    10:44:08 Sl+   0.0  0.0 python -u experiments/run_highway_experiments.py --phase train --envs intersection-v0 --algos ppo --seeds 0 1 2 --train-workers 2 --worker-torch-threads 10
0 %, 0 %, 3 MiB, 32607 MiB
---
[2026-03-31 07:05:48]
   PID     ELAPSED STAT %CPU %MEM CMD
994590    10:45:09 Sl+   0.0  0.0 python -u experiments/run_highway_experiments.py --phase train --envs intersection-v0 --algos ppo --seeds 0 1 2 --train-workers 2 --worker-torch-threads 10
0 %, 0 %, 3 MiB, 32607 MiB
---
[2026-03-31 07:06:48]
   PID     ELAPSED STAT %CPU %MEM CMD
994590    10:46:09 Sl+   0.0  0.0 python -u experiments/run_highway_experiments.py --phase train --envs intersection-v0 --algos ppo --seeds 0 1 2 --train-workers 2 --worker-torch-threads 10
0 %, 0 %, 3 MiB, 32607 MiB
---
[2026-03-31 07:07:48]
   PID     ELAPSED STAT %CPU %MEM CMD
994590    10:47:09 Sl+   0.0  0.0 python -u experiments/run_highway_experiments.py --phase train --envs intersection-v0 --algos ppo --seeds 0 1 2 --train-workers 2 --worker-torch-threads 10
0 %, 0 %, 3 MiB, 32607 MiB
---
[2026-03-31 07:08:48]
   PID     ELAPSED STAT %CPU %MEM CMD
994590    10:48:09 Sl+   0.0  0.0 python -u experiments/run_highway_experiments.py --phase train --envs intersection-v0 --algos ppo --seeds 0 1 2 --train-workers 2 --worker-torch-threads 10
0 %, 0 %, 3 MiB, 32607 MiB
---
[2026-03-31 07:09:48]
   PID     ELAPSED STAT %CPU %MEM CMD
994590    10:49:09 Sl+   0.0  0.0 python -u experiments/run_highway_experiments.py --phase train --envs intersection-v0 --algos ppo --seeds 0 1 2 --train-workers 2 --worker-torch-threads 10
0 %, 0 %, 3 MiB, 32607 MiB
---
[2026-03-31 07:10:48]
   PID     ELAPSED STAT %CPU %MEM CMD
994590    10:50:09 Sl+   0.0  0.0 python -u experiments/run_highway_experiments.py --phase train --envs intersection-v0 --algos ppo --seeds 0 1 2 --train-workers 2 --worker-torch-threads 10
0 %, 0 %, 3 MiB, 32607 MiB
---
[2026-03-31 07:11:49]
   PID     ELAPSED STAT %CPU %MEM CMD
994590    10:51:09 Sl+   0.0  0.0 python -u experiments/run_highway_experiments.py --phase train --envs intersection-v0 --algos ppo --seeds 0 1 2 --train-workers 2 --worker-torch-threads 10
0 %, 0 %, 3 MiB, 32607 MiB
---
[2026-03-31 07:12:49]
   PID     ELAPSED STAT %CPU %MEM CMD
994590    10:52:10 Sl+   0.0  0.0 python -u experiments/run_highway_experiments.py --phase train --envs intersection-v0 --algos ppo --seeds 0 1 2 --train-workers 2 --worker-torch-threads 10
0 %, 0 %, 3 MiB, 32607 MiB
---
[2026-03-31 07:13:49]
   PID     ELAPSED STAT %CPU %MEM CMD
994590    10:53:10 Sl+   0.0  0.0 python -u experiments/run_highway_experiments.py --phase train --envs intersection-v0 --algos ppo --seeds 0 1 2 --train-workers 2 --worker-torch-threads 10
0 %, 0 %, 3 MiB, 32607 MiB
---
[2026-03-31 07:14:49]
   PID     ELAPSED STAT %CPU %MEM CMD
994590    10:54:10 Sl+   0.0  0.0 python -u experiments/run_highway_experiments.py --phase train --envs intersection-v0 --algos ppo --seeds 0 1 2 --train-workers 2 --worker-torch-threads 10
0 %, 0 %, 3 MiB, 32607 MiB
---
[2026-03-31 07:15:49]
   PID     ELAPSED STAT %CPU %MEM CMD
994590    10:55:10 Sl+   0.0  0.0 python -u experiments/run_highway_experiments.py --phase train --envs intersection-v0 --algos ppo --seeds 0 1 2 --train-workers 2 --worker-torch-threads 10
0 %, 0 %, 3 MiB, 32607 MiB
---
[2026-03-31 07:16:49]
   PID     ELAPSED STAT %CPU %MEM CMD
994590    10:56:10 Sl+   0.0  0.0 python -u experiments/run_highway_experiments.py --phase train --envs intersection-v0 --algos ppo --seeds 0 1 2 --train-workers 2 --worker-torch-threads 10
0 %, 0 %, 3 MiB, 32607 MiB
---
[2026-03-31 07:17:50]
   PID     ELAPSED STAT %CPU %MEM CMD
994590    10:57:10 Sl+   0.0  0.0 python -u experiments/run_highway_experiments.py --phase train --envs intersection-v0 --algos ppo --seeds 0 1 2 --train-workers 2 --worker-torch-threads 10
0 %, 0 %, 3 MiB, 32607 MiB
---
[2026-03-31 07:18:50]
   PID     ELAPSED STAT %CPU %MEM CMD
994590    10:58:11 Sl+   0.0  0.0 python -u experiments/run_highway_experiments.py --phase train --envs intersection-v0 --algos ppo --seeds 0 1 2 --train-workers 2 --worker-torch-threads 10
0 %, 0 %, 3 MiB, 32607 MiB
---
[2026-03-31 07:19:50]
   PID     ELAPSED STAT %CPU %MEM CMD
994590    10:59:11 Sl+   0.0  0.0 python -u experiments/run_highway_experiments.py --phase train --envs intersection-v0 --algos ppo --seeds 0 1 2 --train-workers 2 --worker-torch-threads 10
0 %, 0 %, 3 MiB, 32607 MiB
---
[2026-03-31 07:20:50]
   PID     ELAPSED STAT %CPU %MEM CMD
994590    11:00:11 Sl+   0.0  0.0 python -u experiments/run_highway_experiments.py --phase train --envs intersection-v0 --algos ppo --seeds 0 1 2 --train-workers 2 --worker-torch-threads 10
0 %, 0 %, 3 MiB, 32607 MiB
---
[2026-03-31 07:21:50]
   PID     ELAPSED STAT %CPU %MEM CMD
994590    11:01:11 Sl+   0.0  0.0 python -u experiments/run_highway_experiments.py --phase train --envs intersection-v0 --algos ppo --seeds 0 1 2 --train-workers 2 --worker-torch-threads 10
0 %, 0 %, 3 MiB, 32607 MiB
---
[2026-03-31 07:22:50]
   PID     ELAPSED STAT %CPU %MEM CMD
994590    11:02:11 Sl+   0.0  0.0 python -u experiments/run_highway_experiments.py --phase train --envs intersection-v0 --algos ppo --seeds 0 1 2 --train-workers 2 --worker-torch-threads 10
0 %, 0 %, 3 MiB, 32607 MiB
---
[2026-03-31 07:23:50]
   PID     ELAPSED STAT %CPU %MEM CMD
994590    11:03:11 Sl+   0.0  0.0 python -u experiments/run_highway_experiments.py --phase train --envs intersection-v0 --algos ppo --seeds 0 1 2 --train-workers 2 --worker-torch-threads 10
0 %, 0 %, 3 MiB, 32607 MiB
---
[2026-03-31 07:24:51]
   PID     ELAPSED STAT %CPU %MEM CMD
994590    11:04:12 Sl+   0.0  0.0 python -u experiments/run_highway_experiments.py --phase train --envs intersection-v0 --algos ppo --seeds 0 1 2 --train-workers 2 --worker-torch-threads 10
0 %, 0 %, 3 MiB, 32607 MiB
---
[2026-03-31 07:25:51]
   PID     ELAPSED STAT %CPU %MEM CMD
994590    11:05:12 Sl+   0.0  0.0 python -u experiments/run_highway_experiments.py --phase train --envs intersection-v0 --algos ppo --seeds 0 1 2 --train-workers 2 --worker-torch-threads 10
0 %, 0 %, 3 MiB, 32607 MiB
---
[2026-03-31 07:26:51]
   PID     ELAPSED STAT %CPU %MEM CMD
994590    11:06:12 Sl+   0.0  0.0 python -u experiments/run_highway_experiments.py --phase train --envs intersection-v0 --algos ppo --seeds 0 1 2 --train-workers 2 --worker-torch-threads 10
0 %, 0 %, 3 MiB, 32607 MiB
---
[2026-03-31 07:27:51]
   PID     ELAPSED STAT %CPU %MEM CMD
994590    11:07:12 Sl+   0.0  0.0 python -u experiments/run_highway_experiments.py --phase train --envs intersection-v0 --algos ppo --seeds 0 1 2 --train-workers 2 --worker-torch-threads 10
0 %, 0 %, 3 MiB, 32607 MiB
---
[2026-03-31 07:28:51]
   PID     ELAPSED STAT %CPU %MEM CMD
994590    11:08:12 Sl+   0.0  0.0 python -u experiments/run_highway_experiments.py --phase train --envs intersection-v0 --algos ppo --seeds 0 1 2 --train-workers 2 --worker-torch-threads 10
0 %, 0 %, 3 MiB, 32607 MiB
---
[2026-03-31 07:29:52]
   PID     ELAPSED STAT %CPU %MEM CMD
994590    11:09:12 Sl+   0.0  0.0 python -u experiments/run_highway_experiments.py --phase train --envs intersection-v0 --algos ppo --seeds 0 1 2 --train-workers 2 --worker-torch-threads 10
0 %, 0 %, 3 MiB, 32607 MiB
---
[2026-03-31 07:30:52]
   PID     ELAPSED STAT %CPU %MEM CMD
994590    11:10:13 Sl+   0.0  0.0 python -u experiments/run_highway_experiments.py --phase train --envs intersection-v0 --algos ppo --seeds 0 1 2 --train-workers 2 --worker-torch-threads 10
0 %, 0 %, 3 MiB, 32607 MiB
---
[2026-03-31 07:31:52]
   PID     ELAPSED STAT %CPU %MEM CMD
994590    11:11:13 Sl+   0.0  0.0 python -u experiments/run_highway_experiments.py --phase train --envs intersection-v0 --algos ppo --seeds 0 1 2 --train-workers 2 --worker-torch-threads 10
0 %, 0 %, 3 MiB, 32607 MiB
---
[2026-03-31 07:32:52]
   PID     ELAPSED STAT %CPU %MEM CMD
994590    11:12:13 Sl+   0.0  0.0 python -u experiments/run_highway_experiments.py --phase train --envs intersection-v0 --algos ppo --seeds 0 1 2 --train-workers 2 --worker-torch-threads 10
0 %, 0 %, 3 MiB, 32607 MiB
---
[2026-03-31 07:33:52]
   PID     ELAPSED STAT %CPU %MEM CMD
994590    11:13:13 Sl+   0.0  0.0 python -u experiments/run_highway_experiments.py --phase train --envs intersection-v0 --algos ppo --seeds 0 1 2 --train-workers 2 --worker-torch-threads 10
0 %, 0 %, 3 MiB, 32607 MiB
---
[2026-03-31 07:34:52]
   PID     ELAPSED STAT %CPU %MEM CMD
994590    11:14:13 Sl+   0.0  0.0 python -u experiments/run_highway_experiments.py --phase train --envs intersection-v0 --algos ppo --seeds 0 1 2 --train-workers 2 --worker-torch-threads 10
0 %, 0 %, 3 MiB, 32607 MiB
---
[2026-03-31 07:35:53]
   PID     ELAPSED STAT %CPU %MEM CMD
994590    11:15:14 Sl+   0.0  0.0 python -u experiments/run_highway_experiments.py --phase train --envs intersection-v0 --algos ppo --seeds 0 1 2 --train-workers 2 --worker-torch-threads 10
0 %, 0 %, 3 MiB, 32607 MiB
---
[2026-03-31 07:36:53]
   PID     ELAPSED STAT %CPU %MEM CMD
994590    11:16:14 Sl+   0.0  0.0 python -u experiments/run_highway_experiments.py --phase train --envs intersection-v0 --algos ppo --seeds 0 1 2 --train-workers 2 --worker-torch-threads 10
0 %, 0 %, 3 MiB, 32607 MiB
---
[2026-03-31 07:37:53]
   PID     ELAPSED STAT %CPU %MEM CMD
994590    11:17:14 Sl+   0.0  0.0 python -u experiments/run_highway_experiments.py --phase train --envs intersection-v0 --algos ppo --seeds 0 1 2 --train-workers 2 --worker-torch-threads 10
0 %, 0 %, 3 MiB, 32607 MiB
---
[2026-03-31 07:38:53]
   PID     ELAPSED STAT %CPU %MEM CMD
994590    11:18:14 Sl+   0.0  0.0 python -u experiments/run_highway_experiments.py --phase train --envs intersection-v0 --algos ppo --seeds 0 1 2 --train-workers 2 --worker-torch-threads 10
0 %, 0 %, 3 MiB, 32607 MiB
---
[2026-03-31 07:39:53]
   PID     ELAPSED STAT %CPU %MEM CMD
994590    11:19:14 Sl+   0.0  0.0 python -u experiments/run_highway_experiments.py --phase train --envs intersection-v0 --algos ppo --seeds 0 1 2 --train-workers 2 --worker-torch-threads 10
0 %, 0 %, 3 MiB, 32607 MiB
---
[2026-03-31 07:40:54]
   PID     ELAPSED STAT %CPU %MEM CMD
994590    11:20:14 Sl+   0.0  0.0 python -u experiments/run_highway_experiments.py --phase train --envs intersection-v0 --algos ppo --seeds 0 1 2 --train-workers 2 --worker-torch-threads 10
0 %, 0 %, 3 MiB, 32607 MiB
---
[2026-03-31 07:41:54]
   PID     ELAPSED STAT %CPU %MEM CMD
994590    11:21:15 Sl+   0.0  0.0 python -u experiments/run_highway_experiments.py --phase train --envs intersection-v0 --algos ppo --seeds 0 1 2 --train-workers 2 --worker-torch-threads 10
0 %, 0 %, 3 MiB, 32607 MiB
---
[2026-03-31 07:42:54]
   PID     ELAPSED STAT %CPU %MEM CMD
994590    11:22:15 Sl+   0.0  0.0 python -u experiments/run_highway_experiments.py --phase train --envs intersection-v0 --algos ppo --seeds 0 1 2 --train-workers 2 --worker-torch-threads 10
0 %, 0 %, 3 MiB, 32607 MiB
---
[2026-03-31 07:43:54]
   PID     ELAPSED STAT %CPU %MEM CMD
994590    11:23:15 Sl+   0.0  0.0 python -u experiments/run_highway_experiments.py --phase train --envs intersection-v0 --algos ppo --seeds 0 1 2 --train-workers 2 --worker-torch-threads 10
0 %, 0 %, 3 MiB, 32607 MiB
---
[2026-03-31 07:44:54]
   PID     ELAPSED STAT %CPU %MEM CMD
994590    11:24:15 Sl+   0.0  0.0 python -u experiments/run_highway_experiments.py --phase train --envs intersection-v0 --algos ppo --seeds 0 1 2 --train-workers 2 --worker-torch-threads 10
0 %, 0 %, 3 MiB, 32607 MiB
---
[2026-03-31 07:45:54]
   PID     ELAPSED STAT %CPU %MEM CMD
994590    11:25:15 Sl+   0.0  0.0 python -u experiments/run_highway_experiments.py --phase train --envs intersection-v0 --algos ppo --seeds 0 1 2 --train-workers 2 --worker-torch-threads 10
0 %, 0 %, 3 MiB, 32607 MiB
---
[2026-03-31 07:46:55]
   PID     ELAPSED STAT %CPU %MEM CMD
994590    11:26:15 Sl+   0.0  0.0 python -u experiments/run_highway_experiments.py --phase train --envs intersection-v0 --algos ppo --seeds 0 1 2 --train-workers 2 --worker-torch-threads 10
0 %, 0 %, 3 MiB, 32607 MiB
---
[2026-03-31 07:47:55]
   PID     ELAPSED STAT %CPU %MEM CMD
994590    11:27:16 Sl+   0.0  0.0 python -u experiments/run_highway_experiments.py --phase train --envs intersection-v0 --algos ppo --seeds 0 1 2 --train-workers 2 --worker-torch-threads 10
0 %, 0 %, 3 MiB, 32607 MiB
---
[2026-03-31 07:48:55]
   PID     ELAPSED STAT %CPU %MEM CMD
994590    11:28:16 Sl+   0.0  0.0 python -u experiments/run_highway_experiments.py --phase train --envs intersection-v0 --algos ppo --seeds 0 1 2 --train-workers 2 --worker-torch-threads 10
0 %, 0 %, 3 MiB, 32607 MiB
---
[2026-03-31 07:49:55]
   PID     ELAPSED STAT %CPU %MEM CMD
994590    11:29:16 Sl+   0.0  0.0 python -u experiments/run_highway_experiments.py --phase train --envs intersection-v0 --algos ppo --seeds 0 1 2 --train-workers 2 --worker-torch-threads 10
0 %, 0 %, 3 MiB, 32607 MiB
---
[2026-03-31 07:50:55]
   PID     ELAPSED STAT %CPU %MEM CMD
994590    11:30:16 Sl+   0.0  0.0 python -u experiments/run_highway_experiments.py --phase train --envs intersection-v0 --algos ppo --seeds 0 1 2 --train-workers 2 --worker-torch-threads 10
0 %, 0 %, 3 MiB, 32607 MiB
---
[2026-03-31 07:51:55]
   PID     ELAPSED STAT %CPU %MEM CMD
994590    11:31:16 Sl+   0.0  0.0 python -u experiments/run_highway_experiments.py --phase train --envs intersection-v0 --algos ppo --seeds 0 1 2 --train-workers 2 --worker-torch-threads 10
0 %, 0 %, 3 MiB, 32607 MiB
---
[2026-03-31 07:52:55]
   PID     ELAPSED STAT %CPU %MEM CMD
994590    11:32:16 Sl+   0.0  0.0 python -u experiments/run_highway_experiments.py --phase train --envs intersection-v0 --algos ppo --seeds 0 1 2 --train-workers 2 --worker-torch-threads 10
0 %, 0 %, 3 MiB, 32607 MiB
---
[2026-03-31 07:53:56]
   PID     ELAPSED STAT %CPU %MEM CMD
994590    11:33:17 Sl+   0.0  0.0 python -u experiments/run_highway_experiments.py --phase train --envs intersection-v0 --algos ppo --seeds 0 1 2 --train-workers 2 --worker-torch-threads 10
0 %, 0 %, 3 MiB, 32607 MiB
---
[2026-03-31 07:54:56]
   PID     ELAPSED STAT %CPU %MEM CMD
994590    11:34:17 Sl+   0.0  0.0 python -u experiments/run_highway_experiments.py --phase train --envs intersection-v0 --algos ppo --seeds 0 1 2 --train-workers 2 --worker-torch-threads 10
0 %, 0 %, 3 MiB, 32607 MiB
---
[2026-03-31 07:55:56]
   PID     ELAPSED STAT %CPU %MEM CMD
994590    11:35:17 Sl+   0.0  0.0 python -u experiments/run_highway_experiments.py --phase train --envs intersection-v0 --algos ppo --seeds 0 1 2 --train-workers 2 --worker-torch-threads 10
0 %, 0 %, 3 MiB, 32607 MiB
---
[2026-03-31 07:56:56]
   PID     ELAPSED STAT %CPU %MEM CMD
994590    11:36:17 Sl+   0.0  0.0 python -u experiments/run_highway_experiments.py --phase train --envs intersection-v0 --algos ppo --seeds 0 1 2 --train-workers 2 --worker-torch-threads 10
0 %, 0 %, 3 MiB, 32607 MiB
---
[2026-03-31 07:57:56]
   PID     ELAPSED STAT %CPU %MEM CMD
994590    11:37:17 Sl+   0.0  0.0 python -u experiments/run_highway_experiments.py --phase train --envs intersection-v0 --algos ppo --seeds 0 1 2 --train-workers 2 --worker-torch-threads 10
0 %, 0 %, 3 MiB, 32607 MiB
---
[2026-03-31 07:58:56]
   PID     ELAPSED STAT %CPU %MEM CMD
994590    11:38:17 Sl+   0.0  0.0 python -u experiments/run_highway_experiments.py --phase train --envs intersection-v0 --algos ppo --seeds 0 1 2 --train-workers 2 --worker-torch-threads 10
0 %, 0 %, 3 MiB, 32607 MiB
---
[2026-03-31 07:59:57]
   PID     ELAPSED STAT %CPU %MEM CMD
994590    11:39:18 Sl+   0.0  0.0 python -u experiments/run_highway_experiments.py --phase train --envs intersection-v0 --algos ppo --seeds 0 1 2 --train-workers 2 --worker-torch-threads 10
0 %, 0 %, 3 MiB, 32607 MiB
---
[2026-03-31 08:00:57]
   PID     ELAPSED STAT %CPU %MEM CMD
994590    11:40:18 Sl+   0.0  0.0 python -u experiments/run_highway_experiments.py --phase train --envs intersection-v0 --algos ppo --seeds 0 1 2 --train-workers 2 --worker-torch-threads 10
0 %, 0 %, 3 MiB, 32607 MiB
---
[2026-03-31 08:01:57]
   PID     ELAPSED STAT %CPU %MEM CMD
994590    11:41:18 Sl+   0.0  0.0 python -u experiments/run_highway_experiments.py --phase train --envs intersection-v0 --algos ppo --seeds 0 1 2 --train-workers 2 --worker-torch-threads 10
0 %, 0 %, 3 MiB, 32607 MiB
---
[2026-03-31 08:02:57]
   PID     ELAPSED STAT %CPU %MEM CMD
994590    11:42:18 Sl+   0.0  0.0 python -u experiments/run_highway_experiments.py --phase train --envs intersection-v0 --algos ppo --seeds 0 1 2 --train-workers 2 --worker-torch-threads 10
0 %, 0 %, 3 MiB, 32607 MiB
---
[2026-03-31 08:03:57]
   PID     ELAPSED STAT %CPU %MEM CMD
994590    11:43:18 Sl+   0.0  0.0 python -u experiments/run_highway_experiments.py --phase train --envs intersection-v0 --algos ppo --seeds 0 1 2 --train-workers 2 --worker-torch-threads 10
0 %, 0 %, 3 MiB, 32607 MiB
---
[2026-03-31 08:04:57]
   PID     ELAPSED STAT %CPU %MEM CMD
994590    11:44:18 Sl+   0.0  0.0 python -u experiments/run_highway_experiments.py --phase train --envs intersection-v0 --algos ppo --seeds 0 1 2 --train-workers 2 --worker-torch-threads 10
0 %, 0 %, 3 MiB, 32607 MiB
---
[2026-03-31 08:05:58]
   PID     ELAPSED STAT %CPU %MEM CMD
994590    11:45:18 Sl+   0.0  0.0 python -u experiments/run_highway_experiments.py --phase train --envs intersection-v0 --algos ppo --seeds 0 1 2 --train-workers 2 --worker-torch-threads 10
0 %, 0 %, 3 MiB, 32607 MiB
---
[2026-03-31 08:06:58]
   PID     ELAPSED STAT %CPU %MEM CMD
994590    11:46:19 Sl+   0.0  0.0 python -u experiments/run_highway_experiments.py --phase train --envs intersection-v0 --algos ppo --seeds 0 1 2 --train-workers 2 --worker-torch-threads 10
0 %, 0 %, 3 MiB, 32607 MiB
---
[2026-03-31 08:07:58]
   PID     ELAPSED STAT %CPU %MEM CMD
994590    11:47:19 Sl+   0.0  0.0 python -u experiments/run_highway_experiments.py --phase train --envs intersection-v0 --algos ppo --seeds 0 1 2 --train-workers 2 --worker-torch-threads 10
0 %, 0 %, 3 MiB, 32607 MiB
---
[2026-03-31 08:08:58]
   PID     ELAPSED STAT %CPU %MEM CMD
994590    11:48:19 Sl+   0.0  0.0 python -u experiments/run_highway_experiments.py --phase train --envs intersection-v0 --algos ppo --seeds 0 1 2 --train-workers 2 --worker-torch-threads 10
0 %, 0 %, 3 MiB, 32607 MiB
---
[2026-03-31 08:09:58]
   PID     ELAPSED STAT %CPU %MEM CMD
994590    11:49:19 Sl+   0.0  0.0 python -u experiments/run_highway_experiments.py --phase train --envs intersection-v0 --algos ppo --seeds 0 1 2 --train-workers 2 --worker-torch-threads 10
0 %, 0 %, 3 MiB, 32607 MiB
---
[2026-03-31 08:10:58]
   PID     ELAPSED STAT %CPU %MEM CMD
994590    11:50:19 Sl+   0.0  0.0 python -u experiments/run_highway_experiments.py --phase train --envs intersection-v0 --algos ppo --seeds 0 1 2 --train-workers 2 --worker-torch-threads 10
0 %, 0 %, 3 MiB, 32607 MiB
---
[2026-03-31 08:11:58]
   PID     ELAPSED STAT %CPU %MEM CMD
994590    11:51:19 Sl+   0.0  0.0 python -u experiments/run_highway_experiments.py --phase train --envs intersection-v0 --algos ppo --seeds 0 1 2 --train-workers 2 --worker-torch-threads 10
0 %, 0 %, 3 MiB, 32607 MiB
---
[2026-03-31 08:12:59]
   PID     ELAPSED STAT %CPU %MEM CMD
994590    11:52:20 Sl+   0.0  0.0 python -u experiments/run_highway_experiments.py --phase train --envs intersection-v0 --algos ppo --seeds 0 1 2 --train-workers 2 --worker-torch-threads 10
0 %, 0 %, 3 MiB, 32607 MiB
---
[2026-03-31 08:13:59]
   PID     ELAPSED STAT %CPU %MEM CMD
994590    11:53:20 Sl+   0.0  0.0 python -u experiments/run_highway_experiments.py --phase train --envs intersection-v0 --algos ppo --seeds 0 1 2 --train-workers 2 --worker-torch-threads 10
0 %, 0 %, 3 MiB, 32607 MiB
---
[2026-03-31 08:14:59]
   PID     ELAPSED STAT %CPU %MEM CMD
994590    11:54:20 Sl+   0.0  0.0 python -u experiments/run_highway_experiments.py --phase train --envs intersection-v0 --algos ppo --seeds 0 1 2 --train-workers 2 --worker-torch-threads 10
0 %, 0 %, 3 MiB, 32607 MiB
---
[2026-03-31 08:15:59]
   PID     ELAPSED STAT %CPU %MEM CMD
994590    11:55:20 Sl+   0.0  0.0 python -u experiments/run_highway_experiments.py --phase train --envs intersection-v0 --algos ppo --seeds 0 1 2 --train-workers 2 --worker-torch-threads 10
0 %, 0 %, 3 MiB, 32607 MiB
---
[2026-03-31 08:16:59]
   PID     ELAPSED STAT %CPU %MEM CMD
994590    11:56:20 Sl+   0.0  0.0 python -u experiments/run_highway_experiments.py --phase train --envs intersection-v0 --algos ppo --seeds 0 1 2 --train-workers 2 --worker-torch-threads 10
0 %, 0 %, 3 MiB, 32607 MiB
---
[2026-03-31 08:18:00]
   PID     ELAPSED STAT %CPU %MEM CMD
994590    11:57:20 Sl+   0.0  0.0 python -u experiments/run_highway_experiments.py --phase train --envs intersection-v0 --algos ppo --seeds 0 1 2 --train-workers 2 --worker-torch-threads 10
0 %, 0 %, 3 MiB, 32607 MiB
---
[2026-03-31 08:19:00]
   PID     ELAPSED STAT %CPU %MEM CMD
994590    11:58:21 Sl+   0.0  0.0 python -u experiments/run_highway_experiments.py --phase train --envs intersection-v0 --algos ppo --seeds 0 1 2 --train-workers 2 --worker-torch-threads 10
0 %, 0 %, 3 MiB, 32607 MiB
---
[2026-03-31 08:20:00]
   PID     ELAPSED STAT %CPU %MEM CMD
994590    11:59:21 Sl+   0.0  0.0 python -u experiments/run_highway_experiments.py --phase train --envs intersection-v0 --algos ppo --seeds 0 1 2 --train-workers 2 --worker-torch-threads 10
0 %, 0 %, 3 MiB, 32607 MiB
---
[2026-03-31 08:21:00]
   PID     ELAPSED STAT %CPU %MEM CMD
994590    12:00:21 Sl+   0.0  0.0 python -u experiments/run_highway_experiments.py --phase train --envs intersection-v0 --algos ppo --seeds 0 1 2 --train-workers 2 --worker-torch-threads 10
0 %, 0 %, 3 MiB, 32607 MiB
---
[2026-03-31 08:22:00]
   PID     ELAPSED STAT %CPU %MEM CMD
994590    12:01:21 Sl+   0.0  0.0 python -u experiments/run_highway_experiments.py --phase train --envs intersection-v0 --algos ppo --seeds 0 1 2 --train-workers 2 --worker-torch-threads 10
0 %, 0 %, 3 MiB, 32607 MiB
---
[2026-03-31 08:23:00]
   PID     ELAPSED STAT %CPU %MEM CMD
994590    12:02:21 Sl+   0.0  0.0 python -u experiments/run_highway_experiments.py --phase train --envs intersection-v0 --algos ppo --seeds 0 1 2 --train-workers 2 --worker-torch-threads 10
0 %, 0 %, 3 MiB, 32607 MiB
---
[2026-03-31 08:24:01]
   PID     ELAPSED STAT %CPU %MEM CMD
994590    12:03:21 Sl+   0.0  0.0 python -u experiments/run_highway_experiments.py --phase train --envs intersection-v0 --algos ppo --seeds 0 1 2 --train-workers 2 --worker-torch-threads 10
0 %, 0 %, 3 MiB, 32607 MiB
---
[2026-03-31 08:25:01]
   PID     ELAPSED STAT %CPU %MEM CMD
994590    12:04:22 Sl+   0.0  0.0 python -u experiments/run_highway_experiments.py --phase train --envs intersection-v0 --algos ppo --seeds 0 1 2 --train-workers 2 --worker-torch-threads 10
0 %, 0 %, 3 MiB, 32607 MiB
---
[2026-03-31 08:26:01]
   PID     ELAPSED STAT %CPU %MEM CMD
994590    12:05:22 Sl+   0.0  0.0 python -u experiments/run_highway_experiments.py --phase train --envs intersection-v0 --algos ppo --seeds 0 1 2 --train-workers 2 --worker-torch-threads 10
0 %, 0 %, 3 MiB, 32607 MiB
---
[2026-03-31 08:27:01]
   PID     ELAPSED STAT %CPU %MEM CMD
994590    12:06:22 Sl+   0.0  0.0 python -u experiments/run_highway_experiments.py --phase train --envs intersection-v0 --algos ppo --seeds 0 1 2 --train-workers 2 --worker-torch-threads 10
0 %, 0 %, 3 MiB, 32607 MiB
---
[2026-03-31 08:28:01]
   PID     ELAPSED STAT %CPU %MEM CMD
994590    12:07:22 Sl+   0.0  0.0 python -u experiments/run_highway_experiments.py --phase train --envs intersection-v0 --algos ppo --seeds 0 1 2 --train-workers 2 --worker-torch-threads 10
0 %, 0 %, 3 MiB, 32607 MiB
---
[2026-03-31 08:29:01]
   PID     ELAPSED STAT %CPU %MEM CMD
994590    12:08:22 Sl+   0.0  0.0 python -u experiments/run_highway_experiments.py --phase train --envs intersection-v0 --algos ppo --seeds 0 1 2 --train-workers 2 --worker-torch-threads 10
0 %, 0 %, 3 MiB, 32607 MiB
---
[2026-03-31 08:30:02]
   PID     ELAPSED STAT %CPU %MEM CMD
994590    12:09:22 Sl+   0.0  0.0 python -u experiments/run_highway_experiments.py --phase train --envs intersection-v0 --algos ppo --seeds 0 1 2 --train-workers 2 --worker-torch-threads 10
0 %, 0 %, 3 MiB, 32607 MiB
---
[2026-03-31 08:31:02]
   PID     ELAPSED STAT %CPU %MEM CMD
994590    12:10:23 Sl+   0.0  0.0 python -u experiments/run_highway_experiments.py --phase train --envs intersection-v0 --algos ppo --seeds 0 1 2 --train-workers 2 --worker-torch-threads 10
0 %, 0 %, 3 MiB, 32607 MiB
---
[2026-03-31 08:32:02]
   PID     ELAPSED STAT %CPU %MEM CMD
994590    12:11:23 Sl+   0.0  0.0 python -u experiments/run_highway_experiments.py --phase train --envs intersection-v0 --algos ppo --seeds 0 1 2 --train-workers 2 --worker-torch-threads 10
0 %, 0 %, 3 MiB, 32607 MiB
---
[2026-03-31 08:33:02]
   PID     ELAPSED STAT %CPU %MEM CMD
994590    12:12:23 Sl+   0.0  0.0 python -u experiments/run_highway_experiments.py --phase train --envs intersection-v0 --algos ppo --seeds 0 1 2 --train-workers 2 --worker-torch-threads 10
0 %, 0 %, 3 MiB, 32607 MiB
---
[2026-03-31 08:34:02]
   PID     ELAPSED STAT %CPU %MEM CMD
994590    12:13:23 Sl+   0.0  0.0 python -u experiments/run_highway_experiments.py --phase train --envs intersection-v0 --algos ppo --seeds 0 1 2 --train-workers 2 --worker-torch-threads 10
0 %, 0 %, 3 MiB, 32607 MiB
---
[2026-03-31 08:35:02]
   PID     ELAPSED STAT %CPU %MEM CMD
994590    12:14:23 Sl+   0.0  0.0 python -u experiments/run_highway_experiments.py --phase train --envs intersection-v0 --algos ppo --seeds 0 1 2 --train-workers 2 --worker-torch-threads 10
0 %, 0 %, 3 MiB, 32607 MiB
---
[2026-03-31 08:36:03]
   PID     ELAPSED STAT %CPU %MEM CMD
994590    12:15:23 Sl+   0.0  0.0 python -u experiments/run_highway_experiments.py --phase train --envs intersection-v0 --algos ppo --seeds 0 1 2 --train-workers 2 --worker-torch-threads 10
0 %, 0 %, 3 MiB, 32607 MiB
---
[2026-03-31 08:37:03]
   PID     ELAPSED STAT %CPU %MEM CMD
994590    12:16:24 Sl+   0.0  0.0 python -u experiments/run_highway_experiments.py --phase train --envs intersection-v0 --algos ppo --seeds 0 1 2 --train-workers 2 --worker-torch-threads 10
0 %, 0 %, 3 MiB, 32607 MiB
---
[2026-03-31 08:38:03]
   PID     ELAPSED STAT %CPU %MEM CMD
994590    12:17:24 Sl+   0.0  0.0 python -u experiments/run_highway_experiments.py --phase train --envs intersection-v0 --algos ppo --seeds 0 1 2 --train-workers 2 --worker-torch-threads 10
0 %, 0 %, 3 MiB, 32607 MiB
---
[2026-03-31 08:39:03]
   PID     ELAPSED STAT %CPU %MEM CMD
994590    12:18:24 Sl+   0.0  0.0 python -u experiments/run_highway_experiments.py --phase train --envs intersection-v0 --algos ppo --seeds 0 1 2 --train-workers 2 --worker-torch-threads 10
0 %, 0 %, 3 MiB, 32607 MiB
---
[2026-03-31 08:40:03]
   PID     ELAPSED STAT %CPU %MEM CMD
994590    12:19:24 Sl+   0.0  0.0 python -u experiments/run_highway_experiments.py --phase train --envs intersection-v0 --algos ppo --seeds 0 1 2 --train-workers 2 --worker-torch-threads 10
0 %, 0 %, 3 MiB, 32607 MiB
---
[2026-03-31 08:41:03]
   PID     ELAPSED STAT %CPU %MEM CMD
994590    12:20:24 Sl+   0.0  0.0 python -u experiments/run_highway_experiments.py --phase train --envs intersection-v0 --algos ppo --seeds 0 1 2 --train-workers 2 --worker-torch-threads 10
0 %, 0 %, 3 MiB, 32607 MiB
---
[2026-03-31 08:42:04]
   PID     ELAPSED STAT %CPU %MEM CMD
994590    12:21:25 Sl+   0.0  0.0 python -u experiments/run_highway_experiments.py --phase train --envs intersection-v0 --algos ppo --seeds 0 1 2 --train-workers 2 --worker-torch-threads 10
0 %, 0 %, 3 MiB, 32607 MiB
---
[2026-03-31 08:43:04]
   PID     ELAPSED STAT %CPU %MEM CMD
994590    12:22:25 Sl+   0.0  0.0 python -u experiments/run_highway_experiments.py --phase train --envs intersection-v0 --algos ppo --seeds 0 1 2 --train-workers 2 --worker-torch-threads 10
0 %, 0 %, 3 MiB, 32607 MiB
---
[2026-03-31 08:44:04]
   PID     ELAPSED STAT %CPU %MEM CMD
994590    12:23:25 Sl+   0.0  0.0 python -u experiments/run_highway_experiments.py --phase train --envs intersection-v0 --algos ppo --seeds 0 1 2 --train-workers 2 --worker-torch-threads 10
0 %, 0 %, 3 MiB, 32607 MiB
---
[2026-03-31 08:45:04]
   PID     ELAPSED STAT %CPU %MEM CMD
994590    12:24:25 Sl+   0.0  0.0 python -u experiments/run_highway_experiments.py --phase train --envs intersection-v0 --algos ppo --seeds 0 1 2 --train-workers 2 --worker-torch-threads 10
0 %, 0 %, 3 MiB, 32607 MiB
---
[2026-03-31 08:46:04]
   PID     ELAPSED STAT %CPU %MEM CMD
994590    12:25:25 Sl+   0.0  0.0 python -u experiments/run_highway_experiments.py --phase train --envs intersection-v0 --algos ppo --seeds 0 1 2 --train-workers 2 --worker-torch-threads 10
0 %, 0 %, 3 MiB, 32607 MiB
---
[2026-03-31 08:47:04]
   PID     ELAPSED STAT %CPU %MEM CMD
994590    12:26:25 Sl+   0.0  0.0 python -u experiments/run_highway_experiments.py --phase train --envs intersection-v0 --algos ppo --seeds 0 1 2 --train-workers 2 --worker-torch-threads 10
0 %, 0 %, 3 MiB, 32607 MiB
---
[2026-03-31 08:48:05]
   PID     ELAPSED STAT %CPU %MEM CMD
994590    12:27:26 Sl+   0.0  0.0 python -u experiments/run_highway_experiments.py --phase train --envs intersection-v0 --algos ppo --seeds 0 1 2 --train-workers 2 --worker-torch-threads 10
0 %, 0 %, 3 MiB, 32607 MiB
---
[2026-03-31 08:49:05]
   PID     ELAPSED STAT %CPU %MEM CMD
994590    12:28:26 Sl+   0.0  0.0 python -u experiments/run_highway_experiments.py --phase train --envs intersection-v0 --algos ppo --seeds 0 1 2 --train-workers 2 --worker-torch-threads 10
0 %, 0 %, 3 MiB, 32607 MiB
---
[2026-03-31 08:50:05]
   PID     ELAPSED STAT %CPU %MEM CMD
994590    12:29:26 Sl+   0.0  0.0 python -u experiments/run_highway_experiments.py --phase train --envs intersection-v0 --algos ppo --seeds 0 1 2 --train-workers 2 --worker-torch-threads 10
0 %, 0 %, 3 MiB, 32607 MiB
---
[2026-03-31 08:51:05]
   PID     ELAPSED STAT %CPU %MEM CMD
994590    12:30:26 Sl+   0.0  0.0 python -u experiments/run_highway_experiments.py --phase train --envs intersection-v0 --algos ppo --seeds 0 1 2 --train-workers 2 --worker-torch-threads 10
0 %, 0 %, 3 MiB, 32607 MiB
---
[2026-03-31 08:52:05]
   PID     ELAPSED STAT %CPU %MEM CMD
994590    12:31:26 Sl+   0.0  0.0 python -u experiments/run_highway_experiments.py --phase train --envs intersection-v0 --algos ppo --seeds 0 1 2 --train-workers 2 --worker-torch-threads 10
0 %, 0 %, 3 MiB, 32607 MiB
---
[2026-03-31 08:53:05]
   PID     ELAPSED STAT %CPU %MEM CMD
994590    12:32:26 Sl+   0.0  0.0 python -u experiments/run_highway_experiments.py --phase train --envs intersection-v0 --algos ppo --seeds 0 1 2 --train-workers 2 --worker-torch-threads 10
0 %, 0 %, 3 MiB, 32607 MiB
---
[2026-03-31 08:54:06]
   PID     ELAPSED STAT %CPU %MEM CMD
994590    12:33:27 Sl+   0.0  0.0 python -u experiments/run_highway_experiments.py --phase train --envs intersection-v0 --algos ppo --seeds 0 1 2 --train-workers 2 --worker-torch-threads 10
0 %, 0 %, 3 MiB, 32607 MiB
---
[2026-03-31 08:55:06]
   PID     ELAPSED STAT %CPU %MEM CMD
994590    12:34:27 Sl+   0.0  0.0 python -u experiments/run_highway_experiments.py --phase train --envs intersection-v0 --algos ppo --seeds 0 1 2 --train-workers 2 --worker-torch-threads 10
0 %, 0 %, 3 MiB, 32607 MiB
---
[2026-03-31 08:56:06]
   PID     ELAPSED STAT %CPU %MEM CMD
994590    12:35:27 Sl+   0.0  0.0 python -u experiments/run_highway_experiments.py --phase train --envs intersection-v0 --algos ppo --seeds 0 1 2 --train-workers 2 --worker-torch-threads 10
0 %, 0 %, 3 MiB, 32607 MiB
---
[2026-03-31 08:57:06]
   PID     ELAPSED STAT %CPU %MEM CMD
994590    12:36:27 Sl+   0.0  0.0 python -u experiments/run_highway_experiments.py --phase train --envs intersection-v0 --algos ppo --seeds 0 1 2 --train-workers 2 --worker-torch-threads 10
0 %, 0 %, 3 MiB, 32607 MiB
---
[2026-03-31 08:58:06]
   PID     ELAPSED STAT %CPU %MEM CMD
994590    12:37:27 Sl+   0.0  0.0 python -u experiments/run_highway_experiments.py --phase train --envs intersection-v0 --algos ppo --seeds 0 1 2 --train-workers 2 --worker-torch-threads 10
0 %, 0 %, 3 MiB, 32607 MiB
---
[2026-03-31 08:59:07]
   PID     ELAPSED STAT %CPU %MEM CMD
994590    12:38:27 Sl+   0.0  0.0 python -u experiments/run_highway_experiments.py --phase train --envs intersection-v0 --algos ppo --seeds 0 1 2 --train-workers 2 --worker-torch-threads 10
0 %, 0 %, 3 MiB, 32607 MiB
---
[2026-03-31 09:00:07]
   PID     ELAPSED STAT %CPU %MEM CMD
994590    12:39:28 Sl+   0.0  0.0 python -u experiments/run_highway_experiments.py --phase train --envs intersection-v0 --algos ppo --seeds 0 1 2 --train-workers 2 --worker-torch-threads 10
0 %, 0 %, 3 MiB, 32607 MiB
---
[2026-03-31 09:01:07]
   PID     ELAPSED STAT %CPU %MEM CMD
994590    12:40:28 Sl+   0.0  0.0 python -u experiments/run_highway_experiments.py --phase train --envs intersection-v0 --algos ppo --seeds 0 1 2 --train-workers 2 --worker-torch-threads 10
0 %, 0 %, 3 MiB, 32607 MiB
---
[2026-03-31 09:02:07]
   PID     ELAPSED STAT %CPU %MEM CMD
994590    12:41:28 Sl+   0.0  0.0 python -u experiments/run_highway_experiments.py --phase train --envs intersection-v0 --algos ppo --seeds 0 1 2 --train-workers 2 --worker-torch-threads 10
0 %, 0 %, 3 MiB, 32607 MiB
---
[2026-03-31 09:03:07]
   PID     ELAPSED STAT %CPU %MEM CMD
994590    12:42:28 Sl+   0.0  0.0 python -u experiments/run_highway_experiments.py --phase train --envs intersection-v0 --algos ppo --seeds 0 1 2 --train-workers 2 --worker-torch-threads 10
0 %, 0 %, 3 MiB, 32607 MiB
---
[2026-03-31 09:04:07]
   PID     ELAPSED STAT %CPU %MEM CMD
994590    12:43:28 Sl+   0.0  0.0 python -u experiments/run_highway_experiments.py --phase train --envs intersection-v0 --algos ppo --seeds 0 1 2 --train-workers 2 --worker-torch-threads 10
0 %, 0 %, 3 MiB, 32607 MiB
---
[2026-03-31 09:05:08]
   PID     ELAPSED STAT %CPU %MEM CMD
994590    12:44:28 Sl+   0.0  0.0 python -u experiments/run_highway_experiments.py --phase train --envs intersection-v0 --algos ppo --seeds 0 1 2 --train-workers 2 --worker-torch-threads 10
0 %, 0 %, 3 MiB, 32607 MiB
---
[2026-03-31 09:06:08]
   PID     ELAPSED STAT %CPU %MEM CMD
994590    12:45:29 Sl+   0.0  0.0 python -u experiments/run_highway_experiments.py --phase train --envs intersection-v0 --algos ppo --seeds 0 1 2 --train-workers 2 --worker-torch-threads 10
0 %, 0 %, 3 MiB, 32607 MiB
---
[2026-03-31 09:07:08]
   PID     ELAPSED STAT %CPU %MEM CMD
994590    12:46:29 Sl+   0.0  0.0 python -u experiments/run_highway_experiments.py --phase train --envs intersection-v0 --algos ppo --seeds 0 1 2 --train-workers 2 --worker-torch-threads 10
0 %, 0 %, 3 MiB, 32607 MiB
---
[2026-03-31 09:08:08]
   PID     ELAPSED STAT %CPU %MEM CMD
994590    12:47:29 Sl+   0.0  0.0 python -u experiments/run_highway_experiments.py --phase train --envs intersection-v0 --algos ppo --seeds 0 1 2 --train-workers 2 --worker-torch-threads 10
0 %, 0 %, 3 MiB, 32607 MiB
---
[2026-03-31 09:09:08]
   PID     ELAPSED STAT %CPU %MEM CMD
994590    12:48:29 Sl+   0.0  0.0 python -u experiments/run_highway_experiments.py --phase train --envs intersection-v0 --algos ppo --seeds 0 1 2 --train-workers 2 --worker-torch-threads 10
0 %, 0 %, 3 MiB, 32607 MiB
---
[2026-03-31 09:10:09]
   PID     ELAPSED STAT %CPU %MEM CMD
994590    12:49:29 Sl+   0.0  0.0 python -u experiments/run_highway_experiments.py --phase train --envs intersection-v0 --algos ppo --seeds 0 1 2 --train-workers 2 --worker-torch-threads 10
0 %, 0 %, 3 MiB, 32607 MiB
---
[2026-03-31 09:11:09]
   PID     ELAPSED STAT %CPU %MEM CMD
994590    12:50:30 Sl+   0.0  0.0 python -u experiments/run_highway_experiments.py --phase train --envs intersection-v0 --algos ppo --seeds 0 1 2 --train-workers 2 --worker-torch-threads 10
0 %, 0 %, 3 MiB, 32607 MiB
---
[2026-03-31 09:12:09]
   PID     ELAPSED STAT %CPU %MEM CMD
994590    12:51:30 Sl+   0.0  0.0 python -u experiments/run_highway_experiments.py --phase train --envs intersection-v0 --algos ppo --seeds 0 1 2 --train-workers 2 --worker-torch-threads 10
0 %, 0 %, 3 MiB, 32607 MiB
---
[2026-03-31 09:13:09]
   PID     ELAPSED STAT %CPU %MEM CMD
994590    12:52:30 Sl+   0.0  0.0 python -u experiments/run_highway_experiments.py --phase train --envs intersection-v0 --algos ppo --seeds 0 1 2 --train-workers 2 --worker-torch-threads 10
0 %, 0 %, 3 MiB, 32607 MiB
---
[2026-03-31 09:14:09]
   PID     ELAPSED STAT %CPU %MEM CMD
994590    12:53:30 Sl+   0.0  0.0 python -u experiments/run_highway_experiments.py --phase train --envs intersection-v0 --algos ppo --seeds 0 1 2 --train-workers 2 --worker-torch-threads 10
0 %, 0 %, 3 MiB, 32607 MiB
---
[2026-03-31 09:15:09]
   PID     ELAPSED STAT %CPU %MEM CMD
994590    12:54:30 Sl+   0.0  0.0 python -u experiments/run_highway_experiments.py --phase train --envs intersection-v0 --algos ppo --seeds 0 1 2 --train-workers 2 --worker-torch-threads 10
0 %, 0 %, 3 MiB, 32607 MiB
---
[2026-03-31 09:16:09]
   PID     ELAPSED STAT %CPU %MEM CMD
994590    12:55:30 Sl+   0.0  0.0 python -u experiments/run_highway_experiments.py --phase train --envs intersection-v0 --algos ppo --seeds 0 1 2 --train-workers 2 --worker-torch-threads 10
0 %, 0 %, 3 MiB, 32607 MiB
---
[2026-03-31 09:17:10]
   PID     ELAPSED STAT %CPU %MEM CMD
994590    12:56:31 Sl+   0.0  0.0 python -u experiments/run_highway_experiments.py --phase train --envs intersection-v0 --algos ppo --seeds 0 1 2 --train-workers 2 --worker-torch-threads 10
0 %, 0 %, 3 MiB, 32607 MiB
---
[2026-03-31 09:18:10]
   PID     ELAPSED STAT %CPU %MEM CMD
994590    12:57:31 Sl+   0.0  0.0 python -u experiments/run_highway_experiments.py --phase train --envs intersection-v0 --algos ppo --seeds 0 1 2 --train-workers 2 --worker-torch-threads 10
0 %, 0 %, 3 MiB, 32607 MiB
---
[2026-03-31 09:19:10]
   PID     ELAPSED STAT %CPU %MEM CMD
994590    12:58:31 Sl+   0.0  0.0 python -u experiments/run_highway_experiments.py --phase train --envs intersection-v0 --algos ppo --seeds 0 1 2 --train-workers 2 --worker-torch-threads 10
0 %, 0 %, 3 MiB, 32607 MiB
---
[2026-03-31 09:20:10]
   PID     ELAPSED STAT %CPU %MEM CMD
994590    12:59:31 Sl+   0.0  0.0 python -u experiments/run_highway_experiments.py --phase train --envs intersection-v0 --algos ppo --seeds 0 1 2 --train-workers 2 --worker-torch-threads 10
0 %, 0 %, 3 MiB, 32607 MiB
---
[2026-03-31 09:21:10]
   PID     ELAPSED STAT %CPU %MEM CMD
994590    13:00:31 Sl+   0.0  0.0 python -u experiments/run_highway_experiments.py --phase train --envs intersection-v0 --algos ppo --seeds 0 1 2 --train-workers 2 --worker-torch-threads 10
0 %, 0 %, 3 MiB, 32607 MiB
---
[2026-03-31 09:22:10]
   PID     ELAPSED STAT %CPU %MEM CMD
994590    13:01:31 Sl+   0.0  0.0 python -u experiments/run_highway_experiments.py --phase train --envs intersection-v0 --algos ppo --seeds 0 1 2 --train-workers 2 --worker-torch-threads 10
0 %, 0 %, 3 MiB, 32607 MiB
---
[2026-03-31 09:23:11]
   PID     ELAPSED STAT %CPU %MEM CMD
994590    13:02:32 Sl+   0.0  0.0 python -u experiments/run_highway_experiments.py --phase train --envs intersection-v0 --algos ppo --seeds 0 1 2 --train-workers 2 --worker-torch-threads 10
0 %, 0 %, 3 MiB, 32607 MiB
---
[2026-03-31 09:24:11]
   PID     ELAPSED STAT %CPU %MEM CMD
994590    13:03:32 Sl+   0.0  0.0 python -u experiments/run_highway_experiments.py --phase train --envs intersection-v0 --algos ppo --seeds 0 1 2 --train-workers 2 --worker-torch-threads 10
0 %, 0 %, 3 MiB, 32607 MiB
---
[2026-03-31 09:25:11]
   PID     ELAPSED STAT %CPU %MEM CMD
994590    13:04:32 Sl+   0.0  0.0 python -u experiments/run_highway_experiments.py --phase train --envs intersection-v0 --algos ppo --seeds 0 1 2 --train-workers 2 --worker-torch-threads 10
0 %, 0 %, 3 MiB, 32607 MiB
---
[2026-03-31 09:26:11]
   PID     ELAPSED STAT %CPU %MEM CMD
994590    13:05:32 Sl+   0.0  0.0 python -u experiments/run_highway_experiments.py --phase train --envs intersection-v0 --algos ppo --seeds 0 1 2 --train-workers 2 --worker-torch-threads 10
0 %, 0 %, 3 MiB, 32607 MiB
---
[2026-03-31 09:27:11]
   PID     ELAPSED STAT %CPU %MEM CMD
994590    13:06:32 Sl+   0.0  0.0 python -u experiments/run_highway_experiments.py --phase train --envs intersection-v0 --algos ppo --seeds 0 1 2 --train-workers 2 --worker-torch-threads 10
0 %, 0 %, 3 MiB, 32607 MiB
---
[2026-03-31 09:28:12]
   PID     ELAPSED STAT %CPU %MEM CMD
994590    13:07:32 Sl+   0.0  0.0 python -u experiments/run_highway_experiments.py --phase train --envs intersection-v0 --algos ppo --seeds 0 1 2 --train-workers 2 --worker-torch-threads 10
0 %, 0 %, 3 MiB, 32607 MiB
---
[2026-03-31 09:29:12]
   PID     ELAPSED STAT %CPU %MEM CMD
994590    13:08:33 Sl+   0.0  0.0 python -u experiments/run_highway_experiments.py --phase train --envs intersection-v0 --algos ppo --seeds 0 1 2 --train-workers 2 --worker-torch-threads 10
0 %, 0 %, 3 MiB, 32607 MiB
---
[2026-03-31 09:30:12]
   PID     ELAPSED STAT %CPU %MEM CMD
994590    13:09:33 Sl+   0.0  0.0 python -u experiments/run_highway_experiments.py --phase train --envs intersection-v0 --algos ppo --seeds 0 1 2 --train-workers 2 --worker-torch-threads 10
0 %, 0 %, 3 MiB, 32607 MiB
---
[2026-03-31 09:31:12]
   PID     ELAPSED STAT %CPU %MEM CMD
994590    13:10:33 Sl+   0.0  0.0 python -u experiments/run_highway_experiments.py --phase train --envs intersection-v0 --algos ppo --seeds 0 1 2 --train-workers 2 --worker-torch-threads 10
0 %, 0 %, 3 MiB, 32607 MiB
---
[2026-03-31 09:32:12]
   PID     ELAPSED STAT %CPU %MEM CMD
994590    13:11:33 Sl+   0.0  0.0 python -u experiments/run_highway_experiments.py --phase train --envs intersection-v0 --algos ppo --seeds 0 1 2 --train-workers 2 --worker-torch-threads 10
0 %, 0 %, 3 MiB, 32607 MiB
---
[2026-03-31 09:33:12]
   PID     ELAPSED STAT %CPU %MEM CMD
994590    13:12:33 Sl+   0.0  0.0 python -u experiments/run_highway_experiments.py --phase train --envs intersection-v0 --algos ppo --seeds 0 1 2 --train-workers 2 --worker-torch-threads 10
0 %, 0 %, 3 MiB, 32607 MiB
---
[2026-03-31 09:34:13]
   PID     ELAPSED STAT %CPU %MEM CMD
994590    13:13:33 Sl+   0.0  0.0 python -u experiments/run_highway_experiments.py --phase train --envs intersection-v0 --algos ppo --seeds 0 1 2 --train-workers 2 --worker-torch-threads 10
0 %, 0 %, 3 MiB, 32607 MiB
---
[2026-03-31 09:35:13]
   PID     ELAPSED STAT %CPU %MEM CMD
994590    13:14:34 Sl+   0.0  0.0 python -u experiments/run_highway_experiments.py --phase train --envs intersection-v0 --algos ppo --seeds 0 1 2 --train-workers 2 --worker-torch-threads 10
0 %, 0 %, 3 MiB, 32607 MiB
---
[2026-03-31 09:36:13]
   PID     ELAPSED STAT %CPU %MEM CMD
994590    13:15:34 Sl+   0.0  0.0 python -u experiments/run_highway_experiments.py --phase train --envs intersection-v0 --algos ppo --seeds 0 1 2 --train-workers 2 --worker-torch-threads 10
0 %, 0 %, 3 MiB, 32607 MiB
---
[2026-03-31 09:37:13]
   PID     ELAPSED STAT %CPU %MEM CMD
994590    13:16:34 Sl+   0.0  0.0 python -u experiments/run_highway_experiments.py --phase train --envs intersection-v0 --algos ppo --seeds 0 1 2 --train-workers 2 --worker-torch-threads 10
0 %, 0 %, 3 MiB, 32607 MiB
---
[2026-03-31 09:38:13]
   PID     ELAPSED STAT %CPU %MEM CMD
994590    13:17:34 Sl+   0.0  0.0 python -u experiments/run_highway_experiments.py --phase train --envs intersection-v0 --algos ppo --seeds 0 1 2 --train-workers 2 --worker-torch-threads 10
0 %, 0 %, 3 MiB, 32607 MiB
---
[2026-03-31 09:39:13]
   PID     ELAPSED STAT %CPU %MEM CMD
994590    13:18:34 Sl+   0.0  0.0 python -u experiments/run_highway_experiments.py --phase train --envs intersection-v0 --algos ppo --seeds 0 1 2 --train-workers 2 --worker-torch-threads 10
0 %, 0 %, 3 MiB, 32607 MiB
---
[2026-03-31 09:40:14]
   PID     ELAPSED STAT %CPU %MEM CMD
994590    13:19:35 Sl+   0.0  0.0 python -u experiments/run_highway_experiments.py --phase train --envs intersection-v0 --algos ppo --seeds 0 1 2 --train-workers 2 --worker-torch-threads 10
0 %, 0 %, 3 MiB, 32607 MiB
---
[2026-03-31 09:41:14]
   PID     ELAPSED STAT %CPU %MEM CMD
994590    13:20:35 Sl+   0.0  0.0 python -u experiments/run_highway_experiments.py --phase train --envs intersection-v0 --algos ppo --seeds 0 1 2 --train-workers 2 --worker-torch-threads 10
0 %, 0 %, 3 MiB, 32607 MiB
---
[2026-03-31 09:42:14]
   PID     ELAPSED STAT %CPU %MEM CMD
994590    13:21:35 Sl+   0.0  0.0 python -u experiments/run_highway_experiments.py --phase train --envs intersection-v0 --algos ppo --seeds 0 1 2 --train-workers 2 --worker-torch-threads 10
0 %, 0 %, 3 MiB, 32607 MiB
---
[2026-03-31 09:43:14]
   PID     ELAPSED STAT %CPU %MEM CMD
994590    13:22:35 Sl+   0.0  0.0 python -u experiments/run_highway_experiments.py --phase train --envs intersection-v0 --algos ppo --seeds 0 1 2 --train-workers 2 --worker-torch-threads 10
0 %, 0 %, 3 MiB, 32607 MiB
---
[2026-03-31 09:44:14]
   PID     ELAPSED STAT %CPU %MEM CMD
994590    13:23:35 Sl+   0.0  0.0 python -u experiments/run_highway_experiments.py --phase train --envs intersection-v0 --algos ppo --seeds 0 1 2 --train-workers 2 --worker-torch-threads 10
0 %, 0 %, 3 MiB, 32607 MiB
---
[2026-03-31 09:45:15]
   PID     ELAPSED STAT %CPU %MEM CMD
994590    13:24:35 Sl+   0.0  0.0 python -u experiments/run_highway_experiments.py --phase train --envs intersection-v0 --algos ppo --seeds 0 1 2 --train-workers 2 --worker-torch-threads 10
0 %, 0 %, 3 MiB, 32607 MiB
---
[2026-03-31 09:46:15]
   PID     ELAPSED STAT %CPU %MEM CMD
994590    13:25:36 Sl+   0.0  0.0 python -u experiments/run_highway_experiments.py --phase train --envs intersection-v0 --algos ppo --seeds 0 1 2 --train-workers 2 --worker-torch-threads 10
0 %, 0 %, 3 MiB, 32607 MiB
---
[2026-03-31 09:47:15]
   PID     ELAPSED STAT %CPU %MEM CMD
994590    13:26:36 Sl+   0.0  0.0 python -u experiments/run_highway_experiments.py --phase train --envs intersection-v0 --algos ppo --seeds 0 1 2 --train-workers 2 --worker-torch-threads 10
0 %, 0 %, 3 MiB, 32607 MiB
---
[2026-03-31 09:48:15]
   PID     ELAPSED STAT %CPU %MEM CMD
994590    13:27:36 Sl+   0.0  0.0 python -u experiments/run_highway_experiments.py --phase train --envs intersection-v0 --algos ppo --seeds 0 1 2 --train-workers 2 --worker-torch-threads 10
0 %, 0 %, 3 MiB, 32607 MiB
---
[2026-03-31 09:49:15]
   PID     ELAPSED STAT %CPU %MEM CMD
994590    13:28:36 Sl+   0.0  0.0 python -u experiments/run_highway_experiments.py --phase train --envs intersection-v0 --algos ppo --seeds 0 1 2 --train-workers 2 --worker-torch-threads 10
0 %, 0 %, 3 MiB, 32607 MiB
---
[2026-03-31 09:50:15]
   PID     ELAPSED STAT %CPU %MEM CMD
994590    13:29:36 Sl+   0.0  0.0 python -u experiments/run_highway_experiments.py --phase train --envs intersection-v0 --algos ppo --seeds 0 1 2 --train-workers 2 --worker-torch-threads 10
0 %, 0 %, 3 MiB, 32607 MiB
---
[2026-03-31 09:51:15]
   PID     ELAPSED STAT %CPU %MEM CMD
994590    13:30:36 Sl+   0.0  0.0 python -u experiments/run_highway_experiments.py --phase train --envs intersection-v0 --algos ppo --seeds 0 1 2 --train-workers 2 --worker-torch-threads 10
0 %, 0 %, 3 MiB, 32607 MiB
---
[2026-03-31 09:52:16]
   PID     ELAPSED STAT %CPU %MEM CMD
994590    13:31:36 Sl+   0.0  0.0 python -u experiments/run_highway_experiments.py --phase train --envs intersection-v0 --algos ppo --seeds 0 1 2 --train-workers 2 --worker-torch-threads 10
0 %, 0 %, 3 MiB, 32607 MiB
---
[2026-03-31 09:53:16]
   PID     ELAPSED STAT %CPU %MEM CMD
994590    13:32:37 Sl+   0.0  0.0 python -u experiments/run_highway_experiments.py --phase train --envs intersection-v0 --algos ppo --seeds 0 1 2 --train-workers 2 --worker-torch-threads 10
0 %, 0 %, 3 MiB, 32607 MiB
---
[2026-03-31 09:54:16]
   PID     ELAPSED STAT %CPU %MEM CMD
994590    13:33:37 Sl+   0.0  0.0 python -u experiments/run_highway_experiments.py --phase train --envs intersection-v0 --algos ppo --seeds 0 1 2 --train-workers 2 --worker-torch-threads 10
0 %, 0 %, 3 MiB, 32607 MiB
---
[2026-03-31 09:55:16]
   PID     ELAPSED STAT %CPU %MEM CMD
994590    13:34:37 Sl+   0.0  0.0 python -u experiments/run_highway_experiments.py --phase train --envs intersection-v0 --algos ppo --seeds 0 1 2 --train-workers 2 --worker-torch-threads 10
0 %, 0 %, 3 MiB, 32607 MiB
---
[2026-03-31 09:56:16]
   PID     ELAPSED STAT %CPU %MEM CMD
994590    13:35:37 Sl+   0.0  0.0 python -u experiments/run_highway_experiments.py --phase train --envs intersection-v0 --algos ppo --seeds 0 1 2 --train-workers 2 --worker-torch-threads 10
0 %, 0 %, 3 MiB, 32607 MiB
---
[2026-03-31 09:57:16]
   PID     ELAPSED STAT %CPU %MEM CMD
994590    13:36:37 Sl+   0.0  0.0 python -u experiments/run_highway_experiments.py --phase train --envs intersection-v0 --algos ppo --seeds 0 1 2 --train-workers 2 --worker-torch-threads 10
0 %, 0 %, 3 MiB, 32607 MiB
---
[2026-03-31 09:58:17]
   PID     ELAPSED STAT %CPU %MEM CMD
994590    13:37:38 Sl+   0.0  0.0 python -u experiments/run_highway_experiments.py --phase train --envs intersection-v0 --algos ppo --seeds 0 1 2 --train-workers 2 --worker-torch-threads 10
0 %, 0 %, 3 MiB, 32607 MiB
---
[2026-03-31 09:59:17]
   PID     ELAPSED STAT %CPU %MEM CMD
994590    13:38:38 Sl+   0.0  0.0 python -u experiments/run_highway_experiments.py --phase train --envs intersection-v0 --algos ppo --seeds 0 1 2 --train-workers 2 --worker-torch-threads 10
0 %, 0 %, 3 MiB, 32607 MiB
---
[2026-03-31 10:00:17]
   PID     ELAPSED STAT %CPU %MEM CMD
994590    13:39:38 Sl+   0.0  0.0 python -u experiments/run_highway_experiments.py --phase train --envs intersection-v0 --algos ppo --seeds 0 1 2 --train-workers 2 --worker-torch-threads 10
0 %, 0 %, 3 MiB, 32607 MiB
---
[2026-03-31 10:01:17]
   PID     ELAPSED STAT %CPU %MEM CMD
994590    13:40:38 Sl+   0.0  0.0 python -u experiments/run_highway_experiments.py --phase train --envs intersection-v0 --algos ppo --seeds 0 1 2 --train-workers 2 --worker-torch-threads 10
0 %, 0 %, 3 MiB, 32607 MiB
---
[2026-03-31 10:02:17]
   PID     ELAPSED STAT %CPU %MEM CMD
994590    13:41:38 Sl+   0.0  0.0 python -u experiments/run_highway_experiments.py --phase train --envs intersection-v0 --algos ppo --seeds 0 1 2 --train-workers 2 --worker-torch-threads 10
0 %, 0 %, 3 MiB, 32607 MiB
---
[2026-03-31 10:03:18]
   PID     ELAPSED STAT %CPU %MEM CMD
994590    13:42:38 Sl+   0.0  0.0 python -u experiments/run_highway_experiments.py --phase train --envs intersection-v0 --algos ppo --seeds 0 1 2 --train-workers 2 --worker-torch-threads 10
0 %, 0 %, 3 MiB, 32607 MiB
---
[2026-03-31 10:04:18]
   PID     ELAPSED STAT %CPU %MEM CMD
994590    13:43:39 Sl+   0.0  0.0 python -u experiments/run_highway_experiments.py --phase train --envs intersection-v0 --algos ppo --seeds 0 1 2 --train-workers 2 --worker-torch-threads 10
0 %, 0 %, 3 MiB, 32607 MiB
---
[2026-03-31 10:05:18]
   PID     ELAPSED STAT %CPU %MEM CMD
994590    13:44:39 Sl+   0.0  0.0 python -u experiments/run_highway_experiments.py --phase train --envs intersection-v0 --algos ppo --seeds 0 1 2 --train-workers 2 --worker-torch-threads 10
0 %, 0 %, 3 MiB, 32607 MiB
---
[2026-03-31 10:06:18]
   PID     ELAPSED STAT %CPU %MEM CMD
994590    13:45:39 Sl+   0.0  0.0 python -u experiments/run_highway_experiments.py --phase train --envs intersection-v0 --algos ppo --seeds 0 1 2 --train-workers 2 --worker-torch-threads 10
0 %, 0 %, 3 MiB, 32607 MiB
---
[2026-03-31 10:07:18]
   PID     ELAPSED STAT %CPU %MEM CMD
994590    13:46:39 Sl+   0.0  0.0 python -u experiments/run_highway_experiments.py --phase train --envs intersection-v0 --algos ppo --seeds 0 1 2 --train-workers 2 --worker-torch-threads 10
0 %, 0 %, 3 MiB, 32607 MiB
---
[2026-03-31 10:08:18]
   PID     ELAPSED STAT %CPU %MEM CMD
994590    13:47:39 Sl+   0.0  0.0 python -u experiments/run_highway_experiments.py --phase train --envs intersection-v0 --algos ppo --seeds 0 1 2 --train-workers 2 --worker-torch-threads 10
0 %, 0 %, 3 MiB, 32607 MiB
---
[2026-03-31 10:09:19]
   PID     ELAPSED STAT %CPU %MEM CMD
994590    13:48:39 Sl+   0.0  0.0 python -u experiments/run_highway_experiments.py --phase train --envs intersection-v0 --algos ppo --seeds 0 1 2 --train-workers 2 --worker-torch-threads 10
0 %, 0 %, 3 MiB, 32607 MiB
---
[2026-03-31 10:10:19]
   PID     ELAPSED STAT %CPU %MEM CMD
994590    13:49:40 Sl+   0.0  0.0 python -u experiments/run_highway_experiments.py --phase train --envs intersection-v0 --algos ppo --seeds 0 1 2 --train-workers 2 --worker-torch-threads 10
0 %, 0 %, 3 MiB, 32607 MiB
---
[2026-03-31 10:11:19]
   PID     ELAPSED STAT %CPU %MEM CMD
994590    13:50:40 Sl+   0.0  0.0 python -u experiments/run_highway_experiments.py --phase train --envs intersection-v0 --algos ppo --seeds 0 1 2 --train-workers 2 --worker-torch-threads 10
0 %, 0 %, 3 MiB, 32607 MiB
---
[2026-03-31 10:12:19]
   PID     ELAPSED STAT %CPU %MEM CMD
994590    13:51:40 Sl+   0.0  0.0 python -u experiments/run_highway_experiments.py --phase train --envs intersection-v0 --algos ppo --seeds 0 1 2 --train-workers 2 --worker-torch-threads 10
0 %, 0 %, 3 MiB, 32607 MiB
---
[2026-03-31 10:13:19]
   PID     ELAPSED STAT %CPU %MEM CMD
994590    13:52:40 Sl+   0.0  0.0 python -u experiments/run_highway_experiments.py --phase train --envs intersection-v0 --algos ppo --seeds 0 1 2 --train-workers 2 --worker-torch-threads 10
0 %, 0 %, 3 MiB, 32607 MiB
---
[2026-03-31 10:14:19]
   PID     ELAPSED STAT %CPU %MEM CMD
994590    13:53:40 Sl+   0.0  0.0 python -u experiments/run_highway_experiments.py --phase train --envs intersection-v0 --algos ppo --seeds 0 1 2 --train-workers 2 --worker-torch-threads 10
0 %, 0 %, 3 MiB, 32607 MiB
---
[2026-03-31 10:15:19]
   PID     ELAPSED STAT %CPU %MEM CMD
994590    13:54:40 Sl+   0.0  0.0 python -u experiments/run_highway_experiments.py --phase train --envs intersection-v0 --algos ppo --seeds 0 1 2 --train-workers 2 --worker-torch-threads 10
0 %, 0 %, 3 MiB, 32607 MiB
---
[2026-03-31 10:16:20]
   PID     ELAPSED STAT %CPU %MEM CMD
994590    13:55:41 Sl+   0.0  0.0 python -u experiments/run_highway_experiments.py --phase train --envs intersection-v0 --algos ppo --seeds 0 1 2 --train-workers 2 --worker-torch-threads 10
0 %, 0 %, 3 MiB, 32607 MiB
---
[2026-03-31 10:17:20]
   PID     ELAPSED STAT %CPU %MEM CMD
994590    13:56:41 Sl+   0.0  0.0 python -u experiments/run_highway_experiments.py --phase train --envs intersection-v0 --algos ppo --seeds 0 1 2 --train-workers 2 --worker-torch-threads 10
0 %, 0 %, 3 MiB, 32607 MiB
---
[2026-03-31 10:18:20]
   PID     ELAPSED STAT %CPU %MEM CMD
994590    13:57:41 Sl+   0.0  0.0 python -u experiments/run_highway_experiments.py --phase train --envs intersection-v0 --algos ppo --seeds 0 1 2 --train-workers 2 --worker-torch-threads 10
0 %, 0 %, 3 MiB, 32607 MiB
---
[2026-03-31 10:19:20]
   PID     ELAPSED STAT %CPU %MEM CMD
994590    13:58:41 Sl+   0.0  0.0 python -u experiments/run_highway_experiments.py --phase train --envs intersection-v0 --algos ppo --seeds 0 1 2 --train-workers 2 --worker-torch-threads 10
0 %, 0 %, 3 MiB, 32607 MiB
---
[2026-03-31 10:20:20]
   PID     ELAPSED STAT %CPU %MEM CMD
994590    13:59:41 Sl+   0.0  0.0 python -u experiments/run_highway_experiments.py --phase train --envs intersection-v0 --algos ppo --seeds 0 1 2 --train-workers 2 --worker-torch-threads 10
0 %, 0 %, 3 MiB, 32607 MiB
---
[2026-03-31 10:21:20]
   PID     ELAPSED STAT %CPU %MEM CMD
994590    14:00:41 Sl+   0.0  0.0 python -u experiments/run_highway_experiments.py --phase train --envs intersection-v0 --algos ppo --seeds 0 1 2 --train-workers 2 --worker-torch-threads 10
0 %, 0 %, 3 MiB, 32607 MiB
---
[2026-03-31 10:22:21]
   PID     ELAPSED STAT %CPU %MEM CMD
994590    14:01:41 Sl+   0.0  0.0 python -u experiments/run_highway_experiments.py --phase train --envs intersection-v0 --algos ppo --seeds 0 1 2 --train-workers 2 --worker-torch-threads 10
0 %, 0 %, 3 MiB, 32607 MiB
---
[2026-03-31 10:23:21]
   PID     ELAPSED STAT %CPU %MEM CMD
994590    14:02:42 Sl+   0.0  0.0 python -u experiments/run_highway_experiments.py --phase train --envs intersection-v0 --algos ppo --seeds 0 1 2 --train-workers 2 --worker-torch-threads 10
0 %, 0 %, 3 MiB, 32607 MiB
---
[2026-03-31 10:24:21]
   PID     ELAPSED STAT %CPU %MEM CMD
994590    14:03:42 Sl+   0.0  0.0 python -u experiments/run_highway_experiments.py --phase train --envs intersection-v0 --algos ppo --seeds 0 1 2 --train-workers 2 --worker-torch-threads 10
0 %, 0 %, 3 MiB, 32607 MiB
---
[2026-03-31 10:25:21]
   PID     ELAPSED STAT %CPU %MEM CMD
994590    14:04:42 Sl+   0.0  0.0 python -u experiments/run_highway_experiments.py --phase train --envs intersection-v0 --algos ppo --seeds 0 1 2 --train-workers 2 --worker-torch-threads 10
0 %, 0 %, 3 MiB, 32607 MiB
---
[2026-03-31 10:26:21]
   PID     ELAPSED STAT %CPU %MEM CMD
994590    14:05:42 Sl+   0.0  0.0 python -u experiments/run_highway_experiments.py --phase train --envs intersection-v0 --algos ppo --seeds 0 1 2 --train-workers 2 --worker-torch-threads 10
0 %, 0 %, 3 MiB, 32607 MiB
---
[2026-03-31 10:27:21]
   PID     ELAPSED STAT %CPU %MEM CMD
994590    14:06:42 Sl+   0.0  0.0 python -u experiments/run_highway_experiments.py --phase train --envs intersection-v0 --algos ppo --seeds 0 1 2 --train-workers 2 --worker-torch-threads 10
0 %, 0 %, 3 MiB, 32607 MiB
---
[2026-03-31 10:28:22]
   PID     ELAPSED STAT %CPU %MEM CMD
994590    14:07:42 Sl+   0.0  0.0 python -u experiments/run_highway_experiments.py --phase train --envs intersection-v0 --algos ppo --seeds 0 1 2 --train-workers 2 --worker-torch-threads 10
0 %, 0 %, 3 MiB, 32607 MiB
---
[2026-03-31 10:29:22]
   PID     ELAPSED STAT %CPU %MEM CMD
994590    14:08:43 Sl+   0.0  0.0 python -u experiments/run_highway_experiments.py --phase train --envs intersection-v0 --algos ppo --seeds 0 1 2 --train-workers 2 --worker-torch-threads 10
0 %, 0 %, 3 MiB, 32607 MiB
---
[2026-03-31 10:30:22]
   PID     ELAPSED STAT %CPU %MEM CMD
994590    14:09:43 Sl+   0.0  0.0 python -u experiments/run_highway_experiments.py --phase train --envs intersection-v0 --algos ppo --seeds 0 1 2 --train-workers 2 --worker-torch-threads 10
0 %, 0 %, 3 MiB, 32607 MiB
---
[2026-03-31 10:31:22]
   PID     ELAPSED STAT %CPU %MEM CMD
994590    14:10:43 Sl+   0.0  0.0 python -u experiments/run_highway_experiments.py --phase train --envs intersection-v0 --algos ppo --seeds 0 1 2 --train-workers 2 --worker-torch-threads 10
0 %, 0 %, 3 MiB, 32607 MiB
---
[2026-03-31 10:32:22]
   PID     ELAPSED STAT %CPU %MEM CMD
994590    14:11:43 Sl+   0.0  0.0 python -u experiments/run_highway_experiments.py --phase train --envs intersection-v0 --algos ppo --seeds 0 1 2 --train-workers 2 --worker-torch-threads 10
0 %, 0 %, 3 MiB, 32607 MiB
---
[2026-03-31 10:33:22]
   PID     ELAPSED STAT %CPU %MEM CMD
994590    14:12:43 Sl+   0.0  0.0 python -u experiments/run_highway_experiments.py --phase train --envs intersection-v0 --algos ppo --seeds 0 1 2 --train-workers 2 --worker-torch-threads 10
0 %, 0 %, 3 MiB, 32607 MiB
---
[2026-03-31 10:34:23]
   PID     ELAPSED STAT %CPU %MEM CMD
994590    14:13:44 Sl+   0.0  0.0 python -u experiments/run_highway_experiments.py --phase train --envs intersection-v0 --algos ppo --seeds 0 1 2 --train-workers 2 --worker-torch-threads 10
0 %, 0 %, 3 MiB, 32607 MiB
---
[2026-03-31 10:35:23]
   PID     ELAPSED STAT %CPU %MEM CMD
994590    14:14:44 Sl+   0.0  0.0 python -u experiments/run_highway_experiments.py --phase train --envs intersection-v0 --algos ppo --seeds 0 1 2 --train-workers 2 --worker-torch-threads 10
0 %, 0 %, 3 MiB, 32607 MiB
---
[2026-03-31 10:36:23]
   PID     ELAPSED STAT %CPU %MEM CMD
994590    14:15:44 Sl+   0.0  0.0 python -u experiments/run_highway_experiments.py --phase train --envs intersection-v0 --algos ppo --seeds 0 1 2 --train-workers 2 --worker-torch-threads 10
0 %, 0 %, 3 MiB, 32607 MiB
---
[2026-03-31 10:37:23]
   PID     ELAPSED STAT %CPU %MEM CMD
994590    14:16:44 Sl+   0.0  0.0 python -u experiments/run_highway_experiments.py --phase train --envs intersection-v0 --algos ppo --seeds 0 1 2 --train-workers 2 --worker-torch-threads 10
0 %, 0 %, 3 MiB, 32607 MiB
---
[2026-03-31 10:38:23]
   PID     ELAPSED STAT %CPU %MEM CMD
994590    14:17:44 Sl+   0.0  0.0 python -u experiments/run_highway_experiments.py --phase train --envs intersection-v0 --algos ppo --seeds 0 1 2 --train-workers 2 --worker-torch-threads 10
0 %, 0 %, 3 MiB, 32607 MiB
---
[2026-03-31 10:39:23]
   PID     ELAPSED STAT %CPU %MEM CMD
994590    14:18:44 Sl+   0.0  0.0 python -u experiments/run_highway_experiments.py --phase train --envs intersection-v0 --algos ppo --seeds 0 1 2 --train-workers 2 --worker-torch-threads 10
0 %, 0 %, 3 MiB, 32607 MiB
---
[2026-03-31 10:40:23]
   PID     ELAPSED STAT %CPU %MEM CMD
994590    14:19:44 Sl+   0.0  0.0 python -u experiments/run_highway_experiments.py --phase train --envs intersection-v0 --algos ppo --seeds 0 1 2 --train-workers 2 --worker-torch-threads 10
0 %, 0 %, 3 MiB, 32607 MiB
---
[2026-03-31 10:41:24]
   PID     ELAPSED STAT %CPU %MEM CMD
994590    14:20:45 Sl+   0.0  0.0 python -u experiments/run_highway_experiments.py --phase train --envs intersection-v0 --algos ppo --seeds 0 1 2 --train-workers 2 --worker-torch-threads 10
0 %, 0 %, 3 MiB, 32607 MiB
---
[2026-03-31 10:42:24]
   PID     ELAPSED STAT %CPU %MEM CMD
994590    14:21:45 Sl+   0.0  0.0 python -u experiments/run_highway_experiments.py --phase train --envs intersection-v0 --algos ppo --seeds 0 1 2 --train-workers 2 --worker-torch-threads 10
0 %, 0 %, 3 MiB, 32607 MiB
---
[2026-03-31 10:43:24]
   PID     ELAPSED STAT %CPU %MEM CMD
994590    14:22:45 Sl+   0.0  0.0 python -u experiments/run_highway_experiments.py --phase train --envs intersection-v0 --algos ppo --seeds 0 1 2 --train-workers 2 --worker-torch-threads 10
0 %, 0 %, 3 MiB, 32607 MiB
---
[2026-03-31 10:44:24]
   PID     ELAPSED STAT %CPU %MEM CMD
994590    14:23:45 Sl+   0.0  0.0 python -u experiments/run_highway_experiments.py --phase train --envs intersection-v0 --algos ppo --seeds 0 1 2 --train-workers 2 --worker-torch-threads 10
0 %, 0 %, 3 MiB, 32607 MiB
---
[2026-03-31 10:45:24]
   PID     ELAPSED STAT %CPU %MEM CMD
994590    14:24:45 Sl+   0.0  0.0 python -u experiments/run_highway_experiments.py --phase train --envs intersection-v0 --algos ppo --seeds 0 1 2 --train-workers 2 --worker-torch-threads 10
0 %, 0 %, 3 MiB, 32607 MiB
---
[2026-03-31 10:46:25]
   PID     ELAPSED STAT %CPU %MEM CMD
994590    14:25:45 Sl+   0.0  0.0 python -u experiments/run_highway_experiments.py --phase train --envs intersection-v0 --algos ppo --seeds 0 1 2 --train-workers 2 --worker-torch-threads 10
0 %, 0 %, 3 MiB, 32607 MiB
---
[2026-03-31 10:47:25]
   PID     ELAPSED STAT %CPU %MEM CMD
994590    14:26:46 Sl+   0.0  0.0 python -u experiments/run_highway_experiments.py --phase train --envs intersection-v0 --algos ppo --seeds 0 1 2 --train-workers 2 --worker-torch-threads 10
0 %, 0 %, 3 MiB, 32607 MiB
---
[2026-03-31 10:48:25]
   PID     ELAPSED STAT %CPU %MEM CMD
994590    14:27:46 Sl+   0.0  0.0 python -u experiments/run_highway_experiments.py --phase train --envs intersection-v0 --algos ppo --seeds 0 1 2 --train-workers 2 --worker-torch-threads 10
0 %, 0 %, 3 MiB, 32607 MiB
---
[2026-03-31 10:49:25]
   PID     ELAPSED STAT %CPU %MEM CMD
994590    14:28:46 Sl+   0.0  0.0 python -u experiments/run_highway_experiments.py --phase train --envs intersection-v0 --algos ppo --seeds 0 1 2 --train-workers 2 --worker-torch-threads 10
0 %, 0 %, 3 MiB, 32607 MiB
---
[2026-03-31 10:50:25]
   PID     ELAPSED STAT %CPU %MEM CMD
994590    14:29:46 Sl+   0.0  0.0 python -u experiments/run_highway_experiments.py --phase train --envs intersection-v0 --algos ppo --seeds 0 1 2 --train-workers 2 --worker-torch-threads 10
0 %, 0 %, 3 MiB, 32607 MiB
---
[2026-03-31 10:51:25]
   PID     ELAPSED STAT %CPU %MEM CMD
994590    14:30:46 Sl+   0.0  0.0 python -u experiments/run_highway_experiments.py --phase train --envs intersection-v0 --algos ppo --seeds 0 1 2 --train-workers 2 --worker-torch-threads 10
0 %, 0 %, 3 MiB, 32607 MiB
---
[2026-03-31 10:52:25]
   PID     ELAPSED STAT %CPU %MEM CMD
994590    14:31:46 Sl+   0.0  0.0 python -u experiments/run_highway_experiments.py --phase train --envs intersection-v0 --algos ppo --seeds 0 1 2 --train-workers 2 --worker-torch-threads 10
0 %, 0 %, 3 MiB, 32607 MiB
---
[2026-03-31 10:53:26]
   PID     ELAPSED STAT %CPU %MEM CMD
994590    14:32:46 Sl+   0.0  0.0 python -u experiments/run_highway_experiments.py --phase train --envs intersection-v0 --algos ppo --seeds 0 1 2 --train-workers 2 --worker-torch-threads 10
0 %, 0 %, 3 MiB, 32607 MiB
---
[2026-03-31 10:54:26]
   PID     ELAPSED STAT %CPU %MEM CMD
994590    14:33:47 Sl+   0.0  0.0 python -u experiments/run_highway_experiments.py --phase train --envs intersection-v0 --algos ppo --seeds 0 1 2 --train-workers 2 --worker-torch-threads 10
0 %, 0 %, 3 MiB, 32607 MiB
---
[2026-03-31 10:55:26]
   PID     ELAPSED STAT %CPU %MEM CMD
994590    14:34:47 Sl+   0.0  0.0 python -u experiments/run_highway_experiments.py --phase train --envs intersection-v0 --algos ppo --seeds 0 1 2 --train-workers 2 --worker-torch-threads 10
0 %, 0 %, 3 MiB, 32607 MiB
---
[2026-03-31 10:56:26]
   PID     ELAPSED STAT %CPU %MEM CMD
994590    14:35:47 Sl+   0.0  0.0 python -u experiments/run_highway_experiments.py --phase train --envs intersection-v0 --algos ppo --seeds 0 1 2 --train-workers 2 --worker-torch-threads 10
0 %, 0 %, 3 MiB, 32607 MiB
---
[2026-03-31 10:57:26]
   PID     ELAPSED STAT %CPU %MEM CMD
994590    14:36:47 Sl+   0.0  0.0 python -u experiments/run_highway_experiments.py --phase train --envs intersection-v0 --algos ppo --seeds 0 1 2 --train-workers 2 --worker-torch-threads 10
0 %, 0 %, 3 MiB, 32607 MiB
---
[2026-03-31 10:58:26]
   PID     ELAPSED STAT %CPU %MEM CMD
994590    14:37:47 Sl+   0.0  0.0 python -u experiments/run_highway_experiments.py --phase train --envs intersection-v0 --algos ppo --seeds 0 1 2 --train-workers 2 --worker-torch-threads 10
0 %, 0 %, 3 MiB, 32607 MiB
---
[2026-03-31 10:59:27]
   PID     ELAPSED STAT %CPU %MEM CMD
994590    14:38:47 Sl+   0.0  0.0 python -u experiments/run_highway_experiments.py --phase train --envs intersection-v0 --algos ppo --seeds 0 1 2 --train-workers 2 --worker-torch-threads 10
0 %, 0 %, 3 MiB, 32607 MiB
---
[2026-03-31 11:00:27]
   PID     ELAPSED STAT %CPU %MEM CMD
994590    14:39:48 Sl+   0.0  0.0 python -u experiments/run_highway_experiments.py --phase train --envs intersection-v0 --algos ppo --seeds 0 1 2 --train-workers 2 --worker-torch-threads 10
0 %, 0 %, 3 MiB, 32607 MiB
---
[2026-03-31 11:01:27]
   PID     ELAPSED STAT %CPU %MEM CMD
994590    14:40:48 Sl+   0.0  0.0 python -u experiments/run_highway_experiments.py --phase train --envs intersection-v0 --algos ppo --seeds 0 1 2 --train-workers 2 --worker-torch-threads 10
0 %, 0 %, 3 MiB, 32607 MiB
---
[2026-03-31 11:02:27]
   PID     ELAPSED STAT %CPU %MEM CMD
994590    14:41:48 Sl+   0.0  0.0 python -u experiments/run_highway_experiments.py --phase train --envs intersection-v0 --algos ppo --seeds 0 1 2 --train-workers 2 --worker-torch-threads 10
0 %, 0 %, 3 MiB, 32607 MiB
---
[2026-03-31 11:03:27]
   PID     ELAPSED STAT %CPU %MEM CMD
994590    14:42:48 Sl+   0.0  0.0 python -u experiments/run_highway_experiments.py --phase train --envs intersection-v0 --algos ppo --seeds 0 1 2 --train-workers 2 --worker-torch-threads 10
0 %, 0 %, 3 MiB, 32607 MiB
---
[2026-03-31 11:04:27]
   PID     ELAPSED STAT %CPU %MEM CMD
994590    14:43:48 Sl+   0.0  0.0 python -u experiments/run_highway_experiments.py --phase train --envs intersection-v0 --algos ppo --seeds 0 1 2 --train-workers 2 --worker-torch-threads 10
0 %, 0 %, 3 MiB, 32607 MiB
---
[2026-03-31 11:05:27]
   PID     ELAPSED STAT %CPU %MEM CMD
994590    14:44:48 Sl+   0.0  0.0 python -u experiments/run_highway_experiments.py --phase train --envs intersection-v0 --algos ppo --seeds 0 1 2 --train-workers 2 --worker-torch-threads 10
0 %, 0 %, 3 MiB, 32607 MiB
---
[2026-03-31 11:06:28]
   PID     ELAPSED STAT %CPU %MEM CMD
994590    14:45:49 Sl+   0.0  0.0 python -u experiments/run_highway_experiments.py --phase train --envs intersection-v0 --algos ppo --seeds 0 1 2 --train-workers 2 --worker-torch-threads 10
0 %, 0 %, 3 MiB, 32607 MiB
---
[2026-03-31 11:07:28]
   PID     ELAPSED STAT %CPU %MEM CMD
994590    14:46:49 Sl+   0.0  0.0 python -u experiments/run_highway_experiments.py --phase train --envs intersection-v0 --algos ppo --seeds 0 1 2 --train-workers 2 --worker-torch-threads 10
0 %, 0 %, 3 MiB, 32607 MiB
---
[2026-03-31 11:08:28]
   PID     ELAPSED STAT %CPU %MEM CMD
994590    14:47:49 Sl+   0.0  0.0 python -u experiments/run_highway_experiments.py --phase train --envs intersection-v0 --algos ppo --seeds 0 1 2 --train-workers 2 --worker-torch-threads 10
0 %, 0 %, 3 MiB, 32607 MiB
---
[2026-03-31 11:09:28]
   PID     ELAPSED STAT %CPU %MEM CMD
994590    14:48:49 Sl+   0.0  0.0 python -u experiments/run_highway_experiments.py --phase train --envs intersection-v0 --algos ppo --seeds 0 1 2 --train-workers 2 --worker-torch-threads 10
0 %, 0 %, 3 MiB, 32607 MiB
---
[2026-03-31 11:10:28]
   PID     ELAPSED STAT %CPU %MEM CMD
994590    14:49:49 Sl+   0.0  0.0 python -u experiments/run_highway_experiments.py --phase train --envs intersection-v0 --algos ppo --seeds 0 1 2 --train-workers 2 --worker-torch-threads 10
0 %, 0 %, 3 MiB, 32607 MiB
---
[2026-03-31 11:11:28]
   PID     ELAPSED STAT %CPU %MEM CMD
994590    14:50:49 Sl+   0.0  0.0 python -u experiments/run_highway_experiments.py --phase train --envs intersection-v0 --algos ppo --seeds 0 1 2 --train-workers 2 --worker-torch-threads 10
0 %, 0 %, 3 MiB, 32607 MiB
---
[2026-03-31 11:12:29]
   PID     ELAPSED STAT %CPU %MEM CMD
994590    14:51:49 Sl+   0.0  0.0 python -u experiments/run_highway_experiments.py --phase train --envs intersection-v0 --algos ppo --seeds 0 1 2 --train-workers 2 --worker-torch-threads 10
0 %, 0 %, 3 MiB, 32607 MiB
---
[2026-03-31 11:13:29]
   PID     ELAPSED STAT %CPU %MEM CMD
994590    14:52:50 Sl+   0.0  0.0 python -u experiments/run_highway_experiments.py --phase train --envs intersection-v0 --algos ppo --seeds 0 1 2 --train-workers 2 --worker-torch-threads 10
0 %, 0 %, 3 MiB, 32607 MiB
---
[2026-03-31 11:14:29]
   PID     ELAPSED STAT %CPU %MEM CMD
994590    14:53:50 Sl+   0.0  0.0 python -u experiments/run_highway_experiments.py --phase train --envs intersection-v0 --algos ppo --seeds 0 1 2 --train-workers 2 --worker-torch-threads 10
0 %, 0 %, 3 MiB, 32607 MiB
---
[2026-03-31 11:15:29]
   PID     ELAPSED STAT %CPU %MEM CMD
994590    14:54:50 Sl+   0.0  0.0 python -u experiments/run_highway_experiments.py --phase train --envs intersection-v0 --algos ppo --seeds 0 1 2 --train-workers 2 --worker-torch-threads 10
0 %, 0 %, 3 MiB, 32607 MiB
---
[2026-03-31 11:16:29]
   PID     ELAPSED STAT %CPU %MEM CMD
994590    14:55:50 Sl+   0.0  0.0 python -u experiments/run_highway_experiments.py --phase train --envs intersection-v0 --algos ppo --seeds 0 1 2 --train-workers 2 --worker-torch-threads 10
0 %, 0 %, 3 MiB, 32607 MiB
---
[2026-03-31 11:17:29]
   PID     ELAPSED STAT %CPU %MEM CMD
994590    14:56:50 Sl+   0.0  0.0 python -u experiments/run_highway_experiments.py --phase train --envs intersection-v0 --algos ppo --seeds 0 1 2 --train-workers 2 --worker-torch-threads 10
0 %, 0 %, 3 MiB, 32607 MiB
---
[2026-03-31 11:18:30]
   PID     ELAPSED STAT %CPU %MEM CMD
994590    14:57:51 Sl+   0.0  0.0 python -u experiments/run_highway_experiments.py --phase train --envs intersection-v0 --algos ppo --seeds 0 1 2 --train-workers 2 --worker-torch-threads 10
0 %, 0 %, 3 MiB, 32607 MiB
---
[2026-03-31 11:19:30]
   PID     ELAPSED STAT %CPU %MEM CMD
994590    14:58:51 Sl+   0.0  0.0 python -u experiments/run_highway_experiments.py --phase train --envs intersection-v0 --algos ppo --seeds 0 1 2 --train-workers 2 --worker-torch-threads 10
0 %, 0 %, 3 MiB, 32607 MiB
---
[2026-03-31 11:20:30]
   PID     ELAPSED STAT %CPU %MEM CMD
994590    14:59:51 Sl+   0.0  0.0 python -u experiments/run_highway_experiments.py --phase train --envs intersection-v0 --algos ppo --seeds 0 1 2 --train-workers 2 --worker-torch-threads 10
0 %, 0 %, 3 MiB, 32607 MiB
---
[2026-03-31 11:21:30]
   PID     ELAPSED STAT %CPU %MEM CMD
994590    15:00:51 Sl+   0.0  0.0 python -u experiments/run_highway_experiments.py --phase train --envs intersection-v0 --algos ppo --seeds 0 1 2 --train-workers 2 --worker-torch-threads 10
0 %, 0 %, 3 MiB, 32607 MiB
---
[2026-03-31 11:22:30]
   PID     ELAPSED STAT %CPU %MEM CMD
994590    15:01:51 Sl+   0.0  0.0 python -u experiments/run_highway_experiments.py --phase train --envs intersection-v0 --algos ppo --seeds 0 1 2 --train-workers 2 --worker-torch-threads 10
0 %, 0 %, 3 MiB, 32607 MiB
---
[2026-03-31 11:23:30]
   PID     ELAPSED STAT %CPU %MEM CMD
994590    15:02:51 Sl+   0.0  0.0 python -u experiments/run_highway_experiments.py --phase train --envs intersection-v0 --algos ppo --seeds 0 1 2 --train-workers 2 --worker-torch-threads 10
0 %, 0 %, 3 MiB, 32607 MiB
---
[2026-03-31 11:24:30]
   PID     ELAPSED STAT %CPU %MEM CMD
994590    15:03:51 Sl+   0.0  0.0 python -u experiments/run_highway_experiments.py --phase train --envs intersection-v0 --algos ppo --seeds 0 1 2 --train-workers 2 --worker-torch-threads 10
0 %, 0 %, 3 MiB, 32607 MiB
---
[2026-03-31 11:25:31]
   PID     ELAPSED STAT %CPU %MEM CMD
994590    15:04:51 Sl+   0.0  0.0 python -u experiments/run_highway_experiments.py --phase train --envs intersection-v0 --algos ppo --seeds 0 1 2 --train-workers 2 --worker-torch-threads 10
0 %, 0 %, 3 MiB, 32607 MiB
---
[2026-03-31 11:26:31]
   PID     ELAPSED STAT %CPU %MEM CMD
994590    15:05:52 Sl+   0.0  0.0 python -u experiments/run_highway_experiments.py --phase train --envs intersection-v0 --algos ppo --seeds 0 1 2 --train-workers 2 --worker-torch-threads 10
0 %, 0 %, 3 MiB, 32607 MiB
---
[2026-03-31 11:27:31]
   PID     ELAPSED STAT %CPU %MEM CMD
994590    15:06:52 Sl+   0.0  0.0 python -u experiments/run_highway_experiments.py --phase train --envs intersection-v0 --algos ppo --seeds 0 1 2 --train-workers 2 --worker-torch-threads 10
0 %, 0 %, 3 MiB, 32607 MiB
---
[2026-03-31 11:28:31]
   PID     ELAPSED STAT %CPU %MEM CMD
994590    15:07:52 Sl+   0.0  0.0 python -u experiments/run_highway_experiments.py --phase train --envs intersection-v0 --algos ppo --seeds 0 1 2 --train-workers 2 --worker-torch-threads 10
0 %, 0 %, 3 MiB, 32607 MiB
---
[2026-03-31 11:29:31]
   PID     ELAPSED STAT %CPU %MEM CMD
994590    15:08:52 Sl+   0.0  0.0 python -u experiments/run_highway_experiments.py --phase train --envs intersection-v0 --algos ppo --seeds 0 1 2 --train-workers 2 --worker-torch-threads 10
0 %, 0 %, 3 MiB, 32607 MiB
---
[2026-03-31 11:30:31]
   PID     ELAPSED STAT %CPU %MEM CMD
994590    15:09:52 Sl+   0.0  0.0 python -u experiments/run_highway_experiments.py --phase train --envs intersection-v0 --algos ppo --seeds 0 1 2 --train-workers 2 --worker-torch-threads 10
0 %, 0 %, 3 MiB, 32607 MiB
---
[2026-03-31 11:31:32]
   PID     ELAPSED STAT %CPU %MEM CMD
994590    15:10:52 Sl+   0.0  0.0 python -u experiments/run_highway_experiments.py --phase train --envs intersection-v0 --algos ppo --seeds 0 1 2 --train-workers 2 --worker-torch-threads 10
0 %, 0 %, 3 MiB, 32607 MiB
---
[2026-03-31 11:32:32]
   PID     ELAPSED STAT %CPU %MEM CMD
994590    15:11:53 Sl+   0.0  0.0 python -u experiments/run_highway_experiments.py --phase train --envs intersection-v0 --algos ppo --seeds 0 1 2 --train-workers 2 --worker-torch-threads 10
0 %, 0 %, 3 MiB, 32607 MiB
---
[2026-03-31 11:33:32]
   PID     ELAPSED STAT %CPU %MEM CMD
994590    15:12:53 Sl+   0.0  0.0 python -u experiments/run_highway_experiments.py --phase train --envs intersection-v0 --algos ppo --seeds 0 1 2 --train-workers 2 --worker-torch-threads 10
0 %, 0 %, 3 MiB, 32607 MiB
---
[2026-03-31 11:34:32]
   PID     ELAPSED STAT %CPU %MEM CMD
994590    15:13:53 Sl+   0.0  0.0 python -u experiments/run_highway_experiments.py --phase train --envs intersection-v0 --algos ppo --seeds 0 1 2 --train-workers 2 --worker-torch-threads 10
0 %, 0 %, 3 MiB, 32607 MiB
---
[2026-03-31 11:35:32]
   PID     ELAPSED STAT %CPU %MEM CMD
994590    15:14:53 Sl+   0.0  0.0 python -u experiments/run_highway_experiments.py --phase train --envs intersection-v0 --algos ppo --seeds 0 1 2 --train-workers 2 --worker-torch-threads 10
0 %, 0 %, 3 MiB, 32607 MiB
---
[2026-03-31 11:36:32]
   PID     ELAPSED STAT %CPU %MEM CMD
994590    15:15:53 Sl+   0.0  0.0 python -u experiments/run_highway_experiments.py --phase train --envs intersection-v0 --algos ppo --seeds 0 1 2 --train-workers 2 --worker-torch-threads 10
0 %, 0 %, 3 MiB, 32607 MiB
---
[2026-03-31 11:37:33]
   PID     ELAPSED STAT %CPU %MEM CMD
994590    15:16:53 Sl+   0.0  0.0 python -u experiments/run_highway_experiments.py --phase train --envs intersection-v0 --algos ppo --seeds 0 1 2 --train-workers 2 --worker-torch-threads 10
0 %, 0 %, 3 MiB, 32607 MiB
---
[2026-03-31 11:38:33]
   PID     ELAPSED STAT %CPU %MEM CMD
994590    15:17:54 Sl+   0.0  0.0 python -u experiments/run_highway_experiments.py --phase train --envs intersection-v0 --algos ppo --seeds 0 1 2 --train-workers 2 --worker-torch-threads 10
0 %, 0 %, 3 MiB, 32607 MiB
---
[2026-03-31 11:39:33]
   PID     ELAPSED STAT %CPU %MEM CMD
994590    15:18:54 Sl+   0.0  0.0 python -u experiments/run_highway_experiments.py --phase train --envs intersection-v0 --algos ppo --seeds 0 1 2 --train-workers 2 --worker-torch-threads 10
0 %, 0 %, 3 MiB, 32607 MiB
---
[2026-03-31 11:40:33]
   PID     ELAPSED STAT %CPU %MEM CMD
994590    15:19:54 Sl+   0.0  0.0 python -u experiments/run_highway_experiments.py --phase train --envs intersection-v0 --algos ppo --seeds 0 1 2 --train-workers 2 --worker-torch-threads 10
0 %, 0 %, 3 MiB, 32607 MiB
---
[2026-03-31 11:41:33]
   PID     ELAPSED STAT %CPU %MEM CMD
994590    15:20:54 Sl+   0.0  0.0 python -u experiments/run_highway_experiments.py --phase train --envs intersection-v0 --algos ppo --seeds 0 1 2 --train-workers 2 --worker-torch-threads 10
0 %, 0 %, 3 MiB, 32607 MiB
---
[2026-03-31 11:42:33]
   PID     ELAPSED STAT %CPU %MEM CMD
994590    15:21:54 Sl+   0.0  0.0 python -u experiments/run_highway_experiments.py --phase train --envs intersection-v0 --algos ppo --seeds 0 1 2 --train-workers 2 --worker-torch-threads 10
0 %, 0 %, 3 MiB, 32607 MiB
---
[2026-03-31 11:43:34]
   PID     ELAPSED STAT %CPU %MEM CMD
994590    15:22:54 Sl+   0.0  0.0 python -u experiments/run_highway_experiments.py --phase train --envs intersection-v0 --algos ppo --seeds 0 1 2 --train-workers 2 --worker-torch-threads 10
0 %, 0 %, 3 MiB, 32607 MiB
---
[2026-03-31 11:44:34]
   PID     ELAPSED STAT %CPU %MEM CMD
994590    15:23:55 Sl+   0.0  0.0 python -u experiments/run_highway_experiments.py --phase train --envs intersection-v0 --algos ppo --seeds 0 1 2 --train-workers 2 --worker-torch-threads 10
0 %, 0 %, 3 MiB, 32607 MiB
---
[2026-03-31 11:45:34]
   PID     ELAPSED STAT %CPU %MEM CMD
994590    15:24:55 Sl+   0.0  0.0 python -u experiments/run_highway_experiments.py --phase train --envs intersection-v0 --algos ppo --seeds 0 1 2 --train-workers 2 --worker-torch-threads 10
0 %, 0 %, 3 MiB, 32607 MiB
---
[2026-03-31 11:46:34]
   PID     ELAPSED STAT %CPU %MEM CMD
994590    15:25:55 Sl+   0.0  0.0 python -u experiments/run_highway_experiments.py --phase train --envs intersection-v0 --algos ppo --seeds 0 1 2 --train-workers 2 --worker-torch-threads 10
0 %, 0 %, 3 MiB, 32607 MiB
---
[2026-03-31 11:47:34]
   PID     ELAPSED STAT %CPU %MEM CMD
994590    15:26:55 Sl+   0.0  0.0 python -u experiments/run_highway_experiments.py --phase train --envs intersection-v0 --algos ppo --seeds 0 1 2 --train-workers 2 --worker-torch-threads 10
0 %, 0 %, 3 MiB, 32607 MiB
---
[2026-03-31 11:48:34]
   PID     ELAPSED STAT %CPU %MEM CMD
994590    15:27:55 Sl+   0.0  0.0 python -u experiments/run_highway_experiments.py --phase train --envs intersection-v0 --algos ppo --seeds 0 1 2 --train-workers 2 --worker-torch-threads 10
0 %, 0 %, 3 MiB, 32607 MiB
---
[2026-03-31 11:49:35]
   PID     ELAPSED STAT %CPU %MEM CMD
994590    15:28:55 Sl+   0.0  0.0 python -u experiments/run_highway_experiments.py --phase train --envs intersection-v0 --algos ppo --seeds 0 1 2 --train-workers 2 --worker-torch-threads 10
0 %, 0 %, 3 MiB, 32607 MiB
---
[2026-03-31 11:50:35]
   PID     ELAPSED STAT %CPU %MEM CMD
994590    15:29:56 Sl+   0.0  0.0 python -u experiments/run_highway_experiments.py --phase train --envs intersection-v0 --algos ppo --seeds 0 1 2 --train-workers 2 --worker-torch-threads 10
0 %, 0 %, 3 MiB, 32607 MiB
---
[2026-03-31 11:51:35]
   PID     ELAPSED STAT %CPU %MEM CMD
994590    15:30:56 Sl+   0.0  0.0 python -u experiments/run_highway_experiments.py --phase train --envs intersection-v0 --algos ppo --seeds 0 1 2 --train-workers 2 --worker-torch-threads 10
0 %, 0 %, 3 MiB, 32607 MiB
---
[2026-03-31 11:52:35]
   PID     ELAPSED STAT %CPU %MEM CMD
994590    15:31:56 Sl+   0.0  0.0 python -u experiments/run_highway_experiments.py --phase train --envs intersection-v0 --algos ppo --seeds 0 1 2 --train-workers 2 --worker-torch-threads 10
0 %, 0 %, 3 MiB, 32607 MiB
---
[2026-03-31 11:53:35]
   PID     ELAPSED STAT %CPU %MEM CMD
994590    15:32:56 Sl+   0.0  0.0 python -u experiments/run_highway_experiments.py --phase train --envs intersection-v0 --algos ppo --seeds 0 1 2 --train-workers 2 --worker-torch-threads 10
0 %, 0 %, 3 MiB, 32607 MiB
---
[2026-03-31 11:54:35]
   PID     ELAPSED STAT %CPU %MEM CMD
994590    15:33:56 Sl+   0.0  0.0 python -u experiments/run_highway_experiments.py --phase train --envs intersection-v0 --algos ppo --seeds 0 1 2 --train-workers 2 --worker-torch-threads 10
0 %, 0 %, 3 MiB, 32607 MiB
---
[2026-03-31 11:55:35]
   PID     ELAPSED STAT %CPU %MEM CMD
994590    15:34:56 Sl+   0.0  0.0 python -u experiments/run_highway_experiments.py --phase train --envs intersection-v0 --algos ppo --seeds 0 1 2 --train-workers 2 --worker-torch-threads 10
0 %, 0 %, 3 MiB, 32607 MiB
---
[2026-03-31 11:56:36]
   PID     ELAPSED STAT %CPU %MEM CMD
994590    15:35:57 Sl+   0.0  0.0 python -u experiments/run_highway_experiments.py --phase train --envs intersection-v0 --algos ppo --seeds 0 1 2 --train-workers 2 --worker-torch-threads 10
0 %, 0 %, 3 MiB, 32607 MiB
---
[2026-03-31 11:57:36]
   PID     ELAPSED STAT %CPU %MEM CMD
994590    15:36:57 Sl+   0.0  0.0 python -u experiments/run_highway_experiments.py --phase train --envs intersection-v0 --algos ppo --seeds 0 1 2 --train-workers 2 --worker-torch-threads 10
0 %, 0 %, 3 MiB, 32607 MiB
---
[2026-03-31 11:58:36]
   PID     ELAPSED STAT %CPU %MEM CMD
994590    15:37:57 Sl+   0.0  0.0 python -u experiments/run_highway_experiments.py --phase train --envs intersection-v0 --algos ppo --seeds 0 1 2 --train-workers 2 --worker-torch-threads 10
0 %, 0 %, 3 MiB, 32607 MiB
---
[2026-03-31 11:59:36]
   PID     ELAPSED STAT %CPU %MEM CMD
994590    15:38:57 Sl+   0.0  0.0 python -u experiments/run_highway_experiments.py --phase train --envs intersection-v0 --algos ppo --seeds 0 1 2 --train-workers 2 --worker-torch-threads 10
0 %, 0 %, 3 MiB, 32607 MiB
---
[2026-03-31 12:00:36]
   PID     ELAPSED STAT %CPU %MEM CMD
994590    15:39:57 Sl+   0.0  0.0 python -u experiments/run_highway_experiments.py --phase train --envs intersection-v0 --algos ppo --seeds 0 1 2 --train-workers 2 --worker-torch-threads 10
0 %, 0 %, 3 MiB, 32607 MiB
---
[2026-03-31 12:01:37]
   PID     ELAPSED STAT %CPU %MEM CMD
994590    15:40:57 Sl+   0.0  0.0 python -u experiments/run_highway_experiments.py --phase train --envs intersection-v0 --algos ppo --seeds 0 1 2 --train-workers 2 --worker-torch-threads 10
0 %, 0 %, 3 MiB, 32607 MiB
---
[2026-03-31 12:02:37]
   PID     ELAPSED STAT %CPU %MEM CMD
994590    15:41:58 Sl+   0.0  0.0 python -u experiments/run_highway_experiments.py --phase train --envs intersection-v0 --algos ppo --seeds 0 1 2 --train-workers 2 --worker-torch-threads 10
0 %, 0 %, 3 MiB, 32607 MiB
---
[2026-03-31 12:03:37]
   PID     ELAPSED STAT %CPU %MEM CMD
994590    15:42:58 Sl+   0.0  0.0 python -u experiments/run_highway_experiments.py --phase train --envs intersection-v0 --algos ppo --seeds 0 1 2 --train-workers 2 --worker-torch-threads 10
0 %, 0 %, 3 MiB, 32607 MiB
---
[2026-03-31 12:04:37]
   PID     ELAPSED STAT %CPU %MEM CMD
994590    15:43:58 Sl+   0.0  0.0 python -u experiments/run_highway_experiments.py --phase train --envs intersection-v0 --algos ppo --seeds 0 1 2 --train-workers 2 --worker-torch-threads 10
0 %, 0 %, 3 MiB, 32607 MiB
---
[2026-03-31 12:05:37]
   PID     ELAPSED STAT %CPU %MEM CMD
994590    15:44:58 Sl+   0.0  0.0 python -u experiments/run_highway_experiments.py --phase train --envs intersection-v0 --algos ppo --seeds 0 1 2 --train-workers 2 --worker-torch-threads 10
0 %, 0 %, 3 MiB, 32607 MiB
---
[2026-03-31 12:06:37]
   PID     ELAPSED STAT %CPU %MEM CMD
994590    15:45:58 Sl+   0.0  0.0 python -u experiments/run_highway_experiments.py --phase train --envs intersection-v0 --algos ppo --seeds 0 1 2 --train-workers 2 --worker-torch-threads 10
0 %, 0 %, 3 MiB, 32607 MiB
---
[2026-03-31 12:07:38]
   PID     ELAPSED STAT %CPU %MEM CMD
994590    15:46:58 Sl+   0.0  0.0 python -u experiments/run_highway_experiments.py --phase train --envs intersection-v0 --algos ppo --seeds 0 1 2 --train-workers 2 --worker-torch-threads 10
0 %, 0 %, 3 MiB, 32607 MiB
---
[2026-03-31 12:08:38]
   PID     ELAPSED STAT %CPU %MEM CMD
994590    15:47:59 Sl+   0.0  0.0 python -u experiments/run_highway_experiments.py --phase train --envs intersection-v0 --algos ppo --seeds 0 1 2 --train-workers 2 --worker-torch-threads 10
0 %, 0 %, 3 MiB, 32607 MiB
---
[2026-03-31 12:09:38]
   PID     ELAPSED STAT %CPU %MEM CMD
994590    15:48:59 Sl+   0.0  0.0 python -u experiments/run_highway_experiments.py --phase train --envs intersection-v0 --algos ppo --seeds 0 1 2 --train-workers 2 --worker-torch-threads 10
0 %, 0 %, 3 MiB, 32607 MiB
---
[2026-03-31 12:10:38]
   PID     ELAPSED STAT %CPU %MEM CMD
994590    15:49:59 Sl+   0.0  0.0 python -u experiments/run_highway_experiments.py --phase train --envs intersection-v0 --algos ppo --seeds 0 1 2 --train-workers 2 --worker-torch-threads 10
0 %, 0 %, 3 MiB, 32607 MiB
---
[2026-03-31 12:11:38]
   PID     ELAPSED STAT %CPU %MEM CMD
994590    15:50:59 Sl+   0.0  0.0 python -u experiments/run_highway_experiments.py --phase train --envs intersection-v0 --algos ppo --seeds 0 1 2 --train-workers 2 --worker-torch-threads 10
0 %, 0 %, 3 MiB, 32607 MiB
---
[2026-03-31 12:12:38]
   PID     ELAPSED STAT %CPU %MEM CMD
994590    15:51:59 Sl+   0.0  0.0 python -u experiments/run_highway_experiments.py --phase train --envs intersection-v0 --algos ppo --seeds 0 1 2 --train-workers 2 --worker-torch-threads 10
0 %, 0 %, 3 MiB, 32607 MiB
---
[2026-03-31 12:13:38]
   PID     ELAPSED STAT %CPU %MEM CMD
994590    15:52:59 Sl+   0.0  0.0 python -u experiments/run_highway_experiments.py --phase train --envs intersection-v0 --algos ppo --seeds 0 1 2 --train-workers 2 --worker-torch-threads 10
0 %, 0 %, 3 MiB, 32607 MiB
---
[2026-03-31 12:14:39]
   PID     ELAPSED STAT %CPU %MEM CMD
994590    15:53:59 Sl+   0.0  0.0 python -u experiments/run_highway_experiments.py --phase train --envs intersection-v0 --algos ppo --seeds 0 1 2 --train-workers 2 --worker-torch-threads 10
0 %, 0 %, 3 MiB, 32607 MiB
---
[2026-03-31 12:15:39]
   PID     ELAPSED STAT %CPU %MEM CMD
994590    15:55:00 Sl+   0.0  0.0 python -u experiments/run_highway_experiments.py --phase train --envs intersection-v0 --algos ppo --seeds 0 1 2 --train-workers 2 --worker-torch-threads 10
0 %, 0 %, 3 MiB, 32607 MiB
---
[2026-03-31 12:16:39]
   PID     ELAPSED STAT %CPU %MEM CMD
994590    15:56:00 Sl+   0.0  0.0 python -u experiments/run_highway_experiments.py --phase train --envs intersection-v0 --algos ppo --seeds 0 1 2 --train-workers 2 --worker-torch-threads 10
0 %, 0 %, 3 MiB, 32607 MiB
---
[2026-03-31 12:17:39]
   PID     ELAPSED STAT %CPU %MEM CMD
994590    15:57:00 Sl+   0.0  0.0 python -u experiments/run_highway_experiments.py --phase train --envs intersection-v0 --algos ppo --seeds 0 1 2 --train-workers 2 --worker-torch-threads 10
0 %, 0 %, 3 MiB, 32607 MiB
---
[2026-03-31 12:18:39]
   PID     ELAPSED STAT %CPU %MEM CMD
994590    15:58:00 Sl+   0.0  0.0 python -u experiments/run_highway_experiments.py --phase train --envs intersection-v0 --algos ppo --seeds 0 1 2 --train-workers 2 --worker-torch-threads 10
0 %, 0 %, 3 MiB, 32607 MiB
---
[2026-03-31 12:19:39]
   PID     ELAPSED STAT %CPU %MEM CMD
994590    15:59:00 Sl+   0.0  0.0 python -u experiments/run_highway_experiments.py --phase train --envs intersection-v0 --algos ppo --seeds 0 1 2 --train-workers 2 --worker-torch-threads 10
0 %, 0 %, 3 MiB, 32607 MiB
---
[2026-03-31 12:20:39]
   PID     ELAPSED STAT %CPU %MEM CMD
994590    16:00:00 Sl+   0.0  0.0 python -u experiments/run_highway_experiments.py --phase train --envs intersection-v0 --algos ppo --seeds 0 1 2 --train-workers 2 --worker-torch-threads 10
0 %, 0 %, 3 MiB, 32607 MiB
---
[2026-03-31 12:21:40]
   PID     ELAPSED STAT %CPU %MEM CMD
994590    16:01:01 Sl+   0.0  0.0 python -u experiments/run_highway_experiments.py --phase train --envs intersection-v0 --algos ppo --seeds 0 1 2 --train-workers 2 --worker-torch-threads 10
0 %, 0 %, 3 MiB, 32607 MiB
---
[2026-03-31 12:22:40]
   PID     ELAPSED STAT %CPU %MEM CMD
994590    16:02:01 Sl+   0.0  0.0 python -u experiments/run_highway_experiments.py --phase train --envs intersection-v0 --algos ppo --seeds 0 1 2 --train-workers 2 --worker-torch-threads 10
0 %, 0 %, 3 MiB, 32607 MiB
---
[2026-03-31 12:23:40]
   PID     ELAPSED STAT %CPU %MEM CMD
994590    16:03:01 Sl+   0.0  0.0 python -u experiments/run_highway_experiments.py --phase train --envs intersection-v0 --algos ppo --seeds 0 1 2 --train-workers 2 --worker-torch-threads 10
0 %, 0 %, 3 MiB, 32607 MiB
---
[2026-03-31 12:24:40]
   PID     ELAPSED STAT %CPU %MEM CMD
994590    16:04:01 Sl+   0.0  0.0 python -u experiments/run_highway_experiments.py --phase train --envs intersection-v0 --algos ppo --seeds 0 1 2 --train-workers 2 --worker-torch-threads 10
0 %, 0 %, 3 MiB, 32607 MiB
---
[2026-03-31 12:25:40]
   PID     ELAPSED STAT %CPU %MEM CMD
994590    16:05:01 Sl+   0.0  0.0 python -u experiments/run_highway_experiments.py --phase train --envs intersection-v0 --algos ppo --seeds 0 1 2 --train-workers 2 --worker-torch-threads 10
0 %, 0 %, 3 MiB, 32607 MiB
---
[2026-03-31 12:26:40]
   PID     ELAPSED STAT %CPU %MEM CMD
994590    16:06:01 Sl+   0.0  0.0 python -u experiments/run_highway_experiments.py --phase train --envs intersection-v0 --algos ppo --seeds 0 1 2 --train-workers 2 --worker-torch-threads 10
0 %, 0 %, 3 MiB, 32607 MiB
---
[2026-03-31 12:27:41]
   PID     ELAPSED STAT %CPU %MEM CMD
994590    16:07:02 Sl+   0.0  0.0 python -u experiments/run_highway_experiments.py --phase train --envs intersection-v0 --algos ppo --seeds 0 1 2 --train-workers 2 --worker-torch-threads 10
0 %, 0 %, 3 MiB, 32607 MiB
---
[2026-03-31 12:28:41]
   PID     ELAPSED STAT %CPU %MEM CMD
994590    16:08:02 Sl+   0.0  0.0 python -u experiments/run_highway_experiments.py --phase train --envs intersection-v0 --algos ppo --seeds 0 1 2 --train-workers 2 --worker-torch-threads 10
0 %, 0 %, 3 MiB, 32607 MiB
---
[2026-03-31 12:29:41]
   PID     ELAPSED STAT %CPU %MEM CMD
994590    16:09:02 Sl+   0.0  0.0 python -u experiments/run_highway_experiments.py --phase train --envs intersection-v0 --algos ppo --seeds 0 1 2 --train-workers 2 --worker-torch-threads 10
0 %, 0 %, 3 MiB, 32607 MiB
---
[2026-03-31 12:30:41]
   PID     ELAPSED STAT %CPU %MEM CMD
994590    16:10:02 Sl+   0.0  0.0 python -u experiments/run_highway_experiments.py --phase train --envs intersection-v0 --algos ppo --seeds 0 1 2 --train-workers 2 --worker-torch-threads 10
0 %, 0 %, 3 MiB, 32607 MiB
---
[2026-03-31 12:31:41]
   PID     ELAPSED STAT %CPU %MEM CMD
994590    16:11:02 Sl+   0.0  0.0 python -u experiments/run_highway_experiments.py --phase train --envs intersection-v0 --algos ppo --seeds 0 1 2 --train-workers 2 --worker-torch-threads 10
0 %, 0 %, 3 MiB, 32607 MiB
---
[2026-03-31 12:32:41]
   PID     ELAPSED STAT %CPU %MEM CMD
994590    16:12:02 Sl+   0.0  0.0 python -u experiments/run_highway_experiments.py --phase train --envs intersection-v0 --algos ppo --seeds 0 1 2 --train-workers 2 --worker-torch-threads 10
0 %, 0 %, 3 MiB, 32607 MiB
---
[2026-03-31 12:33:42]
   PID     ELAPSED STAT %CPU %MEM CMD
994590    16:13:03 Sl+   0.0  0.0 python -u experiments/run_highway_experiments.py --phase train --envs intersection-v0 --algos ppo --seeds 0 1 2 --train-workers 2 --worker-torch-threads 10
0 %, 0 %, 3 MiB, 32607 MiB
---
[2026-03-31 12:34:42]
   PID     ELAPSED STAT %CPU %MEM CMD
994590    16:14:03 Sl+   0.0  0.0 python -u experiments/run_highway_experiments.py --phase train --envs intersection-v0 --algos ppo --seeds 0 1 2 --train-workers 2 --worker-torch-threads 10
0 %, 0 %, 3 MiB, 32607 MiB
---
[2026-03-31 12:35:42]
   PID     ELAPSED STAT %CPU %MEM CMD
994590    16:15:03 Sl+   0.0  0.0 python -u experiments/run_highway_experiments.py --phase train --envs intersection-v0 --algos ppo --seeds 0 1 2 --train-workers 2 --worker-torch-threads 10
0 %, 0 %, 3 MiB, 32607 MiB
---
[2026-03-31 12:36:42]
   PID     ELAPSED STAT %CPU %MEM CMD
994590    16:16:03 Sl+   0.0  0.0 python -u experiments/run_highway_experiments.py --phase train --envs intersection-v0 --algos ppo --seeds 0 1 2 --train-workers 2 --worker-torch-threads 10
0 %, 0 %, 3 MiB, 32607 MiB
---
[2026-03-31 12:37:42]
   PID     ELAPSED STAT %CPU %MEM CMD
994590    16:17:03 Sl+   0.0  0.0 python -u experiments/run_highway_experiments.py --phase train --envs intersection-v0 --algos ppo --seeds 0 1 2 --train-workers 2 --worker-torch-threads 10
0 %, 0 %, 3 MiB, 32607 MiB
---
[2026-03-31 12:38:42]
   PID     ELAPSED STAT %CPU %MEM CMD
994590    16:18:03 Sl+   0.0  0.0 python -u experiments/run_highway_experiments.py --phase train --envs intersection-v0 --algos ppo --seeds 0 1 2 --train-workers 2 --worker-torch-threads 10
0 %, 0 %, 3 MiB, 32607 MiB
---
[2026-03-31 12:39:43]
   PID     ELAPSED STAT %CPU %MEM CMD
994590    16:19:04 Sl+   0.0  0.0 python -u experiments/run_highway_experiments.py --phase train --envs intersection-v0 --algos ppo --seeds 0 1 2 --train-workers 2 --worker-torch-threads 10
0 %, 0 %, 3 MiB, 32607 MiB
---
[2026-03-31 12:40:43]
   PID     ELAPSED STAT %CPU %MEM CMD
994590    16:20:04 Sl+   0.0  0.0 python -u experiments/run_highway_experiments.py --phase train --envs intersection-v0 --algos ppo --seeds 0 1 2 --train-workers 2 --worker-torch-threads 10
0 %, 0 %, 3 MiB, 32607 MiB
---
[2026-03-31 12:41:43]
   PID     ELAPSED STAT %CPU %MEM CMD
994590    16:21:04 Sl+   0.0  0.0 python -u experiments/run_highway_experiments.py --phase train --envs intersection-v0 --algos ppo --seeds 0 1 2 --train-workers 2 --worker-torch-threads 10
0 %, 0 %, 3 MiB, 32607 MiB
---
[2026-03-31 12:42:43]
   PID     ELAPSED STAT %CPU %MEM CMD
994590    16:22:04 Sl+   0.0  0.0 python -u experiments/run_highway_experiments.py --phase train --envs intersection-v0 --algos ppo --seeds 0 1 2 --train-workers 2 --worker-torch-threads 10
0 %, 0 %, 3 MiB, 32607 MiB
---
[2026-03-31 12:43:43]
   PID     ELAPSED STAT %CPU %MEM CMD
994590    16:23:04 Sl+   0.0  0.0 python -u experiments/run_highway_experiments.py --phase train --envs intersection-v0 --algos ppo --seeds 0 1 2 --train-workers 2 --worker-torch-threads 10
0 %, 0 %, 3 MiB, 32607 MiB
---
[2026-03-31 12:44:43]
   PID     ELAPSED STAT %CPU %MEM CMD
994590    16:24:04 Sl+   0.0  0.0 python -u experiments/run_highway_experiments.py --phase train --envs intersection-v0 --algos ppo --seeds 0 1 2 --train-workers 2 --worker-torch-threads 10
0 %, 0 %, 3 MiB, 32607 MiB
---
[2026-03-31 12:45:43]
   PID     ELAPSED STAT %CPU %MEM CMD
994590    16:25:04 Sl+   0.0  0.0 python -u experiments/run_highway_experiments.py --phase train --envs intersection-v0 --algos ppo --seeds 0 1 2 --train-workers 2 --worker-torch-threads 10
0 %, 0 %, 3 MiB, 32607 MiB
---
[2026-03-31 12:46:44]
   PID     ELAPSED STAT %CPU %MEM CMD
994590    16:26:05 Sl+   0.0  0.0 python -u experiments/run_highway_experiments.py --phase train --envs intersection-v0 --algos ppo --seeds 0 1 2 --train-workers 2 --worker-torch-threads 10
0 %, 0 %, 3 MiB, 32607 MiB
---
[2026-03-31 12:47:44]
   PID     ELAPSED STAT %CPU %MEM CMD
994590    16:27:05 Sl+   0.0  0.0 python -u experiments/run_highway_experiments.py --phase train --envs intersection-v0 --algos ppo --seeds 0 1 2 --train-workers 2 --worker-torch-threads 10
0 %, 0 %, 3 MiB, 32607 MiB
---
[2026-03-31 12:48:44]
   PID     ELAPSED STAT %CPU %MEM CMD
994590    16:28:05 Sl+   0.0  0.0 python -u experiments/run_highway_experiments.py --phase train --envs intersection-v0 --algos ppo --seeds 0 1 2 --train-workers 2 --worker-torch-threads 10
0 %, 0 %, 3 MiB, 32607 MiB
---
[2026-03-31 12:49:44]
   PID     ELAPSED STAT %CPU %MEM CMD
994590    16:29:05 Sl+   0.0  0.0 python -u experiments/run_highway_experiments.py --phase train --envs intersection-v0 --algos ppo --seeds 0 1 2 --train-workers 2 --worker-torch-threads 10
0 %, 0 %, 3 MiB, 32607 MiB
---
[2026-03-31 12:50:44]
   PID     ELAPSED STAT %CPU %MEM CMD
994590    16:30:05 Sl+   0.0  0.0 python -u experiments/run_highway_experiments.py --phase train --envs intersection-v0 --algos ppo --seeds 0 1 2 --train-workers 2 --worker-torch-threads 10
0 %, 0 %, 3 MiB, 32607 MiB
---
[2026-03-31 12:51:44]
   PID     ELAPSED STAT %CPU %MEM CMD
994590    16:31:05 Sl+   0.0  0.0 python -u experiments/run_highway_experiments.py --phase train --envs intersection-v0 --algos ppo --seeds 0 1 2 --train-workers 2 --worker-torch-threads 10
0 %, 0 %, 3 MiB, 32607 MiB
---
[2026-03-31 12:52:45]
   PID     ELAPSED STAT %CPU %MEM CMD
994590    16:32:05 Sl+   0.0  0.0 python -u experiments/run_highway_experiments.py --phase train --envs intersection-v0 --algos ppo --seeds 0 1 2 --train-workers 2 --worker-torch-threads 10
0 %, 0 %, 3 MiB, 32607 MiB
---
[2026-03-31 12:53:45]
   PID     ELAPSED STAT %CPU %MEM CMD
994590    16:33:06 Sl+   0.0  0.0 python -u experiments/run_highway_experiments.py --phase train --envs intersection-v0 --algos ppo --seeds 0 1 2 --train-workers 2 --worker-torch-threads 10
0 %, 0 %, 3 MiB, 32607 MiB
---
[2026-03-31 12:54:45]
   PID     ELAPSED STAT %CPU %MEM CMD
994590    16:34:06 Sl+   0.0  0.0 python -u experiments/run_highway_experiments.py --phase train --envs intersection-v0 --algos ppo --seeds 0 1 2 --train-workers 2 --worker-torch-threads 10
0 %, 0 %, 3 MiB, 32607 MiB
---
[2026-03-31 12:55:45]
   PID     ELAPSED STAT %CPU %MEM CMD
994590    16:35:06 Sl+   0.0  0.0 python -u experiments/run_highway_experiments.py --phase train --envs intersection-v0 --algos ppo --seeds 0 1 2 --train-workers 2 --worker-torch-threads 10
0 %, 0 %, 3 MiB, 32607 MiB
---
[2026-03-31 12:56:45]
   PID     ELAPSED STAT %CPU %MEM CMD
994590    16:36:06 Sl+   0.0  0.0 python -u experiments/run_highway_experiments.py --phase train --envs intersection-v0 --algos ppo --seeds 0 1 2 --train-workers 2 --worker-torch-threads 10
0 %, 0 %, 3 MiB, 32607 MiB
---
[2026-03-31 12:57:45]
   PID     ELAPSED STAT %CPU %MEM CMD
994590    16:37:06 Sl+   0.0  0.0 python -u experiments/run_highway_experiments.py --phase train --envs intersection-v0 --algos ppo --seeds 0 1 2 --train-workers 2 --worker-torch-threads 10
0 %, 0 %, 3 MiB, 32607 MiB
---
[2026-03-31 12:58:45]
   PID     ELAPSED STAT %CPU %MEM CMD
994590    16:38:06 Sl+   0.0  0.0 python -u experiments/run_highway_experiments.py --phase train --envs intersection-v0 --algos ppo --seeds 0 1 2 --train-workers 2 --worker-torch-threads 10
0 %, 0 %, 3 MiB, 32607 MiB
---
[2026-03-31 12:59:46]
   PID     ELAPSED STAT %CPU %MEM CMD
994590    16:39:07 Sl+   0.0  0.0 python -u experiments/run_highway_experiments.py --phase train --envs intersection-v0 --algos ppo --seeds 0 1 2 --train-workers 2 --worker-torch-threads 10
0 %, 0 %, 3 MiB, 32607 MiB
---
[2026-03-31 13:00:46]
   PID     ELAPSED STAT %CPU %MEM CMD
994590    16:40:07 Sl+   0.0  0.0 python -u experiments/run_highway_experiments.py --phase train --envs intersection-v0 --algos ppo --seeds 0 1 2 --train-workers 2 --worker-torch-threads 10
0 %, 0 %, 3 MiB, 32607 MiB
---
[2026-03-31 13:01:46]
   PID     ELAPSED STAT %CPU %MEM CMD
994590    16:41:07 Sl+   0.0  0.0 python -u experiments/run_highway_experiments.py --phase train --envs intersection-v0 --algos ppo --seeds 0 1 2 --train-workers 2 --worker-torch-threads 10
0 %, 0 %, 3 MiB, 32607 MiB
---
[2026-03-31 13:02:46]
   PID     ELAPSED STAT %CPU %MEM CMD
994590    16:42:07 Sl+   0.0  0.0 python -u experiments/run_highway_experiments.py --phase train --envs intersection-v0 --algos ppo --seeds 0 1 2 --train-workers 2 --worker-torch-threads 10
0 %, 0 %, 3 MiB, 32607 MiB
---
[2026-03-31 13:03:46]
   PID     ELAPSED STAT %CPU %MEM CMD
994590    16:43:07 Sl+   0.0  0.0 python -u experiments/run_highway_experiments.py --phase train --envs intersection-v0 --algos ppo --seeds 0 1 2 --train-workers 2 --worker-torch-threads 10
0 %, 0 %, 3 MiB, 32607 MiB
---
[2026-03-31 13:04:46]
   PID     ELAPSED STAT %CPU %MEM CMD
994590    16:44:07 Sl+   0.0  0.0 python -u experiments/run_highway_experiments.py --phase train --envs intersection-v0 --algos ppo --seeds 0 1 2 --train-workers 2 --worker-torch-threads 10
0 %, 0 %, 3 MiB, 32607 MiB
---
[2026-03-31 13:05:47]
   PID     ELAPSED STAT %CPU %MEM CMD
994590    16:45:08 Sl+   0.0  0.0 python -u experiments/run_highway_experiments.py --phase train --envs intersection-v0 --algos ppo --seeds 0 1 2 --train-workers 2 --worker-torch-threads 10
0 %, 0 %, 3 MiB, 32607 MiB
---
[2026-03-31 13:06:47]
   PID     ELAPSED STAT %CPU %MEM CMD
994590    16:46:08 Sl+   0.0  0.0 python -u experiments/run_highway_experiments.py --phase train --envs intersection-v0 --algos ppo --seeds 0 1 2 --train-workers 2 --worker-torch-threads 10
0 %, 0 %, 3 MiB, 32607 MiB
---
[2026-03-31 13:07:47]
   PID     ELAPSED STAT %CPU %MEM CMD
994590    16:47:08 Sl+   0.0  0.0 python -u experiments/run_highway_experiments.py --phase train --envs intersection-v0 --algos ppo --seeds 0 1 2 --train-workers 2 --worker-torch-threads 10
0 %, 0 %, 3 MiB, 32607 MiB
---
[2026-03-31 13:08:47]
   PID     ELAPSED STAT %CPU %MEM CMD
994590    16:48:08 Sl+   0.0  0.0 python -u experiments/run_highway_experiments.py --phase train --envs intersection-v0 --algos ppo --seeds 0 1 2 --train-workers 2 --worker-torch-threads 10
0 %, 0 %, 3 MiB, 32607 MiB
---
[2026-03-31 13:09:47]
   PID     ELAPSED STAT %CPU %MEM CMD
994590    16:49:08 Sl+   0.0  0.0 python -u experiments/run_highway_experiments.py --phase train --envs intersection-v0 --algos ppo --seeds 0 1 2 --train-workers 2 --worker-torch-threads 10
0 %, 0 %, 3 MiB, 32607 MiB
---
[2026-03-31 13:10:47]
   PID     ELAPSED STAT %CPU %MEM CMD
994590    16:50:08 Sl+   0.0  0.0 python -u experiments/run_highway_experiments.py --phase train --envs intersection-v0 --algos ppo --seeds 0 1 2 --train-workers 2 --worker-torch-threads 10
0 %, 0 %, 3 MiB, 32607 MiB
---
[2026-03-31 13:11:48]
   PID     ELAPSED STAT %CPU %MEM CMD
994590    16:51:09 Sl+   0.0  0.0 python -u experiments/run_highway_experiments.py --phase train --envs intersection-v0 --algos ppo --seeds 0 1 2 --train-workers 2 --worker-torch-threads 10
0 %, 0 %, 3 MiB, 32607 MiB
---
[2026-03-31 13:12:48]
   PID     ELAPSED STAT %CPU %MEM CMD
994590    16:52:09 Sl+   0.0  0.0 python -u experiments/run_highway_experiments.py --phase train --envs intersection-v0 --algos ppo --seeds 0 1 2 --train-workers 2 --worker-torch-threads 10
0 %, 0 %, 3 MiB, 32607 MiB
---
[2026-03-31 13:13:48]
   PID     ELAPSED STAT %CPU %MEM CMD
994590    16:53:09 Sl+   0.0  0.0 python -u experiments/run_highway_experiments.py --phase train --envs intersection-v0 --algos ppo --seeds 0 1 2 --train-workers 2 --worker-torch-threads 10
0 %, 0 %, 3 MiB, 32607 MiB
---
[2026-03-31 13:14:48]
   PID     ELAPSED STAT %CPU %MEM CMD
994590    16:54:09 Sl+   0.0  0.0 python -u experiments/run_highway_experiments.py --phase train --envs intersection-v0 --algos ppo --seeds 0 1 2 --train-workers 2 --worker-torch-threads 10
0 %, 0 %, 3 MiB, 32607 MiB
---
[2026-03-31 13:15:48]
   PID     ELAPSED STAT %CPU %MEM CMD
994590    16:55:09 Sl+   0.0  0.0 python -u experiments/run_highway_experiments.py --phase train --envs intersection-v0 --algos ppo --seeds 0 1 2 --train-workers 2 --worker-torch-threads 10
0 %, 0 %, 3 MiB, 32607 MiB
---
[2026-03-31 13:16:48]
   PID     ELAPSED STAT %CPU %MEM CMD
994590    16:56:09 Sl+   0.0  0.0 python -u experiments/run_highway_experiments.py --phase train --envs intersection-v0 --algos ppo --seeds 0 1 2 --train-workers 2 --worker-torch-threads 10
0 %, 0 %, 3 MiB, 32607 MiB
---
[2026-03-31 13:17:49]
   PID     ELAPSED STAT %CPU %MEM CMD
994590    16:57:10 Sl+   0.0  0.0 python -u experiments/run_highway_experiments.py --phase train --envs intersection-v0 --algos ppo --seeds 0 1 2 --train-workers 2 --worker-torch-threads 10
0 %, 0 %, 3 MiB, 32607 MiB
---
[2026-03-31 13:18:49]
   PID     ELAPSED STAT %CPU %MEM CMD
994590    16:58:10 Sl+   0.0  0.0 python -u experiments/run_highway_experiments.py --phase train --envs intersection-v0 --algos ppo --seeds 0 1 2 --train-workers 2 --worker-torch-threads 10
0 %, 0 %, 3 MiB, 32607 MiB
---
[2026-03-31 13:19:49]
   PID     ELAPSED STAT %CPU %MEM CMD
994590    16:59:10 Sl+   0.0  0.0 python -u experiments/run_highway_experiments.py --phase train --envs intersection-v0 --algos ppo --seeds 0 1 2 --train-workers 2 --worker-torch-threads 10
0 %, 0 %, 3 MiB, 32607 MiB
---
[2026-03-31 13:20:49]
   PID     ELAPSED STAT %CPU %MEM CMD
994590    17:00:10 Sl+   0.0  0.0 python -u experiments/run_highway_experiments.py --phase train --envs intersection-v0 --algos ppo --seeds 0 1 2 --train-workers 2 --worker-torch-threads 10
0 %, 0 %, 3 MiB, 32607 MiB
---
[2026-03-31 13:21:49]
   PID     ELAPSED STAT %CPU %MEM CMD
994590    17:01:10 Sl+   0.0  0.0 python -u experiments/run_highway_experiments.py --phase train --envs intersection-v0 --algos ppo --seeds 0 1 2 --train-workers 2 --worker-torch-threads 10
0 %, 0 %, 3 MiB, 32607 MiB
---
[2026-03-31 13:22:49]
   PID     ELAPSED STAT %CPU %MEM CMD
994590    17:02:10 Sl+   0.0  0.0 python -u experiments/run_highway_experiments.py --phase train --envs intersection-v0 --algos ppo --seeds 0 1 2 --train-workers 2 --worker-torch-threads 10
0 %, 0 %, 3 MiB, 32607 MiB
---
[2026-03-31 13:23:50]
   PID     ELAPSED STAT %CPU %MEM CMD
994590    17:03:11 Sl+   0.0  0.0 python -u experiments/run_highway_experiments.py --phase train --envs intersection-v0 --algos ppo --seeds 0 1 2 --train-workers 2 --worker-torch-threads 10
0 %, 0 %, 3 MiB, 32607 MiB
---
[2026-03-31 13:24:50]
   PID     ELAPSED STAT %CPU %MEM CMD
994590    17:04:11 Sl+   0.0  0.0 python -u experiments/run_highway_experiments.py --phase train --envs intersection-v0 --algos ppo --seeds 0 1 2 --train-workers 2 --worker-torch-threads 10
0 %, 0 %, 3 MiB, 32607 MiB
---
[2026-03-31 13:25:50]
   PID     ELAPSED STAT %CPU %MEM CMD
994590    17:05:11 Sl+   0.0  0.0 python -u experiments/run_highway_experiments.py --phase train --envs intersection-v0 --algos ppo --seeds 0 1 2 --train-workers 2 --worker-torch-threads 10
0 %, 0 %, 3 MiB, 32607 MiB
---
[2026-03-31 13:26:50]
   PID     ELAPSED STAT %CPU %MEM CMD
994590    17:06:11 Sl+   0.0  0.0 python -u experiments/run_highway_experiments.py --phase train --envs intersection-v0 --algos ppo --seeds 0 1 2 --train-workers 2 --worker-torch-threads 10
0 %, 0 %, 3 MiB, 32607 MiB
---
[2026-03-31 13:27:50]
   PID     ELAPSED STAT %CPU %MEM CMD
994590    17:07:11 Sl+   0.0  0.0 python -u experiments/run_highway_experiments.py --phase train --envs intersection-v0 --algos ppo --seeds 0 1 2 --train-workers 2 --worker-torch-threads 10
0 %, 0 %, 3 MiB, 32607 MiB
---
[2026-03-31 13:28:50]
   PID     ELAPSED STAT %CPU %MEM CMD
994590    17:08:11 Sl+   0.0  0.0 python -u experiments/run_highway_experiments.py --phase train --envs intersection-v0 --algos ppo --seeds 0 1 2 --train-workers 2 --worker-torch-threads 10
0 %, 0 %, 3 MiB, 32607 MiB
---
[2026-03-31 13:29:50]
   PID     ELAPSED STAT %CPU %MEM CMD
994590    17:09:11 Sl+   0.0  0.0 python -u experiments/run_highway_experiments.py --phase train --envs intersection-v0 --algos ppo --seeds 0 1 2 --train-workers 2 --worker-torch-threads 10
0 %, 0 %, 3 MiB, 32607 MiB
---
[2026-03-31 13:30:51]
   PID     ELAPSED STAT %CPU %MEM CMD
994590    17:10:12 Sl+   0.0  0.0 python -u experiments/run_highway_experiments.py --phase train --envs intersection-v0 --algos ppo --seeds 0 1 2 --train-workers 2 --worker-torch-threads 10
0 %, 0 %, 3 MiB, 32607 MiB
---
[2026-03-31 13:31:51]
   PID     ELAPSED STAT %CPU %MEM CMD
994590    17:11:12 Sl+   0.0  0.0 python -u experiments/run_highway_experiments.py --phase train --envs intersection-v0 --algos ppo --seeds 0 1 2 --train-workers 2 --worker-torch-threads 10
0 %, 0 %, 3 MiB, 32607 MiB
---
[2026-03-31 13:32:51]
   PID     ELAPSED STAT %CPU %MEM CMD
994590    17:12:12 Sl+   0.0  0.0 python -u experiments/run_highway_experiments.py --phase train --envs intersection-v0 --algos ppo --seeds 0 1 2 --train-workers 2 --worker-torch-threads 10
0 %, 0 %, 3 MiB, 32607 MiB
---
[2026-03-31 13:33:51]
   PID     ELAPSED STAT %CPU %MEM CMD
994590    17:13:12 Sl+   0.0  0.0 python -u experiments/run_highway_experiments.py --phase train --envs intersection-v0 --algos ppo --seeds 0 1 2 --train-workers 2 --worker-torch-threads 10
0 %, 0 %, 3 MiB, 32607 MiB
---
[2026-03-31 13:34:51]
   PID     ELAPSED STAT %CPU %MEM CMD
994590    17:14:12 Sl+   0.0  0.0 python -u experiments/run_highway_experiments.py --phase train --envs intersection-v0 --algos ppo --seeds 0 1 2 --train-workers 2 --worker-torch-threads 10
0 %, 0 %, 3 MiB, 32607 MiB
---
[2026-03-31 13:35:51]
   PID     ELAPSED STAT %CPU %MEM CMD
994590    17:15:12 Sl+   0.0  0.0 python -u experiments/run_highway_experiments.py --phase train --envs intersection-v0 --algos ppo --seeds 0 1 2 --train-workers 2 --worker-torch-threads 10
0 %, 0 %, 3 MiB, 32607 MiB
---
[2026-03-31 13:36:52]
   PID     ELAPSED STAT %CPU %MEM CMD
994590    17:16:13 Sl+   0.0  0.0 python -u experiments/run_highway_experiments.py --phase train --envs intersection-v0 --algos ppo --seeds 0 1 2 --train-workers 2 --worker-torch-threads 10
0 %, 0 %, 3 MiB, 32607 MiB
---
[2026-03-31 13:37:52]
   PID     ELAPSED STAT %CPU %MEM CMD
994590    17:17:13 Sl+   0.0  0.0 python -u experiments/run_highway_experiments.py --phase train --envs intersection-v0 --algos ppo --seeds 0 1 2 --train-workers 2 --worker-torch-threads 10
0 %, 0 %, 3 MiB, 32607 MiB
---
[2026-03-31 13:38:52]
   PID     ELAPSED STAT %CPU %MEM CMD
994590    17:18:13 Sl+   0.0  0.0 python -u experiments/run_highway_experiments.py --phase train --envs intersection-v0 --algos ppo --seeds 0 1 2 --train-workers 2 --worker-torch-threads 10
0 %, 0 %, 3 MiB, 32607 MiB
---
[2026-03-31 13:39:52]
   PID     ELAPSED STAT %CPU %MEM CMD
994590    17:19:13 Sl+   0.0  0.0 python -u experiments/run_highway_experiments.py --phase train --envs intersection-v0 --algos ppo --seeds 0 1 2 --train-workers 2 --worker-torch-threads 10
0 %, 0 %, 3 MiB, 32607 MiB
---
[2026-03-31 13:40:52]
   PID     ELAPSED STAT %CPU %MEM CMD
994590    17:20:13 Sl+   0.0  0.0 python -u experiments/run_highway_experiments.py --phase train --envs intersection-v0 --algos ppo --seeds 0 1 2 --train-workers 2 --worker-torch-threads 10
0 %, 0 %, 3 MiB, 32607 MiB
---
[2026-03-31 13:41:52]
   PID     ELAPSED STAT %CPU %MEM CMD
994590    17:21:13 Sl+   0.0  0.0 python -u experiments/run_highway_experiments.py --phase train --envs intersection-v0 --algos ppo --seeds 0 1 2 --train-workers 2 --worker-torch-threads 10
0 %, 0 %, 3 MiB, 32607 MiB
---
[2026-03-31 13:42:53]
   PID     ELAPSED STAT %CPU %MEM CMD
994590    17:22:13 Sl+   0.0  0.0 python -u experiments/run_highway_experiments.py --phase train --envs intersection-v0 --algos ppo --seeds 0 1 2 --train-workers 2 --worker-torch-threads 10
0 %, 0 %, 3 MiB, 32607 MiB
---
[2026-03-31 13:43:53]
   PID     ELAPSED STAT %CPU %MEM CMD
994590    17:23:14 Sl+   0.0  0.0 python -u experiments/run_highway_experiments.py --phase train --envs intersection-v0 --algos ppo --seeds 0 1 2 --train-workers 2 --worker-torch-threads 10
0 %, 0 %, 3 MiB, 32607 MiB
---
[2026-03-31 13:44:53]
   PID     ELAPSED STAT %CPU %MEM CMD
994590    17:24:14 Sl+   0.0  0.0 python -u experiments/run_highway_experiments.py --phase train --envs intersection-v0 --algos ppo --seeds 0 1 2 --train-workers 2 --worker-torch-threads 10
0 %, 0 %, 3 MiB, 32607 MiB
---
[2026-03-31 13:45:53]
   PID     ELAPSED STAT %CPU %MEM CMD
994590    17:25:14 Sl+   0.0  0.0 python -u experiments/run_highway_experiments.py --phase train --envs intersection-v0 --algos ppo --seeds 0 1 2 --train-workers 2 --worker-torch-threads 10
0 %, 0 %, 3 MiB, 32607 MiB
---
[2026-03-31 13:46:53]
   PID     ELAPSED STAT %CPU %MEM CMD
994590    17:26:14 Sl+   0.0  0.0 python -u experiments/run_highway_experiments.py --phase train --envs intersection-v0 --algos ppo --seeds 0 1 2 --train-workers 2 --worker-torch-threads 10
0 %, 0 %, 3 MiB, 32607 MiB
---
[2026-03-31 13:47:53]
   PID     ELAPSED STAT %CPU %MEM CMD
994590    17:27:14 Sl+   0.0  0.0 python -u experiments/run_highway_experiments.py --phase train --envs intersection-v0 --algos ppo --seeds 0 1 2 --train-workers 2 --worker-torch-threads 10
0 %, 0 %, 3 MiB, 32607 MiB
---
[2026-03-31 13:48:53]
   PID     ELAPSED STAT %CPU %MEM CMD
994590    17:28:14 Sl+   0.0  0.0 python -u experiments/run_highway_experiments.py --phase train --envs intersection-v0 --algos ppo --seeds 0 1 2 --train-workers 2 --worker-torch-threads 10
0 %, 0 %, 3 MiB, 32607 MiB
---
[2026-03-31 13:49:54]
   PID     ELAPSED STAT %CPU %MEM CMD
994590    17:29:15 Sl+   0.0  0.0 python -u experiments/run_highway_experiments.py --phase train --envs intersection-v0 --algos ppo --seeds 0 1 2 --train-workers 2 --worker-torch-threads 10
0 %, 0 %, 3 MiB, 32607 MiB
---
[2026-03-31 13:50:54]
   PID     ELAPSED STAT %CPU %MEM CMD
994590    17:30:15 Sl+   0.0  0.0 python -u experiments/run_highway_experiments.py --phase train --envs intersection-v0 --algos ppo --seeds 0 1 2 --train-workers 2 --worker-torch-threads 10
0 %, 0 %, 3 MiB, 32607 MiB
---
[2026-03-31 13:51:54]
   PID     ELAPSED STAT %CPU %MEM CMD
994590    17:31:15 Sl+   0.0  0.0 python -u experiments/run_highway_experiments.py --phase train --envs intersection-v0 --algos ppo --seeds 0 1 2 --train-workers 2 --worker-torch-threads 10
0 %, 0 %, 3 MiB, 32607 MiB
---
[2026-03-31 13:52:54]
   PID     ELAPSED STAT %CPU %MEM CMD
994590    17:32:15 Sl+   0.0  0.0 python -u experiments/run_highway_experiments.py --phase train --envs intersection-v0 --algos ppo --seeds 0 1 2 --train-workers 2 --worker-torch-threads 10
0 %, 0 %, 3 MiB, 32607 MiB
---
[2026-03-31 13:53:54]
   PID     ELAPSED STAT %CPU %MEM CMD
994590    17:33:15 Sl+   0.0  0.0 python -u experiments/run_highway_experiments.py --phase train --envs intersection-v0 --algos ppo --seeds 0 1 2 --train-workers 2 --worker-torch-threads 10
0 %, 0 %, 3 MiB, 32607 MiB
---
[2026-03-31 13:54:54]
   PID     ELAPSED STAT %CPU %MEM CMD
994590    17:34:15 Sl+   0.0  0.0 python -u experiments/run_highway_experiments.py --phase train --envs intersection-v0 --algos ppo --seeds 0 1 2 --train-workers 2 --worker-torch-threads 10
0 %, 0 %, 3 MiB, 32607 MiB
---
[2026-03-31 13:55:55]
   PID     ELAPSED STAT %CPU %MEM CMD
994590    17:35:15 Sl+   0.0  0.0 python -u experiments/run_highway_experiments.py --phase train --envs intersection-v0 --algos ppo --seeds 0 1 2 --train-workers 2 --worker-torch-threads 10
0 %, 0 %, 3 MiB, 32607 MiB
---
[2026-03-31 13:56:55]
   PID     ELAPSED STAT %CPU %MEM CMD
994590    17:36:16 Sl+   0.0  0.0 python -u experiments/run_highway_experiments.py --phase train --envs intersection-v0 --algos ppo --seeds 0 1 2 --train-workers 2 --worker-torch-threads 10
0 %, 0 %, 3 MiB, 32607 MiB
---
[2026-03-31 13:57:55]
   PID     ELAPSED STAT %CPU %MEM CMD
994590    17:37:16 Sl+   0.0  0.0 python -u experiments/run_highway_experiments.py --phase train --envs intersection-v0 --algos ppo --seeds 0 1 2 --train-workers 2 --worker-torch-threads 10
0 %, 0 %, 3 MiB, 32607 MiB
---
[2026-03-31 13:58:55]
   PID     ELAPSED STAT %CPU %MEM CMD
994590    17:38:16 Sl+   0.0  0.0 python -u experiments/run_highway_experiments.py --phase train --envs intersection-v0 --algos ppo --seeds 0 1 2 --train-workers 2 --worker-torch-threads 10
0 %, 0 %, 3 MiB, 32607 MiB
---
[2026-03-31 13:59:55]
   PID     ELAPSED STAT %CPU %MEM CMD
994590    17:39:16 Sl+   0.0  0.0 python -u experiments/run_highway_experiments.py --phase train --envs intersection-v0 --algos ppo --seeds 0 1 2 --train-workers 2 --worker-torch-threads 10
0 %, 0 %, 3 MiB, 32607 MiB
---
[2026-03-31 14:00:55]
   PID     ELAPSED STAT %CPU %MEM CMD
994590    17:40:16 Sl+   0.0  0.0 python -u experiments/run_highway_experiments.py --phase train --envs intersection-v0 --algos ppo --seeds 0 1 2 --train-workers 2 --worker-torch-threads 10
0 %, 0 %, 3 MiB, 32607 MiB
---
[2026-03-31 14:01:56]
   PID     ELAPSED STAT %CPU %MEM CMD
994590    17:41:17 Sl+   0.0  0.0 python -u experiments/run_highway_experiments.py --phase train --envs intersection-v0 --algos ppo --seeds 0 1 2 --train-workers 2 --worker-torch-threads 10
0 %, 0 %, 3 MiB, 32607 MiB
---
[2026-03-31 14:02:56]
   PID     ELAPSED STAT %CPU %MEM CMD
994590    17:42:17 Sl+   0.0  0.0 python -u experiments/run_highway_experiments.py --phase train --envs intersection-v0 --algos ppo --seeds 0 1 2 --train-workers 2 --worker-torch-threads 10
0 %, 0 %, 3 MiB, 32607 MiB
---
[2026-03-31 14:03:56]
   PID     ELAPSED STAT %CPU %MEM CMD
994590    17:43:17 Sl+   0.0  0.0 python -u experiments/run_highway_experiments.py --phase train --envs intersection-v0 --algos ppo --seeds 0 1 2 --train-workers 2 --worker-torch-threads 10
0 %, 0 %, 3 MiB, 32607 MiB
---
[2026-03-31 14:04:56]
   PID     ELAPSED STAT %CPU %MEM CMD
994590    17:44:17 Sl+   0.0  0.0 python -u experiments/run_highway_experiments.py --phase train --envs intersection-v0 --algos ppo --seeds 0 1 2 --train-workers 2 --worker-torch-threads 10
0 %, 0 %, 3 MiB, 32607 MiB
---
[2026-03-31 14:05:56]
   PID     ELAPSED STAT %CPU %MEM CMD
994590    17:45:17 Sl+   0.0  0.0 python -u experiments/run_highway_experiments.py --phase train --envs intersection-v0 --algos ppo --seeds 0 1 2 --train-workers 2 --worker-torch-threads 10
0 %, 0 %, 3 MiB, 32607 MiB
---
[2026-03-31 14:06:56]
   PID     ELAPSED STAT %CPU %MEM CMD
994590    17:46:17 Sl+   0.0  0.0 python -u experiments/run_highway_experiments.py --phase train --envs intersection-v0 --algos ppo --seeds 0 1 2 --train-workers 2 --worker-torch-threads 10
0 %, 0 %, 3 MiB, 32607 MiB
---
[2026-03-31 14:07:57]
   PID     ELAPSED STAT %CPU %MEM CMD
994590    17:47:17 Sl+   0.0  0.0 python -u experiments/run_highway_experiments.py --phase train --envs intersection-v0 --algos ppo --seeds 0 1 2 --train-workers 2 --worker-torch-threads 10
0 %, 0 %, 3 MiB, 32607 MiB
---
[2026-03-31 14:08:57]
   PID     ELAPSED STAT %CPU %MEM CMD
994590    17:48:18 Sl+   0.0  0.0 python -u experiments/run_highway_experiments.py --phase train --envs intersection-v0 --algos ppo --seeds 0 1 2 --train-workers 2 --worker-torch-threads 10
0 %, 0 %, 3 MiB, 32607 MiB
---
[2026-03-31 14:09:57]
   PID     ELAPSED STAT %CPU %MEM CMD
994590    17:49:18 Sl+   0.0  0.0 python -u experiments/run_highway_experiments.py --phase train --envs intersection-v0 --algos ppo --seeds 0 1 2 --train-workers 2 --worker-torch-threads 10
0 %, 0 %, 3 MiB, 32607 MiB
---
[2026-03-31 14:10:57]
   PID     ELAPSED STAT %CPU %MEM CMD
994590    17:50:18 Sl+   0.0  0.0 python -u experiments/run_highway_experiments.py --phase train --envs intersection-v0 --algos ppo --seeds 0 1 2 --train-workers 2 --worker-torch-threads 10
0 %, 0 %, 3 MiB, 32607 MiB
---
[2026-03-31 14:11:57]
   PID     ELAPSED STAT %CPU %MEM CMD
994590    17:51:18 Sl+   0.0  0.0 python -u experiments/run_highway_experiments.py --phase train --envs intersection-v0 --algos ppo --seeds 0 1 2 --train-workers 2 --worker-torch-threads 10
0 %, 0 %, 3 MiB, 32607 MiB
---
[2026-03-31 14:12:57]
   PID     ELAPSED STAT %CPU %MEM CMD
994590    17:52:18 Sl+   0.0  0.0 python -u experiments/run_highway_experiments.py --phase train --envs intersection-v0 --algos ppo --seeds 0 1 2 --train-workers 2 --worker-torch-threads 10
0 %, 0 %, 3 MiB, 32607 MiB
---
[2026-03-31 14:13:58]
   PID     ELAPSED STAT %CPU %MEM CMD
994590    17:53:18 Sl+   0.0  0.0 python -u experiments/run_highway_experiments.py --phase train --envs intersection-v0 --algos ppo --seeds 0 1 2 --train-workers 2 --worker-torch-threads 10
0 %, 0 %, 3 MiB, 32607 MiB
---
[2026-03-31 14:14:58]
   PID     ELAPSED STAT %CPU %MEM CMD
994590    17:54:19 Sl+   0.0  0.0 python -u experiments/run_highway_experiments.py --phase train --envs intersection-v0 --algos ppo --seeds 0 1 2 --train-workers 2 --worker-torch-threads 10
0 %, 0 %, 3 MiB, 32607 MiB
---
[2026-03-31 14:15:58]
   PID     ELAPSED STAT %CPU %MEM CMD
994590    17:55:19 Sl+   0.0  0.0 python -u experiments/run_highway_experiments.py --phase train --envs intersection-v0 --algos ppo --seeds 0 1 2 --train-workers 2 --worker-torch-threads 10
0 %, 0 %, 3 MiB, 32607 MiB
---
[2026-03-31 14:16:58]
   PID     ELAPSED STAT %CPU %MEM CMD
994590    17:56:19 Sl+   0.0  0.0 python -u experiments/run_highway_experiments.py --phase train --envs intersection-v0 --algos ppo --seeds 0 1 2 --train-workers 2 --worker-torch-threads 10
0 %, 0 %, 3 MiB, 32607 MiB
---
[2026-03-31 14:17:58]
   PID     ELAPSED STAT %CPU %MEM CMD
994590    17:57:19 Sl+   0.0  0.0 python -u experiments/run_highway_experiments.py --phase train --envs intersection-v0 --algos ppo --seeds 0 1 2 --train-workers 2 --worker-torch-threads 10
0 %, 0 %, 3 MiB, 32607 MiB
---
[2026-03-31 14:18:58]
   PID     ELAPSED STAT %CPU %MEM CMD
994590    17:58:19 Sl+   0.0  0.0 python -u experiments/run_highway_experiments.py --phase train --envs intersection-v0 --algos ppo --seeds 0 1 2 --train-workers 2 --worker-torch-threads 10
0 %, 0 %, 3 MiB, 32607 MiB
---
[2026-03-31 14:19:59]
   PID     ELAPSED STAT %CPU %MEM CMD
994590    17:59:19 Sl+   0.0  0.0 python -u experiments/run_highway_experiments.py --phase train --envs intersection-v0 --algos ppo --seeds 0 1 2 --train-workers 2 --worker-torch-threads 10
0 %, 0 %, 3 MiB, 32607 MiB
---
[2026-03-31 14:20:59]
   PID     ELAPSED STAT %CPU %MEM CMD
994590    18:00:20 Sl+   0.0  0.0 python -u experiments/run_highway_experiments.py --phase train --envs intersection-v0 --algos ppo --seeds 0 1 2 --train-workers 2 --worker-torch-threads 10
0 %, 0 %, 3 MiB, 32607 MiB
---
[2026-03-31 14:21:59]
   PID     ELAPSED STAT %CPU %MEM CMD
994590    18:01:20 Sl+   0.0  0.0 python -u experiments/run_highway_experiments.py --phase train --envs intersection-v0 --algos ppo --seeds 0 1 2 --train-workers 2 --worker-torch-threads 10
0 %, 0 %, 3 MiB, 32607 MiB
---
[2026-03-31 14:22:59]
   PID     ELAPSED STAT %CPU %MEM CMD
994590    18:02:20 Sl+   0.0  0.0 python -u experiments/run_highway_experiments.py --phase train --envs intersection-v0 --algos ppo --seeds 0 1 2 --train-workers 2 --worker-torch-threads 10
0 %, 0 %, 3 MiB, 32607 MiB
---
[2026-03-31 14:23:59]
   PID     ELAPSED STAT %CPU %MEM CMD
994590    18:03:20 Sl+   0.0  0.0 python -u experiments/run_highway_experiments.py --phase train --envs intersection-v0 --algos ppo --seeds 0 1 2 --train-workers 2 --worker-torch-threads 10
0 %, 0 %, 3 MiB, 32607 MiB
---
[2026-03-31 14:24:59]
   PID     ELAPSED STAT %CPU %MEM CMD
994590    18:04:20 Sl+   0.0  0.0 python -u experiments/run_highway_experiments.py --phase train --envs intersection-v0 --algos ppo --seeds 0 1 2 --train-workers 2 --worker-torch-threads 10
0 %, 0 %, 3 MiB, 32607 MiB
---
[2026-03-31 14:26:00]
   PID     ELAPSED STAT %CPU %MEM CMD
994590    18:05:20 Sl+   0.0  0.0 python -u experiments/run_highway_experiments.py --phase train --envs intersection-v0 --algos ppo --seeds 0 1 2 --train-workers 2 --worker-torch-threads 10
0 %, 0 %, 3 MiB, 32607 MiB
---
[2026-03-31 14:27:00]
   PID     ELAPSED STAT %CPU %MEM CMD
994590    18:06:21 Sl+   0.0  0.0 python -u experiments/run_highway_experiments.py --phase train --envs intersection-v0 --algos ppo --seeds 0 1 2 --train-workers 2 --worker-torch-threads 10
0 %, 0 %, 3 MiB, 32607 MiB
---
[2026-03-31 14:28:00]
   PID     ELAPSED STAT %CPU %MEM CMD
994590    18:07:21 Sl+   0.0  0.0 python -u experiments/run_highway_experiments.py --phase train --envs intersection-v0 --algos ppo --seeds 0 1 2 --train-workers 2 --worker-torch-threads 10
0 %, 0 %, 3 MiB, 32607 MiB
---
[2026-03-31 14:29:00]
   PID     ELAPSED STAT %CPU %MEM CMD
994590    18:08:21 Sl+   0.0  0.0 python -u experiments/run_highway_experiments.py --phase train --envs intersection-v0 --algos ppo --seeds 0 1 2 --train-workers 2 --worker-torch-threads 10
0 %, 0 %, 3 MiB, 32607 MiB
---
[2026-03-31 14:30:00]
   PID     ELAPSED STAT %CPU %MEM CMD
994590    18:09:21 Sl+   0.0  0.0 python -u experiments/run_highway_experiments.py --phase train --envs intersection-v0 --algos ppo --seeds 0 1 2 --train-workers 2 --worker-torch-threads 10
0 %, 0 %, 3 MiB, 32607 MiB
---
[2026-03-31 14:31:00]
   PID     ELAPSED STAT %CPU %MEM CMD
994590    18:10:21 Sl+   0.0  0.0 python -u experiments/run_highway_experiments.py --phase train --envs intersection-v0 --algos ppo --seeds 0 1 2 --train-workers 2 --worker-torch-threads 10
0 %, 0 %, 3 MiB, 32607 MiB
---
[2026-03-31 14:32:01]
   PID     ELAPSED STAT %CPU %MEM CMD
994590    18:11:21 Sl+   0.0  0.0 python -u experiments/run_highway_experiments.py --phase train --envs intersection-v0 --algos ppo --seeds 0 1 2 --train-workers 2 --worker-torch-threads 10
0 %, 0 %, 3 MiB, 32607 MiB
---
[2026-03-31 14:33:01]
   PID     ELAPSED STAT %CPU %MEM CMD
994590    18:12:22 Sl+   0.0  0.0 python -u experiments/run_highway_experiments.py --phase train --envs intersection-v0 --algos ppo --seeds 0 1 2 --train-workers 2 --worker-torch-threads 10
0 %, 0 %, 3 MiB, 32607 MiB
---
[2026-03-31 14:34:01]
   PID     ELAPSED STAT %CPU %MEM CMD
994590    18:13:22 Sl+   0.0  0.0 python -u experiments/run_highway_experiments.py --phase train --envs intersection-v0 --algos ppo --seeds 0 1 2 --train-workers 2 --worker-torch-threads 10
0 %, 0 %, 3 MiB, 32607 MiB
---
[2026-03-31 14:35:01]
   PID     ELAPSED STAT %CPU %MEM CMD
994590    18:14:22 Sl+   0.0  0.0 python -u experiments/run_highway_experiments.py --phase train --envs intersection-v0 --algos ppo --seeds 0 1 2 --train-workers 2 --worker-torch-threads 10
0 %, 0 %, 3 MiB, 32607 MiB
---
[2026-03-31 14:36:01]
   PID     ELAPSED STAT %CPU %MEM CMD
994590    18:15:22 Sl+   0.0  0.0 python -u experiments/run_highway_experiments.py --phase train --envs intersection-v0 --algos ppo --seeds 0 1 2 --train-workers 2 --worker-torch-threads 10
0 %, 0 %, 3 MiB, 32607 MiB
---
[2026-03-31 14:37:01]
   PID     ELAPSED STAT %CPU %MEM CMD
994590    18:16:22 Sl+   0.0  0.0 python -u experiments/run_highway_experiments.py --phase train --envs intersection-v0 --algos ppo --seeds 0 1 2 --train-workers 2 --worker-torch-threads 10
0 %, 0 %, 3 MiB, 32607 MiB
---
[2026-03-31 14:38:01]
   PID     ELAPSED STAT %CPU %MEM CMD
994590    18:17:22 Sl+   0.0  0.0 python -u experiments/run_highway_experiments.py --phase train --envs intersection-v0 --algos ppo --seeds 0 1 2 --train-workers 2 --worker-torch-threads 10
0 %, 0 %, 3 MiB, 32607 MiB
---
[2026-03-31 14:39:02]
   PID     ELAPSED STAT %CPU %MEM CMD
994590    18:18:22 Sl+   0.0  0.0 python -u experiments/run_highway_experiments.py --phase train --envs intersection-v0 --algos ppo --seeds 0 1 2 --train-workers 2 --worker-torch-threads 10
0 %, 0 %, 3 MiB, 32607 MiB
---
[2026-03-31 14:40:02]
   PID     ELAPSED STAT %CPU %MEM CMD
994590    18:19:23 Sl+   0.0  0.0 python -u experiments/run_highway_experiments.py --phase train --envs intersection-v0 --algos ppo --seeds 0 1 2 --train-workers 2 --worker-torch-threads 10
0 %, 0 %, 3 MiB, 32607 MiB
---
[2026-03-31 14:41:02]
   PID     ELAPSED STAT %CPU %MEM CMD
994590    18:20:23 Sl+   0.0  0.0 python -u experiments/run_highway_experiments.py --phase train --envs intersection-v0 --algos ppo --seeds 0 1 2 --train-workers 2 --worker-torch-threads 10
0 %, 0 %, 3 MiB, 32607 MiB
---
[2026-03-31 14:42:02]
   PID     ELAPSED STAT %CPU %MEM CMD
994590    18:21:23 Sl+   0.0  0.0 python -u experiments/run_highway_experiments.py --phase train --envs intersection-v0 --algos ppo --seeds 0 1 2 --train-workers 2 --worker-torch-threads 10
0 %, 0 %, 3 MiB, 32607 MiB
---
[2026-03-31 14:43:02]
   PID     ELAPSED STAT %CPU %MEM CMD
994590    18:22:23 Sl+   0.0  0.0 python -u experiments/run_highway_experiments.py --phase train --envs intersection-v0 --algos ppo --seeds 0 1 2 --train-workers 2 --worker-torch-threads 10
0 %, 0 %, 3 MiB, 32607 MiB
---
[2026-03-31 14:44:02]
   PID     ELAPSED STAT %CPU %MEM CMD
994590    18:23:23 Sl+   0.0  0.0 python -u experiments/run_highway_experiments.py --phase train --envs intersection-v0 --algos ppo --seeds 0 1 2 --train-workers 2 --worker-torch-threads 10
0 %, 0 %, 3 MiB, 32607 MiB
---
[2026-03-31 14:45:03]
   PID     ELAPSED STAT %CPU %MEM CMD
994590    18:24:23 Sl+   0.0  0.0 python -u experiments/run_highway_experiments.py --phase train --envs intersection-v0 --algos ppo --seeds 0 1 2 --train-workers 2 --worker-torch-threads 10
0 %, 0 %, 3 MiB, 32607 MiB
---
[2026-03-31 14:46:03]
   PID     ELAPSED STAT %CPU %MEM CMD
994590    18:25:24 Sl+   0.0  0.0 python -u experiments/run_highway_experiments.py --phase train --envs intersection-v0 --algos ppo --seeds 0 1 2 --train-workers 2 --worker-torch-threads 10
0 %, 0 %, 3 MiB, 32607 MiB
---
[2026-03-31 14:47:03]
   PID     ELAPSED STAT %CPU %MEM CMD
994590    18:26:24 Sl+   0.0  0.0 python -u experiments/run_highway_experiments.py --phase train --envs intersection-v0 --algos ppo --seeds 0 1 2 --train-workers 2 --worker-torch-threads 10
0 %, 0 %, 3 MiB, 32607 MiB
---
[2026-03-31 14:48:03]
   PID     ELAPSED STAT %CPU %MEM CMD
994590    18:27:24 Sl+   0.0  0.0 python -u experiments/run_highway_experiments.py --phase train --envs intersection-v0 --algos ppo --seeds 0 1 2 --train-workers 2 --worker-torch-threads 10
0 %, 0 %, 3 MiB, 32607 MiB
---
[2026-03-31 14:49:03]
   PID     ELAPSED STAT %CPU %MEM CMD
994590    18:28:24 Sl+   0.0  0.0 python -u experiments/run_highway_experiments.py --phase train --envs intersection-v0 --algos ppo --seeds 0 1 2 --train-workers 2 --worker-torch-threads 10
0 %, 0 %, 3 MiB, 32607 MiB
---
[2026-03-31 14:50:03]
   PID     ELAPSED STAT %CPU %MEM CMD
994590    18:29:24 Sl+   0.0  0.0 python -u experiments/run_highway_experiments.py --phase train --envs intersection-v0 --algos ppo --seeds 0 1 2 --train-workers 2 --worker-torch-threads 10
0 %, 0 %, 3 MiB, 32607 MiB
---
[2026-03-31 14:51:04]
   PID     ELAPSED STAT %CPU %MEM CMD
994590    18:30:25 Sl+   0.0  0.0 python -u experiments/run_highway_experiments.py --phase train --envs intersection-v0 --algos ppo --seeds 0 1 2 --train-workers 2 --worker-torch-threads 10
0 %, 0 %, 3 MiB, 32607 MiB
---
[2026-03-31 14:52:04]
   PID     ELAPSED STAT %CPU %MEM CMD
994590    18:31:25 Sl+   0.0  0.0 python -u experiments/run_highway_experiments.py --phase train --envs intersection-v0 --algos ppo --seeds 0 1 2 --train-workers 2 --worker-torch-threads 10
0 %, 0 %, 3 MiB, 32607 MiB
---
[2026-03-31 14:53:04]
   PID     ELAPSED STAT %CPU %MEM CMD
994590    18:32:25 Sl+   0.0  0.0 python -u experiments/run_highway_experiments.py --phase train --envs intersection-v0 --algos ppo --seeds 0 1 2 --train-workers 2 --worker-torch-threads 10
0 %, 0 %, 3 MiB, 32607 MiB
---
[2026-03-31 14:54:04]
   PID     ELAPSED STAT %CPU %MEM CMD
994590    18:33:25 Sl+   0.0  0.0 python -u experiments/run_highway_experiments.py --phase train --envs intersection-v0 --algos ppo --seeds 0 1 2 --train-workers 2 --worker-torch-threads 10
0 %, 0 %, 3 MiB, 32607 MiB
---
[2026-03-31 14:55:04]
   PID     ELAPSED STAT %CPU %MEM CMD
994590    18:34:25 Sl+   0.0  0.0 python -u experiments/run_highway_experiments.py --phase train --envs intersection-v0 --algos ppo --seeds 0 1 2 --train-workers 2 --worker-torch-threads 10
0 %, 0 %, 3 MiB, 32607 MiB
---
[2026-03-31 14:56:04]
   PID     ELAPSED STAT %CPU %MEM CMD
994590    18:35:25 Sl+   0.0  0.0 python -u experiments/run_highway_experiments.py --phase train --envs intersection-v0 --algos ppo --seeds 0 1 2 --train-workers 2 --worker-torch-threads 10
0 %, 0 %, 3 MiB, 32607 MiB
---
[2026-03-31 14:57:05]
   PID     ELAPSED STAT %CPU %MEM CMD
994590    18:36:26 Sl+   0.0  0.0 python -u experiments/run_highway_experiments.py --phase train --envs intersection-v0 --algos ppo --seeds 0 1 2 --train-workers 2 --worker-torch-threads 10
0 %, 0 %, 3 MiB, 32607 MiB
---
[2026-03-31 14:58:05]
   PID     ELAPSED STAT %CPU %MEM CMD
994590    18:37:26 Sl+   0.0  0.0 python -u experiments/run_highway_experiments.py --phase train --envs intersection-v0 --algos ppo --seeds 0 1 2 --train-workers 2 --worker-torch-threads 10
0 %, 0 %, 3 MiB, 32607 MiB
---
[2026-03-31 14:59:05]
   PID     ELAPSED STAT %CPU %MEM CMD
994590    18:38:26 Sl+   0.0  0.0 python -u experiments/run_highway_experiments.py --phase train --envs intersection-v0 --algos ppo --seeds 0 1 2 --train-workers 2 --worker-torch-threads 10
0 %, 0 %, 3 MiB, 32607 MiB
---
[2026-03-31 15:00:05]
   PID     ELAPSED STAT %CPU %MEM CMD
994590    18:39:26 Sl+   0.0  0.0 python -u experiments/run_highway_experiments.py --phase train --envs intersection-v0 --algos ppo --seeds 0 1 2 --train-workers 2 --worker-torch-threads 10
0 %, 0 %, 3 MiB, 32607 MiB
---
[2026-03-31 15:01:05]
   PID     ELAPSED STAT %CPU %MEM CMD
994590    18:40:26 Sl+   0.0  0.0 python -u experiments/run_highway_experiments.py --phase train --envs intersection-v0 --algos ppo --seeds 0 1 2 --train-workers 2 --worker-torch-threads 10
0 %, 0 %, 3 MiB, 32607 MiB
---
[2026-03-31 15:02:05]
   PID     ELAPSED STAT %CPU %MEM CMD
994590    18:41:26 Sl+   0.0  0.0 python -u experiments/run_highway_experiments.py --phase train --envs intersection-v0 --algos ppo --seeds 0 1 2 --train-workers 2 --worker-torch-threads 10
0 %, 0 %, 3 MiB, 32607 MiB
---
[2026-03-31 15:03:06]
   PID     ELAPSED STAT %CPU %MEM CMD
994590    18:42:26 Sl+   0.0  0.0 python -u experiments/run_highway_experiments.py --phase train --envs intersection-v0 --algos ppo --seeds 0 1 2 --train-workers 2 --worker-torch-threads 10
0 %, 0 %, 3 MiB, 32607 MiB
---
[2026-03-31 15:04:06]
   PID     ELAPSED STAT %CPU %MEM CMD
994590    18:43:27 Sl+   0.0  0.0 python -u experiments/run_highway_experiments.py --phase train --envs intersection-v0 --algos ppo --seeds 0 1 2 --train-workers 2 --worker-torch-threads 10
0 %, 0 %, 3 MiB, 32607 MiB
---
[2026-03-31 15:05:06]
   PID     ELAPSED STAT %CPU %MEM CMD
994590    18:44:27 Sl+   0.0  0.0 python -u experiments/run_highway_experiments.py --phase train --envs intersection-v0 --algos ppo --seeds 0 1 2 --train-workers 2 --worker-torch-threads 10
0 %, 0 %, 3 MiB, 32607 MiB
---
[2026-03-31 15:06:06]
   PID     ELAPSED STAT %CPU %MEM CMD
994590    18:45:27 Sl+   0.0  0.0 python -u experiments/run_highway_experiments.py --phase train --envs intersection-v0 --algos ppo --seeds 0 1 2 --train-workers 2 --worker-torch-threads 10
0 %, 0 %, 3 MiB, 32607 MiB
---
[2026-03-31 15:07:06]
   PID     ELAPSED STAT %CPU %MEM CMD
994590    18:46:27 Sl+   0.0  0.0 python -u experiments/run_highway_experiments.py --phase train --envs intersection-v0 --algos ppo --seeds 0 1 2 --train-workers 2 --worker-torch-threads 10
0 %, 0 %, 3 MiB, 32607 MiB
---
