[2026-03-30 03:06:05]
   PID     ELAPSED STAT %CPU %MEM CMD
144214       08:03 Rl+   101  0.2 python -u experiments/run_highway_experiments.py --phase train --envs merge-v0 intersection-v0 --algos dqn --seeds 0 1 2 3 4
144377       07:56 Rl+  1632  0.1 python -u experiments/run_highway_experiments.py --phase train --envs merge-v0 intersection-v0 --algos ppo --seeds 0 1 2 3 4
1 %, 0 %, 633 MiB, 32607 MiB
144214, python, 624 MiB
---
[2026-03-30 03:07:05]
   PID     ELAPSED STAT %CPU %MEM CMD
144214       09:03 Rl+   101  0.2 python -u experiments/run_highway_experiments.py --phase train --envs merge-v0 intersection-v0 --algos dqn --seeds 0 1 2 3 4
144377       08:56 Rl+  1634  0.1 python -u experiments/run_highway_experiments.py --phase train --envs merge-v0 intersection-v0 --algos ppo --seeds 0 1 2 3 4
1 %, 0 %, 633 MiB, 32607 MiB
144214, python, 624 MiB
---
[2026-03-30 03:08:05]
   PID     ELAPSED STAT %CPU %MEM CMD
144214       10:03 Rl+   100  0.2 python -u experiments/run_highway_experiments.py --phase train --envs merge-v0 intersection-v0 --algos dqn --seeds 0 1 2 3 4
144377       09:56 Rl+  1635  0.1 python -u experiments/run_highway_experiments.py --phase train --envs merge-v0 intersection-v0 --algos ppo --seeds 0 1 2 3 4
1 %, 0 %, 633 MiB, 32607 MiB
144214, python, 624 MiB
---
[2026-03-30 03:09:06]
   PID     ELAPSED STAT %CPU %MEM CMD
144214       11:04 Rl+   100  0.2 python -u experiments/run_highway_experiments.py --phase train --envs merge-v0 intersection-v0 --algos dqn --seeds 0 1 2 3 4
144377       10:57 Rl+  1634  0.1 python -u experiments/run_highway_experiments.py --phase train --envs merge-v0 intersection-v0 --algos ppo --seeds 0 1 2 3 4
1 %, 0 %, 633 MiB, 32607 MiB
144214, python, 624 MiB
---
[2026-03-30 03:10:06]
   PID     ELAPSED STAT %CPU %MEM CMD
144214       12:04 Rl+   100  0.2 python -u experiments/run_highway_experiments.py --phase train --envs merge-v0 intersection-v0 --algos dqn --seeds 0 1 2 3 4
144377       11:57 Rl+  1633  0.1 python -u experiments/run_highway_experiments.py --phase train --envs merge-v0 intersection-v0 --algos ppo --seeds 0 1 2 3 4
1 %, 0 %, 633 MiB, 32607 MiB
144214, python, 624 MiB
---
[2026-03-30 03:11:06]
   PID     ELAPSED STAT %CPU %MEM CMD
144214       13:04 Rl+   100  0.2 python -u experiments/run_highway_experiments.py --phase train --envs merge-v0 intersection-v0 --algos dqn --seeds 0 1 2 3 4
144377       12:57 Rl+  1634  0.1 python -u experiments/run_highway_experiments.py --phase train --envs merge-v0 intersection-v0 --algos ppo --seeds 0 1 2 3 4
1 %, 0 %, 633 MiB, 32607 MiB
144214, python, 624 MiB
---
[2026-03-30 03:12:06]
   PID     ELAPSED STAT %CPU %MEM CMD
144214       14:04 Rl+   100  0.2 python -u experiments/run_highway_experiments.py --phase train --envs merge-v0 intersection-v0 --algos dqn --seeds 0 1 2 3 4
144377       13:57 Rl+  1635  0.1 python -u experiments/run_highway_experiments.py --phase train --envs merge-v0 intersection-v0 --algos ppo --seeds 0 1 2 3 4
1 %, 0 %, 633 MiB, 32607 MiB
144214, python, 624 MiB
---
[2026-03-30 03:13:06]
   PID     ELAPSED STAT %CPU %MEM CMD
144214       15:04 Rl+   100  0.2 python -u experiments/run_highway_experiments.py --phase train --envs merge-v0 intersection-v0 --algos dqn --seeds 0 1 2 3 4
144377       14:57 Rl+  1636  0.1 python -u experiments/run_highway_experiments.py --phase train --envs merge-v0 intersection-v0 --algos ppo --seeds 0 1 2 3 4
1 %, 0 %, 633 MiB, 32607 MiB
144214, python, 624 MiB
---
[2026-03-30 03:14:06]
   PID     ELAPSED STAT %CPU %MEM CMD
144214       16:04 Rl+   100  0.2 python -u experiments/run_highway_experiments.py --phase train --envs merge-v0 intersection-v0 --algos dqn --seeds 0 1 2 3 4
144377       15:57 Rl+  1636  0.1 python -u experiments/run_highway_experiments.py --phase train --envs merge-v0 intersection-v0 --algos ppo --seeds 0 1 2 3 4
1 %, 0 %, 633 MiB, 32607 MiB
144214, python, 624 MiB
---
[2026-03-30 03:15:07]
   PID     ELAPSED STAT %CPU %MEM CMD
144214       17:05 Rl+   100  0.2 python -u experiments/run_highway_experiments.py --phase train --envs merge-v0 intersection-v0 --algos dqn --seeds 0 1 2 3 4
144377       16:58 Rl+  1634  0.1 python -u experiments/run_highway_experiments.py --phase train --envs merge-v0 intersection-v0 --algos ppo --seeds 0 1 2 3 4
1 %, 0 %, 633 MiB, 32607 MiB
144214, python, 624 MiB
---
[2026-03-30 03:16:07]
   PID     ELAPSED STAT %CPU %MEM CMD
144214       18:05 Sl+   100  0.2 python -u experiments/run_highway_experiments.py --phase train --envs merge-v0 intersection-v0 --algos dqn --seeds 0 1 2 3 4
144377       17:58 Rl+  1637  0.1 python -u experiments/run_highway_experiments.py --phase train --envs merge-v0 intersection-v0 --algos ppo --seeds 0 1 2 3 4
1 %, 0 %, 633 MiB, 32607 MiB
144214, python, 624 MiB
---
[2026-03-30 03:17:07]
   PID     ELAPSED STAT %CPU %MEM CMD
144214       19:05 Rl+   100  0.2 python -u experiments/run_highway_experiments.py --phase train --envs merge-v0 intersection-v0 --algos dqn --seeds 0 1 2 3 4
144377       18:58 Rl+  1638  0.1 python -u experiments/run_highway_experiments.py --phase train --envs merge-v0 intersection-v0 --algos ppo --seeds 0 1 2 3 4
1 %, 0 %, 633 MiB, 32607 MiB
144214, python, 624 MiB
---
[2026-03-30 03:18:07]
   PID     ELAPSED STAT %CPU %MEM CMD
144214       20:05 Rl+   100  0.2 python -u experiments/run_highway_experiments.py --phase train --envs merge-v0 intersection-v0 --algos dqn --seeds 0 1 2 3 4
144377       19:58 Rl+  1639  0.1 python -u experiments/run_highway_experiments.py --phase train --envs merge-v0 intersection-v0 --algos ppo --seeds 0 1 2 3 4
1 %, 0 %, 633 MiB, 32607 MiB
144214, python, 624 MiB
---
[2026-03-30 03:19:07]
   PID     ELAPSED STAT %CPU %MEM CMD
144214       21:05 Rl+   100  0.2 python -u experiments/run_highway_experiments.py --phase train --envs merge-v0 intersection-v0 --algos dqn --seeds 0 1 2 3 4
144377       20:58 Rl+  1640  0.1 python -u experiments/run_highway_experiments.py --phase train --envs merge-v0 intersection-v0 --algos ppo --seeds 0 1 2 3 4
1 %, 0 %, 633 MiB, 32607 MiB
144214, python, 624 MiB
---
[2026-03-30 03:20:08]
   PID     ELAPSED STAT %CPU %MEM CMD
144214       22:05 Rl+   100  0.2 python -u experiments/run_highway_experiments.py --phase train --envs merge-v0 intersection-v0 --algos dqn --seeds 0 1 2 3 4
144377       21:58 Sl+  1640  0.1 python -u experiments/run_highway_experiments.py --phase train --envs merge-v0 intersection-v0 --algos ppo --seeds 0 1 2 3 4
1 %, 0 %, 633 MiB, 32607 MiB
144214, python, 624 MiB
---
[2026-03-30 03:21:08]
   PID     ELAPSED STAT %CPU %MEM CMD
144214       23:06 Rl+   100  0.2 python -u experiments/run_highway_experiments.py --phase train --envs merge-v0 intersection-v0 --algos dqn --seeds 0 1 2 3 4
144377       22:59 Rl+  1641  0.1 python -u experiments/run_highway_experiments.py --phase train --envs merge-v0 intersection-v0 --algos ppo --seeds 0 1 2 3 4
1 %, 0 %, 633 MiB, 32607 MiB
144214, python, 624 MiB
---
[2026-03-30 03:22:08]
   PID     ELAPSED STAT %CPU %MEM CMD
144214       24:06 Rl+   100  0.2 python -u experiments/run_highway_experiments.py --phase train --envs merge-v0 intersection-v0 --algos dqn --seeds 0 1 2 3 4
144377       23:59 Rl+  1641  0.1 python -u experiments/run_highway_experiments.py --phase train --envs merge-v0 intersection-v0 --algos ppo --seeds 0 1 2 3 4
1 %, 0 %, 633 MiB, 32607 MiB
144214, python, 624 MiB
---
[2026-03-30 03:23:08]
   PID     ELAPSED STAT %CPU %MEM CMD
144214       25:06 Rl+   100  0.2 python -u experiments/run_highway_experiments.py --phase train --envs merge-v0 intersection-v0 --algos dqn --seeds 0 1 2 3 4
144377       24:59 Rl+  1642  0.1 python -u experiments/run_highway_experiments.py --phase train --envs merge-v0 intersection-v0 --algos ppo --seeds 0 1 2 3 4
1 %, 0 %, 633 MiB, 32607 MiB
144214, python, 624 MiB
---
[2026-03-30 03:24:08]
   PID     ELAPSED STAT %CPU %MEM CMD
144214       26:06 Rl+   100  0.2 python -u experiments/run_highway_experiments.py --phase train --envs merge-v0 intersection-v0 --algos dqn --seeds 0 1 2 3 4
144377       25:59 Rl+  1643  0.1 python -u experiments/run_highway_experiments.py --phase train --envs merge-v0 intersection-v0 --algos ppo --seeds 0 1 2 3 4
1 %, 0 %, 633 MiB, 32607 MiB
144214, python, 624 MiB
---
[2026-03-30 03:25:08]
   PID     ELAPSED STAT %CPU %MEM CMD
144214       27:06 Rl+   100  0.2 python -u experiments/run_highway_experiments.py --phase train --envs merge-v0 intersection-v0 --algos dqn --seeds 0 1 2 3 4
144377       26:59 Rl+  1644  0.1 python -u experiments/run_highway_experiments.py --phase train --envs merge-v0 intersection-v0 --algos ppo --seeds 0 1 2 3 4
1 %, 0 %, 633 MiB, 32607 MiB
144214, python, 624 MiB
---
[2026-03-30 03:26:09]
   PID     ELAPSED STAT %CPU %MEM CMD
144214       28:07 Rl+   100  0.2 python -u experiments/run_highway_experiments.py --phase train --envs merge-v0 intersection-v0 --algos dqn --seeds 0 1 2 3 4
144377       28:00 Rl+  1643  0.1 python -u experiments/run_highway_experiments.py --phase train --envs merge-v0 intersection-v0 --algos ppo --seeds 0 1 2 3 4
1 %, 0 %, 633 MiB, 32607 MiB
144214, python, 624 MiB
---
[2026-03-30 03:27:09]
   PID     ELAPSED STAT %CPU %MEM CMD
144214       29:07 Rl+   100  0.2 python -u experiments/run_highway_experiments.py --phase train --envs merge-v0 intersection-v0 --algos dqn --seeds 0 1 2 3 4
144377       29:00 Rl+  1644  0.1 python -u experiments/run_highway_experiments.py --phase train --envs merge-v0 intersection-v0 --algos ppo --seeds 0 1 2 3 4
1 %, 0 %, 633 MiB, 32607 MiB
144214, python, 624 MiB
---
[2026-03-30 03:28:09]
   PID     ELAPSED STAT %CPU %MEM CMD
144214       30:07 Rl+   100  0.2 python -u experiments/run_highway_experiments.py --phase train --envs merge-v0 intersection-v0 --algos dqn --seeds 0 1 2 3 4
144377       30:00 Rl+  1645  0.1 python -u experiments/run_highway_experiments.py --phase train --envs merge-v0 intersection-v0 --algos ppo --seeds 0 1 2 3 4
1 %, 0 %, 633 MiB, 32607 MiB
144214, python, 624 MiB
---
[2026-03-30 03:29:09]
   PID     ELAPSED STAT %CPU %MEM CMD
144214       31:07 Rl+   100  0.2 python -u experiments/run_highway_experiments.py --phase train --envs merge-v0 intersection-v0 --algos dqn --seeds 0 1 2 3 4
144377       31:00 Sl+  1645  0.1 python -u experiments/run_highway_experiments.py --phase train --envs merge-v0 intersection-v0 --algos ppo --seeds 0 1 2 3 4
1 %, 0 %, 633 MiB, 32607 MiB
144214, python, 624 MiB
---
[2026-03-30 03:30:09]
   PID     ELAPSED STAT %CPU %MEM CMD
144214       32:07 Sl+   100  0.2 python -u experiments/run_highway_experiments.py --phase train --envs merge-v0 intersection-v0 --algos dqn --seeds 0 1 2 3 4
144377       32:00 Rl+  1646  0.1 python -u experiments/run_highway_experiments.py --phase train --envs merge-v0 intersection-v0 --algos ppo --seeds 0 1 2 3 4
1 %, 0 %, 633 MiB, 32607 MiB
144214, python, 624 MiB
---
[2026-03-30 03:31:10]
   PID     ELAPSED STAT %CPU %MEM CMD
144214       33:07 Rl+   100  0.2 python -u experiments/run_highway_experiments.py --phase train --envs merge-v0 intersection-v0 --algos dqn --seeds 0 1 2 3 4
144377       33:00 Rl+  1646  0.1 python -u experiments/run_highway_experiments.py --phase train --envs merge-v0 intersection-v0 --algos ppo --seeds 0 1 2 3 4
1 %, 0 %, 633 MiB, 32607 MiB
144214, python, 624 MiB
---
[2026-03-30 03:32:10]
   PID     ELAPSED STAT %CPU %MEM CMD
144214       34:08 Rl+   100  0.2 python -u experiments/run_highway_experiments.py --phase train --envs merge-v0 intersection-v0 --algos dqn --seeds 0 1 2 3 4
144377       34:01 Rl+  1647  0.1 python -u experiments/run_highway_experiments.py --phase train --envs merge-v0 intersection-v0 --algos ppo --seeds 0 1 2 3 4
1 %, 0 %, 633 MiB, 32607 MiB
144214, python, 624 MiB
---
[2026-03-30 03:33:10]
   PID     ELAPSED STAT %CPU %MEM CMD
144214       35:08 Rl+   100  0.2 python -u experiments/run_highway_experiments.py --phase train --envs merge-v0 intersection-v0 --algos dqn --seeds 0 1 2 3 4
144377       35:01 Rl+  1647  0.1 python -u experiments/run_highway_experiments.py --phase train --envs merge-v0 intersection-v0 --algos ppo --seeds 0 1 2 3 4
1 %, 0 %, 633 MiB, 32607 MiB
144214, python, 624 MiB
---
[2026-03-30 03:34:10]
   PID     ELAPSED STAT %CPU %MEM CMD
144214       36:08 Rl+   100  0.2 python -u experiments/run_highway_experiments.py --phase train --envs merge-v0 intersection-v0 --algos dqn --seeds 0 1 2 3 4
144377       36:01 Rl+  1648  0.1 python -u experiments/run_highway_experiments.py --phase train --envs merge-v0 intersection-v0 --algos ppo --seeds 0 1 2 3 4
1 %, 0 %, 633 MiB, 32607 MiB
144214, python, 624 MiB
---
[2026-03-30 03:35:10]
   PID     ELAPSED STAT %CPU %MEM CMD
144214       37:08 Rl+   100  0.2 python -u experiments/run_highway_experiments.py --phase train --envs merge-v0 intersection-v0 --algos dqn --seeds 0 1 2 3 4
144377       37:01 Rl+  1648  0.1 python -u experiments/run_highway_experiments.py --phase train --envs merge-v0 intersection-v0 --algos ppo --seeds 0 1 2 3 4
1 %, 0 %, 633 MiB, 32607 MiB
144214, python, 624 MiB
---
[2026-03-30 03:36:10]
   PID     ELAPSED STAT %CPU %MEM CMD
144214       38:08 Rl+   100  0.2 python -u experiments/run_highway_experiments.py --phase train --envs merge-v0 intersection-v0 --algos dqn --seeds 0 1 2 3 4
144377       38:01 Rl+  1648  0.1 python -u experiments/run_highway_experiments.py --phase train --envs merge-v0 intersection-v0 --algos ppo --seeds 0 1 2 3 4
1 %, 0 %, 633 MiB, 32607 MiB
144214, python, 624 MiB
---
[2026-03-30 03:37:11]
   PID     ELAPSED STAT %CPU %MEM CMD
144214       39:08 Rl+   100  0.2 python -u experiments/run_highway_experiments.py --phase train --envs merge-v0 intersection-v0 --algos dqn --seeds 0 1 2 3 4
144377       39:01 Rl+  1648  0.1 python -u experiments/run_highway_experiments.py --phase train --envs merge-v0 intersection-v0 --algos ppo --seeds 0 1 2 3 4
0 %, 0 %, 633 MiB, 32607 MiB
144214, python, 624 MiB
---
[2026-03-30 03:38:11]
   PID     ELAPSED STAT %CPU %MEM CMD
144214       40:09 Sl+   100  0.2 python -u experiments/run_highway_experiments.py --phase train --envs merge-v0 intersection-v0 --algos dqn --seeds 0 1 2 3 4
144377       40:02 Rl+  1648  0.1 python -u experiments/run_highway_experiments.py --phase train --envs merge-v0 intersection-v0 --algos ppo --seeds 0 1 2 3 4
1 %, 0 %, 633 MiB, 32607 MiB
144214, python, 624 MiB
---
[2026-03-30 03:39:11]
   PID     ELAPSED STAT %CPU %MEM CMD
144214       41:09 Rl+   100  0.2 python -u experiments/run_highway_experiments.py --phase train --envs merge-v0 intersection-v0 --algos dqn --seeds 0 1 2 3 4
144377       41:02 Rl+  1648  0.1 python -u experiments/run_highway_experiments.py --phase train --envs merge-v0 intersection-v0 --algos ppo --seeds 0 1 2 3 4
1 %, 0 %, 633 MiB, 32607 MiB
144214, python, 624 MiB
---
[2026-03-30 03:40:11]
   PID     ELAPSED STAT %CPU %MEM CMD
144214       42:09 Rl+   100  0.2 python -u experiments/run_highway_experiments.py --phase train --envs merge-v0 intersection-v0 --algos dqn --seeds 0 1 2 3 4
144377       42:02 Rl+  1649  0.1 python -u experiments/run_highway_experiments.py --phase train --envs merge-v0 intersection-v0 --algos ppo --seeds 0 1 2 3 4
1 %, 0 %, 633 MiB, 32607 MiB
144214, python, 624 MiB
---
[2026-03-30 03:41:11]
   PID     ELAPSED STAT %CPU %MEM CMD
144214       43:09 Rl+   100  0.2 python -u experiments/run_highway_experiments.py --phase train --envs merge-v0 intersection-v0 --algos dqn --seeds 0 1 2 3 4
144377       43:02 Rl+  1650  0.1 python -u experiments/run_highway_experiments.py --phase train --envs merge-v0 intersection-v0 --algos ppo --seeds 0 1 2 3 4
1 %, 0 %, 633 MiB, 32607 MiB
144214, python, 624 MiB
---
[2026-03-30 03:42:11]
   PID     ELAPSED STAT %CPU %MEM CMD
144214       44:09 Rl+   100  0.2 python -u experiments/run_highway_experiments.py --phase train --envs merge-v0 intersection-v0 --algos dqn --seeds 0 1 2 3 4
144377       44:02 Rl+  1650  0.1 python -u experiments/run_highway_experiments.py --phase train --envs merge-v0 intersection-v0 --algos ppo --seeds 0 1 2 3 4
1 %, 0 %, 633 MiB, 32607 MiB
144214, python, 624 MiB
---
[2026-03-30 03:43:11]
   PID     ELAPSED STAT %CPU %MEM CMD
144214       45:09 Rl+   100  0.2 python -u experiments/run_highway_experiments.py --phase train --envs merge-v0 intersection-v0 --algos dqn --seeds 0 1 2 3 4
144377       45:02 Rl+  1650  0.1 python -u experiments/run_highway_experiments.py --phase train --envs merge-v0 intersection-v0 --algos ppo --seeds 0 1 2 3 4
1 %, 0 %, 633 MiB, 32607 MiB
144214, python, 624 MiB
---
[2026-03-30 03:44:12]
   PID     ELAPSED STAT %CPU %MEM CMD
144214       46:10 Rl+   100  0.2 python -u experiments/run_highway_experiments.py --phase train --envs merge-v0 intersection-v0 --algos dqn --seeds 0 1 2 3 4
144377       46:03 Rl+  1650  0.1 python -u experiments/run_highway_experiments.py --phase train --envs merge-v0 intersection-v0 --algos ppo --seeds 0 1 2 3 4
1 %, 0 %, 633 MiB, 32607 MiB
144214, python, 624 MiB
---
[2026-03-30 03:45:12]
   PID     ELAPSED STAT %CPU %MEM CMD
144214       47:10 Rl+   100  0.2 python -u experiments/run_highway_experiments.py --phase train --envs merge-v0 intersection-v0 --algos dqn --seeds 0 1 2 3 4
144377       47:03 Rl+  1650  0.1 python -u experiments/run_highway_experiments.py --phase train --envs merge-v0 intersection-v0 --algos ppo --seeds 0 1 2 3 4
1 %, 0 %, 633 MiB, 32607 MiB
144214, python, 624 MiB
---
[2026-03-30 03:46:12]
   PID     ELAPSED STAT %CPU %MEM CMD
144214       48:10 Rl+   100  0.2 python -u experiments/run_highway_experiments.py --phase train --envs merge-v0 intersection-v0 --algos dqn --seeds 0 1 2 3 4
144377       48:03 Rl+  1651  0.1 python -u experiments/run_highway_experiments.py --phase train --envs merge-v0 intersection-v0 --algos ppo --seeds 0 1 2 3 4
1 %, 0 %, 633 MiB, 32607 MiB
144214, python, 624 MiB
---
[2026-03-30 03:47:12]
   PID     ELAPSED STAT %CPU %MEM CMD
144214       49:10 Rl+   100  0.2 python -u experiments/run_highway_experiments.py --phase train --envs merge-v0 intersection-v0 --algos dqn --seeds 0 1 2 3 4
144377       49:03 Rl+  1651  0.1 python -u experiments/run_highway_experiments.py --phase train --envs merge-v0 intersection-v0 --algos ppo --seeds 0 1 2 3 4
1 %, 0 %, 633 MiB, 32607 MiB
144214, python, 624 MiB
---
[2026-03-30 03:48:12]
   PID     ELAPSED STAT %CPU %MEM CMD
144214       50:10 Rl+   100  0.2 python -u experiments/run_highway_experiments.py --phase train --envs merge-v0 intersection-v0 --algos dqn --seeds 0 1 2 3 4
144377       50:03 Rl+  1651  0.1 python -u experiments/run_highway_experiments.py --phase train --envs merge-v0 intersection-v0 --algos ppo --seeds 0 1 2 3 4
1 %, 0 %, 633 MiB, 32607 MiB
144214, python, 624 MiB
---
[2026-03-30 03:49:12]
   PID     ELAPSED STAT %CPU %MEM CMD
144214       51:10 Rl+   100  0.2 python -u experiments/run_highway_experiments.py --phase train --envs merge-v0 intersection-v0 --algos dqn --seeds 0 1 2 3 4
144377       51:03 Rl+  1651  0.1 python -u experiments/run_highway_experiments.py --phase train --envs merge-v0 intersection-v0 --algos ppo --seeds 0 1 2 3 4
1 %, 0 %, 633 MiB, 32607 MiB
144214, python, 624 MiB
---
[2026-03-30 03:50:13]
   PID     ELAPSED STAT %CPU %MEM CMD
144214       52:11 Rl+   100  0.2 python -u experiments/run_highway_experiments.py --phase train --envs merge-v0 intersection-v0 --algos dqn --seeds 0 1 2 3 4
144377       52:04 Rl+  1651  0.1 python -u experiments/run_highway_experiments.py --phase train --envs merge-v0 intersection-v0 --algos ppo --seeds 0 1 2 3 4
1 %, 0 %, 633 MiB, 32607 MiB
144214, python, 624 MiB
---
[2026-03-30 03:51:13]
   PID     ELAPSED STAT %CPU %MEM CMD
144214       53:11 Rl+   100  0.2 python -u experiments/run_highway_experiments.py --phase train --envs merge-v0 intersection-v0 --algos dqn --seeds 0 1 2 3 4
144377       53:04 Rl+  1651  0.1 python -u experiments/run_highway_experiments.py --phase train --envs merge-v0 intersection-v0 --algos ppo --seeds 0 1 2 3 4
1 %, 0 %, 633 MiB, 32607 MiB
144214, python, 624 MiB
---
[2026-03-30 03:52:13]
   PID     ELAPSED STAT %CPU %MEM CMD
144214       54:11 Rl+   100  0.2 python -u experiments/run_highway_experiments.py --phase train --envs merge-v0 intersection-v0 --algos dqn --seeds 0 1 2 3 4
144377       54:04 Rl+  1651  0.1 python -u experiments/run_highway_experiments.py --phase train --envs merge-v0 intersection-v0 --algos ppo --seeds 0 1 2 3 4
1 %, 0 %, 633 MiB, 32607 MiB
144214, python, 624 MiB
---
[2026-03-30 03:53:13]
   PID     ELAPSED STAT %CPU %MEM CMD
144214       55:11 Rl+   100  0.2 python -u experiments/run_highway_experiments.py --phase train --envs merge-v0 intersection-v0 --algos dqn --seeds 0 1 2 3 4
144377       55:04 Rl+  1652  0.1 python -u experiments/run_highway_experiments.py --phase train --envs merge-v0 intersection-v0 --algos ppo --seeds 0 1 2 3 4
1 %, 0 %, 633 MiB, 32607 MiB
144214, python, 624 MiB
---
[2026-03-30 03:54:13]
   PID     ELAPSED STAT %CPU %MEM CMD
144214       56:11 Rl+   100  0.2 python -u experiments/run_highway_experiments.py --phase train --envs merge-v0 intersection-v0 --algos dqn --seeds 0 1 2 3 4
144377       56:04 Rl+  1652  0.1 python -u experiments/run_highway_experiments.py --phase train --envs merge-v0 intersection-v0 --algos ppo --seeds 0 1 2 3 4
1 %, 0 %, 633 MiB, 32607 MiB
144214, python, 624 MiB
---
[2026-03-30 03:55:14]
   PID     ELAPSED STAT %CPU %MEM CMD
144214       57:11 Rl+   100  0.2 python -u experiments/run_highway_experiments.py --phase train --envs merge-v0 intersection-v0 --algos dqn --seeds 0 1 2 3 4
144377       57:04 Rl+  1652  0.1 python -u experiments/run_highway_experiments.py --phase train --envs merge-v0 intersection-v0 --algos ppo --seeds 0 1 2 3 4
1 %, 0 %, 633 MiB, 32607 MiB
144214, python, 624 MiB
---
[2026-03-30 03:56:14]
   PID     ELAPSED STAT %CPU %MEM CMD
144214       58:12 Rl+   100  0.2 python -u experiments/run_highway_experiments.py --phase train --envs merge-v0 intersection-v0 --algos dqn --seeds 0 1 2 3 4
144377       58:05 Rl+  1652  0.1 python -u experiments/run_highway_experiments.py --phase train --envs merge-v0 intersection-v0 --algos ppo --seeds 0 1 2 3 4
1 %, 0 %, 633 MiB, 32607 MiB
144214, python, 624 MiB
---
[2026-03-30 03:57:14]
   PID     ELAPSED STAT %CPU %MEM CMD
144214       59:12 Rl+   100  0.2 python -u experiments/run_highway_experiments.py --phase train --envs merge-v0 intersection-v0 --algos dqn --seeds 0 1 2 3 4
144377       59:05 Rl+  1652  0.1 python -u experiments/run_highway_experiments.py --phase train --envs merge-v0 intersection-v0 --algos ppo --seeds 0 1 2 3 4
1 %, 0 %, 633 MiB, 32607 MiB
144214, python, 624 MiB
---
[2026-03-30 03:58:14]
   PID     ELAPSED STAT %CPU %MEM CMD
144214    01:00:12 Rl+   100  0.2 python -u experiments/run_highway_experiments.py --phase train --envs merge-v0 intersection-v0 --algos dqn --seeds 0 1 2 3 4
144377    01:00:05 Rl+  1653  0.1 python -u experiments/run_highway_experiments.py --phase train --envs merge-v0 intersection-v0 --algos ppo --seeds 0 1 2 3 4
1 %, 0 %, 633 MiB, 32607 MiB
144214, python, 624 MiB
---
[2026-03-30 03:59:14]
   PID     ELAPSED STAT %CPU %MEM CMD
144214    01:01:12 Rl+   100  0.2 python -u experiments/run_highway_experiments.py --phase train --envs merge-v0 intersection-v0 --algos dqn --seeds 0 1 2 3 4
144377    01:01:05 Rl+  1653  0.1 python -u experiments/run_highway_experiments.py --phase train --envs merge-v0 intersection-v0 --algos ppo --seeds 0 1 2 3 4
1 %, 0 %, 633 MiB, 32607 MiB
144214, python, 624 MiB
---
[2026-03-30 04:00:14]
   PID     ELAPSED STAT %CPU %MEM CMD
144214    01:02:12 Rl+   100  0.2 python -u experiments/run_highway_experiments.py --phase train --envs merge-v0 intersection-v0 --algos dqn --seeds 0 1 2 3 4
144377    01:02:05 Rl+  1653  0.1 python -u experiments/run_highway_experiments.py --phase train --envs merge-v0 intersection-v0 --algos ppo --seeds 0 1 2 3 4
1 %, 0 %, 633 MiB, 32607 MiB
144214, python, 624 MiB
---
[2026-03-30 04:01:15]
   PID     ELAPSED STAT %CPU %MEM CMD
144214    01:03:13 Rl+   100  0.2 python -u experiments/run_highway_experiments.py --phase train --envs merge-v0 intersection-v0 --algos dqn --seeds 0 1 2 3 4
144377    01:03:06 Rl+  1653  0.1 python -u experiments/run_highway_experiments.py --phase train --envs merge-v0 intersection-v0 --algos ppo --seeds 0 1 2 3 4
1 %, 0 %, 633 MiB, 32607 MiB
144214, python, 624 MiB
---
[2026-03-30 04:02:15]
   PID     ELAPSED STAT %CPU %MEM CMD
144214    01:04:13 Rl+   100  0.2 python -u experiments/run_highway_experiments.py --phase train --envs merge-v0 intersection-v0 --algos dqn --seeds 0 1 2 3 4
144377    01:04:06 Rl+  1653  0.1 python -u experiments/run_highway_experiments.py --phase train --envs merge-v0 intersection-v0 --algos ppo --seeds 0 1 2 3 4
1 %, 0 %, 633 MiB, 32607 MiB
144214, python, 624 MiB
---
[2026-03-30 04:03:15]
   PID     ELAPSED STAT %CPU %MEM CMD
144214    01:05:13 Rl+   100  0.2 python -u experiments/run_highway_experiments.py --phase train --envs merge-v0 intersection-v0 --algos dqn --seeds 0 1 2 3 4
144377    01:05:06 Rl+  1653  0.1 python -u experiments/run_highway_experiments.py --phase train --envs merge-v0 intersection-v0 --algos ppo --seeds 0 1 2 3 4
1 %, 0 %, 633 MiB, 32607 MiB
144214, python, 624 MiB
---
[2026-03-30 04:04:15]
   PID     ELAPSED STAT %CPU %MEM CMD
144214    01:06:13 Rl+   100  0.2 python -u experiments/run_highway_experiments.py --phase train --envs merge-v0 intersection-v0 --algos dqn --seeds 0 1 2 3 4
144377    01:06:06 Rl+  1654  0.1 python -u experiments/run_highway_experiments.py --phase train --envs merge-v0 intersection-v0 --algos ppo --seeds 0 1 2 3 4
1 %, 0 %, 633 MiB, 32607 MiB
144214, python, 624 MiB
---
[2026-03-30 04:05:15]
   PID     ELAPSED STAT %CPU %MEM CMD
144214    01:07:13 Rl+   100  0.2 python -u experiments/run_highway_experiments.py --phase train --envs merge-v0 intersection-v0 --algos dqn --seeds 0 1 2 3 4
144377    01:07:06 Rl+  1654  0.1 python -u experiments/run_highway_experiments.py --phase train --envs merge-v0 intersection-v0 --algos ppo --seeds 0 1 2 3 4
1 %, 0 %, 633 MiB, 32607 MiB
144214, python, 624 MiB
---
[2026-03-30 04:06:15]
   PID     ELAPSED STAT %CPU %MEM CMD
144214    01:08:13 Rl+   100  0.2 python -u experiments/run_highway_experiments.py --phase train --envs merge-v0 intersection-v0 --algos dqn --seeds 0 1 2 3 4
144377    01:08:06 Rl+  1654  0.1 python -u experiments/run_highway_experiments.py --phase train --envs merge-v0 intersection-v0 --algos ppo --seeds 0 1 2 3 4
1 %, 0 %, 633 MiB, 32607 MiB
144214, python, 624 MiB
---
[2026-03-30 04:07:16]
   PID     ELAPSED STAT %CPU %MEM CMD
144214    01:09:13 Rl+   100  0.2 python -u experiments/run_highway_experiments.py --phase train --envs merge-v0 intersection-v0 --algos dqn --seeds 0 1 2 3 4
144377    01:09:06 Rl+  1654  0.1 python -u experiments/run_highway_experiments.py --phase train --envs merge-v0 intersection-v0 --algos ppo --seeds 0 1 2 3 4
1 %, 0 %, 633 MiB, 32607 MiB
144214, python, 624 MiB
---
[2026-03-30 04:08:16]
   PID     ELAPSED STAT %CPU %MEM CMD
144214    01:10:14 Rl+   100  0.2 python -u experiments/run_highway_experiments.py --phase train --envs merge-v0 intersection-v0 --algos dqn --seeds 0 1 2 3 4
144377    01:10:07 Rl+  1654  0.1 python -u experiments/run_highway_experiments.py --phase train --envs merge-v0 intersection-v0 --algos ppo --seeds 0 1 2 3 4
1 %, 0 %, 633 MiB, 32607 MiB
144214, python, 624 MiB
---
[2026-03-30 04:09:16]
   PID     ELAPSED STAT %CPU %MEM CMD
144214    01:11:14 Rl+   100  0.2 python -u experiments/run_highway_experiments.py --phase train --envs merge-v0 intersection-v0 --algos dqn --seeds 0 1 2 3 4
144377    01:11:07 Rl+  1654  0.1 python -u experiments/run_highway_experiments.py --phase train --envs merge-v0 intersection-v0 --algos ppo --seeds 0 1 2 3 4
1 %, 0 %, 633 MiB, 32607 MiB
144214, python, 624 MiB
---
[2026-03-30 04:10:16]
   PID     ELAPSED STAT %CPU %MEM CMD
144214    01:12:14 Rl+   100  0.2 python -u experiments/run_highway_experiments.py --phase train --envs merge-v0 intersection-v0 --algos dqn --seeds 0 1 2 3 4
144377    01:12:07 Rl+  1655  0.1 python -u experiments/run_highway_experiments.py --phase train --envs merge-v0 intersection-v0 --algos ppo --seeds 0 1 2 3 4
1 %, 0 %, 633 MiB, 32607 MiB
144214, python, 624 MiB
---
[2026-03-30 04:11:16]
   PID     ELAPSED STAT %CPU %MEM CMD
144214    01:13:14 Rl+   100  0.2 python -u experiments/run_highway_experiments.py --phase train --envs merge-v0 intersection-v0 --algos dqn --seeds 0 1 2 3 4
144377    01:13:07 Rl+  1655  0.1 python -u experiments/run_highway_experiments.py --phase train --envs merge-v0 intersection-v0 --algos ppo --seeds 0 1 2 3 4
1 %, 0 %, 633 MiB, 32607 MiB
144214, python, 624 MiB
---
[2026-03-30 04:12:16]
   PID     ELAPSED STAT %CPU %MEM CMD
144214    01:14:14 Rl+   100  0.2 python -u experiments/run_highway_experiments.py --phase train --envs merge-v0 intersection-v0 --algos dqn --seeds 0 1 2 3 4
144377    01:14:07 Rl+  1655  0.1 python -u experiments/run_highway_experiments.py --phase train --envs merge-v0 intersection-v0 --algos ppo --seeds 0 1 2 3 4
1 %, 0 %, 633 MiB, 32607 MiB
144214, python, 624 MiB
---
[2026-03-30 04:13:17]
   PID     ELAPSED STAT %CPU %MEM CMD
144214    01:15:14 Rl+   100  0.2 python -u experiments/run_highway_experiments.py --phase train --envs merge-v0 intersection-v0 --algos dqn --seeds 0 1 2 3 4
144377    01:15:07 Rl+  1655  0.1 python -u experiments/run_highway_experiments.py --phase train --envs merge-v0 intersection-v0 --algos ppo --seeds 0 1 2 3 4
1 %, 0 %, 633 MiB, 32607 MiB
144214, python, 624 MiB
---
[2026-03-30 04:14:17]
   PID     ELAPSED STAT %CPU %MEM CMD
144214    01:16:15 Rl+   100  0.2 python -u experiments/run_highway_experiments.py --phase train --envs merge-v0 intersection-v0 --algos dqn --seeds 0 1 2 3 4
144377    01:16:08 Rl+  1655  0.1 python -u experiments/run_highway_experiments.py --phase train --envs merge-v0 intersection-v0 --algos ppo --seeds 0 1 2 3 4
1 %, 0 %, 633 MiB, 32607 MiB
144214, python, 624 MiB
---
[2026-03-30 04:15:17]
   PID     ELAPSED STAT %CPU %MEM CMD
144214    01:17:15 Rl+   100  0.2 python -u experiments/run_highway_experiments.py --phase train --envs merge-v0 intersection-v0 --algos dqn --seeds 0 1 2 3 4
144377    01:17:08 Rl+  1655  0.1 python -u experiments/run_highway_experiments.py --phase train --envs merge-v0 intersection-v0 --algos ppo --seeds 0 1 2 3 4
1 %, 0 %, 633 MiB, 32607 MiB
144214, python, 624 MiB
---
[2026-03-30 04:16:17]
   PID     ELAPSED STAT %CPU %MEM CMD
144214    01:18:15 Rl+   100  0.2 python -u experiments/run_highway_experiments.py --phase train --envs merge-v0 intersection-v0 --algos dqn --seeds 0 1 2 3 4
144377    01:18:08 Rl+  1656  0.1 python -u experiments/run_highway_experiments.py --phase train --envs merge-v0 intersection-v0 --algos ppo --seeds 0 1 2 3 4
1 %, 0 %, 633 MiB, 32607 MiB
144214, python, 624 MiB
---
[2026-03-30 04:17:17]
   PID     ELAPSED STAT %CPU %MEM CMD
144214    01:19:15 Rl+   100  0.2 python -u experiments/run_highway_experiments.py --phase train --envs merge-v0 intersection-v0 --algos dqn --seeds 0 1 2 3 4
144377    01:19:08 Rl+  1656  0.1 python -u experiments/run_highway_experiments.py --phase train --envs merge-v0 intersection-v0 --algos ppo --seeds 0 1 2 3 4
1 %, 0 %, 633 MiB, 32607 MiB
144214, python, 624 MiB
---
[2026-03-30 04:18:18]
   PID     ELAPSED STAT %CPU %MEM CMD
144214    01:20:15 Rl+   100  0.2 python -u experiments/run_highway_experiments.py --phase train --envs merge-v0 intersection-v0 --algos dqn --seeds 0 1 2 3 4
144377    01:20:08 Rl+  1656  0.1 python -u experiments/run_highway_experiments.py --phase train --envs merge-v0 intersection-v0 --algos ppo --seeds 0 1 2 3 4
1 %, 0 %, 633 MiB, 32607 MiB
144214, python, 624 MiB
---
[2026-03-30 04:19:18]
   PID     ELAPSED STAT %CPU %MEM CMD
144214    01:21:16 Rl+   100  0.2 python -u experiments/run_highway_experiments.py --phase train --envs merge-v0 intersection-v0 --algos dqn --seeds 0 1 2 3 4
144377    01:21:09 Rl+  1656  0.1 python -u experiments/run_highway_experiments.py --phase train --envs merge-v0 intersection-v0 --algos ppo --seeds 0 1 2 3 4
1 %, 0 %, 633 MiB, 32607 MiB
144214, python, 624 MiB
---
[2026-03-30 04:20:18]
   PID     ELAPSED STAT %CPU %MEM CMD
144214    01:22:16 Rl+   100  0.2 python -u experiments/run_highway_experiments.py --phase train --envs merge-v0 intersection-v0 --algos dqn --seeds 0 1 2 3 4
144377    01:22:09 Rl+  1656  0.1 python -u experiments/run_highway_experiments.py --phase train --envs merge-v0 intersection-v0 --algos ppo --seeds 0 1 2 3 4
1 %, 0 %, 633 MiB, 32607 MiB
144214, python, 624 MiB
---
[2026-03-30 04:21:18]
   PID     ELAPSED STAT %CPU %MEM CMD
144214    01:23:16 Rl+   100  0.2 python -u experiments/run_highway_experiments.py --phase train --envs merge-v0 intersection-v0 --algos dqn --seeds 0 1 2 3 4
144377    01:23:09 Rl+  1657  0.1 python -u experiments/run_highway_experiments.py --phase train --envs merge-v0 intersection-v0 --algos ppo --seeds 0 1 2 3 4
1 %, 0 %, 633 MiB, 32607 MiB
144214, python, 624 MiB
---
[2026-03-30 04:22:18]
   PID     ELAPSED STAT %CPU %MEM CMD
144214    01:24:16 Rl+   100  0.2 python -u experiments/run_highway_experiments.py --phase train --envs merge-v0 intersection-v0 --algos dqn --seeds 0 1 2 3 4
144377    01:24:09 Rl+  1657  0.1 python -u experiments/run_highway_experiments.py --phase train --envs merge-v0 intersection-v0 --algos ppo --seeds 0 1 2 3 4
1 %, 0 %, 633 MiB, 32607 MiB
144214, python, 624 MiB
---
[2026-03-30 04:23:18]
   PID     ELAPSED STAT %CPU %MEM CMD
144214    01:25:16 Rl+   100  0.2 python -u experiments/run_highway_experiments.py --phase train --envs merge-v0 intersection-v0 --algos dqn --seeds 0 1 2 3 4
144377    01:25:09 Rl+  1657  0.1 python -u experiments/run_highway_experiments.py --phase train --envs merge-v0 intersection-v0 --algos ppo --seeds 0 1 2 3 4
1 %, 0 %, 633 MiB, 32607 MiB
144214, python, 624 MiB
---
[2026-03-30 04:24:19]
   PID     ELAPSED STAT %CPU %MEM CMD
144214    01:26:16 Sl+   100  0.2 python -u experiments/run_highway_experiments.py --phase train --envs merge-v0 intersection-v0 --algos dqn --seeds 0 1 2 3 4
144377    01:26:09 Rl+  1657  0.1 python -u experiments/run_highway_experiments.py --phase train --envs merge-v0 intersection-v0 --algos ppo --seeds 0 1 2 3 4
1 %, 0 %, 633 MiB, 32607 MiB
144214, python, 624 MiB
---
[2026-03-30 04:25:19]
   PID     ELAPSED STAT %CPU %MEM CMD
144214    01:27:17 Rl+   100  0.2 python -u experiments/run_highway_experiments.py --phase train --envs merge-v0 intersection-v0 --algos dqn --seeds 0 1 2 3 4
144377    01:27:10 Rl+  1657  0.1 python -u experiments/run_highway_experiments.py --phase train --envs merge-v0 intersection-v0 --algos ppo --seeds 0 1 2 3 4
1 %, 0 %, 633 MiB, 32607 MiB
144214, python, 624 MiB
---
[2026-03-30 04:26:19]
   PID     ELAPSED STAT %CPU %MEM CMD
144214    01:28:17 Rl+   100  0.2 python -u experiments/run_highway_experiments.py --phase train --envs merge-v0 intersection-v0 --algos dqn --seeds 0 1 2 3 4
144377    01:28:10 Rl+  1657  0.1 python -u experiments/run_highway_experiments.py --phase train --envs merge-v0 intersection-v0 --algos ppo --seeds 0 1 2 3 4
1 %, 0 %, 633 MiB, 32607 MiB
144214, python, 624 MiB
---
[2026-03-30 04:27:19]
   PID     ELAPSED STAT %CPU %MEM CMD
144214    01:29:17 Rl+   100  0.2 python -u experiments/run_highway_experiments.py --phase train --envs merge-v0 intersection-v0 --algos dqn --seeds 0 1 2 3 4
144377    01:29:10 Rl+  1657  0.1 python -u experiments/run_highway_experiments.py --phase train --envs merge-v0 intersection-v0 --algos ppo --seeds 0 1 2 3 4
1 %, 0 %, 633 MiB, 32607 MiB
144214, python, 624 MiB
---
[2026-03-30 04:28:19]
   PID     ELAPSED STAT %CPU %MEM CMD
144214    01:30:17 Rl+   100  0.2 python -u experiments/run_highway_experiments.py --phase train --envs merge-v0 intersection-v0 --algos dqn --seeds 0 1 2 3 4
144377    01:30:10 Rl+  1657  0.1 python -u experiments/run_highway_experiments.py --phase train --envs merge-v0 intersection-v0 --algos ppo --seeds 0 1 2 3 4
1 %, 0 %, 633 MiB, 32607 MiB
144214, python, 624 MiB
---
[2026-03-30 04:29:19]
   PID     ELAPSED STAT %CPU %MEM CMD
144214    01:31:17 Rl+   100  0.2 python -u experiments/run_highway_experiments.py --phase train --envs merge-v0 intersection-v0 --algos dqn --seeds 0 1 2 3 4
144377    01:31:10 Rl+  1657  0.1 python -u experiments/run_highway_experiments.py --phase train --envs merge-v0 intersection-v0 --algos ppo --seeds 0 1 2 3 4
1 %, 0 %, 633 MiB, 32607 MiB
144214, python, 624 MiB
---
[2026-03-30 04:30:20]
   PID     ELAPSED STAT %CPU %MEM CMD
144214    01:32:18 Rl+   100  0.2 python -u experiments/run_highway_experiments.py --phase train --envs merge-v0 intersection-v0 --algos dqn --seeds 0 1 2 3 4
144377    01:32:11 Rl+  1657  0.1 python -u experiments/run_highway_experiments.py --phase train --envs merge-v0 intersection-v0 --algos ppo --seeds 0 1 2 3 4
1 %, 0 %, 633 MiB, 32607 MiB
144214, python, 624 MiB
---
[2026-03-30 04:31:20]
   PID     ELAPSED STAT %CPU %MEM CMD
144214    01:33:18 Rl+   100  0.2 python -u experiments/run_highway_experiments.py --phase train --envs merge-v0 intersection-v0 --algos dqn --seeds 0 1 2 3 4
144377    01:33:11 Rl+  1657  0.1 python -u experiments/run_highway_experiments.py --phase train --envs merge-v0 intersection-v0 --algos ppo --seeds 0 1 2 3 4
1 %, 0 %, 633 MiB, 32607 MiB
144214, python, 624 MiB
---
[2026-03-30 04:32:20]
   PID     ELAPSED STAT %CPU %MEM CMD
144214    01:34:18 Rl+   100  0.2 python -u experiments/run_highway_experiments.py --phase train --envs merge-v0 intersection-v0 --algos dqn --seeds 0 1 2 3 4
144377    01:34:11 Rl+  1657  0.1 python -u experiments/run_highway_experiments.py --phase train --envs merge-v0 intersection-v0 --algos ppo --seeds 0 1 2 3 4
1 %, 0 %, 635 MiB, 32607 MiB
144214, python, 626 MiB
---
[2026-03-30 04:33:20]
   PID     ELAPSED STAT %CPU %MEM CMD
144214    01:35:18 Rl+   100  0.2 python -u experiments/run_highway_experiments.py --phase train --envs merge-v0 intersection-v0 --algos dqn --seeds 0 1 2 3 4
144377    01:35:11 Rl+  1657  0.1 python -u experiments/run_highway_experiments.py --phase train --envs merge-v0 intersection-v0 --algos ppo --seeds 0 1 2 3 4
1 %, 0 %, 635 MiB, 32607 MiB
144214, python, 626 MiB
---
[2026-03-30 04:34:20]
   PID     ELAPSED STAT %CPU %MEM CMD
144214    01:36:18 Rl+   100  0.2 python -u experiments/run_highway_experiments.py --phase train --envs merge-v0 intersection-v0 --algos dqn --seeds 0 1 2 3 4
144377    01:36:11 Rl+  1657  0.1 python -u experiments/run_highway_experiments.py --phase train --envs merge-v0 intersection-v0 --algos ppo --seeds 0 1 2 3 4
1 %, 0 %, 635 MiB, 32607 MiB
144214, python, 626 MiB
---
[2026-03-30 04:35:20]
   PID     ELAPSED STAT %CPU %MEM CMD
144214    01:37:18 Rl+   100  0.2 python -u experiments/run_highway_experiments.py --phase train --envs merge-v0 intersection-v0 --algos dqn --seeds 0 1 2 3 4
144377    01:37:11 Rl+  1658  0.1 python -u experiments/run_highway_experiments.py --phase train --envs merge-v0 intersection-v0 --algos ppo --seeds 0 1 2 3 4
1 %, 0 %, 635 MiB, 32607 MiB
144214, python, 626 MiB
---
[2026-03-30 04:36:21]
   PID     ELAPSED STAT %CPU %MEM CMD
144214    01:38:18 Rl+   100  0.2 python -u experiments/run_highway_experiments.py --phase train --envs merge-v0 intersection-v0 --algos dqn --seeds 0 1 2 3 4
144377    01:38:11 Rl+  1658  0.1 python -u experiments/run_highway_experiments.py --phase train --envs merge-v0 intersection-v0 --algos ppo --seeds 0 1 2 3 4
1 %, 0 %, 635 MiB, 32607 MiB
144214, python, 626 MiB
---
[2026-03-30 04:37:21]
   PID     ELAPSED STAT %CPU %MEM CMD
144214    01:39:19 Rl+   100  0.2 python -u experiments/run_highway_experiments.py --phase train --envs merge-v0 intersection-v0 --algos dqn --seeds 0 1 2 3 4
144377    01:39:12 Rl+  1657  0.1 python -u experiments/run_highway_experiments.py --phase train --envs merge-v0 intersection-v0 --algos ppo --seeds 0 1 2 3 4
1 %, 0 %, 635 MiB, 32607 MiB
144214, python, 626 MiB
---
[2026-03-30 04:38:21]
   PID     ELAPSED STAT %CPU %MEM CMD
144214    01:40:19 Rl+   100  0.2 python -u experiments/run_highway_experiments.py --phase train --envs merge-v0 intersection-v0 --algos dqn --seeds 0 1 2 3 4
144377    01:40:12 Rl+  1658  0.1 python -u experiments/run_highway_experiments.py --phase train --envs merge-v0 intersection-v0 --algos ppo --seeds 0 1 2 3 4
1 %, 0 %, 635 MiB, 32607 MiB
144214, python, 626 MiB
---
[2026-03-30 04:39:21]
   PID     ELAPSED STAT %CPU %MEM CMD
144214    01:41:19 Rl+   100  0.2 python -u experiments/run_highway_experiments.py --phase train --envs merge-v0 intersection-v0 --algos dqn --seeds 0 1 2 3 4
144377    01:41:12 Sl+  1658  0.1 python -u experiments/run_highway_experiments.py --phase train --envs merge-v0 intersection-v0 --algos ppo --seeds 0 1 2 3 4
1 %, 0 %, 635 MiB, 32607 MiB
144214, python, 626 MiB
---
[2026-03-30 04:40:21]
   PID     ELAPSED STAT %CPU %MEM CMD
144214    01:42:19 Rl+   100  0.2 python -u experiments/run_highway_experiments.py --phase train --envs merge-v0 intersection-v0 --algos dqn --seeds 0 1 2 3 4
144377    01:42:12 Rl+  1658  0.1 python -u experiments/run_highway_experiments.py --phase train --envs merge-v0 intersection-v0 --algos ppo --seeds 0 1 2 3 4
1 %, 0 %, 635 MiB, 32607 MiB
144214, python, 626 MiB
---
[2026-03-30 04:41:21]
   PID     ELAPSED STAT %CPU %MEM CMD
144214    01:43:19 Sl+   100  0.2 python -u experiments/run_highway_experiments.py --phase train --envs merge-v0 intersection-v0 --algos dqn --seeds 0 1 2 3 4
144377    01:43:12 Rl+  1658  0.1 python -u experiments/run_highway_experiments.py --phase train --envs merge-v0 intersection-v0 --algos ppo --seeds 0 1 2 3 4
1 %, 0 %, 635 MiB, 32607 MiB
144214, python, 626 MiB
---
[2026-03-30 04:42:22]
   PID     ELAPSED STAT %CPU %MEM CMD
144214    01:44:20 Rl+   100  0.2 python -u experiments/run_highway_experiments.py --phase train --envs merge-v0 intersection-v0 --algos dqn --seeds 0 1 2 3 4
144377    01:44:13 Rl+  1658  0.1 python -u experiments/run_highway_experiments.py --phase train --envs merge-v0 intersection-v0 --algos ppo --seeds 0 1 2 3 4
1 %, 0 %, 635 MiB, 32607 MiB
144214, python, 626 MiB
---
[2026-03-30 04:43:22]
   PID     ELAPSED STAT %CPU %MEM CMD
144214    01:45:20 Rl+   100  0.2 python -u experiments/run_highway_experiments.py --phase train --envs merge-v0 intersection-v0 --algos dqn --seeds 0 1 2 3 4
144377    01:45:13 Rl+  1658  0.1 python -u experiments/run_highway_experiments.py --phase train --envs merge-v0 intersection-v0 --algos ppo --seeds 0 1 2 3 4
1 %, 0 %, 635 MiB, 32607 MiB
144214, python, 626 MiB
---
[2026-03-30 04:44:22]
   PID     ELAPSED STAT %CPU %MEM CMD
144214    01:46:20 Rl+   100  0.2 python -u experiments/run_highway_experiments.py --phase train --envs merge-v0 intersection-v0 --algos dqn --seeds 0 1 2 3 4
144377    01:46:13 Rl+  1658  0.1 python -u experiments/run_highway_experiments.py --phase train --envs merge-v0 intersection-v0 --algos ppo --seeds 0 1 2 3 4
1 %, 0 %, 635 MiB, 32607 MiB
144214, python, 626 MiB
---
[2026-03-30 04:45:22]
   PID     ELAPSED STAT %CPU %MEM CMD
144214    01:47:20 Rl+   100  0.2 python -u experiments/run_highway_experiments.py --phase train --envs merge-v0 intersection-v0 --algos dqn --seeds 0 1 2 3 4
144377    01:47:13 Rl+  1658  0.1 python -u experiments/run_highway_experiments.py --phase train --envs merge-v0 intersection-v0 --algos ppo --seeds 0 1 2 3 4
1 %, 0 %, 635 MiB, 32607 MiB
144214, python, 626 MiB
---
[2026-03-30 04:46:22]
   PID     ELAPSED STAT %CPU %MEM CMD
144214    01:48:20 Rl+   100  0.2 python -u experiments/run_highway_experiments.py --phase train --envs merge-v0 intersection-v0 --algos dqn --seeds 0 1 2 3 4
144377    01:48:13 Rl+  1658  0.1 python -u experiments/run_highway_experiments.py --phase train --envs merge-v0 intersection-v0 --algos ppo --seeds 0 1 2 3 4
1 %, 0 %, 635 MiB, 32607 MiB
144214, python, 626 MiB
---
[2026-03-30 04:47:22]
   PID     ELAPSED STAT %CPU %MEM CMD
144214    01:49:20 Rl+   100  0.2 python -u experiments/run_highway_experiments.py --phase train --envs merge-v0 intersection-v0 --algos dqn --seeds 0 1 2 3 4
144377    01:49:13 Rl+  1659  0.1 python -u experiments/run_highway_experiments.py --phase train --envs merge-v0 intersection-v0 --algos ppo --seeds 0 1 2 3 4
1 %, 0 %, 635 MiB, 32607 MiB
144214, python, 626 MiB
---
[2026-03-30 04:48:23]
   PID     ELAPSED STAT %CPU %MEM CMD
144214    01:50:21 Rl+   100  0.2 python -u experiments/run_highway_experiments.py --phase train --envs merge-v0 intersection-v0 --algos dqn --seeds 0 1 2 3 4
144377    01:50:14 Rl+  1658  0.1 python -u experiments/run_highway_experiments.py --phase train --envs merge-v0 intersection-v0 --algos ppo --seeds 0 1 2 3 4
1 %, 0 %, 635 MiB, 32607 MiB
144214, python, 626 MiB
---
[2026-03-30 04:49:23]
   PID     ELAPSED STAT %CPU %MEM CMD
144214    01:51:21 Rl+   100  0.2 python -u experiments/run_highway_experiments.py --phase train --envs merge-v0 intersection-v0 --algos dqn --seeds 0 1 2 3 4
144377    01:51:14 Rl+  1659  0.1 python -u experiments/run_highway_experiments.py --phase train --envs merge-v0 intersection-v0 --algos ppo --seeds 0 1 2 3 4
1 %, 0 %, 635 MiB, 32607 MiB
144214, python, 626 MiB
---
[2026-03-30 04:50:23]
   PID     ELAPSED STAT %CPU %MEM CMD
144214    01:52:21 Rl+   100  0.2 python -u experiments/run_highway_experiments.py --phase train --envs merge-v0 intersection-v0 --algos dqn --seeds 0 1 2 3 4
144377    01:52:14 Rl+  1659  0.1 python -u experiments/run_highway_experiments.py --phase train --envs merge-v0 intersection-v0 --algos ppo --seeds 0 1 2 3 4
1 %, 0 %, 635 MiB, 32607 MiB
144214, python, 626 MiB
---
[2026-03-30 04:51:23]
   PID     ELAPSED STAT %CPU %MEM CMD
144214    01:53:21 Rl+   100  0.2 python -u experiments/run_highway_experiments.py --phase train --envs merge-v0 intersection-v0 --algos dqn --seeds 0 1 2 3 4
144377    01:53:14 Rl+  1659  0.1 python -u experiments/run_highway_experiments.py --phase train --envs merge-v0 intersection-v0 --algos ppo --seeds 0 1 2 3 4
1 %, 0 %, 635 MiB, 32607 MiB
144214, python, 626 MiB
---
[2026-03-30 04:52:23]
   PID     ELAPSED STAT %CPU %MEM CMD
144214    01:54:21 Rl+   100  0.2 python -u experiments/run_highway_experiments.py --phase train --envs merge-v0 intersection-v0 --algos dqn --seeds 0 1 2 3 4
144377    01:54:14 Rl+  1659  0.1 python -u experiments/run_highway_experiments.py --phase train --envs merge-v0 intersection-v0 --algos ppo --seeds 0 1 2 3 4
1 %, 0 %, 635 MiB, 32607 MiB
144214, python, 626 MiB
---
[2026-03-30 04:53:23]
   PID     ELAPSED STAT %CPU %MEM CMD
144214    01:55:21 Rl+   100  0.2 python -u experiments/run_highway_experiments.py --phase train --envs merge-v0 intersection-v0 --algos dqn --seeds 0 1 2 3 4
144377    01:55:14 Rl+  1659  0.1 python -u experiments/run_highway_experiments.py --phase train --envs merge-v0 intersection-v0 --algos ppo --seeds 0 1 2 3 4
1 %, 0 %, 635 MiB, 32607 MiB
144214, python, 626 MiB
---
[2026-03-30 04:54:24]
   PID     ELAPSED STAT %CPU %MEM CMD
144214    01:56:22 Rl+   100  0.2 python -u experiments/run_highway_experiments.py --phase train --envs merge-v0 intersection-v0 --algos dqn --seeds 0 1 2 3 4
144377    01:56:15 Rl+  1659  0.1 python -u experiments/run_highway_experiments.py --phase train --envs merge-v0 intersection-v0 --algos ppo --seeds 0 1 2 3 4
1 %, 0 %, 635 MiB, 32607 MiB
144214, python, 626 MiB
---
[2026-03-30 04:55:24]
   PID     ELAPSED STAT %CPU %MEM CMD
144214    01:57:22 Rl+   100  0.2 python -u experiments/run_highway_experiments.py --phase train --envs merge-v0 intersection-v0 --algos dqn --seeds 0 1 2 3 4
144377    01:57:15 Rl+  1659  0.1 python -u experiments/run_highway_experiments.py --phase train --envs merge-v0 intersection-v0 --algos ppo --seeds 0 1 2 3 4
1 %, 0 %, 635 MiB, 32607 MiB
144214, python, 626 MiB
---
[2026-03-30 04:56:24]
   PID     ELAPSED STAT %CPU %MEM CMD
144214    01:58:22 Rl+   100  0.2 python -u experiments/run_highway_experiments.py --phase train --envs merge-v0 intersection-v0 --algos dqn --seeds 0 1 2 3 4
144377    01:58:15 Rl+  1659  0.1 python -u experiments/run_highway_experiments.py --phase train --envs merge-v0 intersection-v0 --algos ppo --seeds 0 1 2 3 4
1 %, 0 %, 635 MiB, 32607 MiB
144214, python, 626 MiB
---
[2026-03-30 04:57:24]
   PID     ELAPSED STAT %CPU %MEM CMD
144214    01:59:22 Rl+   100  0.2 python -u experiments/run_highway_experiments.py --phase train --envs merge-v0 intersection-v0 --algos dqn --seeds 0 1 2 3 4
144377    01:59:15 Rl+  1660  0.1 python -u experiments/run_highway_experiments.py --phase train --envs merge-v0 intersection-v0 --algos ppo --seeds 0 1 2 3 4
1 %, 0 %, 635 MiB, 32607 MiB
144214, python, 626 MiB
---
[2026-03-30 04:58:24]
   PID     ELAPSED STAT %CPU %MEM CMD
144214    02:00:22 Rl+   100  0.2 python -u experiments/run_highway_experiments.py --phase train --envs merge-v0 intersection-v0 --algos dqn --seeds 0 1 2 3 4
144377    02:00:15 Rl+  1660  0.1 python -u experiments/run_highway_experiments.py --phase train --envs merge-v0 intersection-v0 --algos ppo --seeds 0 1 2 3 4
1 %, 0 %, 635 MiB, 32607 MiB
144214, python, 626 MiB
---
[2026-03-30 04:59:25]
   PID     ELAPSED STAT %CPU %MEM CMD
144214    02:01:22 Rl+   100  0.2 python -u experiments/run_highway_experiments.py --phase train --envs merge-v0 intersection-v0 --algos dqn --seeds 0 1 2 3 4
144377    02:01:15 Rl+  1660  0.1 python -u experiments/run_highway_experiments.py --phase train --envs merge-v0 intersection-v0 --algos ppo --seeds 0 1 2 3 4
1 %, 0 %, 635 MiB, 32607 MiB
144214, python, 626 MiB
---
[2026-03-30 05:00:25]
   PID     ELAPSED STAT %CPU %MEM CMD
144214    02:02:23 Rl+   100  0.2 python -u experiments/run_highway_experiments.py --phase train --envs merge-v0 intersection-v0 --algos dqn --seeds 0 1 2 3 4
144377    02:02:16 Rl+  1660  0.1 python -u experiments/run_highway_experiments.py --phase train --envs merge-v0 intersection-v0 --algos ppo --seeds 0 1 2 3 4
1 %, 0 %, 635 MiB, 32607 MiB
144214, python, 626 MiB
---
[2026-03-30 05:01:25]
   PID     ELAPSED STAT %CPU %MEM CMD
144214    02:03:23 Rl+   100  0.2 python -u experiments/run_highway_experiments.py --phase train --envs merge-v0 intersection-v0 --algos dqn --seeds 0 1 2 3 4
144377    02:03:16 Rl+  1660  0.1 python -u experiments/run_highway_experiments.py --phase train --envs merge-v0 intersection-v0 --algos ppo --seeds 0 1 2 3 4
1 %, 0 %, 635 MiB, 32607 MiB
144214, python, 626 MiB
---
[2026-03-30 05:02:25]
   PID     ELAPSED STAT %CPU %MEM CMD
144214    02:04:23 Rl+   100  0.2 python -u experiments/run_highway_experiments.py --phase train --envs merge-v0 intersection-v0 --algos dqn --seeds 0 1 2 3 4
144377    02:04:16 Rl+  1660  0.1 python -u experiments/run_highway_experiments.py --phase train --envs merge-v0 intersection-v0 --algos ppo --seeds 0 1 2 3 4
1 %, 0 %, 635 MiB, 32607 MiB
144214, python, 626 MiB
---
[2026-03-30 05:03:25]
   PID     ELAPSED STAT %CPU %MEM CMD
144214    02:05:23 Rl+   100  0.2 python -u experiments/run_highway_experiments.py --phase train --envs merge-v0 intersection-v0 --algos dqn --seeds 0 1 2 3 4
144377    02:05:16 Rl+  1660  0.1 python -u experiments/run_highway_experiments.py --phase train --envs merge-v0 intersection-v0 --algos ppo --seeds 0 1 2 3 4
1 %, 0 %, 635 MiB, 32607 MiB
144214, python, 626 MiB
---
[2026-03-30 05:04:25]
   PID     ELAPSED STAT %CPU %MEM CMD
144214    02:06:23 Rl+   100  0.2 python -u experiments/run_highway_experiments.py --phase train --envs merge-v0 intersection-v0 --algos dqn --seeds 0 1 2 3 4
144377    02:06:16 Rl+  1660  0.1 python -u experiments/run_highway_experiments.py --phase train --envs merge-v0 intersection-v0 --algos ppo --seeds 0 1 2 3 4
1 %, 0 %, 635 MiB, 32607 MiB
144214, python, 626 MiB
---
[2026-03-30 05:05:26]
   PID     ELAPSED STAT %CPU %MEM CMD
144214    02:07:23 Rl+   100  0.2 python -u experiments/run_highway_experiments.py --phase train --envs merge-v0 intersection-v0 --algos dqn --seeds 0 1 2 3 4
144377    02:07:16 Rl+  1661  0.1 python -u experiments/run_highway_experiments.py --phase train --envs merge-v0 intersection-v0 --algos ppo --seeds 0 1 2 3 4
1 %, 0 %, 635 MiB, 32607 MiB
144214, python, 626 MiB
---
[2026-03-30 05:06:26]
   PID     ELAPSED STAT %CPU %MEM CMD
144214    02:08:24 Rl+   100  0.2 python -u experiments/run_highway_experiments.py --phase train --envs merge-v0 intersection-v0 --algos dqn --seeds 0 1 2 3 4
144377    02:08:17 Rl+  1661  0.1 python -u experiments/run_highway_experiments.py --phase train --envs merge-v0 intersection-v0 --algos ppo --seeds 0 1 2 3 4
1 %, 0 %, 635 MiB, 32607 MiB
144214, python, 626 MiB
---
[2026-03-30 05:07:26]
   PID     ELAPSED STAT %CPU %MEM CMD
144214    02:09:24 Rl+   100  0.2 python -u experiments/run_highway_experiments.py --phase train --envs merge-v0 intersection-v0 --algos dqn --seeds 0 1 2 3 4
144377    02:09:17 Rl+  1661  0.1 python -u experiments/run_highway_experiments.py --phase train --envs merge-v0 intersection-v0 --algos ppo --seeds 0 1 2 3 4
1 %, 0 %, 635 MiB, 32607 MiB
144214, python, 626 MiB
---
[2026-03-30 05:08:26]
   PID     ELAPSED STAT %CPU %MEM CMD
144214    02:10:24 Rl+   100  0.2 python -u experiments/run_highway_experiments.py --phase train --envs merge-v0 intersection-v0 --algos dqn --seeds 0 1 2 3 4
144377    02:10:17 Rl+  1661  0.1 python -u experiments/run_highway_experiments.py --phase train --envs merge-v0 intersection-v0 --algos ppo --seeds 0 1 2 3 4
1 %, 0 %, 635 MiB, 32607 MiB
144214, python, 626 MiB
---
[2026-03-30 05:09:26]
   PID     ELAPSED STAT %CPU %MEM CMD
144214    02:11:24 Rl+   100  0.2 python -u experiments/run_highway_experiments.py --phase train --envs merge-v0 intersection-v0 --algos dqn --seeds 0 1 2 3 4
144377    02:11:17 Rl+  1661  0.1 python -u experiments/run_highway_experiments.py --phase train --envs merge-v0 intersection-v0 --algos ppo --seeds 0 1 2 3 4
1 %, 0 %, 635 MiB, 32607 MiB
144214, python, 626 MiB
---
[2026-03-30 05:10:26]
   PID     ELAPSED STAT %CPU %MEM CMD
144214    02:12:24 Rl+   100  0.2 python -u experiments/run_highway_experiments.py --phase train --envs merge-v0 intersection-v0 --algos dqn --seeds 0 1 2 3 4
144377    02:12:17 Rl+  1661  0.1 python -u experiments/run_highway_experiments.py --phase train --envs merge-v0 intersection-v0 --algos ppo --seeds 0 1 2 3 4
1 %, 0 %, 635 MiB, 32607 MiB
144214, python, 626 MiB
---
[2026-03-30 05:11:27]
   PID     ELAPSED STAT %CPU %MEM CMD
144214    02:13:25 Rl+   100  0.2 python -u experiments/run_highway_experiments.py --phase train --envs merge-v0 intersection-v0 --algos dqn --seeds 0 1 2 3 4
144377    02:13:18 Rl+  1661  0.1 python -u experiments/run_highway_experiments.py --phase train --envs merge-v0 intersection-v0 --algos ppo --seeds 0 1 2 3 4
1 %, 0 %, 635 MiB, 32607 MiB
144214, python, 626 MiB
---
[2026-03-30 05:12:27]
   PID     ELAPSED STAT %CPU %MEM CMD
144214    02:14:25 Rl+   100  0.2 python -u experiments/run_highway_experiments.py --phase train --envs merge-v0 intersection-v0 --algos dqn --seeds 0 1 2 3 4
144377    02:14:18 Rl+  1661  0.1 python -u experiments/run_highway_experiments.py --phase train --envs merge-v0 intersection-v0 --algos ppo --seeds 0 1 2 3 4
1 %, 0 %, 635 MiB, 32607 MiB
144214, python, 626 MiB
---
[2026-03-30 05:13:27]
   PID     ELAPSED STAT %CPU %MEM CMD
144214    02:15:25 Rl+   100  0.2 python -u experiments/run_highway_experiments.py --phase train --envs merge-v0 intersection-v0 --algos dqn --seeds 0 1 2 3 4
144377    02:15:18 Rl+  1662  0.1 python -u experiments/run_highway_experiments.py --phase train --envs merge-v0 intersection-v0 --algos ppo --seeds 0 1 2 3 4
1 %, 0 %, 635 MiB, 32607 MiB
144214, python, 626 MiB
---
[2026-03-30 05:14:27]
   PID     ELAPSED STAT %CPU %MEM CMD
144214    02:16:25 Rl+   100  0.2 python -u experiments/run_highway_experiments.py --phase train --envs merge-v0 intersection-v0 --algos dqn --seeds 0 1 2 3 4
144377    02:16:18 Rl+  1662  0.1 python -u experiments/run_highway_experiments.py --phase train --envs merge-v0 intersection-v0 --algos ppo --seeds 0 1 2 3 4
1 %, 0 %, 635 MiB, 32607 MiB
144214, python, 626 MiB
---
[2026-03-30 05:15:27]
   PID     ELAPSED STAT %CPU %MEM CMD
144214    02:17:25 Rl+   100  0.2 python -u experiments/run_highway_experiments.py --phase train --envs merge-v0 intersection-v0 --algos dqn --seeds 0 1 2 3 4
144377    02:17:18 Rl+  1662  0.1 python -u experiments/run_highway_experiments.py --phase train --envs merge-v0 intersection-v0 --algos ppo --seeds 0 1 2 3 4
1 %, 0 %, 635 MiB, 32607 MiB
144214, python, 626 MiB
---
[2026-03-30 05:16:28]
   PID     ELAPSED STAT %CPU %MEM CMD
144214    02:18:25 Rl+   100  0.2 python -u experiments/run_highway_experiments.py --phase train --envs merge-v0 intersection-v0 --algos dqn --seeds 0 1 2 3 4
144377    02:18:18 Rl+  1662  0.1 python -u experiments/run_highway_experiments.py --phase train --envs merge-v0 intersection-v0 --algos ppo --seeds 0 1 2 3 4
1 %, 0 %, 635 MiB, 32607 MiB
144214, python, 626 MiB
---
[2026-03-30 05:17:28]
   PID     ELAPSED STAT %CPU %MEM CMD
144214    02:19:26 Rl+   100  0.2 python -u experiments/run_highway_experiments.py --phase train --envs merge-v0 intersection-v0 --algos dqn --seeds 0 1 2 3 4
144377    02:19:19 Rl+  1662  0.1 python -u experiments/run_highway_experiments.py --phase train --envs merge-v0 intersection-v0 --algos ppo --seeds 0 1 2 3 4
1 %, 0 %, 635 MiB, 32607 MiB
144214, python, 626 MiB
---
[2026-03-30 05:18:28]
   PID     ELAPSED STAT %CPU %MEM CMD
144214    02:20:26 Rl+   100  0.2 python -u experiments/run_highway_experiments.py --phase train --envs merge-v0 intersection-v0 --algos dqn --seeds 0 1 2 3 4
144377    02:20:19 Rl+  1662  0.1 python -u experiments/run_highway_experiments.py --phase train --envs merge-v0 intersection-v0 --algos ppo --seeds 0 1 2 3 4
1 %, 0 %, 635 MiB, 32607 MiB
144214, python, 626 MiB
---
[2026-03-30 05:19:28]
   PID     ELAPSED STAT %CPU %MEM CMD
144214    02:21:26 Rl+   100  0.2 python -u experiments/run_highway_experiments.py --phase train --envs merge-v0 intersection-v0 --algos dqn --seeds 0 1 2 3 4
144377    02:21:19 Rl+  1662  0.1 python -u experiments/run_highway_experiments.py --phase train --envs merge-v0 intersection-v0 --algos ppo --seeds 0 1 2 3 4
1 %, 0 %, 635 MiB, 32607 MiB
144214, python, 626 MiB
---
[2026-03-30 05:20:28]
   PID     ELAPSED STAT %CPU %MEM CMD
144214    02:22:26 Rl+   100  0.2 python -u experiments/run_highway_experiments.py --phase train --envs merge-v0 intersection-v0 --algos dqn --seeds 0 1 2 3 4
144377    02:22:19 Rl+  1662  0.1 python -u experiments/run_highway_experiments.py --phase train --envs merge-v0 intersection-v0 --algos ppo --seeds 0 1 2 3 4
1 %, 0 %, 635 MiB, 32607 MiB
144214, python, 626 MiB
---
[2026-03-30 05:21:29]
   PID     ELAPSED STAT %CPU %MEM CMD
144214    02:23:26 Rl+   100  0.2 python -u experiments/run_highway_experiments.py --phase train --envs merge-v0 intersection-v0 --algos dqn --seeds 0 1 2 3 4
144377    02:23:19 Rl+  1662  0.1 python -u experiments/run_highway_experiments.py --phase train --envs merge-v0 intersection-v0 --algos ppo --seeds 0 1 2 3 4
1 %, 0 %, 635 MiB, 32607 MiB
144214, python, 626 MiB
---
[2026-03-30 05:22:29]
   PID     ELAPSED STAT %CPU %MEM CMD
144214    02:24:27 Rl+   100  0.2 python -u experiments/run_highway_experiments.py --phase train --envs merge-v0 intersection-v0 --algos dqn --seeds 0 1 2 3 4
144377    02:24:20 Rl+  1662  0.1 python -u experiments/run_highway_experiments.py --phase train --envs merge-v0 intersection-v0 --algos ppo --seeds 0 1 2 3 4
1 %, 0 %, 635 MiB, 32607 MiB
144214, python, 626 MiB
---
[2026-03-30 05:23:29]
   PID     ELAPSED STAT %CPU %MEM CMD
144214    02:25:27 Rl+   100  0.2 python -u experiments/run_highway_experiments.py --phase train --envs merge-v0 intersection-v0 --algos dqn --seeds 0 1 2 3 4
144377    02:25:20 Rl+  1662  0.1 python -u experiments/run_highway_experiments.py --phase train --envs merge-v0 intersection-v0 --algos ppo --seeds 0 1 2 3 4
1 %, 0 %, 635 MiB, 32607 MiB
144214, python, 626 MiB
---
[2026-03-30 05:24:29]
   PID     ELAPSED STAT %CPU %MEM CMD
144214    02:26:27 Rl+   100  0.2 python -u experiments/run_highway_experiments.py --phase train --envs merge-v0 intersection-v0 --algos dqn --seeds 0 1 2 3 4
144377    02:26:20 Rl+  1662  0.1 python -u experiments/run_highway_experiments.py --phase train --envs merge-v0 intersection-v0 --algos ppo --seeds 0 1 2 3 4
1 %, 0 %, 635 MiB, 32607 MiB
144214, python, 626 MiB
---
[2026-03-30 05:25:29]
   PID     ELAPSED STAT %CPU %MEM CMD
144214    02:27:27 Rl+   100  0.2 python -u experiments/run_highway_experiments.py --phase train --envs merge-v0 intersection-v0 --algos dqn --seeds 0 1 2 3 4
144377    02:27:20 Rl+  1662  0.1 python -u experiments/run_highway_experiments.py --phase train --envs merge-v0 intersection-v0 --algos ppo --seeds 0 1 2 3 4
1 %, 0 %, 635 MiB, 32607 MiB
144214, python, 626 MiB
---
[2026-03-30 05:26:29]
   PID     ELAPSED STAT %CPU %MEM CMD
144214    02:28:27 Rl+   100  0.2 python -u experiments/run_highway_experiments.py --phase train --envs merge-v0 intersection-v0 --algos dqn --seeds 0 1 2 3 4
144377    02:28:20 Rl+  1662  0.1 python -u experiments/run_highway_experiments.py --phase train --envs merge-v0 intersection-v0 --algos ppo --seeds 0 1 2 3 4
1 %, 0 %, 635 MiB, 32607 MiB
144214, python, 626 MiB
---
[2026-03-30 05:27:30]
   PID     ELAPSED STAT %CPU %MEM CMD
144214    02:29:28 Rl+  99.9  0.2 python -u experiments/run_highway_experiments.py --phase train --envs merge-v0 intersection-v0 --algos dqn --seeds 0 1 2 3 4
144377    02:29:21 Rl+  1662  0.1 python -u experiments/run_highway_experiments.py --phase train --envs merge-v0 intersection-v0 --algos ppo --seeds 0 1 2 3 4
1 %, 0 %, 635 MiB, 32607 MiB
144214, python, 626 MiB
---
[2026-03-30 05:28:30]
   PID     ELAPSED STAT %CPU %MEM CMD
144214    02:30:28 Rl+   100  0.2 python -u experiments/run_highway_experiments.py --phase train --envs merge-v0 intersection-v0 --algos dqn --seeds 0 1 2 3 4
144377    02:30:21 Rl+  1662  0.1 python -u experiments/run_highway_experiments.py --phase train --envs merge-v0 intersection-v0 --algos ppo --seeds 0 1 2 3 4
1 %, 0 %, 635 MiB, 32607 MiB
144214, python, 626 MiB
---
[2026-03-30 05:29:30]
   PID     ELAPSED STAT %CPU %MEM CMD
144214    02:31:28 Rl+   100  0.2 python -u experiments/run_highway_experiments.py --phase train --envs merge-v0 intersection-v0 --algos dqn --seeds 0 1 2 3 4
144377    02:31:21 Rl+  1662  0.1 python -u experiments/run_highway_experiments.py --phase train --envs merge-v0 intersection-v0 --algos ppo --seeds 0 1 2 3 4
1 %, 0 %, 635 MiB, 32607 MiB
144214, python, 626 MiB
---
[2026-03-30 05:30:30]
   PID     ELAPSED STAT %CPU %MEM CMD
144214    02:32:28 Rl+   100  0.2 python -u experiments/run_highway_experiments.py --phase train --envs merge-v0 intersection-v0 --algos dqn --seeds 0 1 2 3 4
144377    02:32:21 Rl+  1662  0.1 python -u experiments/run_highway_experiments.py --phase train --envs merge-v0 intersection-v0 --algos ppo --seeds 0 1 2 3 4
1 %, 0 %, 635 MiB, 32607 MiB
144214, python, 626 MiB
---
[2026-03-30 05:31:30]
   PID     ELAPSED STAT %CPU %MEM CMD
144214    02:33:28 Rl+   100  0.2 python -u experiments/run_highway_experiments.py --phase train --envs merge-v0 intersection-v0 --algos dqn --seeds 0 1 2 3 4
144377    02:33:21 Rl+  1662  0.1 python -u experiments/run_highway_experiments.py --phase train --envs merge-v0 intersection-v0 --algos ppo --seeds 0 1 2 3 4
1 %, 0 %, 635 MiB, 32607 MiB
144214, python, 626 MiB
---
[2026-03-30 05:32:30]
   PID     ELAPSED STAT %CPU %MEM CMD
144214    02:34:28 Rl+   100  0.2 python -u experiments/run_highway_experiments.py --phase train --envs merge-v0 intersection-v0 --algos dqn --seeds 0 1 2 3 4
144377    02:34:21 Rl+  1662  0.1 python -u experiments/run_highway_experiments.py --phase train --envs merge-v0 intersection-v0 --algos ppo --seeds 0 1 2 3 4
1 %, 0 %, 635 MiB, 32607 MiB
144214, python, 626 MiB
---
[2026-03-30 05:33:31]
   PID     ELAPSED STAT %CPU %MEM CMD
144214    02:35:28 Rl+   100  0.2 python -u experiments/run_highway_experiments.py --phase train --envs merge-v0 intersection-v0 --algos dqn --seeds 0 1 2 3 4
144377    02:35:21 Sl+  1662  0.1 python -u experiments/run_highway_experiments.py --phase train --envs merge-v0 intersection-v0 --algos ppo --seeds 0 1 2 3 4
1 %, 0 %, 635 MiB, 32607 MiB
144214, python, 626 MiB
---
[2026-03-30 05:34:31]
   PID     ELAPSED STAT %CPU %MEM CMD
144214    02:36:29 Rl+   100  0.2 python -u experiments/run_highway_experiments.py --phase train --envs merge-v0 intersection-v0 --algos dqn --seeds 0 1 2 3 4
144377    02:36:22 Rl+  1662  0.1 python -u experiments/run_highway_experiments.py --phase train --envs merge-v0 intersection-v0 --algos ppo --seeds 0 1 2 3 4
1 %, 0 %, 635 MiB, 32607 MiB
144214, python, 626 MiB
---
[2026-03-30 05:35:31]
   PID     ELAPSED STAT %CPU %MEM CMD
144214    02:37:29 Rl+   100  0.2 python -u experiments/run_highway_experiments.py --phase train --envs merge-v0 intersection-v0 --algos dqn --seeds 0 1 2 3 4
144377    02:37:22 Rl+  1662  0.1 python -u experiments/run_highway_experiments.py --phase train --envs merge-v0 intersection-v0 --algos ppo --seeds 0 1 2 3 4
1 %, 0 %, 635 MiB, 32607 MiB
144214, python, 626 MiB
---
[2026-03-30 05:36:31]
   PID     ELAPSED STAT %CPU %MEM CMD
144214    02:38:29 Rl+   100  0.2 python -u experiments/run_highway_experiments.py --phase train --envs merge-v0 intersection-v0 --algos dqn --seeds 0 1 2 3 4
144377    02:38:22 Rl+  1662  0.1 python -u experiments/run_highway_experiments.py --phase train --envs merge-v0 intersection-v0 --algos ppo --seeds 0 1 2 3 4
1 %, 0 %, 635 MiB, 32607 MiB
144214, python, 626 MiB
---
[2026-03-30 05:37:31]
   PID     ELAPSED STAT %CPU %MEM CMD
144214    02:39:29 Rl+   100  0.2 python -u experiments/run_highway_experiments.py --phase train --envs merge-v0 intersection-v0 --algos dqn --seeds 0 1 2 3 4
144377    02:39:22 Rl+  1662  0.1 python -u experiments/run_highway_experiments.py --phase train --envs merge-v0 intersection-v0 --algos ppo --seeds 0 1 2 3 4
1 %, 0 %, 635 MiB, 32607 MiB
144214, python, 626 MiB
---
[2026-03-30 05:38:31]
   PID     ELAPSED STAT %CPU %MEM CMD
144214    02:40:29 Rl+   100  0.2 python -u experiments/run_highway_experiments.py --phase train --envs merge-v0 intersection-v0 --algos dqn --seeds 0 1 2 3 4
144377    02:40:22 Rl+  1662  0.1 python -u experiments/run_highway_experiments.py --phase train --envs merge-v0 intersection-v0 --algos ppo --seeds 0 1 2 3 4
1 %, 0 %, 635 MiB, 32607 MiB
144214, python, 626 MiB
---
[2026-03-30 05:39:32]
   PID     ELAPSED STAT %CPU %MEM CMD
144214    02:41:30 Rl+  99.9  0.2 python -u experiments/run_highway_experiments.py --phase train --envs merge-v0 intersection-v0 --algos dqn --seeds 0 1 2 3 4
144377    02:41:23 Rl+  1661  0.1 python -u experiments/run_highway_experiments.py --phase train --envs merge-v0 intersection-v0 --algos ppo --seeds 0 1 2 3 4
1 %, 0 %, 635 MiB, 32607 MiB
144214, python, 626 MiB
---
[2026-03-30 05:40:32]
   PID     ELAPSED STAT %CPU %MEM CMD
144214    02:42:30 Rl+  99.9  0.2 python -u experiments/run_highway_experiments.py --phase train --envs merge-v0 intersection-v0 --algos dqn --seeds 0 1 2 3 4
144377    02:42:23 Rl+  1661  0.1 python -u experiments/run_highway_experiments.py --phase train --envs merge-v0 intersection-v0 --algos ppo --seeds 0 1 2 3 4
1 %, 0 %, 635 MiB, 32607 MiB
144214, python, 626 MiB
---
[2026-03-30 05:41:32]
   PID     ELAPSED STAT %CPU %MEM CMD
144214    02:43:30 Rl+   100  0.2 python -u experiments/run_highway_experiments.py --phase train --envs merge-v0 intersection-v0 --algos dqn --seeds 0 1 2 3 4
144377    02:43:23 Rl+  1661  0.1 python -u experiments/run_highway_experiments.py --phase train --envs merge-v0 intersection-v0 --algos ppo --seeds 0 1 2 3 4
1 %, 0 %, 635 MiB, 32607 MiB
144214, python, 626 MiB
---
[2026-03-30 05:42:32]
   PID     ELAPSED STAT %CPU %MEM CMD
144214    02:44:30 Rl+   100  0.2 python -u experiments/run_highway_experiments.py --phase train --envs merge-v0 intersection-v0 --algos dqn --seeds 0 1 2 3 4
144377    02:44:23 Rl+  1661  0.1 python -u experiments/run_highway_experiments.py --phase train --envs merge-v0 intersection-v0 --algos ppo --seeds 0 1 2 3 4
1 %, 0 %, 635 MiB, 32607 MiB
144214, python, 626 MiB
---
[2026-03-30 05:43:32]
   PID     ELAPSED STAT %CPU %MEM CMD
144214    02:45:30 Rl+   100  0.2 python -u experiments/run_highway_experiments.py --phase train --envs merge-v0 intersection-v0 --algos dqn --seeds 0 1 2 3 4
144377    02:45:23 Rl+  1661  0.1 python -u experiments/run_highway_experiments.py --phase train --envs merge-v0 intersection-v0 --algos ppo --seeds 0 1 2 3 4
1 %, 0 %, 635 MiB, 32607 MiB
144214, python, 626 MiB
---
[2026-03-30 05:44:32]
   PID     ELAPSED STAT %CPU %MEM CMD
144214    02:46:30 Rl+   100  0.2 python -u experiments/run_highway_experiments.py --phase train --envs merge-v0 intersection-v0 --algos dqn --seeds 0 1 2 3 4
144377    02:46:23 Rl+  1661  0.1 python -u experiments/run_highway_experiments.py --phase train --envs merge-v0 intersection-v0 --algos ppo --seeds 0 1 2 3 4
1 %, 0 %, 635 MiB, 32607 MiB
144214, python, 626 MiB
---
[2026-03-30 05:45:33]
   PID     ELAPSED STAT %CPU %MEM CMD
144214    02:47:31 Rl+  99.9  0.2 python -u experiments/run_highway_experiments.py --phase train --envs merge-v0 intersection-v0 --algos dqn --seeds 0 1 2 3 4
144377    02:47:24 Rl+  1661  0.1 python -u experiments/run_highway_experiments.py --phase train --envs merge-v0 intersection-v0 --algos ppo --seeds 0 1 2 3 4
1 %, 0 %, 635 MiB, 32607 MiB
144214, python, 626 MiB
---
[2026-03-30 05:46:33]
   PID     ELAPSED STAT %CPU %MEM CMD
144214    02:48:31 Rl+  99.9  0.2 python -u experiments/run_highway_experiments.py --phase train --envs merge-v0 intersection-v0 --algos dqn --seeds 0 1 2 3 4
144377    02:48:24 Rl+  1661  0.1 python -u experiments/run_highway_experiments.py --phase train --envs merge-v0 intersection-v0 --algos ppo --seeds 0 1 2 3 4
1 %, 0 %, 635 MiB, 32607 MiB
144214, python, 626 MiB
---
[2026-03-30 05:47:33]
   PID     ELAPSED STAT %CPU %MEM CMD
144214    02:49:31 Rl+  99.9  0.2 python -u experiments/run_highway_experiments.py --phase train --envs merge-v0 intersection-v0 --algos dqn --seeds 0 1 2 3 4
144377    02:49:24 Rl+  1661  0.1 python -u experiments/run_highway_experiments.py --phase train --envs merge-v0 intersection-v0 --algos ppo --seeds 0 1 2 3 4
1 %, 0 %, 635 MiB, 32607 MiB
144214, python, 626 MiB
---
[2026-03-30 05:48:33]
   PID     ELAPSED STAT %CPU %MEM CMD
144214    02:50:31 Rl+   100  0.2 python -u experiments/run_highway_experiments.py --phase train --envs merge-v0 intersection-v0 --algos dqn --seeds 0 1 2 3 4
144377    02:50:24 Rl+  1661  0.1 python -u experiments/run_highway_experiments.py --phase train --envs merge-v0 intersection-v0 --algos ppo --seeds 0 1 2 3 4
1 %, 0 %, 635 MiB, 32607 MiB
144214, python, 626 MiB
---
[2026-03-30 05:49:33]
   PID     ELAPSED STAT %CPU %MEM CMD
144214    02:51:31 Rl+   100  0.2 python -u experiments/run_highway_experiments.py --phase train --envs merge-v0 intersection-v0 --algos dqn --seeds 0 1 2 3 4
144377    02:51:24 Rl+  1661  0.1 python -u experiments/run_highway_experiments.py --phase train --envs merge-v0 intersection-v0 --algos ppo --seeds 0 1 2 3 4
1 %, 0 %, 635 MiB, 32607 MiB
144214, python, 626 MiB
---
[2026-03-30 05:50:33]
   PID     ELAPSED STAT %CPU %MEM CMD
144214    02:52:31 Rl+   100  0.2 python -u experiments/run_highway_experiments.py --phase train --envs merge-v0 intersection-v0 --algos dqn --seeds 0 1 2 3 4
144377    02:52:24 Rl+  1661  0.1 python -u experiments/run_highway_experiments.py --phase train --envs merge-v0 intersection-v0 --algos ppo --seeds 0 1 2 3 4
1 %, 0 %, 635 MiB, 32607 MiB
144214, python, 626 MiB
---
[2026-03-30 05:51:34]
   PID     ELAPSED STAT %CPU %MEM CMD
144214    02:53:31 Rl+   100  0.2 python -u experiments/run_highway_experiments.py --phase train --envs merge-v0 intersection-v0 --algos dqn --seeds 0 1 2 3 4
144377    02:53:24 Rl+  1661  0.1 python -u experiments/run_highway_experiments.py --phase train --envs merge-v0 intersection-v0 --algos ppo --seeds 0 1 2 3 4
1 %, 0 %, 635 MiB, 32607 MiB
144214, python, 626 MiB
---
[2026-03-30 05:52:34]
   PID     ELAPSED STAT %CPU %MEM CMD
144214    02:54:32 Rl+  99.9  0.2 python -u experiments/run_highway_experiments.py --phase train --envs merge-v0 intersection-v0 --algos dqn --seeds 0 1 2 3 4
144377    02:54:25 Rl+  1661  0.1 python -u experiments/run_highway_experiments.py --phase train --envs merge-v0 intersection-v0 --algos ppo --seeds 0 1 2 3 4
1 %, 0 %, 635 MiB, 32607 MiB
144214, python, 626 MiB
---
[2026-03-30 05:53:34]
   PID     ELAPSED STAT %CPU %MEM CMD
144214    02:55:32 Rl+  99.9  0.2 python -u experiments/run_highway_experiments.py --phase train --envs merge-v0 intersection-v0 --algos dqn --seeds 0 1 2 3 4
144377    02:55:25 Rl+  1661  0.1 python -u experiments/run_highway_experiments.py --phase train --envs merge-v0 intersection-v0 --algos ppo --seeds 0 1 2 3 4
1 %, 0 %, 635 MiB, 32607 MiB
144214, python, 626 MiB
---
[2026-03-30 05:54:34]
   PID     ELAPSED STAT %CPU %MEM CMD
144214    02:56:32 Rl+   100  0.2 python -u experiments/run_highway_experiments.py --phase train --envs merge-v0 intersection-v0 --algos dqn --seeds 0 1 2 3 4
144377    02:56:25 Rl+  1661  0.1 python -u experiments/run_highway_experiments.py --phase train --envs merge-v0 intersection-v0 --algos ppo --seeds 0 1 2 3 4
1 %, 0 %, 635 MiB, 32607 MiB
144214, python, 626 MiB
---
[2026-03-30 05:55:34]
   PID     ELAPSED STAT %CPU %MEM CMD
144214    02:57:32 Rl+   100  0.2 python -u experiments/run_highway_experiments.py --phase train --envs merge-v0 intersection-v0 --algos dqn --seeds 0 1 2 3 4
144377    02:57:25 Sl+  1661  0.1 python -u experiments/run_highway_experiments.py --phase train --envs merge-v0 intersection-v0 --algos ppo --seeds 0 1 2 3 4
1 %, 0 %, 635 MiB, 32607 MiB
144214, python, 626 MiB
---
[2026-03-30 05:56:34]
   PID     ELAPSED STAT %CPU %MEM CMD
144214    02:58:32 Rl+   100  0.2 python -u experiments/run_highway_experiments.py --phase train --envs merge-v0 intersection-v0 --algos dqn --seeds 0 1 2 3 4
144377    02:58:25 Rl+  1661  0.1 python -u experiments/run_highway_experiments.py --phase train --envs merge-v0 intersection-v0 --algos ppo --seeds 0 1 2 3 4
1 %, 0 %, 635 MiB, 32607 MiB
144214, python, 626 MiB
---
[2026-03-30 05:57:35]
   PID     ELAPSED STAT %CPU %MEM CMD
144214    02:59:33 Rl+  99.9  0.2 python -u experiments/run_highway_experiments.py --phase train --envs merge-v0 intersection-v0 --algos dqn --seeds 0 1 2 3 4
144377    02:59:26 Rl+  1661  0.1 python -u experiments/run_highway_experiments.py --phase train --envs merge-v0 intersection-v0 --algos ppo --seeds 0 1 2 3 4
1 %, 0 %, 635 MiB, 32607 MiB
144214, python, 626 MiB
---
[2026-03-30 05:58:35]
   PID     ELAPSED STAT %CPU %MEM CMD
144214    03:00:33 Rl+  99.9  0.2 python -u experiments/run_highway_experiments.py --phase train --envs merge-v0 intersection-v0 --algos dqn --seeds 0 1 2 3 4
144377    03:00:26 Rl+  1661  0.1 python -u experiments/run_highway_experiments.py --phase train --envs merge-v0 intersection-v0 --algos ppo --seeds 0 1 2 3 4
1 %, 0 %, 635 MiB, 32607 MiB
144214, python, 626 MiB
---
[2026-03-30 05:59:35]
   PID     ELAPSED STAT %CPU %MEM CMD
144214    03:01:33 Rl+  99.9  0.2 python -u experiments/run_highway_experiments.py --phase train --envs merge-v0 intersection-v0 --algos dqn --seeds 0 1 2 3 4
144377    03:01:26 Rl+  1661  0.1 python -u experiments/run_highway_experiments.py --phase train --envs merge-v0 intersection-v0 --algos ppo --seeds 0 1 2 3 4
1 %, 0 %, 635 MiB, 32607 MiB
144214, python, 626 MiB
---
[2026-03-30 06:00:35]
   PID     ELAPSED STAT %CPU %MEM CMD
144214    03:02:33 Rl+   100  0.2 python -u experiments/run_highway_experiments.py --phase train --envs merge-v0 intersection-v0 --algos dqn --seeds 0 1 2 3 4
144377    03:02:26 Rl+  1661  0.1 python -u experiments/run_highway_experiments.py --phase train --envs merge-v0 intersection-v0 --algos ppo --seeds 0 1 2 3 4
1 %, 0 %, 635 MiB, 32607 MiB
144214, python, 626 MiB
---
[2026-03-30 06:01:35]
   PID     ELAPSED STAT %CPU %MEM CMD
144214    03:03:33 Rl+   100  0.2 python -u experiments/run_highway_experiments.py --phase train --envs merge-v0 intersection-v0 --algos dqn --seeds 0 1 2 3 4
144377    03:03:26 Rl+  1661  0.1 python -u experiments/run_highway_experiments.py --phase train --envs merge-v0 intersection-v0 --algos ppo --seeds 0 1 2 3 4
1 %, 0 %, 635 MiB, 32607 MiB
144214, python, 626 MiB
---
[2026-03-30 06:02:36]
   PID     ELAPSED STAT %CPU %MEM CMD
144214    03:04:33 Rl+   100  0.2 python -u experiments/run_highway_experiments.py --phase train --envs merge-v0 intersection-v0 --algos dqn --seeds 0 1 2 3 4
144377    03:04:26 Rl+  1661  0.1 python -u experiments/run_highway_experiments.py --phase train --envs merge-v0 intersection-v0 --algos ppo --seeds 0 1 2 3 4
1 %, 0 %, 635 MiB, 32607 MiB
144214, python, 626 MiB
---
[2026-03-30 06:03:36]
   PID     ELAPSED STAT %CPU %MEM CMD
144214    03:05:34 Rl+  99.9  0.2 python -u experiments/run_highway_experiments.py --phase train --envs merge-v0 intersection-v0 --algos dqn --seeds 0 1 2 3 4
144377    03:05:27 Rl+  1661  0.1 python -u experiments/run_highway_experiments.py --phase train --envs merge-v0 intersection-v0 --algos ppo --seeds 0 1 2 3 4
1 %, 0 %, 635 MiB, 32607 MiB
144214, python, 626 MiB
---
[2026-03-30 06:04:36]
   PID     ELAPSED STAT %CPU %MEM CMD
144214    03:06:34 Rl+  99.9  0.2 python -u experiments/run_highway_experiments.py --phase train --envs merge-v0 intersection-v0 --algos dqn --seeds 0 1 2 3 4
144377    03:06:27 Rl+  1661  0.1 python -u experiments/run_highway_experiments.py --phase train --envs merge-v0 intersection-v0 --algos ppo --seeds 0 1 2 3 4
1 %, 0 %, 635 MiB, 32607 MiB
144214, python, 626 MiB
---
[2026-03-30 06:05:36]
   PID     ELAPSED STAT %CPU %MEM CMD
144214    03:07:34 Rl+  99.9  0.2 python -u experiments/run_highway_experiments.py --phase train --envs merge-v0 intersection-v0 --algos dqn --seeds 0 1 2 3 4
144377    03:07:27 Rl+  1661  0.1 python -u experiments/run_highway_experiments.py --phase train --envs merge-v0 intersection-v0 --algos ppo --seeds 0 1 2 3 4
1 %, 0 %, 635 MiB, 32607 MiB
144214, python, 626 MiB
---
[2026-03-30 06:06:36]
   PID     ELAPSED STAT %CPU %MEM CMD
144214    03:08:34 Rl+   100  0.2 python -u experiments/run_highway_experiments.py --phase train --envs merge-v0 intersection-v0 --algos dqn --seeds 0 1 2 3 4
144377    03:08:27 Rl+  1661  0.1 python -u experiments/run_highway_experiments.py --phase train --envs merge-v0 intersection-v0 --algos ppo --seeds 0 1 2 3 4
1 %, 0 %, 635 MiB, 32607 MiB
144214, python, 626 MiB
---
[2026-03-30 06:07:36]
   PID     ELAPSED STAT %CPU %MEM CMD
144214    03:09:34 Rl+   100  0.2 python -u experiments/run_highway_experiments.py --phase train --envs merge-v0 intersection-v0 --algos dqn --seeds 0 1 2 3 4
144377    03:09:27 Rl+  1661  0.1 python -u experiments/run_highway_experiments.py --phase train --envs merge-v0 intersection-v0 --algos ppo --seeds 0 1 2 3 4
1 %, 0 %, 635 MiB, 32607 MiB
144214, python, 626 MiB
---
[2026-03-30 06:08:37]
   PID     ELAPSED STAT %CPU %MEM CMD
144214    03:10:35 Rl+  99.9  0.2 python -u experiments/run_highway_experiments.py --phase train --envs merge-v0 intersection-v0 --algos dqn --seeds 0 1 2 3 4
144377    03:10:28 Rl+  1661  0.1 python -u experiments/run_highway_experiments.py --phase train --envs merge-v0 intersection-v0 --algos ppo --seeds 0 1 2 3 4
1 %, 0 %, 635 MiB, 32607 MiB
144214, python, 626 MiB
---
[2026-03-30 06:09:37]
   PID     ELAPSED STAT %CPU %MEM CMD
144214    03:11:35 Rl+  99.9  0.2 python -u experiments/run_highway_experiments.py --phase train --envs merge-v0 intersection-v0 --algos dqn --seeds 0 1 2 3 4
144377    03:11:28 Rl+  1661  0.1 python -u experiments/run_highway_experiments.py --phase train --envs merge-v0 intersection-v0 --algos ppo --seeds 0 1 2 3 4
1 %, 0 %, 635 MiB, 32607 MiB
144214, python, 626 MiB
---
[2026-03-30 06:10:37]
   PID     ELAPSED STAT %CPU %MEM CMD
144214    03:12:35 Rl+  99.9  0.2 python -u experiments/run_highway_experiments.py --phase train --envs merge-v0 intersection-v0 --algos dqn --seeds 0 1 2 3 4
144377    03:12:28 Rl+  1662  0.1 python -u experiments/run_highway_experiments.py --phase train --envs merge-v0 intersection-v0 --algos ppo --seeds 0 1 2 3 4
1 %, 0 %, 635 MiB, 32607 MiB
144214, python, 626 MiB
---
[2026-03-30 06:11:37]
   PID     ELAPSED STAT %CPU %MEM CMD
144214    03:13:35 Rl+   100  0.2 python -u experiments/run_highway_experiments.py --phase train --envs merge-v0 intersection-v0 --algos dqn --seeds 0 1 2 3 4
144377    03:13:28 Rl+  1662  0.1 python -u experiments/run_highway_experiments.py --phase train --envs merge-v0 intersection-v0 --algos ppo --seeds 0 1 2 3 4
1 %, 0 %, 635 MiB, 32607 MiB
144214, python, 626 MiB
---
[2026-03-30 06:12:37]
   PID     ELAPSED STAT %CPU %MEM CMD
144214    03:14:35 Rl+   100  0.2 python -u experiments/run_highway_experiments.py --phase train --envs merge-v0 intersection-v0 --algos dqn --seeds 0 1 2 3 4
144377    03:14:28 Rl+  1662  0.1 python -u experiments/run_highway_experiments.py --phase train --envs merge-v0 intersection-v0 --algos ppo --seeds 0 1 2 3 4
1 %, 0 %, 635 MiB, 32607 MiB
144214, python, 626 MiB
---
[2026-03-30 06:13:37]
   PID     ELAPSED STAT %CPU %MEM CMD
144214    03:15:35 Rl+   100  0.2 python -u experiments/run_highway_experiments.py --phase train --envs merge-v0 intersection-v0 --algos dqn --seeds 0 1 2 3 4
144377    03:15:28 Rl+  1662  0.1 python -u experiments/run_highway_experiments.py --phase train --envs merge-v0 intersection-v0 --algos ppo --seeds 0 1 2 3 4
1 %, 0 %, 635 MiB, 32607 MiB
144214, python, 626 MiB
---
[2026-03-30 06:14:38]
   PID     ELAPSED STAT %CPU %MEM CMD
144214    03:16:36 Rl+  99.9  0.2 python -u experiments/run_highway_experiments.py --phase train --envs merge-v0 intersection-v0 --algos dqn --seeds 0 1 2 3 4
144377    03:16:29 Rl+  1662  0.1 python -u experiments/run_highway_experiments.py --phase train --envs merge-v0 intersection-v0 --algos ppo --seeds 0 1 2 3 4
1 %, 0 %, 635 MiB, 32607 MiB
144214, python, 626 MiB
---
[2026-03-30 06:15:38]
   PID     ELAPSED STAT %CPU %MEM CMD
144214    03:17:36 Rl+  99.9  0.2 python -u experiments/run_highway_experiments.py --phase train --envs merge-v0 intersection-v0 --algos dqn --seeds 0 1 2 3 4
144377    03:17:29 Rl+  1662  0.1 python -u experiments/run_highway_experiments.py --phase train --envs merge-v0 intersection-v0 --algos ppo --seeds 0 1 2 3 4
1 %, 0 %, 635 MiB, 32607 MiB
144214, python, 626 MiB
---
[2026-03-30 06:16:38]
   PID     ELAPSED STAT %CPU %MEM CMD
144214    03:18:36 Rl+  99.9  0.2 python -u experiments/run_highway_experiments.py --phase train --envs merge-v0 intersection-v0 --algos dqn --seeds 0 1 2 3 4
144377    03:18:29 Rl+  1662  0.1 python -u experiments/run_highway_experiments.py --phase train --envs merge-v0 intersection-v0 --algos ppo --seeds 0 1 2 3 4
1 %, 0 %, 635 MiB, 32607 MiB
144214, python, 626 MiB
---
[2026-03-30 06:17:38]
   PID     ELAPSED STAT %CPU %MEM CMD
144214    03:19:36 Rl+  99.9  0.2 python -u experiments/run_highway_experiments.py --phase train --envs merge-v0 intersection-v0 --algos dqn --seeds 0 1 2 3 4
144377    03:19:29 Sl+  1662  0.1 python -u experiments/run_highway_experiments.py --phase train --envs merge-v0 intersection-v0 --algos ppo --seeds 0 1 2 3 4
1 %, 0 %, 635 MiB, 32607 MiB
144214, python, 626 MiB
---
[2026-03-30 06:18:38]
   PID     ELAPSED STAT %CPU %MEM CMD
144214    03:20:36 Rl+   100  0.2 python -u experiments/run_highway_experiments.py --phase train --envs merge-v0 intersection-v0 --algos dqn --seeds 0 1 2 3 4
144377    03:20:29 Rl+  1662  0.1 python -u experiments/run_highway_experiments.py --phase train --envs merge-v0 intersection-v0 --algos ppo --seeds 0 1 2 3 4
1 %, 0 %, 635 MiB, 32607 MiB
144214, python, 626 MiB
---
[2026-03-30 06:19:38]
   PID     ELAPSED STAT %CPU %MEM CMD
144214    03:21:36 Rl+   100  0.2 python -u experiments/run_highway_experiments.py --phase train --envs merge-v0 intersection-v0 --algos dqn --seeds 0 1 2 3 4
144377    03:21:29 Rl+  1662  0.1 python -u experiments/run_highway_experiments.py --phase train --envs merge-v0 intersection-v0 --algos ppo --seeds 0 1 2 3 4
1 %, 0 %, 635 MiB, 32607 MiB
144214, python, 626 MiB
---
[2026-03-30 06:20:39]
   PID     ELAPSED STAT %CPU %MEM CMD
144214    03:22:37 Rl+  99.9  0.2 python -u experiments/run_highway_experiments.py --phase train --envs merge-v0 intersection-v0 --algos dqn --seeds 0 1 2 3 4
144377    03:22:30 Rl+  1662  0.1 python -u experiments/run_highway_experiments.py --phase train --envs merge-v0 intersection-v0 --algos ppo --seeds 0 1 2 3 4
1 %, 0 %, 635 MiB, 32607 MiB
144214, python, 626 MiB
---
[2026-03-30 06:21:39]
   PID     ELAPSED STAT %CPU %MEM CMD
144214    03:23:37 Rl+  99.9  0.2 python -u experiments/run_highway_experiments.py --phase train --envs merge-v0 intersection-v0 --algos dqn --seeds 0 1 2 3 4
144377    03:23:30 Rl+  1662  0.1 python -u experiments/run_highway_experiments.py --phase train --envs merge-v0 intersection-v0 --algos ppo --seeds 0 1 2 3 4
1 %, 0 %, 635 MiB, 32607 MiB
144214, python, 626 MiB
---
[2026-03-30 06:22:39]
   PID     ELAPSED STAT %CPU %MEM CMD
144214    03:24:37 Rl+  99.9  0.2 python -u experiments/run_highway_experiments.py --phase train --envs merge-v0 intersection-v0 --algos dqn --seeds 0 1 2 3 4
144377    03:24:30 Rl+  1662  0.1 python -u experiments/run_highway_experiments.py --phase train --envs merge-v0 intersection-v0 --algos ppo --seeds 0 1 2 3 4
1 %, 0 %, 635 MiB, 32607 MiB
144214, python, 626 MiB
---
[2026-03-30 06:23:39]
   PID     ELAPSED STAT %CPU %MEM CMD
144214    03:25:37 Rl+  99.9  0.2 python -u experiments/run_highway_experiments.py --phase train --envs merge-v0 intersection-v0 --algos dqn --seeds 0 1 2 3 4
144377    03:25:30 Rl+  1662  0.1 python -u experiments/run_highway_experiments.py --phase train --envs merge-v0 intersection-v0 --algos ppo --seeds 0 1 2 3 4
1 %, 0 %, 635 MiB, 32607 MiB
144214, python, 626 MiB
---
[2026-03-30 06:24:39]
   PID     ELAPSED STAT %CPU %MEM CMD
144214    03:26:37 Rl+   100  0.2 python -u experiments/run_highway_experiments.py --phase train --envs merge-v0 intersection-v0 --algos dqn --seeds 0 1 2 3 4
144377    03:26:30 Rl+  1663  0.1 python -u experiments/run_highway_experiments.py --phase train --envs merge-v0 intersection-v0 --algos ppo --seeds 0 1 2 3 4
1 %, 0 %, 635 MiB, 32607 MiB
144214, python, 626 MiB
---
[2026-03-30 06:25:40]
   PID     ELAPSED STAT %CPU %MEM CMD
144214    03:27:37 Rl+   100  0.2 python -u experiments/run_highway_experiments.py --phase train --envs merge-v0 intersection-v0 --algos dqn --seeds 0 1 2 3 4
144377    03:27:30 Rl+  1663  0.1 python -u experiments/run_highway_experiments.py --phase train --envs merge-v0 intersection-v0 --algos ppo --seeds 0 1 2 3 4
1 %, 0 %, 635 MiB, 32607 MiB
144214, python, 626 MiB
---
[2026-03-30 06:26:40]
   PID     ELAPSED STAT %CPU %MEM CMD
144214    03:28:38 Rl+  99.9  0.2 python -u experiments/run_highway_experiments.py --phase train --envs merge-v0 intersection-v0 --algos dqn --seeds 0 1 2 3 4
144377    03:28:31 Rl+  1662  0.1 python -u experiments/run_highway_experiments.py --phase train --envs merge-v0 intersection-v0 --algos ppo --seeds 0 1 2 3 4
1 %, 0 %, 635 MiB, 32607 MiB
144214, python, 626 MiB
---
[2026-03-30 06:27:40]
   PID     ELAPSED STAT %CPU %MEM CMD
144214    03:29:38 Rl+  99.9  0.2 python -u experiments/run_highway_experiments.py --phase train --envs merge-v0 intersection-v0 --algos dqn --seeds 0 1 2 3 4
144377    03:29:31 Rl+  1662  0.1 python -u experiments/run_highway_experiments.py --phase train --envs merge-v0 intersection-v0 --algos ppo --seeds 0 1 2 3 4
1 %, 0 %, 635 MiB, 32607 MiB
144214, python, 626 MiB
---
[2026-03-30 06:28:40]
   PID     ELAPSED STAT %CPU %MEM CMD
144214    03:30:38 Rl+  99.9  0.2 python -u experiments/run_highway_experiments.py --phase train --envs merge-v0 intersection-v0 --algos dqn --seeds 0 1 2 3 4
144377    03:30:31 Rl+  1662  0.1 python -u experiments/run_highway_experiments.py --phase train --envs merge-v0 intersection-v0 --algos ppo --seeds 0 1 2 3 4
1 %, 0 %, 635 MiB, 32607 MiB
144214, python, 626 MiB
---
[2026-03-30 06:29:40]
   PID     ELAPSED STAT %CPU %MEM CMD
144214    03:31:38 Rl+  99.9  0.2 python -u experiments/run_highway_experiments.py --phase train --envs merge-v0 intersection-v0 --algos dqn --seeds 0 1 2 3 4
144377    03:31:31 Rl+  1662  0.1 python -u experiments/run_highway_experiments.py --phase train --envs merge-v0 intersection-v0 --algos ppo --seeds 0 1 2 3 4
1 %, 0 %, 635 MiB, 32607 MiB
144214, python, 626 MiB
---
[2026-03-30 06:30:40]
   PID     ELAPSED STAT %CPU %MEM CMD
144214    03:32:38 Rl+  99.9  0.2 python -u experiments/run_highway_experiments.py --phase train --envs merge-v0 intersection-v0 --algos dqn --seeds 0 1 2 3 4
144377    03:32:31 Rl+  1662  0.1 python -u experiments/run_highway_experiments.py --phase train --envs merge-v0 intersection-v0 --algos ppo --seeds 0 1 2 3 4
1 %, 0 %, 635 MiB, 32607 MiB
144214, python, 626 MiB
---
[2026-03-30 06:31:40]
   PID     ELAPSED STAT %CPU %MEM CMD
144214    03:33:38 Rl+   100  0.2 python -u experiments/run_highway_experiments.py --phase train --envs merge-v0 intersection-v0 --algos dqn --seeds 0 1 2 3 4
144377    03:33:31 Rl+  1662  0.1 python -u experiments/run_highway_experiments.py --phase train --envs merge-v0 intersection-v0 --algos ppo --seeds 0 1 2 3 4
1 %, 0 %, 635 MiB, 32607 MiB
144214, python, 626 MiB
---
[2026-03-30 06:32:41]
   PID     ELAPSED STAT %CPU %MEM CMD
144214    03:34:39 Rl+  99.9  0.2 python -u experiments/run_highway_experiments.py --phase train --envs merge-v0 intersection-v0 --algos dqn --seeds 0 1 2 3 4
144377    03:34:32 Rl+  1662  0.1 python -u experiments/run_highway_experiments.py --phase train --envs merge-v0 intersection-v0 --algos ppo --seeds 0 1 2 3 4
1 %, 0 %, 635 MiB, 32607 MiB
144214, python, 626 MiB
---
[2026-03-30 06:33:41]
   PID     ELAPSED STAT %CPU %MEM CMD
144214    03:35:39 Rl+  99.9  0.2 python -u experiments/run_highway_experiments.py --phase train --envs merge-v0 intersection-v0 --algos dqn --seeds 0 1 2 3 4
144377    03:35:32 Rl+  1662  0.1 python -u experiments/run_highway_experiments.py --phase train --envs merge-v0 intersection-v0 --algos ppo --seeds 0 1 2 3 4
1 %, 0 %, 635 MiB, 32607 MiB
144214, python, 626 MiB
---
[2026-03-30 06:34:41]
   PID     ELAPSED STAT %CPU %MEM CMD
144214    03:36:39 Rl+  99.9  0.2 python -u experiments/run_highway_experiments.py --phase train --envs merge-v0 intersection-v0 --algos dqn --seeds 0 1 2 3 4
144377    03:36:32 Rl+  1663  0.1 python -u experiments/run_highway_experiments.py --phase train --envs merge-v0 intersection-v0 --algos ppo --seeds 0 1 2 3 4
1 %, 0 %, 635 MiB, 32607 MiB
144214, python, 626 MiB
---
[2026-03-30 06:35:41]
   PID     ELAPSED STAT %CPU %MEM CMD
144214    03:37:39 Rl+  99.9  0.2 python -u experiments/run_highway_experiments.py --phase train --envs merge-v0 intersection-v0 --algos dqn --seeds 0 1 2 3 4
144377    03:37:32 Rl+  1663  0.1 python -u experiments/run_highway_experiments.py --phase train --envs merge-v0 intersection-v0 --algos ppo --seeds 0 1 2 3 4
1 %, 0 %, 635 MiB, 32607 MiB
144214, python, 626 MiB
---
[2026-03-30 06:36:41]
   PID     ELAPSED STAT %CPU %MEM CMD
144214    03:38:39 Rl+  99.9  0.2 python -u experiments/run_highway_experiments.py --phase train --envs merge-v0 intersection-v0 --algos dqn --seeds 0 1 2 3 4
144377    03:38:32 Rl+  1663  0.1 python -u experiments/run_highway_experiments.py --phase train --envs merge-v0 intersection-v0 --algos ppo --seeds 0 1 2 3 4
1 %, 0 %, 635 MiB, 32607 MiB
144214, python, 626 MiB
---
[2026-03-30 06:37:41]
   PID     ELAPSED STAT %CPU %MEM CMD
144214    03:39:39 Rl+  99.9  0.2 python -u experiments/run_highway_experiments.py --phase train --envs merge-v0 intersection-v0 --algos dqn --seeds 0 1 2 3 4
144377    03:39:32 Rl+  1663  0.1 python -u experiments/run_highway_experiments.py --phase train --envs merge-v0 intersection-v0 --algos ppo --seeds 0 1 2 3 4
1 %, 0 %, 635 MiB, 32607 MiB
144214, python, 626 MiB
---
[2026-03-30 06:38:42]
   PID     ELAPSED STAT %CPU %MEM CMD
144214    03:40:40 Rl+  99.9  0.2 python -u experiments/run_highway_experiments.py --phase train --envs merge-v0 intersection-v0 --algos dqn --seeds 0 1 2 3 4
144377    03:40:33 Rl+  1663  0.1 python -u experiments/run_highway_experiments.py --phase train --envs merge-v0 intersection-v0 --algos ppo --seeds 0 1 2 3 4
1 %, 0 %, 635 MiB, 32607 MiB
144214, python, 626 MiB
---
[2026-03-30 06:39:42]
   PID     ELAPSED STAT %CPU %MEM CMD
144214    03:41:40 Rl+  99.9  0.2 python -u experiments/run_highway_experiments.py --phase train --envs merge-v0 intersection-v0 --algos dqn --seeds 0 1 2 3 4
144377    03:41:33 Rl+  1663  0.1 python -u experiments/run_highway_experiments.py --phase train --envs merge-v0 intersection-v0 --algos ppo --seeds 0 1 2 3 4
1 %, 0 %, 635 MiB, 32607 MiB
144214, python, 626 MiB
---
[2026-03-30 06:40:42]
   PID     ELAPSED STAT %CPU %MEM CMD
144214    03:42:40 Rl+  99.9  0.2 python -u experiments/run_highway_experiments.py --phase train --envs merge-v0 intersection-v0 --algos dqn --seeds 0 1 2 3 4
144377    03:42:33 Rl+  1663  0.1 python -u experiments/run_highway_experiments.py --phase train --envs merge-v0 intersection-v0 --algos ppo --seeds 0 1 2 3 4
1 %, 0 %, 635 MiB, 32607 MiB
144214, python, 626 MiB
---
[2026-03-30 06:41:42]
   PID     ELAPSED STAT %CPU %MEM CMD
144214    03:43:40 Rl+  99.9  0.2 python -u experiments/run_highway_experiments.py --phase train --envs merge-v0 intersection-v0 --algos dqn --seeds 0 1 2 3 4
144377    03:43:33 Rl+  1663  0.1 python -u experiments/run_highway_experiments.py --phase train --envs merge-v0 intersection-v0 --algos ppo --seeds 0 1 2 3 4
1 %, 0 %, 635 MiB, 32607 MiB
144214, python, 626 MiB
---
[2026-03-30 06:42:42]
   PID     ELAPSED STAT %CPU %MEM CMD
144214    03:44:40 Rl+  99.9  0.2 python -u experiments/run_highway_experiments.py --phase train --envs merge-v0 intersection-v0 --algos dqn --seeds 0 1 2 3 4
144377    03:44:33 Rl+  1663  0.1 python -u experiments/run_highway_experiments.py --phase train --envs merge-v0 intersection-v0 --algos ppo --seeds 0 1 2 3 4
1 %, 0 %, 635 MiB, 32607 MiB
144214, python, 626 MiB
---
[2026-03-30 06:43:42]
   PID     ELAPSED STAT %CPU %MEM CMD
144214    03:45:40 Rl+  99.9  0.2 python -u experiments/run_highway_experiments.py --phase train --envs merge-v0 intersection-v0 --algos dqn --seeds 0 1 2 3 4
144377    03:45:33 Rl+  1663  0.1 python -u experiments/run_highway_experiments.py --phase train --envs merge-v0 intersection-v0 --algos ppo --seeds 0 1 2 3 4
1 %, 0 %, 635 MiB, 32607 MiB
144214, python, 626 MiB
---
[2026-03-30 06:44:43]
   PID     ELAPSED STAT %CPU %MEM CMD
144214    03:46:40 Rl+  99.9  0.2 python -u experiments/run_highway_experiments.py --phase train --envs merge-v0 intersection-v0 --algos dqn --seeds 0 1 2 3 4
144377    03:46:33 Rl+  1663  0.1 python -u experiments/run_highway_experiments.py --phase train --envs merge-v0 intersection-v0 --algos ppo --seeds 0 1 2 3 4
0 %, 0 %, 635 MiB, 32607 MiB
144214, python, 626 MiB
---
[2026-03-30 06:45:43]
   PID     ELAPSED STAT %CPU %MEM CMD
144214    03:47:41 Rl+  99.9  0.2 python -u experiments/run_highway_experiments.py --phase train --envs merge-v0 intersection-v0 --algos dqn --seeds 0 1 2 3 4
144377    03:47:34 Rl+  1663  0.1 python -u experiments/run_highway_experiments.py --phase train --envs merge-v0 intersection-v0 --algos ppo --seeds 0 1 2 3 4
1 %, 0 %, 635 MiB, 32607 MiB
144214, python, 626 MiB
---
[2026-03-30 06:46:43]
   PID     ELAPSED STAT %CPU %MEM CMD
144214    03:48:41 Rl+  99.9  0.2 python -u experiments/run_highway_experiments.py --phase train --envs merge-v0 intersection-v0 --algos dqn --seeds 0 1 2 3 4
144377    03:48:34 Rl+  1663  0.1 python -u experiments/run_highway_experiments.py --phase train --envs merge-v0 intersection-v0 --algos ppo --seeds 0 1 2 3 4
1 %, 0 %, 635 MiB, 32607 MiB
144214, python, 626 MiB
---
[2026-03-30 06:47:43]
   PID     ELAPSED STAT %CPU %MEM CMD
144214    03:49:41 Rl+  99.9  0.2 python -u experiments/run_highway_experiments.py --phase train --envs merge-v0 intersection-v0 --algos dqn --seeds 0 1 2 3 4
144377    03:49:34 Rl+  1663  0.1 python -u experiments/run_highway_experiments.py --phase train --envs merge-v0 intersection-v0 --algos ppo --seeds 0 1 2 3 4
1 %, 0 %, 635 MiB, 32607 MiB
144214, python, 626 MiB
---
[2026-03-30 06:48:43]
   PID     ELAPSED STAT %CPU %MEM CMD
144214    03:50:41 Sl+  99.9  0.2 python -u experiments/run_highway_experiments.py --phase train --envs merge-v0 intersection-v0 --algos dqn --seeds 0 1 2 3 4
144377    03:50:34 Rl+  1663  0.1 python -u experiments/run_highway_experiments.py --phase train --envs merge-v0 intersection-v0 --algos ppo --seeds 0 1 2 3 4
1 %, 0 %, 635 MiB, 32607 MiB
144214, python, 626 MiB
---
[2026-03-30 06:49:43]
   PID     ELAPSED STAT %CPU %MEM CMD
144214    03:51:41 Rl+  99.9  0.2 python -u experiments/run_highway_experiments.py --phase train --envs merge-v0 intersection-v0 --algos dqn --seeds 0 1 2 3 4
144377    03:51:34 Rl+  1663  0.1 python -u experiments/run_highway_experiments.py --phase train --envs merge-v0 intersection-v0 --algos ppo --seeds 0 1 2 3 4
1 %, 0 %, 635 MiB, 32607 MiB
144214, python, 626 MiB
---
[2026-03-30 06:50:43]
   PID     ELAPSED STAT %CPU %MEM CMD
144214    03:52:41 Rl+  99.9  0.2 python -u experiments/run_highway_experiments.py --phase train --envs merge-v0 intersection-v0 --algos dqn --seeds 0 1 2 3 4
144377    03:52:34 Rl+  1663  0.1 python -u experiments/run_highway_experiments.py --phase train --envs merge-v0 intersection-v0 --algos ppo --seeds 0 1 2 3 4
0 %, 0 %, 635 MiB, 32607 MiB
144214, python, 626 MiB
---
[2026-03-30 06:51:44]
   PID     ELAPSED STAT %CPU %MEM CMD
144214    03:53:41 Rl+  99.9  0.2 python -u experiments/run_highway_experiments.py --phase train --envs merge-v0 intersection-v0 --algos dqn --seeds 0 1 2 3 4
144377    03:53:34 Rl+  1663  0.1 python -u experiments/run_highway_experiments.py --phase train --envs merge-v0 intersection-v0 --algos ppo --seeds 0 1 2 3 4
1 %, 0 %, 635 MiB, 32607 MiB
144214, python, 626 MiB
---
[2026-03-30 06:52:44]
   PID     ELAPSED STAT %CPU %MEM CMD
144214    03:54:42 Rl+  99.9  0.2 python -u experiments/run_highway_experiments.py --phase train --envs merge-v0 intersection-v0 --algos dqn --seeds 0 1 2 3 4
144377    03:54:35 Rl+  1663  0.1 python -u experiments/run_highway_experiments.py --phase train --envs merge-v0 intersection-v0 --algos ppo --seeds 0 1 2 3 4
1 %, 0 %, 635 MiB, 32607 MiB
144214, python, 626 MiB
---
[2026-03-30 06:53:44]
   PID     ELAPSED STAT %CPU %MEM CMD
144214    03:55:42 Rl+  99.9  0.2 python -u experiments/run_highway_experiments.py --phase train --envs merge-v0 intersection-v0 --algos dqn --seeds 0 1 2 3 4
144377    03:55:35 Rl+  1664  0.1 python -u experiments/run_highway_experiments.py --phase train --envs merge-v0 intersection-v0 --algos ppo --seeds 0 1 2 3 4
1 %, 0 %, 635 MiB, 32607 MiB
144214, python, 626 MiB
---
[2026-03-30 06:54:44]
   PID     ELAPSED STAT %CPU %MEM CMD
144214    03:56:42 Rl+  99.9  0.2 python -u experiments/run_highway_experiments.py --phase train --envs merge-v0 intersection-v0 --algos dqn --seeds 0 1 2 3 4
144377    03:56:35 Rl+  1664  0.1 python -u experiments/run_highway_experiments.py --phase train --envs merge-v0 intersection-v0 --algos ppo --seeds 0 1 2 3 4
1 %, 0 %, 635 MiB, 32607 MiB
144214, python, 626 MiB
---
[2026-03-30 06:55:44]
   PID     ELAPSED STAT %CPU %MEM CMD
144214    03:57:42 Rl+  99.9  0.2 python -u experiments/run_highway_experiments.py --phase train --envs merge-v0 intersection-v0 --algos dqn --seeds 0 1 2 3 4
144377    03:57:35 Rl+  1664  0.1 python -u experiments/run_highway_experiments.py --phase train --envs merge-v0 intersection-v0 --algos ppo --seeds 0 1 2 3 4
1 %, 0 %, 635 MiB, 32607 MiB
144214, python, 626 MiB
---
[2026-03-30 06:56:45]
   PID     ELAPSED STAT %CPU %MEM CMD
144214    03:58:42 Rl+  99.9  0.2 python -u experiments/run_highway_experiments.py --phase train --envs merge-v0 intersection-v0 --algos dqn --seeds 0 1 2 3 4
144377    03:58:35 Rl+  1664  0.1 python -u experiments/run_highway_experiments.py --phase train --envs merge-v0 intersection-v0 --algos ppo --seeds 0 1 2 3 4
1 %, 0 %, 635 MiB, 32607 MiB
144214, python, 626 MiB
---
[2026-03-30 06:57:45]
   PID     ELAPSED STAT %CPU %MEM CMD
144214    03:59:43 Rl+  99.9  0.2 python -u experiments/run_highway_experiments.py --phase train --envs merge-v0 intersection-v0 --algos dqn --seeds 0 1 2 3 4
144377    03:59:36 Rl+  1664  0.1 python -u experiments/run_highway_experiments.py --phase train --envs merge-v0 intersection-v0 --algos ppo --seeds 0 1 2 3 4
1 %, 0 %, 635 MiB, 32607 MiB
144214, python, 626 MiB
---
[2026-03-30 06:58:45]
   PID     ELAPSED STAT %CPU %MEM CMD
144214    04:00:43 Rl+  99.9  0.2 python -u experiments/run_highway_experiments.py --phase train --envs merge-v0 intersection-v0 --algos dqn --seeds 0 1 2 3 4
144377    04:00:36 Rl+  1664  0.1 python -u experiments/run_highway_experiments.py --phase train --envs merge-v0 intersection-v0 --algos ppo --seeds 0 1 2 3 4
1 %, 0 %, 635 MiB, 32607 MiB
144214, python, 626 MiB
---
[2026-03-30 06:59:45]
   PID     ELAPSED STAT %CPU %MEM CMD
144214    04:01:43 Rl+  99.9  0.2 python -u experiments/run_highway_experiments.py --phase train --envs merge-v0 intersection-v0 --algos dqn --seeds 0 1 2 3 4
144377    04:01:36 Rl+  1664  0.1 python -u experiments/run_highway_experiments.py --phase train --envs merge-v0 intersection-v0 --algos ppo --seeds 0 1 2 3 4
1 %, 0 %, 635 MiB, 32607 MiB
144214, python, 626 MiB
---
[2026-03-30 07:00:45]
   PID     ELAPSED STAT %CPU %MEM CMD
144214    04:02:43 Rl+  99.9  0.2 python -u experiments/run_highway_experiments.py --phase train --envs merge-v0 intersection-v0 --algos dqn --seeds 0 1 2 3 4
144377    04:02:36 Rl+  1664  0.1 python -u experiments/run_highway_experiments.py --phase train --envs merge-v0 intersection-v0 --algos ppo --seeds 0 1 2 3 4
1 %, 0 %, 635 MiB, 32607 MiB
144214, python, 626 MiB
---
[2026-03-30 07:01:45]
   PID     ELAPSED STAT %CPU %MEM CMD
144214    04:03:43 Rl+  99.9  0.2 python -u experiments/run_highway_experiments.py --phase train --envs merge-v0 intersection-v0 --algos dqn --seeds 0 1 2 3 4
144377    04:03:36 Rl+  1664  0.1 python -u experiments/run_highway_experiments.py --phase train --envs merge-v0 intersection-v0 --algos ppo --seeds 0 1 2 3 4
1 %, 0 %, 635 MiB, 32607 MiB
144214, python, 626 MiB
---
[2026-03-30 07:02:45]
   PID     ELAPSED STAT %CPU %MEM CMD
144214    04:04:43 Rl+  99.9  0.2 python -u experiments/run_highway_experiments.py --phase train --envs merge-v0 intersection-v0 --algos dqn --seeds 0 1 2 3 4
144377    04:04:36 Rl+  1664  0.1 python -u experiments/run_highway_experiments.py --phase train --envs merge-v0 intersection-v0 --algos ppo --seeds 0 1 2 3 4
1 %, 0 %, 635 MiB, 32607 MiB
144214, python, 626 MiB
---
[2026-03-30 07:03:46]
   PID     ELAPSED STAT %CPU %MEM CMD
144214    04:05:44 Rl+  99.9  0.2 python -u experiments/run_highway_experiments.py --phase train --envs merge-v0 intersection-v0 --algos dqn --seeds 0 1 2 3 4
144377    04:05:37 Rl+  1664  0.1 python -u experiments/run_highway_experiments.py --phase train --envs merge-v0 intersection-v0 --algos ppo --seeds 0 1 2 3 4
1 %, 0 %, 635 MiB, 32607 MiB
144214, python, 626 MiB
---
[2026-03-30 07:04:46]
   PID     ELAPSED STAT %CPU %MEM CMD
144214    04:06:44 Rl+  99.9  0.2 python -u experiments/run_highway_experiments.py --phase train --envs merge-v0 intersection-v0 --algos dqn --seeds 0 1 2 3 4
144377    04:06:37 Rl+  1664  0.1 python -u experiments/run_highway_experiments.py --phase train --envs merge-v0 intersection-v0 --algos ppo --seeds 0 1 2 3 4
1 %, 0 %, 635 MiB, 32607 MiB
144214, python, 626 MiB
---
[2026-03-30 07:05:46]
   PID     ELAPSED STAT %CPU %MEM CMD
144214    04:07:44 Rl+  99.9  0.2 python -u experiments/run_highway_experiments.py --phase train --envs merge-v0 intersection-v0 --algos dqn --seeds 0 1 2 3 4
144377    04:07:37 Rl+  1664  0.1 python -u experiments/run_highway_experiments.py --phase train --envs merge-v0 intersection-v0 --algos ppo --seeds 0 1 2 3 4
1 %, 0 %, 635 MiB, 32607 MiB
144214, python, 626 MiB
---
[2026-03-30 07:06:46]
   PID     ELAPSED STAT %CPU %MEM CMD
144214    04:08:44 Rl+  99.9  0.2 python -u experiments/run_highway_experiments.py --phase train --envs merge-v0 intersection-v0 --algos dqn --seeds 0 1 2 3 4
144377    04:08:37 Rl+  1664  0.1 python -u experiments/run_highway_experiments.py --phase train --envs merge-v0 intersection-v0 --algos ppo --seeds 0 1 2 3 4
1 %, 0 %, 635 MiB, 32607 MiB
144214, python, 626 MiB
---
[2026-03-30 07:07:46]
   PID     ELAPSED STAT %CPU %MEM CMD
144214    04:09:44 Rl+  99.9  0.2 python -u experiments/run_highway_experiments.py --phase train --envs merge-v0 intersection-v0 --algos dqn --seeds 0 1 2 3 4
144377    04:09:37 Sl+  1664  0.1 python -u experiments/run_highway_experiments.py --phase train --envs merge-v0 intersection-v0 --algos ppo --seeds 0 1 2 3 4
0 %, 0 %, 635 MiB, 32607 MiB
144214, python, 626 MiB
---
[2026-03-30 07:08:46]
   PID     ELAPSED STAT %CPU %MEM CMD
144214    04:10:44 Rl+  99.9  0.2 python -u experiments/run_highway_experiments.py --phase train --envs merge-v0 intersection-v0 --algos dqn --seeds 0 1 2 3 4
144377    04:10:37 Rl+  1664  0.1 python -u experiments/run_highway_experiments.py --phase train --envs merge-v0 intersection-v0 --algos ppo --seeds 0 1 2 3 4
1 %, 0 %, 635 MiB, 32607 MiB
144214, python, 626 MiB
---
[2026-03-30 07:09:47]
   PID     ELAPSED STAT %CPU %MEM CMD
144214    04:11:45 Rl+  99.9  0.2 python -u experiments/run_highway_experiments.py --phase train --envs merge-v0 intersection-v0 --algos dqn --seeds 0 1 2 3 4
144377    04:11:38 Rl+  1664  0.1 python -u experiments/run_highway_experiments.py --phase train --envs merge-v0 intersection-v0 --algos ppo --seeds 0 1 2 3 4
1 %, 0 %, 635 MiB, 32607 MiB
144214, python, 626 MiB
---
[2026-03-30 07:10:47]
   PID     ELAPSED STAT %CPU %MEM CMD
144214    04:12:45 Rl+  99.9  0.2 python -u experiments/run_highway_experiments.py --phase train --envs merge-v0 intersection-v0 --algos dqn --seeds 0 1 2 3 4
144377    04:12:38 Rl+  1664  0.1 python -u experiments/run_highway_experiments.py --phase train --envs merge-v0 intersection-v0 --algos ppo --seeds 0 1 2 3 4
1 %, 0 %, 635 MiB, 32607 MiB
144214, python, 626 MiB
---
[2026-03-30 07:11:47]
   PID     ELAPSED STAT %CPU %MEM CMD
144214    04:13:45 Rl+  99.9  0.2 python -u experiments/run_highway_experiments.py --phase train --envs merge-v0 intersection-v0 --algos dqn --seeds 0 1 2 3 4
144377    04:13:38 Rl+  1664  0.1 python -u experiments/run_highway_experiments.py --phase train --envs merge-v0 intersection-v0 --algos ppo --seeds 0 1 2 3 4
1 %, 0 %, 635 MiB, 32607 MiB
144214, python, 626 MiB
---
[2026-03-30 07:12:47]
   PID     ELAPSED STAT %CPU %MEM CMD
144214    04:14:45 Rl+  99.9  0.2 python -u experiments/run_highway_experiments.py --phase train --envs merge-v0 intersection-v0 --algos dqn --seeds 0 1 2 3 4
144377    04:14:38 Rl+  1664  0.1 python -u experiments/run_highway_experiments.py --phase train --envs merge-v0 intersection-v0 --algos ppo --seeds 0 1 2 3 4
1 %, 0 %, 635 MiB, 32607 MiB
144214, python, 626 MiB
---
[2026-03-30 07:13:47]
   PID     ELAPSED STAT %CPU %MEM CMD
144214    04:15:45 Rl+  99.9  0.2 python -u experiments/run_highway_experiments.py --phase train --envs merge-v0 intersection-v0 --algos dqn --seeds 0 1 2 3 4
144377    04:15:38 Rl+  1664  0.1 python -u experiments/run_highway_experiments.py --phase train --envs merge-v0 intersection-v0 --algos ppo --seeds 0 1 2 3 4
1 %, 0 %, 635 MiB, 32607 MiB
144214, python, 626 MiB
---
[2026-03-30 07:14:47]
   PID     ELAPSED STAT %CPU %MEM CMD
144214    04:16:45 Rl+  99.9  0.2 python -u experiments/run_highway_experiments.py --phase train --envs merge-v0 intersection-v0 --algos dqn --seeds 0 1 2 3 4
144377    04:16:38 Rl+  1665  0.1 python -u experiments/run_highway_experiments.py --phase train --envs merge-v0 intersection-v0 --algos ppo --seeds 0 1 2 3 4
1 %, 0 %, 635 MiB, 32607 MiB
144214, python, 626 MiB
---
[2026-03-30 07:15:48]
   PID     ELAPSED STAT %CPU %MEM CMD
144214    04:17:46 Rl+  99.9  0.2 python -u experiments/run_highway_experiments.py --phase train --envs merge-v0 intersection-v0 --algos dqn --seeds 0 1 2 3 4
144377    04:17:39 Rl+  1664  0.1 python -u experiments/run_highway_experiments.py --phase train --envs merge-v0 intersection-v0 --algos ppo --seeds 0 1 2 3 4
1 %, 0 %, 635 MiB, 32607 MiB
144214, python, 626 MiB
---
[2026-03-30 07:16:48]
   PID     ELAPSED STAT %CPU %MEM CMD
144214    04:18:46 Rl+  99.9  0.2 python -u experiments/run_highway_experiments.py --phase train --envs merge-v0 intersection-v0 --algos dqn --seeds 0 1 2 3 4
144377    04:18:39 Rl+  1665  0.1 python -u experiments/run_highway_experiments.py --phase train --envs merge-v0 intersection-v0 --algos ppo --seeds 0 1 2 3 4
1 %, 0 %, 635 MiB, 32607 MiB
144214, python, 626 MiB
---
[2026-03-30 07:17:48]
   PID     ELAPSED STAT %CPU %MEM CMD
144214    04:19:46 Rl+  99.9  0.2 python -u experiments/run_highway_experiments.py --phase train --envs merge-v0 intersection-v0 --algos dqn --seeds 0 1 2 3 4
144377    04:19:39 Rl+  1665  0.1 python -u experiments/run_highway_experiments.py --phase train --envs merge-v0 intersection-v0 --algos ppo --seeds 0 1 2 3 4
1 %, 0 %, 635 MiB, 32607 MiB
144214, python, 626 MiB
---
[2026-03-30 07:18:48]
   PID     ELAPSED STAT %CPU %MEM CMD
144214    04:20:46 Rl+  99.9  0.2 python -u experiments/run_highway_experiments.py --phase train --envs merge-v0 intersection-v0 --algos dqn --seeds 0 1 2 3 4
144377    04:20:39 Rl+  1665  0.1 python -u experiments/run_highway_experiments.py --phase train --envs merge-v0 intersection-v0 --algos ppo --seeds 0 1 2 3 4
1 %, 0 %, 635 MiB, 32607 MiB
144214, python, 626 MiB
---
[2026-03-30 07:19:48]
   PID     ELAPSED STAT %CPU %MEM CMD
144214    04:21:46 Rl+  99.9  0.2 python -u experiments/run_highway_experiments.py --phase train --envs merge-v0 intersection-v0 --algos dqn --seeds 0 1 2 3 4
144377    04:21:39 Rl+  1665  0.1 python -u experiments/run_highway_experiments.py --phase train --envs merge-v0 intersection-v0 --algos ppo --seeds 0 1 2 3 4
1 %, 0 %, 635 MiB, 32607 MiB
144214, python, 626 MiB
---
[2026-03-30 07:20:49]
   PID     ELAPSED STAT %CPU %MEM CMD
144214    04:22:46 Rl+  99.9  0.2 python -u experiments/run_highway_experiments.py --phase train --envs merge-v0 intersection-v0 --algos dqn --seeds 0 1 2 3 4
144377    04:22:39 Rl+  1665  0.1 python -u experiments/run_highway_experiments.py --phase train --envs merge-v0 intersection-v0 --algos ppo --seeds 0 1 2 3 4
1 %, 0 %, 635 MiB, 32607 MiB
144214, python, 626 MiB
---
[2026-03-30 07:21:49]
   PID     ELAPSED STAT %CPU %MEM CMD
144214    04:23:47 Rl+  99.9  0.2 python -u experiments/run_highway_experiments.py --phase train --envs merge-v0 intersection-v0 --algos dqn --seeds 0 1 2 3 4
144377    04:23:40 Rl+  1665  0.1 python -u experiments/run_highway_experiments.py --phase train --envs merge-v0 intersection-v0 --algos ppo --seeds 0 1 2 3 4
1 %, 0 %, 635 MiB, 32607 MiB
144214, python, 626 MiB
---
[2026-03-30 07:22:49]
   PID     ELAPSED STAT %CPU %MEM CMD
144214    04:24:47 Rl+  99.9  0.2 python -u experiments/run_highway_experiments.py --phase train --envs merge-v0 intersection-v0 --algos dqn --seeds 0 1 2 3 4
144377    04:24:40 Rl+  1665  0.1 python -u experiments/run_highway_experiments.py --phase train --envs merge-v0 intersection-v0 --algos ppo --seeds 0 1 2 3 4
1 %, 0 %, 635 MiB, 32607 MiB
144214, python, 626 MiB
---
[2026-03-30 07:23:49]
   PID     ELAPSED STAT %CPU %MEM CMD
144214    04:25:47 Rl+  99.9  0.2 python -u experiments/run_highway_experiments.py --phase train --envs merge-v0 intersection-v0 --algos dqn --seeds 0 1 2 3 4
144377    04:25:40 Rl+  1665  0.1 python -u experiments/run_highway_experiments.py --phase train --envs merge-v0 intersection-v0 --algos ppo --seeds 0 1 2 3 4
1 %, 0 %, 635 MiB, 32607 MiB
144214, python, 626 MiB
---
[2026-03-30 07:24:49]
   PID     ELAPSED STAT %CPU %MEM CMD
144214    04:26:47 Rl+  99.9  0.2 python -u experiments/run_highway_experiments.py --phase train --envs merge-v0 intersection-v0 --algos dqn --seeds 0 1 2 3 4
144377    04:26:40 Rl+  1665  0.1 python -u experiments/run_highway_experiments.py --phase train --envs merge-v0 intersection-v0 --algos ppo --seeds 0 1 2 3 4
1 %, 0 %, 635 MiB, 32607 MiB
144214, python, 626 MiB
---
[2026-03-30 07:25:49]
   PID     ELAPSED STAT %CPU %MEM CMD
144214    04:27:47 Rl+  99.9  0.2 python -u experiments/run_highway_experiments.py --phase train --envs merge-v0 intersection-v0 --algos dqn --seeds 0 1 2 3 4
144377    04:27:40 Rl+  1665  0.1 python -u experiments/run_highway_experiments.py --phase train --envs merge-v0 intersection-v0 --algos ppo --seeds 0 1 2 3 4
1 %, 0 %, 635 MiB, 32607 MiB
144214, python, 626 MiB
---
[2026-03-30 07:26:50]
   PID     ELAPSED STAT %CPU %MEM CMD
144214    04:28:48 Rl+  99.9  0.2 python -u experiments/run_highway_experiments.py --phase train --envs merge-v0 intersection-v0 --algos dqn --seeds 0 1 2 3 4
144377    04:28:41 Rl+  1665  0.1 python -u experiments/run_highway_experiments.py --phase train --envs merge-v0 intersection-v0 --algos ppo --seeds 0 1 2 3 4
1 %, 0 %, 635 MiB, 32607 MiB
144214, python, 626 MiB
---
[2026-03-30 07:27:50]
   PID     ELAPSED STAT %CPU %MEM CMD
144214    04:29:48 Rl+  99.9  0.2 python -u experiments/run_highway_experiments.py --phase train --envs merge-v0 intersection-v0 --algos dqn --seeds 0 1 2 3 4
144377    04:29:41 Rl+  1665  0.1 python -u experiments/run_highway_experiments.py --phase train --envs merge-v0 intersection-v0 --algos ppo --seeds 0 1 2 3 4
1 %, 0 %, 635 MiB, 32607 MiB
144214, python, 626 MiB
---
[2026-03-30 07:28:50]
   PID     ELAPSED STAT %CPU %MEM CMD
144214    04:30:48 Rl+  99.9  0.2 python -u experiments/run_highway_experiments.py --phase train --envs merge-v0 intersection-v0 --algos dqn --seeds 0 1 2 3 4
144377    04:30:41 Rl+  1665  0.1 python -u experiments/run_highway_experiments.py --phase train --envs merge-v0 intersection-v0 --algos ppo --seeds 0 1 2 3 4
1 %, 0 %, 635 MiB, 32607 MiB
144214, python, 626 MiB
---
[2026-03-30 07:29:50]
   PID     ELAPSED STAT %CPU %MEM CMD
144214    04:31:48 Rl+  99.9  0.2 python -u experiments/run_highway_experiments.py --phase train --envs merge-v0 intersection-v0 --algos dqn --seeds 0 1 2 3 4
144377    04:31:41 Rl+  1665  0.1 python -u experiments/run_highway_experiments.py --phase train --envs merge-v0 intersection-v0 --algos ppo --seeds 0 1 2 3 4
1 %, 0 %, 635 MiB, 32607 MiB
144214, python, 626 MiB
---
[2026-03-30 07:30:50]
   PID     ELAPSED STAT %CPU %MEM CMD
144214    04:32:48 Rl+  99.9  0.2 python -u experiments/run_highway_experiments.py --phase train --envs merge-v0 intersection-v0 --algos dqn --seeds 0 1 2 3 4
144377    04:32:41 Rl+  1665  0.1 python -u experiments/run_highway_experiments.py --phase train --envs merge-v0 intersection-v0 --algos ppo --seeds 0 1 2 3 4
1 %, 0 %, 635 MiB, 32607 MiB
144214, python, 626 MiB
---
[2026-03-30 07:31:50]
   PID     ELAPSED STAT %CPU %MEM CMD
144214    04:33:48 Rl+  99.9  0.2 python -u experiments/run_highway_experiments.py --phase train --envs merge-v0 intersection-v0 --algos dqn --seeds 0 1 2 3 4
144377    04:33:41 Rl+  1665  0.1 python -u experiments/run_highway_experiments.py --phase train --envs merge-v0 intersection-v0 --algos ppo --seeds 0 1 2 3 4
1 %, 0 %, 635 MiB, 32607 MiB
144214, python, 626 MiB
---
[2026-03-30 07:32:51]
   PID     ELAPSED STAT %CPU %MEM CMD
144214    04:34:48 Rl+  99.9  0.2 python -u experiments/run_highway_experiments.py --phase train --envs merge-v0 intersection-v0 --algos dqn --seeds 0 1 2 3 4
144377    04:34:41 Rl+  1665  0.1 python -u experiments/run_highway_experiments.py --phase train --envs merge-v0 intersection-v0 --algos ppo --seeds 0 1 2 3 4
1 %, 0 %, 635 MiB, 32607 MiB
144214, python, 626 MiB
---
[2026-03-30 07:33:51]
   PID     ELAPSED STAT %CPU %MEM CMD
144214    04:35:49 Rl+  99.9  0.2 python -u experiments/run_highway_experiments.py --phase train --envs merge-v0 intersection-v0 --algos dqn --seeds 0 1 2 3 4
144377    04:35:42 Rl+  1665  0.1 python -u experiments/run_highway_experiments.py --phase train --envs merge-v0 intersection-v0 --algos ppo --seeds 0 1 2 3 4
1 %, 0 %, 635 MiB, 32607 MiB
144214, python, 626 MiB
---
[2026-03-30 07:34:51]
   PID     ELAPSED STAT %CPU %MEM CMD
144214    04:36:49 Rl+  99.9  0.2 python -u experiments/run_highway_experiments.py --phase train --envs merge-v0 intersection-v0 --algos dqn --seeds 0 1 2 3 4
144377    04:36:42 Rl+  1665  0.1 python -u experiments/run_highway_experiments.py --phase train --envs merge-v0 intersection-v0 --algos ppo --seeds 0 1 2 3 4
1 %, 0 %, 635 MiB, 32607 MiB
144214, python, 626 MiB
---
[2026-03-30 07:35:51]
   PID     ELAPSED STAT %CPU %MEM CMD
144214    04:37:49 Rl+  99.9  0.2 python -u experiments/run_highway_experiments.py --phase train --envs merge-v0 intersection-v0 --algos dqn --seeds 0 1 2 3 4
144377    04:37:42 Rl+  1665  0.1 python -u experiments/run_highway_experiments.py --phase train --envs merge-v0 intersection-v0 --algos ppo --seeds 0 1 2 3 4
1 %, 0 %, 635 MiB, 32607 MiB
144214, python, 626 MiB
---
[2026-03-30 07:36:51]
   PID     ELAPSED STAT %CPU %MEM CMD
144214    04:38:49 Rl+  99.9  0.2 python -u experiments/run_highway_experiments.py --phase train --envs merge-v0 intersection-v0 --algos dqn --seeds 0 1 2 3 4
144377    04:38:42 Rl+  1665  0.1 python -u experiments/run_highway_experiments.py --phase train --envs merge-v0 intersection-v0 --algos ppo --seeds 0 1 2 3 4
1 %, 0 %, 635 MiB, 32607 MiB
144214, python, 626 MiB
---
[2026-03-30 07:37:51]
   PID     ELAPSED STAT %CPU %MEM CMD
144214    04:39:49 Rl+  99.9  0.2 python -u experiments/run_highway_experiments.py --phase train --envs merge-v0 intersection-v0 --algos dqn --seeds 0 1 2 3 4
144377    04:39:42 Rl+  1665  0.1 python -u experiments/run_highway_experiments.py --phase train --envs merge-v0 intersection-v0 --algos ppo --seeds 0 1 2 3 4
1 %, 0 %, 635 MiB, 32607 MiB
144214, python, 626 MiB
---
[2026-03-30 07:38:52]
   PID     ELAPSED STAT %CPU %MEM CMD
144214    04:40:49 Rl+  99.9  0.2 python -u experiments/run_highway_experiments.py --phase train --envs merge-v0 intersection-v0 --algos dqn --seeds 0 1 2 3 4
144377    04:40:42 Rl+  1665  0.1 python -u experiments/run_highway_experiments.py --phase train --envs merge-v0 intersection-v0 --algos ppo --seeds 0 1 2 3 4
1 %, 0 %, 635 MiB, 32607 MiB
144214, python, 626 MiB
---
[2026-03-30 07:39:52]
   PID     ELAPSED STAT %CPU %MEM CMD
144214    04:41:50 Rl+  99.9  0.2 python -u experiments/run_highway_experiments.py --phase train --envs merge-v0 intersection-v0 --algos dqn --seeds 0 1 2 3 4
144377    04:41:43 Rl+  1665  0.1 python -u experiments/run_highway_experiments.py --phase train --envs merge-v0 intersection-v0 --algos ppo --seeds 0 1 2 3 4
1 %, 0 %, 635 MiB, 32607 MiB
144214, python, 626 MiB
---
[2026-03-30 07:40:52]
   PID     ELAPSED STAT %CPU %MEM CMD
144214    04:42:50 Rl+  99.9  0.2 python -u experiments/run_highway_experiments.py --phase train --envs merge-v0 intersection-v0 --algos dqn --seeds 0 1 2 3 4
144377    04:42:43 Rl+  1665  0.1 python -u experiments/run_highway_experiments.py --phase train --envs merge-v0 intersection-v0 --algos ppo --seeds 0 1 2 3 4
1 %, 0 %, 635 MiB, 32607 MiB
144214, python, 626 MiB
---
[2026-03-30 07:41:52]
   PID     ELAPSED STAT %CPU %MEM CMD
144214    04:43:50 Rl+  99.9  0.2 python -u experiments/run_highway_experiments.py --phase train --envs merge-v0 intersection-v0 --algos dqn --seeds 0 1 2 3 4
144377    04:43:43 Rl+  1665  0.1 python -u experiments/run_highway_experiments.py --phase train --envs merge-v0 intersection-v0 --algos ppo --seeds 0 1 2 3 4
1 %, 0 %, 635 MiB, 32607 MiB
144214, python, 626 MiB
---
[2026-03-30 07:42:52]
   PID     ELAPSED STAT %CPU %MEM CMD
144214    04:44:50 Rl+  99.9  0.2 python -u experiments/run_highway_experiments.py --phase train --envs merge-v0 intersection-v0 --algos dqn --seeds 0 1 2 3 4
144377    04:44:43 Rl+  1665  0.1 python -u experiments/run_highway_experiments.py --phase train --envs merge-v0 intersection-v0 --algos ppo --seeds 0 1 2 3 4
1 %, 0 %, 635 MiB, 32607 MiB
144214, python, 626 MiB
---
[2026-03-30 07:43:52]
   PID     ELAPSED STAT %CPU %MEM CMD
144214    04:45:50 Rl+  99.9  0.2 python -u experiments/run_highway_experiments.py --phase train --envs merge-v0 intersection-v0 --algos dqn --seeds 0 1 2 3 4
144377    04:45:43 Rl+  1665  0.1 python -u experiments/run_highway_experiments.py --phase train --envs merge-v0 intersection-v0 --algos ppo --seeds 0 1 2 3 4
1 %, 0 %, 635 MiB, 32607 MiB
144214, python, 626 MiB
---
[2026-03-30 07:44:53]
   PID     ELAPSED STAT %CPU %MEM CMD
144214    04:46:50 Rl+  99.9  0.2 python -u experiments/run_highway_experiments.py --phase train --envs merge-v0 intersection-v0 --algos dqn --seeds 0 1 2 3 4
144377    04:46:43 Rl+  1665  0.1 python -u experiments/run_highway_experiments.py --phase train --envs merge-v0 intersection-v0 --algos ppo --seeds 0 1 2 3 4
1 %, 0 %, 635 MiB, 32607 MiB
144214, python, 626 MiB
---
[2026-03-30 07:45:53]
   PID     ELAPSED STAT %CPU %MEM CMD
144214    04:47:51 Rl+  99.9  0.2 python -u experiments/run_highway_experiments.py --phase train --envs merge-v0 intersection-v0 --algos dqn --seeds 0 1 2 3 4
144377    04:47:44 Rl+  1665  0.1 python -u experiments/run_highway_experiments.py --phase train --envs merge-v0 intersection-v0 --algos ppo --seeds 0 1 2 3 4
1 %, 0 %, 635 MiB, 32607 MiB
144214, python, 626 MiB
---
[2026-03-30 07:46:53]
   PID     ELAPSED STAT %CPU %MEM CMD
144214    04:48:51 Rl+  99.9  0.2 python -u experiments/run_highway_experiments.py --phase train --envs merge-v0 intersection-v0 --algos dqn --seeds 0 1 2 3 4
144377    04:48:44 Rl+  1665  0.1 python -u experiments/run_highway_experiments.py --phase train --envs merge-v0 intersection-v0 --algos ppo --seeds 0 1 2 3 4
1 %, 0 %, 635 MiB, 32607 MiB
144214, python, 626 MiB
---
[2026-03-30 07:47:53]
   PID     ELAPSED STAT %CPU %MEM CMD
144214    04:49:51 Rl+  99.9  0.2 python -u experiments/run_highway_experiments.py --phase train --envs merge-v0 intersection-v0 --algos dqn --seeds 0 1 2 3 4
144377    04:49:44 Rl+  1665  0.1 python -u experiments/run_highway_experiments.py --phase train --envs merge-v0 intersection-v0 --algos ppo --seeds 0 1 2 3 4
1 %, 0 %, 635 MiB, 32607 MiB
144214, python, 626 MiB
---
[2026-03-30 07:48:53]
   PID     ELAPSED STAT %CPU %MEM CMD
144214    04:50:51 Rl+  99.9  0.2 python -u experiments/run_highway_experiments.py --phase train --envs merge-v0 intersection-v0 --algos dqn --seeds 0 1 2 3 4
144377    04:50:44 Rl+  1665  0.1 python -u experiments/run_highway_experiments.py --phase train --envs merge-v0 intersection-v0 --algos ppo --seeds 0 1 2 3 4
1 %, 0 %, 635 MiB, 32607 MiB
144214, python, 626 MiB
---
[2026-03-30 07:49:53]
   PID     ELAPSED STAT %CPU %MEM CMD
144214    04:51:51 Sl+  99.9  0.2 python -u experiments/run_highway_experiments.py --phase train --envs merge-v0 intersection-v0 --algos dqn --seeds 0 1 2 3 4
144377    04:51:44 Rl+  1666  0.1 python -u experiments/run_highway_experiments.py --phase train --envs merge-v0 intersection-v0 --algos ppo --seeds 0 1 2 3 4
1 %, 0 %, 635 MiB, 32607 MiB
144214, python, 626 MiB
---
[2026-03-30 07:50:54]
   PID     ELAPSED STAT %CPU %MEM CMD
144214    04:52:52 Rl+  99.9  0.2 python -u experiments/run_highway_experiments.py --phase train --envs merge-v0 intersection-v0 --algos dqn --seeds 0 1 2 3 4
144377    04:52:45 Rl+  1666  0.1 python -u experiments/run_highway_experiments.py --phase train --envs merge-v0 intersection-v0 --algos ppo --seeds 0 1 2 3 4
1 %, 0 %, 635 MiB, 32607 MiB
144214, python, 626 MiB
---
[2026-03-30 07:51:54]
   PID     ELAPSED STAT %CPU %MEM CMD
144214    04:53:52 Rl+  99.9  0.2 python -u experiments/run_highway_experiments.py --phase train --envs merge-v0 intersection-v0 --algos dqn --seeds 0 1 2 3 4
144377    04:53:45 Rl+  1666  0.1 python -u experiments/run_highway_experiments.py --phase train --envs merge-v0 intersection-v0 --algos ppo --seeds 0 1 2 3 4
1 %, 0 %, 635 MiB, 32607 MiB
144214, python, 626 MiB
---
[2026-03-30 07:52:54]
   PID     ELAPSED STAT %CPU %MEM CMD
144214    04:54:52 Rl+  99.9  0.2 python -u experiments/run_highway_experiments.py --phase train --envs merge-v0 intersection-v0 --algos dqn --seeds 0 1 2 3 4
144377    04:54:45 Rl+  1666  0.1 python -u experiments/run_highway_experiments.py --phase train --envs merge-v0 intersection-v0 --algos ppo --seeds 0 1 2 3 4
1 %, 0 %, 635 MiB, 32607 MiB
144214, python, 626 MiB
---
[2026-03-30 07:53:54]
   PID     ELAPSED STAT %CPU %MEM CMD
144214    04:55:52 Rl+  99.9  0.2 python -u experiments/run_highway_experiments.py --phase train --envs merge-v0 intersection-v0 --algos dqn --seeds 0 1 2 3 4
144377    04:55:45 Rl+  1666  0.1 python -u experiments/run_highway_experiments.py --phase train --envs merge-v0 intersection-v0 --algos ppo --seeds 0 1 2 3 4
1 %, 0 %, 635 MiB, 32607 MiB
144214, python, 626 MiB
---
[2026-03-30 07:54:54]
   PID     ELAPSED STAT %CPU %MEM CMD
144214    04:56:52 Rl+  99.9  0.2 python -u experiments/run_highway_experiments.py --phase train --envs merge-v0 intersection-v0 --algos dqn --seeds 0 1 2 3 4
144377    04:56:45 Rl+  1666  0.1 python -u experiments/run_highway_experiments.py --phase train --envs merge-v0 intersection-v0 --algos ppo --seeds 0 1 2 3 4
1 %, 0 %, 635 MiB, 32607 MiB
144214, python, 626 MiB
---
[2026-03-30 07:55:55]
   PID     ELAPSED STAT %CPU %MEM CMD
144214    04:57:52 Rl+  99.9  0.2 python -u experiments/run_highway_experiments.py --phase train --envs merge-v0 intersection-v0 --algos dqn --seeds 0 1 2 3 4
144377    04:57:45 Rl+  1666  0.1 python -u experiments/run_highway_experiments.py --phase train --envs merge-v0 intersection-v0 --algos ppo --seeds 0 1 2 3 4
1 %, 0 %, 635 MiB, 32607 MiB
144214, python, 626 MiB
---
[2026-03-30 07:56:55]
   PID     ELAPSED STAT %CPU %MEM CMD
144214    04:58:53 Rl+  99.9  0.2 python -u experiments/run_highway_experiments.py --phase train --envs merge-v0 intersection-v0 --algos dqn --seeds 0 1 2 3 4
144377    04:58:46 Rl+  1666  0.1 python -u experiments/run_highway_experiments.py --phase train --envs merge-v0 intersection-v0 --algos ppo --seeds 0 1 2 3 4
1 %, 0 %, 635 MiB, 32607 MiB
144214, python, 626 MiB
---
[2026-03-30 07:57:55]
   PID     ELAPSED STAT %CPU %MEM CMD
144214    04:59:53 Rl+  99.9  0.2 python -u experiments/run_highway_experiments.py --phase train --envs merge-v0 intersection-v0 --algos dqn --seeds 0 1 2 3 4
144377    04:59:46 Rl+  1666  0.1 python -u experiments/run_highway_experiments.py --phase train --envs merge-v0 intersection-v0 --algos ppo --seeds 0 1 2 3 4
1 %, 0 %, 635 MiB, 32607 MiB
144214, python, 626 MiB
---
[2026-03-30 07:58:55]
   PID     ELAPSED STAT %CPU %MEM CMD
144214    05:00:53 Rl+  99.9  0.2 python -u experiments/run_highway_experiments.py --phase train --envs merge-v0 intersection-v0 --algos dqn --seeds 0 1 2 3 4
144377    05:00:46 Rl+  1666  0.1 python -u experiments/run_highway_experiments.py --phase train --envs merge-v0 intersection-v0 --algos ppo --seeds 0 1 2 3 4
1 %, 0 %, 635 MiB, 32607 MiB
144214, python, 626 MiB
---
[2026-03-30 07:59:55]
   PID     ELAPSED STAT %CPU %MEM CMD
144214    05:01:53 Rl+  99.9  0.2 python -u experiments/run_highway_experiments.py --phase train --envs merge-v0 intersection-v0 --algos dqn --seeds 0 1 2 3 4
144377    05:01:46 Rl+  1666  0.1 python -u experiments/run_highway_experiments.py --phase train --envs merge-v0 intersection-v0 --algos ppo --seeds 0 1 2 3 4
1 %, 0 %, 635 MiB, 32607 MiB
144214, python, 626 MiB
---
[2026-03-30 08:00:55]
   PID     ELAPSED STAT %CPU %MEM CMD
144214    05:02:53 Rl+  99.9  0.2 python -u experiments/run_highway_experiments.py --phase train --envs merge-v0 intersection-v0 --algos dqn --seeds 0 1 2 3 4
144377    05:02:46 Rl+  1666  0.1 python -u experiments/run_highway_experiments.py --phase train --envs merge-v0 intersection-v0 --algos ppo --seeds 0 1 2 3 4
1 %, 0 %, 635 MiB, 32607 MiB
144214, python, 626 MiB
---
[2026-03-30 08:01:56]
   PID     ELAPSED STAT %CPU %MEM CMD
144214    05:03:54 Rl+  99.9  0.2 python -u experiments/run_highway_experiments.py --phase train --envs merge-v0 intersection-v0 --algos dqn --seeds 0 1 2 3 4
144377    05:03:47 Rl+  1666  0.1 python -u experiments/run_highway_experiments.py --phase train --envs merge-v0 intersection-v0 --algos ppo --seeds 0 1 2 3 4
1 %, 0 %, 635 MiB, 32607 MiB
144214, python, 626 MiB
---
[2026-03-30 08:02:56]
   PID     ELAPSED STAT %CPU %MEM CMD
144214    05:04:54 Rl+  99.9  0.2 python -u experiments/run_highway_experiments.py --phase train --envs merge-v0 intersection-v0 --algos dqn --seeds 0 1 2 3 4
144377    05:04:47 Rl+  1666  0.1 python -u experiments/run_highway_experiments.py --phase train --envs merge-v0 intersection-v0 --algos ppo --seeds 0 1 2 3 4
1 %, 0 %, 635 MiB, 32607 MiB
144214, python, 626 MiB
---
[2026-03-30 08:03:56]
   PID     ELAPSED STAT %CPU %MEM CMD
144214    05:05:54 Rl+  99.9  0.2 python -u experiments/run_highway_experiments.py --phase train --envs merge-v0 intersection-v0 --algos dqn --seeds 0 1 2 3 4
144377    05:05:47 Rl+  1666  0.1 python -u experiments/run_highway_experiments.py --phase train --envs merge-v0 intersection-v0 --algos ppo --seeds 0 1 2 3 4
1 %, 0 %, 635 MiB, 32607 MiB
144214, python, 626 MiB
---
[2026-03-30 08:04:56]
   PID     ELAPSED STAT %CPU %MEM CMD
144214    05:06:54 Rl+  99.9  0.2 python -u experiments/run_highway_experiments.py --phase train --envs merge-v0 intersection-v0 --algos dqn --seeds 0 1 2 3 4
144377    05:06:47 Rl+  1666  0.1 python -u experiments/run_highway_experiments.py --phase train --envs merge-v0 intersection-v0 --algos ppo --seeds 0 1 2 3 4
1 %, 0 %, 635 MiB, 32607 MiB
144214, python, 626 MiB
---
[2026-03-30 08:05:56]
   PID     ELAPSED STAT %CPU %MEM CMD
144214    05:07:54 Rl+  99.9  0.2 python -u experiments/run_highway_experiments.py --phase train --envs merge-v0 intersection-v0 --algos dqn --seeds 0 1 2 3 4
144377    05:07:47 Rl+  1666  0.1 python -u experiments/run_highway_experiments.py --phase train --envs merge-v0 intersection-v0 --algos ppo --seeds 0 1 2 3 4
1 %, 0 %, 635 MiB, 32607 MiB
144214, python, 626 MiB
---
[2026-03-30 08:06:56]
   PID     ELAPSED STAT %CPU %MEM CMD
144214    05:08:54 Rl+  99.9  0.2 python -u experiments/run_highway_experiments.py --phase train --envs merge-v0 intersection-v0 --algos dqn --seeds 0 1 2 3 4
144377    05:08:47 Rl+  1666  0.1 python -u experiments/run_highway_experiments.py --phase train --envs merge-v0 intersection-v0 --algos ppo --seeds 0 1 2 3 4
1 %, 0 %, 635 MiB, 32607 MiB
144214, python, 626 MiB
---
[2026-03-30 08:07:57]
   PID     ELAPSED STAT %CPU %MEM CMD
144214    05:09:55 Rl+  99.9  0.2 python -u experiments/run_highway_experiments.py --phase train --envs merge-v0 intersection-v0 --algos dqn --seeds 0 1 2 3 4
144377    05:09:48 Rl+  1666  0.1 python -u experiments/run_highway_experiments.py --phase train --envs merge-v0 intersection-v0 --algos ppo --seeds 0 1 2 3 4
1 %, 0 %, 635 MiB, 32607 MiB
144214, python, 626 MiB
---
[2026-03-30 08:08:57]
   PID     ELAPSED STAT %CPU %MEM CMD
144214    05:10:55 Rl+  99.9  0.2 python -u experiments/run_highway_experiments.py --phase train --envs merge-v0 intersection-v0 --algos dqn --seeds 0 1 2 3 4
144377    05:10:48 Rl+  1666  0.1 python -u experiments/run_highway_experiments.py --phase train --envs merge-v0 intersection-v0 --algos ppo --seeds 0 1 2 3 4
1 %, 0 %, 635 MiB, 32607 MiB
144214, python, 626 MiB
---
[2026-03-30 08:09:57]
   PID     ELAPSED STAT %CPU %MEM CMD
144214    05:11:55 Rl+  99.9  0.2 python -u experiments/run_highway_experiments.py --phase train --envs merge-v0 intersection-v0 --algos dqn --seeds 0 1 2 3 4
144377    05:11:48 Rl+  1666  0.1 python -u experiments/run_highway_experiments.py --phase train --envs merge-v0 intersection-v0 --algos ppo --seeds 0 1 2 3 4
1 %, 0 %, 635 MiB, 32607 MiB
144214, python, 626 MiB
---
[2026-03-30 08:10:57]
   PID     ELAPSED STAT %CPU %MEM CMD
144214    05:12:55 Rl+  99.9  0.2 python -u experiments/run_highway_experiments.py --phase train --envs merge-v0 intersection-v0 --algos dqn --seeds 0 1 2 3 4
144377    05:12:48 Rl+  1666  0.1 python -u experiments/run_highway_experiments.py --phase train --envs merge-v0 intersection-v0 --algos ppo --seeds 0 1 2 3 4
1 %, 0 %, 635 MiB, 32607 MiB
144214, python, 626 MiB
---
[2026-03-30 08:11:57]
   PID     ELAPSED STAT %CPU %MEM CMD
144214    05:13:55 Rl+  99.9  0.2 python -u experiments/run_highway_experiments.py --phase train --envs merge-v0 intersection-v0 --algos dqn --seeds 0 1 2 3 4
144377    05:13:48 Rl+  1666  0.1 python -u experiments/run_highway_experiments.py --phase train --envs merge-v0 intersection-v0 --algos ppo --seeds 0 1 2 3 4
1 %, 0 %, 635 MiB, 32607 MiB
144214, python, 626 MiB
---
[2026-03-30 08:12:57]
   PID     ELAPSED STAT %CPU %MEM CMD
144214    05:14:55 Rl+  99.9  0.2 python -u experiments/run_highway_experiments.py --phase train --envs merge-v0 intersection-v0 --algos dqn --seeds 0 1 2 3 4
144377    05:14:48 Rl+  1666  0.1 python -u experiments/run_highway_experiments.py --phase train --envs merge-v0 intersection-v0 --algos ppo --seeds 0 1 2 3 4
1 %, 0 %, 635 MiB, 32607 MiB
144214, python, 626 MiB
---
[2026-03-30 08:13:58]
   PID     ELAPSED STAT %CPU %MEM CMD
144214    05:15:56 Rl+  99.9  0.2 python -u experiments/run_highway_experiments.py --phase train --envs merge-v0 intersection-v0 --algos dqn --seeds 0 1 2 3 4
144377    05:15:49 Rl+  1666  0.1 python -u experiments/run_highway_experiments.py --phase train --envs merge-v0 intersection-v0 --algos ppo --seeds 0 1 2 3 4
1 %, 0 %, 635 MiB, 32607 MiB
144214, python, 626 MiB
---
[2026-03-30 08:14:58]
   PID     ELAPSED STAT %CPU %MEM CMD
144214    05:16:56 Rl+  99.9  0.2 python -u experiments/run_highway_experiments.py --phase train --envs merge-v0 intersection-v0 --algos dqn --seeds 0 1 2 3 4
144377    05:16:49 Rl+  1666  0.1 python -u experiments/run_highway_experiments.py --phase train --envs merge-v0 intersection-v0 --algos ppo --seeds 0 1 2 3 4
1 %, 0 %, 635 MiB, 32607 MiB
144214, python, 626 MiB
---
[2026-03-30 08:15:58]
   PID     ELAPSED STAT %CPU %MEM CMD
144214    05:17:56 Rl+  99.9  0.2 python -u experiments/run_highway_experiments.py --phase train --envs merge-v0 intersection-v0 --algos dqn --seeds 0 1 2 3 4
144377    05:17:49 Rl+  1666  0.1 python -u experiments/run_highway_experiments.py --phase train --envs merge-v0 intersection-v0 --algos ppo --seeds 0 1 2 3 4
1 %, 0 %, 635 MiB, 32607 MiB
144214, python, 626 MiB
---
[2026-03-30 08:16:58]
   PID     ELAPSED STAT %CPU %MEM CMD
144214    05:18:56 Rl+  99.9  0.2 python -u experiments/run_highway_experiments.py --phase train --envs merge-v0 intersection-v0 --algos dqn --seeds 0 1 2 3 4
144377    05:18:49 Rl+  1666  0.1 python -u experiments/run_highway_experiments.py --phase train --envs merge-v0 intersection-v0 --algos ppo --seeds 0 1 2 3 4
1 %, 0 %, 635 MiB, 32607 MiB
144214, python, 626 MiB
---
[2026-03-30 08:17:58]
   PID     ELAPSED STAT %CPU %MEM CMD
144214    05:19:56 Rl+  99.9  0.2 python -u experiments/run_highway_experiments.py --phase train --envs merge-v0 intersection-v0 --algos dqn --seeds 0 1 2 3 4
144377    05:19:49 Rl+  1666  0.1 python -u experiments/run_highway_experiments.py --phase train --envs merge-v0 intersection-v0 --algos ppo --seeds 0 1 2 3 4
1 %, 0 %, 635 MiB, 32607 MiB
144214, python, 626 MiB
---
[2026-03-30 08:18:59]
   PID     ELAPSED STAT %CPU %MEM CMD
144214    05:20:56 Rl+  99.9  0.2 python -u experiments/run_highway_experiments.py --phase train --envs merge-v0 intersection-v0 --algos dqn --seeds 0 1 2 3 4
144377    05:20:49 Sl+  1666  0.1 python -u experiments/run_highway_experiments.py --phase train --envs merge-v0 intersection-v0 --algos ppo --seeds 0 1 2 3 4
1 %, 0 %, 635 MiB, 32607 MiB
144214, python, 626 MiB
---
[2026-03-30 08:19:59]
   PID     ELAPSED STAT %CPU %MEM CMD
144214    05:21:57 Rl+  99.9  0.2 python -u experiments/run_highway_experiments.py --phase train --envs merge-v0 intersection-v0 --algos dqn --seeds 0 1 2 3 4
144377    05:21:50 Rl+  1666  0.1 python -u experiments/run_highway_experiments.py --phase train --envs merge-v0 intersection-v0 --algos ppo --seeds 0 1 2 3 4
1 %, 0 %, 635 MiB, 32607 MiB
144214, python, 626 MiB
---
[2026-03-30 08:20:59]
   PID     ELAPSED STAT %CPU %MEM CMD
144214    05:22:57 Rl+  99.9  0.2 python -u experiments/run_highway_experiments.py --phase train --envs merge-v0 intersection-v0 --algos dqn --seeds 0 1 2 3 4
144377    05:22:50 Rl+  1666  0.1 python -u experiments/run_highway_experiments.py --phase train --envs merge-v0 intersection-v0 --algos ppo --seeds 0 1 2 3 4
1 %, 0 %, 635 MiB, 32607 MiB
144214, python, 626 MiB
---
[2026-03-30 08:21:59]
   PID     ELAPSED STAT %CPU %MEM CMD
144214    05:23:57 Rl+  99.9  0.2 python -u experiments/run_highway_experiments.py --phase train --envs merge-v0 intersection-v0 --algos dqn --seeds 0 1 2 3 4
144377    05:23:50 Rl+  1666  0.1 python -u experiments/run_highway_experiments.py --phase train --envs merge-v0 intersection-v0 --algos ppo --seeds 0 1 2 3 4
1 %, 0 %, 635 MiB, 32607 MiB
144214, python, 626 MiB
---
[2026-03-30 08:22:59]
   PID     ELAPSED STAT %CPU %MEM CMD
144214    05:24:57 Rl+  99.9  0.2 python -u experiments/run_highway_experiments.py --phase train --envs merge-v0 intersection-v0 --algos dqn --seeds 0 1 2 3 4
144377    05:24:50 Rl+  1666  0.1 python -u experiments/run_highway_experiments.py --phase train --envs merge-v0 intersection-v0 --algos ppo --seeds 0 1 2 3 4
1 %, 0 %, 635 MiB, 32607 MiB
144214, python, 626 MiB
---
[2026-03-30 08:23:59]
   PID     ELAPSED STAT %CPU %MEM CMD
144214    05:25:57 Rl+  99.9  0.2 python -u experiments/run_highway_experiments.py --phase train --envs merge-v0 intersection-v0 --algos dqn --seeds 0 1 2 3 4
144377    05:25:50 Rl+  1666  0.1 python -u experiments/run_highway_experiments.py --phase train --envs merge-v0 intersection-v0 --algos ppo --seeds 0 1 2 3 4
1 %, 0 %, 635 MiB, 32607 MiB
144214, python, 626 MiB
---
[2026-03-30 08:25:00]
   PID     ELAPSED STAT %CPU %MEM CMD
144214    05:26:57 Rl+  99.9  0.2 python -u experiments/run_highway_experiments.py --phase train --envs merge-v0 intersection-v0 --algos dqn --seeds 0 1 2 3 4
144377    05:26:50 Rl+  1666  0.1 python -u experiments/run_highway_experiments.py --phase train --envs merge-v0 intersection-v0 --algos ppo --seeds 0 1 2 3 4
1 %, 0 %, 635 MiB, 32607 MiB
144214, python, 626 MiB
---
[2026-03-30 08:26:00]
   PID     ELAPSED STAT %CPU %MEM CMD
144214    05:27:58 Rl+  99.9  0.2 python -u experiments/run_highway_experiments.py --phase train --envs merge-v0 intersection-v0 --algos dqn --seeds 0 1 2 3 4
144377    05:27:51 Rl+  1666  0.1 python -u experiments/run_highway_experiments.py --phase train --envs merge-v0 intersection-v0 --algos ppo --seeds 0 1 2 3 4
1 %, 0 %, 635 MiB, 32607 MiB
144214, python, 626 MiB
---
[2026-03-30 08:27:00]
   PID     ELAPSED STAT %CPU %MEM CMD
144214    05:28:58 Rl+  99.9  0.2 python -u experiments/run_highway_experiments.py --phase train --envs merge-v0 intersection-v0 --algos dqn --seeds 0 1 2 3 4
144377    05:28:51 Rl+  1666  0.1 python -u experiments/run_highway_experiments.py --phase train --envs merge-v0 intersection-v0 --algos ppo --seeds 0 1 2 3 4
1 %, 0 %, 635 MiB, 32607 MiB
144214, python, 626 MiB
---
[2026-03-30 08:28:00]
   PID     ELAPSED STAT %CPU %MEM CMD
144214    05:29:58 Rl+  99.9  0.2 python -u experiments/run_highway_experiments.py --phase train --envs merge-v0 intersection-v0 --algos dqn --seeds 0 1 2 3 4
144377    05:29:51 Rl+  1666  0.1 python -u experiments/run_highway_experiments.py --phase train --envs merge-v0 intersection-v0 --algos ppo --seeds 0 1 2 3 4
1 %, 0 %, 635 MiB, 32607 MiB
144214, python, 626 MiB
---
[2026-03-30 08:29:00]
   PID     ELAPSED STAT %CPU %MEM CMD
144214    05:30:58 Rl+  99.9  0.2 python -u experiments/run_highway_experiments.py --phase train --envs merge-v0 intersection-v0 --algos dqn --seeds 0 1 2 3 4
144377    05:30:51 Rl+  1667  0.1 python -u experiments/run_highway_experiments.py --phase train --envs merge-v0 intersection-v0 --algos ppo --seeds 0 1 2 3 4
1 %, 0 %, 635 MiB, 32607 MiB
144214, python, 626 MiB
---
[2026-03-30 08:30:00]
   PID     ELAPSED STAT %CPU %MEM CMD
144214    05:31:58 Rl+  99.9  0.2 python -u experiments/run_highway_experiments.py --phase train --envs merge-v0 intersection-v0 --algos dqn --seeds 0 1 2 3 4
144377    05:31:51 Rl+  1667  0.1 python -u experiments/run_highway_experiments.py --phase train --envs merge-v0 intersection-v0 --algos ppo --seeds 0 1 2 3 4
1 %, 0 %, 635 MiB, 32607 MiB
144214, python, 626 MiB
---
[2026-03-30 08:31:01]
   PID     ELAPSED STAT %CPU %MEM CMD
144214    05:32:58 Rl+  99.9  0.2 python -u experiments/run_highway_experiments.py --phase train --envs merge-v0 intersection-v0 --algos dqn --seeds 0 1 2 3 4
144377    05:32:51 Rl+  1667  0.1 python -u experiments/run_highway_experiments.py --phase train --envs merge-v0 intersection-v0 --algos ppo --seeds 0 1 2 3 4
1 %, 0 %, 635 MiB, 32607 MiB
144214, python, 626 MiB
---
[2026-03-30 08:32:01]
   PID     ELAPSED STAT %CPU %MEM CMD
144214    05:33:59 Rl+  99.9  0.2 python -u experiments/run_highway_experiments.py --phase train --envs merge-v0 intersection-v0 --algos dqn --seeds 0 1 2 3 4
144377    05:33:52 Rl+  1667  0.1 python -u experiments/run_highway_experiments.py --phase train --envs merge-v0 intersection-v0 --algos ppo --seeds 0 1 2 3 4
1 %, 0 %, 635 MiB, 32607 MiB
144214, python, 626 MiB
---
[2026-03-30 08:33:01]
   PID     ELAPSED STAT %CPU %MEM CMD
144214    05:34:59 Rl+  99.9  0.2 python -u experiments/run_highway_experiments.py --phase train --envs merge-v0 intersection-v0 --algos dqn --seeds 0 1 2 3 4
144377    05:34:52 Rl+  1667  0.1 python -u experiments/run_highway_experiments.py --phase train --envs merge-v0 intersection-v0 --algos ppo --seeds 0 1 2 3 4
1 %, 0 %, 635 MiB, 32607 MiB
144214, python, 626 MiB
---
[2026-03-30 08:34:01]
   PID     ELAPSED STAT %CPU %MEM CMD
144214    05:35:59 Rl+  99.9  0.2 python -u experiments/run_highway_experiments.py --phase train --envs merge-v0 intersection-v0 --algos dqn --seeds 0 1 2 3 4
144377    05:35:52 Rl+  1667  0.1 python -u experiments/run_highway_experiments.py --phase train --envs merge-v0 intersection-v0 --algos ppo --seeds 0 1 2 3 4
1 %, 0 %, 635 MiB, 32607 MiB
144214, python, 626 MiB
---
[2026-03-30 08:35:01]
   PID     ELAPSED STAT %CPU %MEM CMD
144214    05:36:59 Rl+  99.9  0.2 python -u experiments/run_highway_experiments.py --phase train --envs merge-v0 intersection-v0 --algos dqn --seeds 0 1 2 3 4
144377    05:36:52 Rl+  1667  0.1 python -u experiments/run_highway_experiments.py --phase train --envs merge-v0 intersection-v0 --algos ppo --seeds 0 1 2 3 4
1 %, 0 %, 635 MiB, 32607 MiB
144214, python, 626 MiB
---
[2026-03-30 08:36:01]
   PID     ELAPSED STAT %CPU %MEM CMD
144214    05:37:59 Rl+  99.9  0.2 python -u experiments/run_highway_experiments.py --phase train --envs merge-v0 intersection-v0 --algos dqn --seeds 0 1 2 3 4
144377    05:37:52 Rl+  1667  0.1 python -u experiments/run_highway_experiments.py --phase train --envs merge-v0 intersection-v0 --algos ppo --seeds 0 1 2 3 4
1 %, 0 %, 635 MiB, 32607 MiB
144214, python, 626 MiB
---
[2026-03-30 08:37:02]
   PID     ELAPSED STAT %CPU %MEM CMD
144214    05:39:00 Rl+  99.9  0.2 python -u experiments/run_highway_experiments.py --phase train --envs merge-v0 intersection-v0 --algos dqn --seeds 0 1 2 3 4
144377    05:38:53 Rl+  1667  0.1 python -u experiments/run_highway_experiments.py --phase train --envs merge-v0 intersection-v0 --algos ppo --seeds 0 1 2 3 4
1 %, 0 %, 635 MiB, 32607 MiB
144214, python, 626 MiB
---
[2026-03-30 08:38:02]
   PID     ELAPSED STAT %CPU %MEM CMD
144214    05:40:00 Rl+  99.9  0.2 python -u experiments/run_highway_experiments.py --phase train --envs merge-v0 intersection-v0 --algos dqn --seeds 0 1 2 3 4
144377    05:39:53 Rl+  1667  0.1 python -u experiments/run_highway_experiments.py --phase train --envs merge-v0 intersection-v0 --algos ppo --seeds 0 1 2 3 4
1 %, 0 %, 635 MiB, 32607 MiB
144214, python, 626 MiB
---
[2026-03-30 08:39:02]
   PID     ELAPSED STAT %CPU %MEM CMD
144214    05:41:00 Rl+  99.9  0.2 python -u experiments/run_highway_experiments.py --phase train --envs merge-v0 intersection-v0 --algos dqn --seeds 0 1 2 3 4
144377    05:40:53 Rl+  1667  0.1 python -u experiments/run_highway_experiments.py --phase train --envs merge-v0 intersection-v0 --algos ppo --seeds 0 1 2 3 4
1 %, 0 %, 635 MiB, 32607 MiB
144214, python, 626 MiB
---
[2026-03-30 08:40:02]
   PID     ELAPSED STAT %CPU %MEM CMD
144214    05:42:00 Rl+  99.9  0.2 python -u experiments/run_highway_experiments.py --phase train --envs merge-v0 intersection-v0 --algos dqn --seeds 0 1 2 3 4
144377    05:41:53 Rl+  1667  0.1 python -u experiments/run_highway_experiments.py --phase train --envs merge-v0 intersection-v0 --algos ppo --seeds 0 1 2 3 4
1 %, 0 %, 635 MiB, 32607 MiB
144214, python, 626 MiB
---
[2026-03-30 08:41:02]
   PID     ELAPSED STAT %CPU %MEM CMD
144214    05:43:00 Rl+  99.9  0.2 python -u experiments/run_highway_experiments.py --phase train --envs merge-v0 intersection-v0 --algos dqn --seeds 0 1 2 3 4
144377    05:42:53 Rl+  1667  0.1 python -u experiments/run_highway_experiments.py --phase train --envs merge-v0 intersection-v0 --algos ppo --seeds 0 1 2 3 4
1 %, 0 %, 635 MiB, 32607 MiB
144214, python, 626 MiB
---
[2026-03-30 08:42:03]
   PID     ELAPSED STAT %CPU %MEM CMD
144214    05:44:00 Sl+  99.9  0.2 python -u experiments/run_highway_experiments.py --phase train --envs merge-v0 intersection-v0 --algos dqn --seeds 0 1 2 3 4
144377    05:43:53 Rl+  1667  0.1 python -u experiments/run_highway_experiments.py --phase train --envs merge-v0 intersection-v0 --algos ppo --seeds 0 1 2 3 4
1 %, 0 %, 635 MiB, 32607 MiB
144214, python, 626 MiB
---
[2026-03-30 08:43:03]
   PID     ELAPSED STAT %CPU %MEM CMD
144214    05:45:01 Rl+  99.9  0.2 python -u experiments/run_highway_experiments.py --phase train --envs merge-v0 intersection-v0 --algos dqn --seeds 0 1 2 3 4
144377    05:44:54 Rl+  1667  0.1 python -u experiments/run_highway_experiments.py --phase train --envs merge-v0 intersection-v0 --algos ppo --seeds 0 1 2 3 4
1 %, 0 %, 635 MiB, 32607 MiB
144214, python, 626 MiB
---
[2026-03-30 08:44:03]
   PID     ELAPSED STAT %CPU %MEM CMD
144214    05:46:01 Rl+  99.9  0.2 python -u experiments/run_highway_experiments.py --phase train --envs merge-v0 intersection-v0 --algos dqn --seeds 0 1 2 3 4
144377    05:45:54 Rl+  1667  0.1 python -u experiments/run_highway_experiments.py --phase train --envs merge-v0 intersection-v0 --algos ppo --seeds 0 1 2 3 4
1 %, 0 %, 635 MiB, 32607 MiB
144214, python, 626 MiB
---
[2026-03-30 08:45:03]
   PID     ELAPSED STAT %CPU %MEM CMD
144214    05:47:01 Rl+  99.9  0.2 python -u experiments/run_highway_experiments.py --phase train --envs merge-v0 intersection-v0 --algos dqn --seeds 0 1 2 3 4
144377    05:46:54 Rl+  1667  0.1 python -u experiments/run_highway_experiments.py --phase train --envs merge-v0 intersection-v0 --algos ppo --seeds 0 1 2 3 4
1 %, 0 %, 635 MiB, 32607 MiB
144214, python, 626 MiB
---
[2026-03-30 08:46:03]
   PID     ELAPSED STAT %CPU %MEM CMD
144214    05:48:01 Rl+  99.9  0.2 python -u experiments/run_highway_experiments.py --phase train --envs merge-v0 intersection-v0 --algos dqn --seeds 0 1 2 3 4
144377    05:47:54 Rl+  1667  0.1 python -u experiments/run_highway_experiments.py --phase train --envs merge-v0 intersection-v0 --algos ppo --seeds 0 1 2 3 4
1 %, 0 %, 635 MiB, 32607 MiB
144214, python, 626 MiB
---
[2026-03-30 08:47:03]
   PID     ELAPSED STAT %CPU %MEM CMD
144214    05:49:01 Rl+  99.9  0.2 python -u experiments/run_highway_experiments.py --phase train --envs merge-v0 intersection-v0 --algos dqn --seeds 0 1 2 3 4
144377    05:48:54 Rl+  1667  0.1 python -u experiments/run_highway_experiments.py --phase train --envs merge-v0 intersection-v0 --algos ppo --seeds 0 1 2 3 4
1 %, 0 %, 635 MiB, 32607 MiB
144214, python, 626 MiB
---
[2026-03-30 08:48:04]
   PID     ELAPSED STAT %CPU %MEM CMD
144214    05:50:02 Rl+  99.9  0.2 python -u experiments/run_highway_experiments.py --phase train --envs merge-v0 intersection-v0 --algos dqn --seeds 0 1 2 3 4
144377    05:49:55 Rl+  1667  0.1 python -u experiments/run_highway_experiments.py --phase train --envs merge-v0 intersection-v0 --algos ppo --seeds 0 1 2 3 4
1 %, 0 %, 635 MiB, 32607 MiB
144214, python, 626 MiB
---
[2026-03-30 08:49:04]
   PID     ELAPSED STAT %CPU %MEM CMD
144214    05:51:02 Rl+  99.9  0.2 python -u experiments/run_highway_experiments.py --phase train --envs merge-v0 intersection-v0 --algos dqn --seeds 0 1 2 3 4
144377    05:50:55 Rl+  1667  0.1 python -u experiments/run_highway_experiments.py --phase train --envs merge-v0 intersection-v0 --algos ppo --seeds 0 1 2 3 4
1 %, 0 %, 635 MiB, 32607 MiB
144214, python, 626 MiB
---
[2026-03-30 08:50:04]
   PID     ELAPSED STAT %CPU %MEM CMD
144214    05:52:02 Rl+  99.9  0.2 python -u experiments/run_highway_experiments.py --phase train --envs merge-v0 intersection-v0 --algos dqn --seeds 0 1 2 3 4
144377    05:51:55 Rl+  1667  0.1 python -u experiments/run_highway_experiments.py --phase train --envs merge-v0 intersection-v0 --algos ppo --seeds 0 1 2 3 4
1 %, 0 %, 635 MiB, 32607 MiB
144214, python, 626 MiB
---
[2026-03-30 08:51:04]
   PID     ELAPSED STAT %CPU %MEM CMD
144214    05:53:02 Rl+  99.9  0.2 python -u experiments/run_highway_experiments.py --phase train --envs merge-v0 intersection-v0 --algos dqn --seeds 0 1 2 3 4
144377    05:52:55 Rl+  1667  0.1 python -u experiments/run_highway_experiments.py --phase train --envs merge-v0 intersection-v0 --algos ppo --seeds 0 1 2 3 4
1 %, 0 %, 635 MiB, 32607 MiB
144214, python, 626 MiB
---
[2026-03-30 08:52:04]
   PID     ELAPSED STAT %CPU %MEM CMD
144214    05:54:02 Rl+  99.9  0.2 python -u experiments/run_highway_experiments.py --phase train --envs merge-v0 intersection-v0 --algos dqn --seeds 0 1 2 3 4
144377    05:53:55 Rl+  1667  0.1 python -u experiments/run_highway_experiments.py --phase train --envs merge-v0 intersection-v0 --algos ppo --seeds 0 1 2 3 4
1 %, 0 %, 635 MiB, 32607 MiB
144214, python, 626 MiB
---
[2026-03-30 08:53:05]
   PID     ELAPSED STAT %CPU %MEM CMD
144214    05:55:02 Rl+  99.9  0.2 python -u experiments/run_highway_experiments.py --phase train --envs merge-v0 intersection-v0 --algos dqn --seeds 0 1 2 3 4
144377    05:54:55 Rl+  1667  0.1 python -u experiments/run_highway_experiments.py --phase train --envs merge-v0 intersection-v0 --algos ppo --seeds 0 1 2 3 4
1 %, 0 %, 635 MiB, 32607 MiB
144214, python, 626 MiB
---
[2026-03-30 08:54:05]
   PID     ELAPSED STAT %CPU %MEM CMD
144214    05:56:03 Rl+  99.9  0.2 python -u experiments/run_highway_experiments.py --phase train --envs merge-v0 intersection-v0 --algos dqn --seeds 0 1 2 3 4
144377    05:55:56 Rl+  1667  0.1 python -u experiments/run_highway_experiments.py --phase train --envs merge-v0 intersection-v0 --algos ppo --seeds 0 1 2 3 4
1 %, 0 %, 635 MiB, 32607 MiB
144214, python, 626 MiB
---
[2026-03-30 08:55:05]
   PID     ELAPSED STAT %CPU %MEM CMD
144214    05:57:03 Rl+  99.9  0.2 python -u experiments/run_highway_experiments.py --phase train --envs merge-v0 intersection-v0 --algos dqn --seeds 0 1 2 3 4
144377    05:56:56 Rl+  1667  0.1 python -u experiments/run_highway_experiments.py --phase train --envs merge-v0 intersection-v0 --algos ppo --seeds 0 1 2 3 4
1 %, 0 %, 635 MiB, 32607 MiB
144214, python, 626 MiB
---
[2026-03-30 08:56:05]
   PID     ELAPSED STAT %CPU %MEM CMD
144214    05:58:03 Rl+  99.9  0.2 python -u experiments/run_highway_experiments.py --phase train --envs merge-v0 intersection-v0 --algos dqn --seeds 0 1 2 3 4
144377    05:57:56 Rl+  1667  0.1 python -u experiments/run_highway_experiments.py --phase train --envs merge-v0 intersection-v0 --algos ppo --seeds 0 1 2 3 4
1 %, 0 %, 635 MiB, 32607 MiB
144214, python, 626 MiB
---
[2026-03-30 08:57:05]
   PID     ELAPSED STAT %CPU %MEM CMD
144214    05:59:03 Rl+  99.9  0.2 python -u experiments/run_highway_experiments.py --phase train --envs merge-v0 intersection-v0 --algos dqn --seeds 0 1 2 3 4
144377    05:58:56 Rl+  1667  0.1 python -u experiments/run_highway_experiments.py --phase train --envs merge-v0 intersection-v0 --algos ppo --seeds 0 1 2 3 4
1 %, 0 %, 635 MiB, 32607 MiB
144214, python, 626 MiB
---
[2026-03-30 08:58:05]
   PID     ELAPSED STAT %CPU %MEM CMD
144214    06:00:03 Rl+  99.9  0.2 python -u experiments/run_highway_experiments.py --phase train --envs merge-v0 intersection-v0 --algos dqn --seeds 0 1 2 3 4
144377    05:59:56 Rl+  1667  0.1 python -u experiments/run_highway_experiments.py --phase train --envs merge-v0 intersection-v0 --algos ppo --seeds 0 1 2 3 4
0 %, 0 %, 635 MiB, 32607 MiB
144214, python, 626 MiB
---
[2026-03-30 08:59:06]
   PID     ELAPSED STAT %CPU %MEM CMD
144214    06:01:03 Rl+  99.9  0.2 python -u experiments/run_highway_experiments.py --phase train --envs merge-v0 intersection-v0 --algos dqn --seeds 0 1 2 3 4
144377    06:00:56 Rl+  1667  0.1 python -u experiments/run_highway_experiments.py --phase train --envs merge-v0 intersection-v0 --algos ppo --seeds 0 1 2 3 4
1 %, 0 %, 635 MiB, 32607 MiB
144214, python, 626 MiB
---
[2026-03-30 09:00:06]
   PID     ELAPSED STAT %CPU %MEM CMD
144214    06:02:04 Rl+  99.9  0.2 python -u experiments/run_highway_experiments.py --phase train --envs merge-v0 intersection-v0 --algos dqn --seeds 0 1 2 3 4
144377    06:01:57 Rl+  1667  0.1 python -u experiments/run_highway_experiments.py --phase train --envs merge-v0 intersection-v0 --algos ppo --seeds 0 1 2 3 4
1 %, 0 %, 635 MiB, 32607 MiB
144214, python, 626 MiB
---
[2026-03-30 09:01:06]
   PID     ELAPSED STAT %CPU %MEM CMD
144214    06:03:04 Rl+  99.9  0.2 python -u experiments/run_highway_experiments.py --phase train --envs merge-v0 intersection-v0 --algos dqn --seeds 0 1 2 3 4
144377    06:02:57 Rl+  1667  0.1 python -u experiments/run_highway_experiments.py --phase train --envs merge-v0 intersection-v0 --algos ppo --seeds 0 1 2 3 4
1 %, 0 %, 635 MiB, 32607 MiB
144214, python, 626 MiB
---
[2026-03-30 09:02:06]
   PID     ELAPSED STAT %CPU %MEM CMD
144214    06:04:04 Rl+  99.9  0.2 python -u experiments/run_highway_experiments.py --phase train --envs merge-v0 intersection-v0 --algos dqn --seeds 0 1 2 3 4
144377    06:03:57 Rl+  1667  0.1 python -u experiments/run_highway_experiments.py --phase train --envs merge-v0 intersection-v0 --algos ppo --seeds 0 1 2 3 4
1 %, 0 %, 635 MiB, 32607 MiB
144214, python, 626 MiB
---
[2026-03-30 09:03:06]
   PID     ELAPSED STAT %CPU %MEM CMD
144214    06:05:04 Rl+  99.9  0.2 python -u experiments/run_highway_experiments.py --phase train --envs merge-v0 intersection-v0 --algos dqn --seeds 0 1 2 3 4
144377    06:04:57 Rl+  1667  0.1 python -u experiments/run_highway_experiments.py --phase train --envs merge-v0 intersection-v0 --algos ppo --seeds 0 1 2 3 4
1 %, 0 %, 635 MiB, 32607 MiB
144214, python, 626 MiB
---
[2026-03-30 09:04:06]
   PID     ELAPSED STAT %CPU %MEM CMD
144214    06:06:04 Rl+  99.9  0.2 python -u experiments/run_highway_experiments.py --phase train --envs merge-v0 intersection-v0 --algos dqn --seeds 0 1 2 3 4
144377    06:05:57 Rl+  1667  0.1 python -u experiments/run_highway_experiments.py --phase train --envs merge-v0 intersection-v0 --algos ppo --seeds 0 1 2 3 4
1 %, 0 %, 635 MiB, 32607 MiB
144214, python, 626 MiB
---
[2026-03-30 09:05:07]
   PID     ELAPSED STAT %CPU %MEM CMD
144214    06:07:05 Rl+  99.9  0.2 python -u experiments/run_highway_experiments.py --phase train --envs merge-v0 intersection-v0 --algos dqn --seeds 0 1 2 3 4
144377    06:06:58 Rl+  1667  0.1 python -u experiments/run_highway_experiments.py --phase train --envs merge-v0 intersection-v0 --algos ppo --seeds 0 1 2 3 4
1 %, 0 %, 635 MiB, 32607 MiB
144214, python, 626 MiB
---
[2026-03-30 09:06:07]
   PID     ELAPSED STAT %CPU %MEM CMD
144214    06:08:05 Rl+  99.9  0.2 python -u experiments/run_highway_experiments.py --phase train --envs merge-v0 intersection-v0 --algos dqn --seeds 0 1 2 3 4
144377    06:07:58 Rl+  1667  0.1 python -u experiments/run_highway_experiments.py --phase train --envs merge-v0 intersection-v0 --algos ppo --seeds 0 1 2 3 4
1 %, 0 %, 635 MiB, 32607 MiB
144214, python, 626 MiB
---
[2026-03-30 09:07:07]
   PID     ELAPSED STAT %CPU %MEM CMD
144214    06:09:05 Rl+  99.9  0.2 python -u experiments/run_highway_experiments.py --phase train --envs merge-v0 intersection-v0 --algos dqn --seeds 0 1 2 3 4
144377    06:08:58 Rl+  1667  0.1 python -u experiments/run_highway_experiments.py --phase train --envs merge-v0 intersection-v0 --algos ppo --seeds 0 1 2 3 4
1 %, 0 %, 635 MiB, 32607 MiB
144214, python, 626 MiB
---
[2026-03-30 09:08:07]
   PID     ELAPSED STAT %CPU %MEM CMD
144214    06:10:05 Rl+  99.9  0.2 python -u experiments/run_highway_experiments.py --phase train --envs merge-v0 intersection-v0 --algos dqn --seeds 0 1 2 3 4
144377    06:09:58 Rl+  1667  0.1 python -u experiments/run_highway_experiments.py --phase train --envs merge-v0 intersection-v0 --algos ppo --seeds 0 1 2 3 4
1 %, 0 %, 635 MiB, 32607 MiB
144214, python, 626 MiB
---
[2026-03-30 09:09:07]
   PID     ELAPSED STAT %CPU %MEM CMD
144214    06:11:05 Rl+  99.9  0.2 python -u experiments/run_highway_experiments.py --phase train --envs merge-v0 intersection-v0 --algos dqn --seeds 0 1 2 3 4
144377    06:10:58 Rl+  1667  0.1 python -u experiments/run_highway_experiments.py --phase train --envs merge-v0 intersection-v0 --algos ppo --seeds 0 1 2 3 4
1 %, 0 %, 635 MiB, 32607 MiB
144214, python, 626 MiB
---
[2026-03-30 09:10:07]
   PID     ELAPSED STAT %CPU %MEM CMD
144214    06:12:05 Rl+  99.9  0.2 python -u experiments/run_highway_experiments.py --phase train --envs merge-v0 intersection-v0 --algos dqn --seeds 0 1 2 3 4
144377    06:11:58 Rl+  1667  0.1 python -u experiments/run_highway_experiments.py --phase train --envs merge-v0 intersection-v0 --algos ppo --seeds 0 1 2 3 4
1 %, 0 %, 635 MiB, 32607 MiB
144214, python, 626 MiB
---
[2026-03-30 09:11:08]
   PID     ELAPSED STAT %CPU %MEM CMD
144214    06:13:05 Rl+  99.9  0.2 python -u experiments/run_highway_experiments.py --phase train --envs merge-v0 intersection-v0 --algos dqn --seeds 0 1 2 3 4
144377    06:12:58 Rl+  1667  0.1 python -u experiments/run_highway_experiments.py --phase train --envs merge-v0 intersection-v0 --algos ppo --seeds 0 1 2 3 4
1 %, 0 %, 635 MiB, 32607 MiB
144214, python, 626 MiB
---
[2026-03-30 09:12:08]
   PID     ELAPSED STAT %CPU %MEM CMD
144214    06:14:06 Rl+  99.9  0.2 python -u experiments/run_highway_experiments.py --phase train --envs merge-v0 intersection-v0 --algos dqn --seeds 0 1 2 3 4
144377    06:13:59 Rl+  1666  0.1 python -u experiments/run_highway_experiments.py --phase train --envs merge-v0 intersection-v0 --algos ppo --seeds 0 1 2 3 4
0 %, 0 %, 635 MiB, 32607 MiB
144214, python, 626 MiB
---
[2026-03-30 09:13:08]
   PID     ELAPSED STAT %CPU %MEM CMD
144214    06:15:06 Rl+  99.9  0.2 python -u experiments/run_highway_experiments.py --phase train --envs merge-v0 intersection-v0 --algos dqn --seeds 0 1 2 3 4
144377    06:14:59 Rl+  1665  0.1 python -u experiments/run_highway_experiments.py --phase train --envs merge-v0 intersection-v0 --algos ppo --seeds 0 1 2 3 4
1 %, 0 %, 635 MiB, 32607 MiB
144214, python, 626 MiB
---
[2026-03-30 09:14:08]
   PID     ELAPSED STAT %CPU %MEM CMD
144214    06:16:06 Rl+  99.8  0.2 python -u experiments/run_highway_experiments.py --phase train --envs merge-v0 intersection-v0 --algos dqn --seeds 0 1 2 3 4
144377    06:15:59 Rl+  1664  0.1 python -u experiments/run_highway_experiments.py --phase train --envs merge-v0 intersection-v0 --algos ppo --seeds 0 1 2 3 4
0 %, 0 %, 635 MiB, 32607 MiB
144214, python, 626 MiB
---
[2026-03-30 09:15:08]
   PID     ELAPSED STAT %CPU %MEM CMD
144214    06:17:06 Rl+  99.8  0.2 python -u experiments/run_highway_experiments.py --phase train --envs merge-v0 intersection-v0 --algos dqn --seeds 0 1 2 3 4
144377    06:16:59 Rl+  1663  0.1 python -u experiments/run_highway_experiments.py --phase train --envs merge-v0 intersection-v0 --algos ppo --seeds 0 1 2 3 4
1 %, 0 %, 635 MiB, 32607 MiB
144214, python, 626 MiB
---
[2026-03-30 09:16:09]
   PID     ELAPSED STAT %CPU %MEM CMD
144214    06:18:06 Rl+  99.7  0.2 python -u experiments/run_highway_experiments.py --phase train --envs merge-v0 intersection-v0 --algos dqn --seeds 0 1 2 3 4
144377    06:17:59 Rl+  1661  0.1 python -u experiments/run_highway_experiments.py --phase train --envs merge-v0 intersection-v0 --algos ppo --seeds 0 1 2 3 4
1 %, 0 %, 635 MiB, 32607 MiB
144214, python, 626 MiB
---
[2026-03-30 09:17:09]
   PID     ELAPSED STAT %CPU %MEM CMD
144214    06:19:07 Rl+  99.7  0.2 python -u experiments/run_highway_experiments.py --phase train --envs merge-v0 intersection-v0 --algos dqn --seeds 0 1 2 3 4
144377    06:19:00 Rl+  1661  0.1 python -u experiments/run_highway_experiments.py --phase train --envs merge-v0 intersection-v0 --algos ppo --seeds 0 1 2 3 4
1 %, 0 %, 635 MiB, 32607 MiB
144214, python, 626 MiB
---
[2026-03-30 09:18:09]
   PID     ELAPSED STAT %CPU %MEM CMD
144214    06:20:07 Rl+  99.7  0.2 python -u experiments/run_highway_experiments.py --phase train --envs merge-v0 intersection-v0 --algos dqn --seeds 0 1 2 3 4
144377    06:20:00 Rl+  1661  0.1 python -u experiments/run_highway_experiments.py --phase train --envs merge-v0 intersection-v0 --algos ppo --seeds 0 1 2 3 4
0 %, 0 %, 635 MiB, 32607 MiB
144214, python, 626 MiB
---
[2026-03-30 09:19:09]
   PID     ELAPSED STAT %CPU %MEM CMD
144214    06:21:07 Rl+  99.7  0.2 python -u experiments/run_highway_experiments.py --phase train --envs merge-v0 intersection-v0 --algos dqn --seeds 0 1 2 3 4
144377    06:21:00 Rl+  1661  0.1 python -u experiments/run_highway_experiments.py --phase train --envs merge-v0 intersection-v0 --algos ppo --seeds 0 1 2 3 4
1 %, 0 %, 635 MiB, 32607 MiB
144214, python, 626 MiB
---
[2026-03-30 09:20:09]
   PID     ELAPSED STAT %CPU %MEM CMD
144214    06:22:07 Rl+  99.7  0.2 python -u experiments/run_highway_experiments.py --phase train --envs merge-v0 intersection-v0 --algos dqn --seeds 0 1 2 3 4
144377    06:22:00 Rl+  1661  0.1 python -u experiments/run_highway_experiments.py --phase train --envs merge-v0 intersection-v0 --algos ppo --seeds 0 1 2 3 4
1 %, 0 %, 635 MiB, 32607 MiB
144214, python, 626 MiB
---
[2026-03-30 09:21:09]
   PID     ELAPSED STAT %CPU %MEM CMD
144214    06:23:07 Rl+  99.7  0.2 python -u experiments/run_highway_experiments.py --phase train --envs merge-v0 intersection-v0 --algos dqn --seeds 0 1 2 3 4
144377    06:23:00 Rl+  1661  0.1 python -u experiments/run_highway_experiments.py --phase train --envs merge-v0 intersection-v0 --algos ppo --seeds 0 1 2 3 4
1 %, 0 %, 635 MiB, 32607 MiB
144214, python, 626 MiB
---
[2026-03-30 09:22:10]
   PID     ELAPSED STAT %CPU %MEM CMD
144214    06:24:07 Rl+  99.7  0.2 python -u experiments/run_highway_experiments.py --phase train --envs merge-v0 intersection-v0 --algos dqn --seeds 0 1 2 3 4
144377    06:24:00 Rl+  1661  0.1 python -u experiments/run_highway_experiments.py --phase train --envs merge-v0 intersection-v0 --algos ppo --seeds 0 1 2 3 4
1 %, 0 %, 635 MiB, 32607 MiB
144214, python, 626 MiB
---
[2026-03-30 09:23:10]
   PID     ELAPSED STAT %CPU %MEM CMD
144214    06:25:08 Rl+  99.7  0.2 python -u experiments/run_highway_experiments.py --phase train --envs merge-v0 intersection-v0 --algos dqn --seeds 0 1 2 3 4
144377    06:25:01 Rl+  1661  0.1 python -u experiments/run_highway_experiments.py --phase train --envs merge-v0 intersection-v0 --algos ppo --seeds 0 1 2 3 4
1 %, 0 %, 635 MiB, 32607 MiB
144214, python, 626 MiB
---
[2026-03-30 09:24:10]
   PID     ELAPSED STAT %CPU %MEM CMD
144214    06:26:08 Rl+  99.7  0.2 python -u experiments/run_highway_experiments.py --phase train --envs merge-v0 intersection-v0 --algos dqn --seeds 0 1 2 3 4
144377    06:26:01 Rl+  1661  0.1 python -u experiments/run_highway_experiments.py --phase train --envs merge-v0 intersection-v0 --algos ppo --seeds 0 1 2 3 4
1 %, 0 %, 635 MiB, 32607 MiB
144214, python, 626 MiB
---
[2026-03-30 09:25:10]
   PID     ELAPSED STAT %CPU %MEM CMD
144214    06:27:08 Rl+  99.7  0.2 python -u experiments/run_highway_experiments.py --phase train --envs merge-v0 intersection-v0 --algos dqn --seeds 0 1 2 3 4
144377    06:27:01 Rl+  1661  0.1 python -u experiments/run_highway_experiments.py --phase train --envs merge-v0 intersection-v0 --algos ppo --seeds 0 1 2 3 4
1 %, 0 %, 635 MiB, 32607 MiB
144214, python, 626 MiB
---
[2026-03-30 09:26:10]
   PID     ELAPSED STAT %CPU %MEM CMD
144214    06:28:08 Rl+  99.7  0.2 python -u experiments/run_highway_experiments.py --phase train --envs merge-v0 intersection-v0 --algos dqn --seeds 0 1 2 3 4
144377    06:28:01 Rl+  1661  0.1 python -u experiments/run_highway_experiments.py --phase train --envs merge-v0 intersection-v0 --algos ppo --seeds 0 1 2 3 4
1 %, 0 %, 635 MiB, 32607 MiB
144214, python, 626 MiB
---
[2026-03-30 09:27:10]
   PID     ELAPSED STAT %CPU %MEM CMD
144214    06:29:08 Rl+  99.7  0.2 python -u experiments/run_highway_experiments.py --phase train --envs merge-v0 intersection-v0 --algos dqn --seeds 0 1 2 3 4
144377    06:29:01 Rl+  1661  0.1 python -u experiments/run_highway_experiments.py --phase train --envs merge-v0 intersection-v0 --algos ppo --seeds 0 1 2 3 4
1 %, 0 %, 635 MiB, 32607 MiB
144214, python, 626 MiB
---
[2026-03-30 09:28:11]
   PID     ELAPSED STAT %CPU %MEM CMD
144214    06:30:09 Rl+  99.7  0.2 python -u experiments/run_highway_experiments.py --phase train --envs merge-v0 intersection-v0 --algos dqn --seeds 0 1 2 3 4
144377    06:30:02 Rl+  1661  0.1 python -u experiments/run_highway_experiments.py --phase train --envs merge-v0 intersection-v0 --algos ppo --seeds 0 1 2 3 4
1 %, 0 %, 635 MiB, 32607 MiB
144214, python, 626 MiB
---
[2026-03-30 09:29:11]
   PID     ELAPSED STAT %CPU %MEM CMD
144214    06:31:09 Rl+  99.7  0.2 python -u experiments/run_highway_experiments.py --phase train --envs merge-v0 intersection-v0 --algos dqn --seeds 0 1 2 3 4
144377    06:31:02 Rl+  1661  0.1 python -u experiments/run_highway_experiments.py --phase train --envs merge-v0 intersection-v0 --algos ppo --seeds 0 1 2 3 4
1 %, 0 %, 635 MiB, 32607 MiB
144214, python, 626 MiB
---
[2026-03-30 09:30:11]
   PID     ELAPSED STAT %CPU %MEM CMD
144214    06:32:09 Rl+  99.7  0.2 python -u experiments/run_highway_experiments.py --phase train --envs merge-v0 intersection-v0 --algos dqn --seeds 0 1 2 3 4
144377    06:32:02 Rl+  1661  0.1 python -u experiments/run_highway_experiments.py --phase train --envs merge-v0 intersection-v0 --algos ppo --seeds 0 1 2 3 4
1 %, 0 %, 635 MiB, 32607 MiB
144214, python, 626 MiB
---
[2026-03-30 09:31:11]
   PID     ELAPSED STAT %CPU %MEM CMD
144214    06:33:09 Rl+  99.7  0.2 python -u experiments/run_highway_experiments.py --phase train --envs merge-v0 intersection-v0 --algos dqn --seeds 0 1 2 3 4
144377    06:33:02 Rl+  1661  0.1 python -u experiments/run_highway_experiments.py --phase train --envs merge-v0 intersection-v0 --algos ppo --seeds 0 1 2 3 4
1 %, 0 %, 635 MiB, 32607 MiB
144214, python, 626 MiB
---
[2026-03-30 09:32:11]
   PID     ELAPSED STAT %CPU %MEM CMD
144214    06:34:09 Rl+  99.7  0.2 python -u experiments/run_highway_experiments.py --phase train --envs merge-v0 intersection-v0 --algos dqn --seeds 0 1 2 3 4
144377    06:34:02 Rl+  1661  0.1 python -u experiments/run_highway_experiments.py --phase train --envs merge-v0 intersection-v0 --algos ppo --seeds 0 1 2 3 4
1 %, 0 %, 635 MiB, 32607 MiB
144214, python, 626 MiB
---
[2026-03-30 09:33:12]
   PID     ELAPSED STAT %CPU %MEM CMD
144214    06:35:09 Rl+  99.7  0.2 python -u experiments/run_highway_experiments.py --phase train --envs merge-v0 intersection-v0 --algos dqn --seeds 0 1 2 3 4
144377    06:35:02 Rl+  1661  0.1 python -u experiments/run_highway_experiments.py --phase train --envs merge-v0 intersection-v0 --algos ppo --seeds 0 1 2 3 4
1 %, 0 %, 635 MiB, 32607 MiB
144214, python, 626 MiB
---
[2026-03-30 09:34:12]
   PID     ELAPSED STAT %CPU %MEM CMD
144214    06:36:10 Rl+  99.7  0.2 python -u experiments/run_highway_experiments.py --phase train --envs merge-v0 intersection-v0 --algos dqn --seeds 0 1 2 3 4
144377    06:36:03 Rl+  1661  0.1 python -u experiments/run_highway_experiments.py --phase train --envs merge-v0 intersection-v0 --algos ppo --seeds 0 1 2 3 4
1 %, 0 %, 635 MiB, 32607 MiB
144214, python, 626 MiB
---
[2026-03-30 09:35:12]
   PID     ELAPSED STAT %CPU %MEM CMD
144214    06:37:10 Rl+  99.7  0.2 python -u experiments/run_highway_experiments.py --phase train --envs merge-v0 intersection-v0 --algos dqn --seeds 0 1 2 3 4
144377    06:37:03 Rl+  1661  0.1 python -u experiments/run_highway_experiments.py --phase train --envs merge-v0 intersection-v0 --algos ppo --seeds 0 1 2 3 4
1 %, 0 %, 635 MiB, 32607 MiB
144214, python, 626 MiB
---
[2026-03-30 09:36:12]
   PID     ELAPSED STAT %CPU %MEM CMD
144214    06:38:10 Rl+  99.7  0.2 python -u experiments/run_highway_experiments.py --phase train --envs merge-v0 intersection-v0 --algos dqn --seeds 0 1 2 3 4
144377    06:38:03 Rl+  1661  0.1 python -u experiments/run_highway_experiments.py --phase train --envs merge-v0 intersection-v0 --algos ppo --seeds 0 1 2 3 4
1 %, 0 %, 635 MiB, 32607 MiB
144214, python, 626 MiB
---
[2026-03-30 09:37:12]
   PID     ELAPSED STAT %CPU %MEM CMD
144214    06:39:10 Rl+  99.7  0.2 python -u experiments/run_highway_experiments.py --phase train --envs merge-v0 intersection-v0 --algos dqn --seeds 0 1 2 3 4
144377    06:39:03 Rl+  1661  0.1 python -u experiments/run_highway_experiments.py --phase train --envs merge-v0 intersection-v0 --algos ppo --seeds 0 1 2 3 4
1 %, 0 %, 635 MiB, 32607 MiB
144214, python, 626 MiB
---
[2026-03-30 09:38:12]
   PID     ELAPSED STAT %CPU %MEM CMD
144214    06:40:10 Rl+  99.7  0.2 python -u experiments/run_highway_experiments.py --phase train --envs merge-v0 intersection-v0 --algos dqn --seeds 0 1 2 3 4
144377    06:40:03 Rl+  1660  0.1 python -u experiments/run_highway_experiments.py --phase train --envs merge-v0 intersection-v0 --algos ppo --seeds 0 1 2 3 4
1 %, 0 %, 635 MiB, 32607 MiB
144214, python, 626 MiB
---
[2026-03-30 09:39:13]
   PID     ELAPSED STAT %CPU %MEM CMD
144214    06:41:11 Rl+  99.7  0.2 python -u experiments/run_highway_experiments.py --phase train --envs merge-v0 intersection-v0 --algos dqn --seeds 0 1 2 3 4
144377    06:41:04 Rl+  1660  0.1 python -u experiments/run_highway_experiments.py --phase train --envs merge-v0 intersection-v0 --algos ppo --seeds 0 1 2 3 4
1 %, 0 %, 635 MiB, 32607 MiB
144214, python, 626 MiB
---
[2026-03-30 09:40:13]
   PID     ELAPSED STAT %CPU %MEM CMD
144214    06:42:11 Rl+  99.7  0.2 python -u experiments/run_highway_experiments.py --phase train --envs merge-v0 intersection-v0 --algos dqn --seeds 0 1 2 3 4
144377    06:42:04 Rl+  1660  0.1 python -u experiments/run_highway_experiments.py --phase train --envs merge-v0 intersection-v0 --algos ppo --seeds 0 1 2 3 4
1 %, 0 %, 635 MiB, 32607 MiB
144214, python, 626 MiB
---
[2026-03-30 09:41:13]
   PID     ELAPSED STAT %CPU %MEM CMD
144214    06:43:11 Rl+  99.7  0.2 python -u experiments/run_highway_experiments.py --phase train --envs merge-v0 intersection-v0 --algos dqn --seeds 0 1 2 3 4
144377    06:43:04 Rl+  1660  0.1 python -u experiments/run_highway_experiments.py --phase train --envs merge-v0 intersection-v0 --algos ppo --seeds 0 1 2 3 4
1 %, 0 %, 635 MiB, 32607 MiB
144214, python, 626 MiB
---
[2026-03-30 09:42:13]
   PID     ELAPSED STAT %CPU %MEM CMD
144214    06:44:11 Rl+  99.7  0.2 python -u experiments/run_highway_experiments.py --phase train --envs merge-v0 intersection-v0 --algos dqn --seeds 0 1 2 3 4
144377    06:44:04 Rl+  1660  0.1 python -u experiments/run_highway_experiments.py --phase train --envs merge-v0 intersection-v0 --algos ppo --seeds 0 1 2 3 4
1 %, 0 %, 635 MiB, 32607 MiB
144214, python, 626 MiB
---
[2026-03-30 09:43:13]
   PID     ELAPSED STAT %CPU %MEM CMD
144214    06:45:11 Rl+  99.7  0.2 python -u experiments/run_highway_experiments.py --phase train --envs merge-v0 intersection-v0 --algos dqn --seeds 0 1 2 3 4
144377    06:45:04 Rl+  1660  0.1 python -u experiments/run_highway_experiments.py --phase train --envs merge-v0 intersection-v0 --algos ppo --seeds 0 1 2 3 4
1 %, 0 %, 635 MiB, 32607 MiB
144214, python, 626 MiB
---
[2026-03-30 09:44:14]
   PID     ELAPSED STAT %CPU %MEM CMD
144214    06:46:11 Rl+  99.7  0.2 python -u experiments/run_highway_experiments.py --phase train --envs merge-v0 intersection-v0 --algos dqn --seeds 0 1 2 3 4
144377    06:46:04 Rl+  1660  0.1 python -u experiments/run_highway_experiments.py --phase train --envs merge-v0 intersection-v0 --algos ppo --seeds 0 1 2 3 4
1 %, 0 %, 635 MiB, 32607 MiB
144214, python, 626 MiB
---
[2026-03-30 09:45:14]
   PID     ELAPSED STAT %CPU %MEM CMD
144214    06:47:12 Rl+  99.7  0.2 python -u experiments/run_highway_experiments.py --phase train --envs merge-v0 intersection-v0 --algos dqn --seeds 0 1 2 3 4
144377    06:47:05 Rl+  1660  0.1 python -u experiments/run_highway_experiments.py --phase train --envs merge-v0 intersection-v0 --algos ppo --seeds 0 1 2 3 4
1 %, 0 %, 635 MiB, 32607 MiB
144214, python, 626 MiB
---
[2026-03-30 09:46:14]
   PID     ELAPSED STAT %CPU %MEM CMD
144214    06:48:12 Rl+  99.7  0.2 python -u experiments/run_highway_experiments.py --phase train --envs merge-v0 intersection-v0 --algos dqn --seeds 0 1 2 3 4
144377    06:48:05 Rl+  1660  0.1 python -u experiments/run_highway_experiments.py --phase train --envs merge-v0 intersection-v0 --algos ppo --seeds 0 1 2 3 4
1 %, 0 %, 635 MiB, 32607 MiB
144214, python, 626 MiB
---
[2026-03-30 09:47:14]
   PID     ELAPSED STAT %CPU %MEM CMD
144214    06:49:12 Rl+  99.7  0.2 python -u experiments/run_highway_experiments.py --phase train --envs merge-v0 intersection-v0 --algos dqn --seeds 0 1 2 3 4
144377    06:49:05 Rl+  1660  0.1 python -u experiments/run_highway_experiments.py --phase train --envs merge-v0 intersection-v0 --algos ppo --seeds 0 1 2 3 4
1 %, 0 %, 635 MiB, 32607 MiB
144214, python, 626 MiB
---
[2026-03-30 09:48:14]
   PID     ELAPSED STAT %CPU %MEM CMD
144214    06:50:12 Rl+  99.7  0.2 python -u experiments/run_highway_experiments.py --phase train --envs merge-v0 intersection-v0 --algos dqn --seeds 0 1 2 3 4
144377    06:50:05 Rl+  1660  0.1 python -u experiments/run_highway_experiments.py --phase train --envs merge-v0 intersection-v0 --algos ppo --seeds 0 1 2 3 4
1 %, 0 %, 635 MiB, 32607 MiB
144214, python, 626 MiB
---
[2026-03-30 09:49:15]
   PID     ELAPSED STAT %CPU %MEM CMD
144214    06:51:12 Rl+  99.7  0.2 python -u experiments/run_highway_experiments.py --phase train --envs merge-v0 intersection-v0 --algos dqn --seeds 0 1 2 3 4
144377    06:51:05 Rl+  1660  0.1 python -u experiments/run_highway_experiments.py --phase train --envs merge-v0 intersection-v0 --algos ppo --seeds 0 1 2 3 4
1 %, 0 %, 635 MiB, 32607 MiB
144214, python, 626 MiB
---
[2026-03-30 09:50:15]
   PID     ELAPSED STAT %CPU %MEM CMD
144214    06:52:13 Rl+  99.7  0.2 python -u experiments/run_highway_experiments.py --phase train --envs merge-v0 intersection-v0 --algos dqn --seeds 0 1 2 3 4
144377    06:52:06 Rl+  1660  0.1 python -u experiments/run_highway_experiments.py --phase train --envs merge-v0 intersection-v0 --algos ppo --seeds 0 1 2 3 4
1 %, 0 %, 635 MiB, 32607 MiB
144214, python, 626 MiB
---
[2026-03-30 09:51:15]
   PID     ELAPSED STAT %CPU %MEM CMD
144214    06:53:13 Rl+  99.7  0.2 python -u experiments/run_highway_experiments.py --phase train --envs merge-v0 intersection-v0 --algos dqn --seeds 0 1 2 3 4
144377    06:53:06 Rl+  1660  0.1 python -u experiments/run_highway_experiments.py --phase train --envs merge-v0 intersection-v0 --algos ppo --seeds 0 1 2 3 4
1 %, 0 %, 635 MiB, 32607 MiB
144214, python, 626 MiB
---
[2026-03-30 09:52:15]
   PID     ELAPSED STAT %CPU %MEM CMD
144214    06:54:13 Rl+  99.7  0.2 python -u experiments/run_highway_experiments.py --phase train --envs merge-v0 intersection-v0 --algos dqn --seeds 0 1 2 3 4
144377    06:54:06 Rl+  1660  0.1 python -u experiments/run_highway_experiments.py --phase train --envs merge-v0 intersection-v0 --algos ppo --seeds 0 1 2 3 4
1 %, 0 %, 635 MiB, 32607 MiB
144214, python, 626 MiB
---
[2026-03-30 09:53:15]
   PID     ELAPSED STAT %CPU %MEM CMD
144214    06:55:13 Rl+  99.7  0.2 python -u experiments/run_highway_experiments.py --phase train --envs merge-v0 intersection-v0 --algos dqn --seeds 0 1 2 3 4
144377    06:55:06 Rl+  1660  0.1 python -u experiments/run_highway_experiments.py --phase train --envs merge-v0 intersection-v0 --algos ppo --seeds 0 1 2 3 4
1 %, 0 %, 635 MiB, 32607 MiB
144214, python, 626 MiB
---
[2026-03-30 09:54:15]
   PID     ELAPSED STAT %CPU %MEM CMD
144214    06:56:13 Rl+  99.7  0.2 python -u experiments/run_highway_experiments.py --phase train --envs merge-v0 intersection-v0 --algos dqn --seeds 0 1 2 3 4
144377    06:56:06 Rl+  1660  0.1 python -u experiments/run_highway_experiments.py --phase train --envs merge-v0 intersection-v0 --algos ppo --seeds 0 1 2 3 4
1 %, 0 %, 635 MiB, 32607 MiB
144214, python, 626 MiB
---
[2026-03-30 09:55:16]
   PID     ELAPSED STAT %CPU %MEM CMD
144214    06:57:13 Rl+  99.7  0.2 python -u experiments/run_highway_experiments.py --phase train --envs merge-v0 intersection-v0 --algos dqn --seeds 0 1 2 3 4
144377    06:57:06 Rl+  1660  0.1 python -u experiments/run_highway_experiments.py --phase train --envs merge-v0 intersection-v0 --algos ppo --seeds 0 1 2 3 4
1 %, 0 %, 635 MiB, 32607 MiB
144214, python, 626 MiB
---
[2026-03-30 09:56:16]
   PID     ELAPSED STAT %CPU %MEM CMD
144214    06:58:14 Rl+  99.7  0.2 python -u experiments/run_highway_experiments.py --phase train --envs merge-v0 intersection-v0 --algos dqn --seeds 0 1 2 3 4
144377    06:58:07 Rl+  1660  0.1 python -u experiments/run_highway_experiments.py --phase train --envs merge-v0 intersection-v0 --algos ppo --seeds 0 1 2 3 4
1 %, 0 %, 635 MiB, 32607 MiB
144214, python, 626 MiB
---
[2026-03-30 09:57:16]
   PID     ELAPSED STAT %CPU %MEM CMD
144214    06:59:14 Rl+  99.7  0.2 python -u experiments/run_highway_experiments.py --phase train --envs merge-v0 intersection-v0 --algos dqn --seeds 0 1 2 3 4
144377    06:59:07 Rl+  1660  0.1 python -u experiments/run_highway_experiments.py --phase train --envs merge-v0 intersection-v0 --algos ppo --seeds 0 1 2 3 4
1 %, 0 %, 635 MiB, 32607 MiB
144214, python, 626 MiB
---
[2026-03-30 09:58:16]
   PID     ELAPSED STAT %CPU %MEM CMD
144214    07:00:14 Rl+  99.7  0.2 python -u experiments/run_highway_experiments.py --phase train --envs merge-v0 intersection-v0 --algos dqn --seeds 0 1 2 3 4
144377    07:00:07 Rl+  1660  0.1 python -u experiments/run_highway_experiments.py --phase train --envs merge-v0 intersection-v0 --algos ppo --seeds 0 1 2 3 4
1 %, 0 %, 635 MiB, 32607 MiB
144214, python, 626 MiB
---
[2026-03-30 09:59:16]
   PID     ELAPSED STAT %CPU %MEM CMD
144214    07:01:14 Rl+  99.7  0.2 python -u experiments/run_highway_experiments.py --phase train --envs merge-v0 intersection-v0 --algos dqn --seeds 0 1 2 3 4
144377    07:01:07 Rl+  1660  0.1 python -u experiments/run_highway_experiments.py --phase train --envs merge-v0 intersection-v0 --algos ppo --seeds 0 1 2 3 4
1 %, 0 %, 635 MiB, 32607 MiB
144214, python, 626 MiB
---
[2026-03-30 10:00:16]
   PID     ELAPSED STAT %CPU %MEM CMD
144214    07:02:14 Rl+  99.7  0.2 python -u experiments/run_highway_experiments.py --phase train --envs merge-v0 intersection-v0 --algos dqn --seeds 0 1 2 3 4
144377    07:02:07 Rl+  1660  0.1 python -u experiments/run_highway_experiments.py --phase train --envs merge-v0 intersection-v0 --algos ppo --seeds 0 1 2 3 4
1 %, 0 %, 635 MiB, 32607 MiB
144214, python, 626 MiB
---
[2026-03-30 10:01:17]
   PID     ELAPSED STAT %CPU %MEM CMD
144214    07:03:15 Rl+  99.7  0.2 python -u experiments/run_highway_experiments.py --phase train --envs merge-v0 intersection-v0 --algos dqn --seeds 0 1 2 3 4
144377    07:03:08 Rl+  1660  0.1 python -u experiments/run_highway_experiments.py --phase train --envs merge-v0 intersection-v0 --algos ppo --seeds 0 1 2 3 4
1 %, 0 %, 635 MiB, 32607 MiB
144214, python, 626 MiB
---
[2026-03-30 10:02:17]
   PID     ELAPSED STAT %CPU %MEM CMD
144214    07:04:15 Rl+  99.7  0.2 python -u experiments/run_highway_experiments.py --phase train --envs merge-v0 intersection-v0 --algos dqn --seeds 0 1 2 3 4
144377    07:04:08 Rl+  1660  0.1 python -u experiments/run_highway_experiments.py --phase train --envs merge-v0 intersection-v0 --algos ppo --seeds 0 1 2 3 4
1 %, 0 %, 635 MiB, 32607 MiB
144214, python, 626 MiB
---
[2026-03-30 10:03:17]
   PID     ELAPSED STAT %CPU %MEM CMD
144214    07:05:15 Rl+  99.7  0.2 python -u experiments/run_highway_experiments.py --phase train --envs merge-v0 intersection-v0 --algos dqn --seeds 0 1 2 3 4
144377    07:05:08 Rl+  1660  0.1 python -u experiments/run_highway_experiments.py --phase train --envs merge-v0 intersection-v0 --algos ppo --seeds 0 1 2 3 4
1 %, 0 %, 635 MiB, 32607 MiB
144214, python, 626 MiB
---
[2026-03-30 10:04:17]
   PID     ELAPSED STAT %CPU %MEM CMD
144214    07:06:15 Rl+  99.7  0.2 python -u experiments/run_highway_experiments.py --phase train --envs merge-v0 intersection-v0 --algos dqn --seeds 0 1 2 3 4
144377    07:06:08 Rl+  1660  0.1 python -u experiments/run_highway_experiments.py --phase train --envs merge-v0 intersection-v0 --algos ppo --seeds 0 1 2 3 4
1 %, 0 %, 635 MiB, 32607 MiB
144214, python, 626 MiB
---
[2026-03-30 10:05:17]
   PID     ELAPSED STAT %CPU %MEM CMD
144214    07:07:15 Rl+  99.7  0.2 python -u experiments/run_highway_experiments.py --phase train --envs merge-v0 intersection-v0 --algos dqn --seeds 0 1 2 3 4
144377    07:07:08 Rl+  1660  0.1 python -u experiments/run_highway_experiments.py --phase train --envs merge-v0 intersection-v0 --algos ppo --seeds 0 1 2 3 4
1 %, 0 %, 635 MiB, 32607 MiB
144214, python, 626 MiB
---
[2026-03-30 10:06:17]
   PID     ELAPSED STAT %CPU %MEM CMD
144214    07:08:15 Rl+  99.7  0.2 python -u experiments/run_highway_experiments.py --phase train --envs merge-v0 intersection-v0 --algos dqn --seeds 0 1 2 3 4
144377    07:08:08 Rl+  1660  0.1 python -u experiments/run_highway_experiments.py --phase train --envs merge-v0 intersection-v0 --algos ppo --seeds 0 1 2 3 4
1 %, 0 %, 635 MiB, 32607 MiB
144214, python, 626 MiB
---
[2026-03-30 10:07:18]
   PID     ELAPSED STAT %CPU %MEM CMD
144214    07:09:16 Rl+  99.7  0.2 python -u experiments/run_highway_experiments.py --phase train --envs merge-v0 intersection-v0 --algos dqn --seeds 0 1 2 3 4
144377    07:09:09 Rl+  1660  0.1 python -u experiments/run_highway_experiments.py --phase train --envs merge-v0 intersection-v0 --algos ppo --seeds 0 1 2 3 4
1 %, 0 %, 635 MiB, 32607 MiB
144214, python, 626 MiB
---
[2026-03-30 10:08:18]
   PID     ELAPSED STAT %CPU %MEM CMD
144214    07:10:16 Rl+  99.7  0.2 python -u experiments/run_highway_experiments.py --phase train --envs merge-v0 intersection-v0 --algos dqn --seeds 0 1 2 3 4
144377    07:10:09 Rl+  1660  0.1 python -u experiments/run_highway_experiments.py --phase train --envs merge-v0 intersection-v0 --algos ppo --seeds 0 1 2 3 4
1 %, 0 %, 635 MiB, 32607 MiB
144214, python, 626 MiB
---
[2026-03-30 10:09:18]
   PID     ELAPSED STAT %CPU %MEM CMD
144214    07:11:16 Rl+  99.7  0.2 python -u experiments/run_highway_experiments.py --phase train --envs merge-v0 intersection-v0 --algos dqn --seeds 0 1 2 3 4
144377    07:11:09 Rl+  1660  0.1 python -u experiments/run_highway_experiments.py --phase train --envs merge-v0 intersection-v0 --algos ppo --seeds 0 1 2 3 4
1 %, 0 %, 635 MiB, 32607 MiB
144214, python, 626 MiB
---
[2026-03-30 10:10:18]
   PID     ELAPSED STAT %CPU %MEM CMD
144214    07:12:16 Rl+  99.7  0.2 python -u experiments/run_highway_experiments.py --phase train --envs merge-v0 intersection-v0 --algos dqn --seeds 0 1 2 3 4
144377    07:12:09 Rl+  1660  0.1 python -u experiments/run_highway_experiments.py --phase train --envs merge-v0 intersection-v0 --algos ppo --seeds 0 1 2 3 4
1 %, 0 %, 635 MiB, 32607 MiB
144214, python, 626 MiB
---
[2026-03-30 10:11:18]
   PID     ELAPSED STAT %CPU %MEM CMD
144214    07:13:16 Rl+  99.7  0.2 python -u experiments/run_highway_experiments.py --phase train --envs merge-v0 intersection-v0 --algos dqn --seeds 0 1 2 3 4
144377    07:13:09 Rl+  1660  0.1 python -u experiments/run_highway_experiments.py --phase train --envs merge-v0 intersection-v0 --algos ppo --seeds 0 1 2 3 4
1 %, 0 %, 635 MiB, 32607 MiB
144214, python, 626 MiB
---
[2026-03-30 10:12:18]
   PID     ELAPSED STAT %CPU %MEM CMD
144214    07:14:16 Rl+  99.8  0.2 python -u experiments/run_highway_experiments.py --phase train --envs merge-v0 intersection-v0 --algos dqn --seeds 0 1 2 3 4
144377    07:14:09 Rl+  1660  0.1 python -u experiments/run_highway_experiments.py --phase train --envs merge-v0 intersection-v0 --algos ppo --seeds 0 1 2 3 4
1 %, 0 %, 635 MiB, 32607 MiB
144214, python, 626 MiB
---
[2026-03-30 10:13:19]
   PID     ELAPSED STAT %CPU %MEM CMD
144214    07:15:17 Rl+  99.7  0.2 python -u experiments/run_highway_experiments.py --phase train --envs merge-v0 intersection-v0 --algos dqn --seeds 0 1 2 3 4
144377    07:15:10 Rl+  1660  0.1 python -u experiments/run_highway_experiments.py --phase train --envs merge-v0 intersection-v0 --algos ppo --seeds 0 1 2 3 4
1 %, 0 %, 635 MiB, 32607 MiB
144214, python, 626 MiB
---
[2026-03-30 10:14:19]
   PID     ELAPSED STAT %CPU %MEM CMD
144214    07:16:17 Rl+  99.7  0.2 python -u experiments/run_highway_experiments.py --phase train --envs merge-v0 intersection-v0 --algos dqn --seeds 0 1 2 3 4
144377    07:16:10 Rl+  1660  0.1 python -u experiments/run_highway_experiments.py --phase train --envs merge-v0 intersection-v0 --algos ppo --seeds 0 1 2 3 4
1 %, 0 %, 635 MiB, 32607 MiB
144214, python, 626 MiB
---
[2026-03-30 10:15:19]
   PID     ELAPSED STAT %CPU %MEM CMD
144214    07:17:17 Rl+  99.7  0.2 python -u experiments/run_highway_experiments.py --phase train --envs merge-v0 intersection-v0 --algos dqn --seeds 0 1 2 3 4
144377    07:17:10 Rl+  1660  0.1 python -u experiments/run_highway_experiments.py --phase train --envs merge-v0 intersection-v0 --algos ppo --seeds 0 1 2 3 4
1 %, 0 %, 635 MiB, 32607 MiB
144214, python, 626 MiB
---
[2026-03-30 10:16:19]
   PID     ELAPSED STAT %CPU %MEM CMD
144214    07:18:17 Rl+  99.8  0.2 python -u experiments/run_highway_experiments.py --phase train --envs merge-v0 intersection-v0 --algos dqn --seeds 0 1 2 3 4
144377    07:18:10 Rl+  1660  0.1 python -u experiments/run_highway_experiments.py --phase train --envs merge-v0 intersection-v0 --algos ppo --seeds 0 1 2 3 4
1 %, 0 %, 635 MiB, 32607 MiB
144214, python, 626 MiB
---
[2026-03-30 10:17:19]
   PID     ELAPSED STAT %CPU %MEM CMD
144214    07:19:17 Rl+  99.8  0.2 python -u experiments/run_highway_experiments.py --phase train --envs merge-v0 intersection-v0 --algos dqn --seeds 0 1 2 3 4
144377    07:19:10 Rl+  1660  0.1 python -u experiments/run_highway_experiments.py --phase train --envs merge-v0 intersection-v0 --algos ppo --seeds 0 1 2 3 4
1 %, 0 %, 635 MiB, 32607 MiB
144214, python, 626 MiB
---
[2026-03-30 10:18:20]
   PID     ELAPSED STAT %CPU %MEM CMD
144214    07:20:17 Rl+  99.8  0.2 python -u experiments/run_highway_experiments.py --phase train --envs merge-v0 intersection-v0 --algos dqn --seeds 0 1 2 3 4
144377    07:20:10 Rl+  1660  0.1 python -u experiments/run_highway_experiments.py --phase train --envs merge-v0 intersection-v0 --algos ppo --seeds 0 1 2 3 4
1 %, 0 %, 635 MiB, 32607 MiB
144214, python, 626 MiB
---
[2026-03-30 10:19:20]
   PID     ELAPSED STAT %CPU %MEM CMD
144214    07:21:18 Rl+  99.8  0.2 python -u experiments/run_highway_experiments.py --phase train --envs merge-v0 intersection-v0 --algos dqn --seeds 0 1 2 3 4
144377    07:21:11 Rl+  1660  0.1 python -u experiments/run_highway_experiments.py --phase train --envs merge-v0 intersection-v0 --algos ppo --seeds 0 1 2 3 4
1 %, 0 %, 635 MiB, 32607 MiB
144214, python, 626 MiB
---
[2026-03-30 10:20:20]
   PID     ELAPSED STAT %CPU %MEM CMD
144214    07:22:18 Rl+  99.8  0.2 python -u experiments/run_highway_experiments.py --phase train --envs merge-v0 intersection-v0 --algos dqn --seeds 0 1 2 3 4
144377    07:22:11 Rl+  1660  0.1 python -u experiments/run_highway_experiments.py --phase train --envs merge-v0 intersection-v0 --algos ppo --seeds 0 1 2 3 4
1 %, 0 %, 635 MiB, 32607 MiB
144214, python, 626 MiB
---
[2026-03-30 10:21:20]
   PID     ELAPSED STAT %CPU %MEM CMD
144214    07:23:18 Rl+  99.8  0.2 python -u experiments/run_highway_experiments.py --phase train --envs merge-v0 intersection-v0 --algos dqn --seeds 0 1 2 3 4
144377    07:23:11 Rl+  1660  0.1 python -u experiments/run_highway_experiments.py --phase train --envs merge-v0 intersection-v0 --algos ppo --seeds 0 1 2 3 4
1 %, 0 %, 635 MiB, 32607 MiB
144214, python, 626 MiB
---
[2026-03-30 10:22:20]
   PID     ELAPSED STAT %CPU %MEM CMD
144214    07:24:18 Rl+  99.8  0.2 python -u experiments/run_highway_experiments.py --phase train --envs merge-v0 intersection-v0 --algos dqn --seeds 0 1 2 3 4
144377    07:24:11 Rl+  1659  0.1 python -u experiments/run_highway_experiments.py --phase train --envs merge-v0 intersection-v0 --algos ppo --seeds 0 1 2 3 4
1 %, 0 %, 635 MiB, 32607 MiB
144214, python, 626 MiB
---
[2026-03-30 10:23:20]
   PID     ELAPSED STAT %CPU %MEM CMD
144214    07:25:18 Rl+  99.8  0.2 python -u experiments/run_highway_experiments.py --phase train --envs merge-v0 intersection-v0 --algos dqn --seeds 0 1 2 3 4
144377    07:25:11 Rl+  1659  0.1 python -u experiments/run_highway_experiments.py --phase train --envs merge-v0 intersection-v0 --algos ppo --seeds 0 1 2 3 4
1 %, 0 %, 635 MiB, 32607 MiB
144214, python, 626 MiB
---
[2026-03-30 10:24:20]
   PID     ELAPSED STAT %CPU %MEM CMD
144214    07:26:18 Rl+  99.8  0.2 python -u experiments/run_highway_experiments.py --phase train --envs merge-v0 intersection-v0 --algos dqn --seeds 0 1 2 3 4
144377    07:26:11 Rl+  1659  0.1 python -u experiments/run_highway_experiments.py --phase train --envs merge-v0 intersection-v0 --algos ppo --seeds 0 1 2 3 4
1 %, 0 %, 635 MiB, 32607 MiB
144214, python, 626 MiB
---
[2026-03-30 10:25:21]
   PID     ELAPSED STAT %CPU %MEM CMD
144214    07:27:19 Rl+  99.8  0.2 python -u experiments/run_highway_experiments.py --phase train --envs merge-v0 intersection-v0 --algos dqn --seeds 0 1 2 3 4
144377    07:27:12 Rl+  1659  0.1 python -u experiments/run_highway_experiments.py --phase train --envs merge-v0 intersection-v0 --algos ppo --seeds 0 1 2 3 4
1 %, 0 %, 635 MiB, 32607 MiB
144214, python, 626 MiB
---
[2026-03-30 10:26:21]
   PID     ELAPSED STAT %CPU %MEM CMD
144214    07:28:19 Rl+  99.8  0.2 python -u experiments/run_highway_experiments.py --phase train --envs merge-v0 intersection-v0 --algos dqn --seeds 0 1 2 3 4
144377    07:28:12 Rl+  1659  0.1 python -u experiments/run_highway_experiments.py --phase train --envs merge-v0 intersection-v0 --algos ppo --seeds 0 1 2 3 4
1 %, 0 %, 635 MiB, 32607 MiB
144214, python, 626 MiB
---
[2026-03-30 10:27:21]
   PID     ELAPSED STAT %CPU %MEM CMD
144214    07:29:19 Rl+  99.8  0.2 python -u experiments/run_highway_experiments.py --phase train --envs merge-v0 intersection-v0 --algos dqn --seeds 0 1 2 3 4
144377    07:29:12 Rl+  1659  0.1 python -u experiments/run_highway_experiments.py --phase train --envs merge-v0 intersection-v0 --algos ppo --seeds 0 1 2 3 4
1 %, 0 %, 635 MiB, 32607 MiB
144214, python, 626 MiB
---
[2026-03-30 10:28:21]
   PID     ELAPSED STAT %CPU %MEM CMD
144214    07:30:19 Rl+  99.8  0.2 python -u experiments/run_highway_experiments.py --phase train --envs merge-v0 intersection-v0 --algos dqn --seeds 0 1 2 3 4
144377    07:30:12 Rl+  1659  0.1 python -u experiments/run_highway_experiments.py --phase train --envs merge-v0 intersection-v0 --algos ppo --seeds 0 1 2 3 4
1 %, 0 %, 635 MiB, 32607 MiB
144214, python, 626 MiB
---
[2026-03-30 10:29:21]
   PID     ELAPSED STAT %CPU %MEM CMD
144214    07:31:19 Rl+  99.8  0.2 python -u experiments/run_highway_experiments.py --phase train --envs merge-v0 intersection-v0 --algos dqn --seeds 0 1 2 3 4
144377    07:31:12 Rl+  1659  0.1 python -u experiments/run_highway_experiments.py --phase train --envs merge-v0 intersection-v0 --algos ppo --seeds 0 1 2 3 4
1 %, 0 %, 635 MiB, 32607 MiB
144214, python, 626 MiB
---
[2026-03-30 10:30:22]
   PID     ELAPSED STAT %CPU %MEM CMD
144214    07:32:19 Rl+  99.8  0.2 python -u experiments/run_highway_experiments.py --phase train --envs merge-v0 intersection-v0 --algos dqn --seeds 0 1 2 3 4
144377    07:32:12 Rl+  1659  0.1 python -u experiments/run_highway_experiments.py --phase train --envs merge-v0 intersection-v0 --algos ppo --seeds 0 1 2 3 4
1 %, 0 %, 635 MiB, 32607 MiB
144214, python, 626 MiB
---
[2026-03-30 10:31:22]
   PID     ELAPSED STAT %CPU %MEM CMD
144214    07:33:20 Rl+  99.8  0.2 python -u experiments/run_highway_experiments.py --phase train --envs merge-v0 intersection-v0 --algos dqn --seeds 0 1 2 3 4
144377    07:33:13 Rl+  1659  0.1 python -u experiments/run_highway_experiments.py --phase train --envs merge-v0 intersection-v0 --algos ppo --seeds 0 1 2 3 4
1 %, 0 %, 635 MiB, 32607 MiB
144214, python, 626 MiB
---
[2026-03-30 10:32:22]
   PID     ELAPSED STAT %CPU %MEM CMD
144214    07:34:20 Rl+  99.8  0.2 python -u experiments/run_highway_experiments.py --phase train --envs merge-v0 intersection-v0 --algos dqn --seeds 0 1 2 3 4
144377    07:34:13 Rl+  1659  0.1 python -u experiments/run_highway_experiments.py --phase train --envs merge-v0 intersection-v0 --algos ppo --seeds 0 1 2 3 4
1 %, 0 %, 635 MiB, 32607 MiB
144214, python, 626 MiB
---
[2026-03-30 10:33:22]
   PID     ELAPSED STAT %CPU %MEM CMD
144214    07:35:20 Rl+  99.8  0.2 python -u experiments/run_highway_experiments.py --phase train --envs merge-v0 intersection-v0 --algos dqn --seeds 0 1 2 3 4
144377    07:35:13 Rl+  1659  0.1 python -u experiments/run_highway_experiments.py --phase train --envs merge-v0 intersection-v0 --algos ppo --seeds 0 1 2 3 4
1 %, 0 %, 635 MiB, 32607 MiB
144214, python, 626 MiB
---
[2026-03-30 10:34:22]
   PID     ELAPSED STAT %CPU %MEM CMD
144214    07:36:20 Rl+  99.8  0.2 python -u experiments/run_highway_experiments.py --phase train --envs merge-v0 intersection-v0 --algos dqn --seeds 0 1 2 3 4
144377    07:36:13 Rl+  1659  0.1 python -u experiments/run_highway_experiments.py --phase train --envs merge-v0 intersection-v0 --algos ppo --seeds 0 1 2 3 4
1 %, 0 %, 635 MiB, 32607 MiB
144214, python, 626 MiB
---
[2026-03-30 10:35:22]
   PID     ELAPSED STAT %CPU %MEM CMD
144214    07:37:20 Rl+  99.8  0.2 python -u experiments/run_highway_experiments.py --phase train --envs merge-v0 intersection-v0 --algos dqn --seeds 0 1 2 3 4
144377    07:37:13 Rl+  1659  0.1 python -u experiments/run_highway_experiments.py --phase train --envs merge-v0 intersection-v0 --algos ppo --seeds 0 1 2 3 4
1 %, 0 %, 635 MiB, 32607 MiB
144214, python, 626 MiB
---
[2026-03-30 10:36:23]
   PID     ELAPSED STAT %CPU %MEM CMD
144214    07:38:21 Rl+  99.8  0.2 python -u experiments/run_highway_experiments.py --phase train --envs merge-v0 intersection-v0 --algos dqn --seeds 0 1 2 3 4
144377    07:38:14 Rl+  1659  0.1 python -u experiments/run_highway_experiments.py --phase train --envs merge-v0 intersection-v0 --algos ppo --seeds 0 1 2 3 4
1 %, 0 %, 635 MiB, 32607 MiB
144214, python, 626 MiB
---
[2026-03-30 10:37:23]
   PID     ELAPSED STAT %CPU %MEM CMD
144214    07:39:21 Rl+  99.8  0.2 python -u experiments/run_highway_experiments.py --phase train --envs merge-v0 intersection-v0 --algos dqn --seeds 0 1 2 3 4
144377    07:39:14 Rl+  1659  0.1 python -u experiments/run_highway_experiments.py --phase train --envs merge-v0 intersection-v0 --algos ppo --seeds 0 1 2 3 4
1 %, 0 %, 635 MiB, 32607 MiB
144214, python, 626 MiB
---
[2026-03-30 10:38:23]
   PID     ELAPSED STAT %CPU %MEM CMD
144214    07:40:21 Rl+  99.8  0.2 python -u experiments/run_highway_experiments.py --phase train --envs merge-v0 intersection-v0 --algos dqn --seeds 0 1 2 3 4
144377    07:40:14 Rl+  1659  0.1 python -u experiments/run_highway_experiments.py --phase train --envs merge-v0 intersection-v0 --algos ppo --seeds 0 1 2 3 4
1 %, 0 %, 635 MiB, 32607 MiB
144214, python, 626 MiB
---
[2026-03-30 10:39:23]
   PID     ELAPSED STAT %CPU %MEM CMD
144214    07:41:21 Rl+  99.8  0.2 python -u experiments/run_highway_experiments.py --phase train --envs merge-v0 intersection-v0 --algos dqn --seeds 0 1 2 3 4
144377    07:41:14 Rl+  1659  0.1 python -u experiments/run_highway_experiments.py --phase train --envs merge-v0 intersection-v0 --algos ppo --seeds 0 1 2 3 4
1 %, 0 %, 635 MiB, 32607 MiB
144214, python, 626 MiB
---
[2026-03-30 10:40:23]
   PID     ELAPSED STAT %CPU %MEM CMD
144214    07:42:21 Rl+  99.8  0.2 python -u experiments/run_highway_experiments.py --phase train --envs merge-v0 intersection-v0 --algos dqn --seeds 0 1 2 3 4
144377    07:42:14 Rl+  1659  0.1 python -u experiments/run_highway_experiments.py --phase train --envs merge-v0 intersection-v0 --algos ppo --seeds 0 1 2 3 4
1 %, 0 %, 635 MiB, 32607 MiB
144214, python, 626 MiB
---
[2026-03-30 10:41:24]
   PID     ELAPSED STAT %CPU %MEM CMD
144214    07:43:21 Rl+  99.8  0.2 python -u experiments/run_highway_experiments.py --phase train --envs merge-v0 intersection-v0 --algos dqn --seeds 0 1 2 3 4
144377    07:43:14 Rl+  1659  0.1 python -u experiments/run_highway_experiments.py --phase train --envs merge-v0 intersection-v0 --algos ppo --seeds 0 1 2 3 4
1 %, 0 %, 635 MiB, 32607 MiB
144214, python, 626 MiB
---
[2026-03-30 10:42:24]
   PID     ELAPSED STAT %CPU %MEM CMD
144214    07:44:22 Rl+  99.8  0.2 python -u experiments/run_highway_experiments.py --phase train --envs merge-v0 intersection-v0 --algos dqn --seeds 0 1 2 3 4
144377    07:44:15 Rl+  1659  0.1 python -u experiments/run_highway_experiments.py --phase train --envs merge-v0 intersection-v0 --algos ppo --seeds 0 1 2 3 4
0 %, 0 %, 635 MiB, 32607 MiB
144214, python, 626 MiB
---
[2026-03-30 10:43:24]
   PID     ELAPSED STAT %CPU %MEM CMD
144214    07:45:22 Rl+  99.8  0.2 python -u experiments/run_highway_experiments.py --phase train --envs merge-v0 intersection-v0 --algos dqn --seeds 0 1 2 3 4
144377    07:45:15 Rl+  1659  0.1 python -u experiments/run_highway_experiments.py --phase train --envs merge-v0 intersection-v0 --algos ppo --seeds 0 1 2 3 4
1 %, 0 %, 635 MiB, 32607 MiB
144214, python, 626 MiB
---
[2026-03-30 10:44:24]
   PID     ELAPSED STAT %CPU %MEM CMD
144214    07:46:22 Rl+  99.8  0.2 python -u experiments/run_highway_experiments.py --phase train --envs merge-v0 intersection-v0 --algos dqn --seeds 0 1 2 3 4
144377    07:46:15 Rl+  1659  0.1 python -u experiments/run_highway_experiments.py --phase train --envs merge-v0 intersection-v0 --algos ppo --seeds 0 1 2 3 4
1 %, 0 %, 635 MiB, 32607 MiB
144214, python, 626 MiB
---
[2026-03-30 10:45:24]
   PID     ELAPSED STAT %CPU %MEM CMD
144214    07:47:22 Rl+  99.8  0.2 python -u experiments/run_highway_experiments.py --phase train --envs merge-v0 intersection-v0 --algos dqn --seeds 0 1 2 3 4
144377    07:47:15 Rl+  1659  0.1 python -u experiments/run_highway_experiments.py --phase train --envs merge-v0 intersection-v0 --algos ppo --seeds 0 1 2 3 4
1 %, 0 %, 635 MiB, 32607 MiB
144214, python, 626 MiB
---
[2026-03-30 10:46:24]
   PID     ELAPSED STAT %CPU %MEM CMD
144214    07:48:22 Rl+  99.8  0.2 python -u experiments/run_highway_experiments.py --phase train --envs merge-v0 intersection-v0 --algos dqn --seeds 0 1 2 3 4
144377    07:48:15 Rl+  1660  0.1 python -u experiments/run_highway_experiments.py --phase train --envs merge-v0 intersection-v0 --algos ppo --seeds 0 1 2 3 4
1 %, 0 %, 635 MiB, 32607 MiB
144214, python, 626 MiB
---
[2026-03-30 10:47:25]
   PID     ELAPSED STAT %CPU %MEM CMD
144214    07:49:22 Rl+  99.8  0.2 python -u experiments/run_highway_experiments.py --phase train --envs merge-v0 intersection-v0 --algos dqn --seeds 0 1 2 3 4
144377    07:49:15 Rl+  1660  0.1 python -u experiments/run_highway_experiments.py --phase train --envs merge-v0 intersection-v0 --algos ppo --seeds 0 1 2 3 4
1 %, 0 %, 635 MiB, 32607 MiB
144214, python, 626 MiB
---
[2026-03-30 10:48:25]
   PID     ELAPSED STAT %CPU %MEM CMD
144214    07:50:23 Rl+  99.8  0.2 python -u experiments/run_highway_experiments.py --phase train --envs merge-v0 intersection-v0 --algos dqn --seeds 0 1 2 3 4
144377    07:50:16 Rl+  1660  0.1 python -u experiments/run_highway_experiments.py --phase train --envs merge-v0 intersection-v0 --algos ppo --seeds 0 1 2 3 4
1 %, 0 %, 635 MiB, 32607 MiB
144214, python, 626 MiB
---
[2026-03-30 10:49:25]
   PID     ELAPSED STAT %CPU %MEM CMD
144214    07:51:23 Rl+  99.8  0.2 python -u experiments/run_highway_experiments.py --phase train --envs merge-v0 intersection-v0 --algos dqn --seeds 0 1 2 3 4
144377    07:51:16 Rl+  1660  0.1 python -u experiments/run_highway_experiments.py --phase train --envs merge-v0 intersection-v0 --algos ppo --seeds 0 1 2 3 4
1 %, 0 %, 635 MiB, 32607 MiB
144214, python, 626 MiB
---
[2026-03-30 10:50:25]
   PID     ELAPSED STAT %CPU %MEM CMD
144214    07:52:23 Rl+  99.8  0.2 python -u experiments/run_highway_experiments.py --phase train --envs merge-v0 intersection-v0 --algos dqn --seeds 0 1 2 3 4
144377    07:52:16 Rl+  1660  0.1 python -u experiments/run_highway_experiments.py --phase train --envs merge-v0 intersection-v0 --algos ppo --seeds 0 1 2 3 4
1 %, 0 %, 635 MiB, 32607 MiB
144214, python, 626 MiB
---
[2026-03-30 10:51:25]
   PID     ELAPSED STAT %CPU %MEM CMD
144214    07:53:23 Rl+  99.8  0.2 python -u experiments/run_highway_experiments.py --phase train --envs merge-v0 intersection-v0 --algos dqn --seeds 0 1 2 3 4
144377    07:53:16 Rl+  1660  0.1 python -u experiments/run_highway_experiments.py --phase train --envs merge-v0 intersection-v0 --algos ppo --seeds 0 1 2 3 4
1 %, 0 %, 635 MiB, 32607 MiB
144214, python, 626 MiB
---
[2026-03-30 10:52:25]
   PID     ELAPSED STAT %CPU %MEM CMD
144214    07:54:23 Rl+  99.8  0.2 python -u experiments/run_highway_experiments.py --phase train --envs merge-v0 intersection-v0 --algos dqn --seeds 0 1 2 3 4
144377    07:54:16 Rl+  1660  0.1 python -u experiments/run_highway_experiments.py --phase train --envs merge-v0 intersection-v0 --algos ppo --seeds 0 1 2 3 4
1 %, 0 %, 635 MiB, 32607 MiB
144214, python, 626 MiB
---
[2026-03-30 10:53:26]
   PID     ELAPSED STAT %CPU %MEM CMD
144214    07:55:23 Rl+  99.8  0.2 python -u experiments/run_highway_experiments.py --phase train --envs merge-v0 intersection-v0 --algos dqn --seeds 0 1 2 3 4
144377    07:55:16 Rl+  1660  0.1 python -u experiments/run_highway_experiments.py --phase train --envs merge-v0 intersection-v0 --algos ppo --seeds 0 1 2 3 4
1 %, 0 %, 635 MiB, 32607 MiB
144214, python, 626 MiB
---
[2026-03-30 10:54:26]
   PID     ELAPSED STAT %CPU %MEM CMD
144214    07:56:24 Rl+  99.8  0.2 python -u experiments/run_highway_experiments.py --phase train --envs merge-v0 intersection-v0 --algos dqn --seeds 0 1 2 3 4
144377    07:56:17 Rl+  1660  0.1 python -u experiments/run_highway_experiments.py --phase train --envs merge-v0 intersection-v0 --algos ppo --seeds 0 1 2 3 4
0 %, 0 %, 635 MiB, 32607 MiB
144214, python, 626 MiB
---
[2026-03-30 10:55:26]
   PID     ELAPSED STAT %CPU %MEM CMD
144214    07:57:24 Rl+  99.8  0.2 python -u experiments/run_highway_experiments.py --phase train --envs merge-v0 intersection-v0 --algos dqn --seeds 0 1 2 3 4
144377    07:57:17 Rl+  1660  0.1 python -u experiments/run_highway_experiments.py --phase train --envs merge-v0 intersection-v0 --algos ppo --seeds 0 1 2 3 4
0 %, 0 %, 635 MiB, 32607 MiB
144214, python, 626 MiB
---
[2026-03-30 10:56:26]
   PID     ELAPSED STAT %CPU %MEM CMD
144214    07:58:24 Rl+  99.8  0.2 python -u experiments/run_highway_experiments.py --phase train --envs merge-v0 intersection-v0 --algos dqn --seeds 0 1 2 3 4
144377    07:58:17 Rl+  1660  0.1 python -u experiments/run_highway_experiments.py --phase train --envs merge-v0 intersection-v0 --algos ppo --seeds 0 1 2 3 4
0 %, 0 %, 635 MiB, 32607 MiB
144214, python, 626 MiB
---
[2026-03-30 10:57:26]
   PID     ELAPSED STAT %CPU %MEM CMD
144214    07:59:24 Rl+  99.8  0.2 python -u experiments/run_highway_experiments.py --phase train --envs merge-v0 intersection-v0 --algos dqn --seeds 0 1 2 3 4
144377    07:59:17 Rl+  1660  0.1 python -u experiments/run_highway_experiments.py --phase train --envs merge-v0 intersection-v0 --algos ppo --seeds 0 1 2 3 4
0 %, 0 %, 635 MiB, 32607 MiB
144214, python, 626 MiB
---
[2026-03-30 10:58:26]
   PID     ELAPSED STAT %CPU %MEM CMD
144214    08:00:24 Rl+  99.8  0.2 python -u experiments/run_highway_experiments.py --phase train --envs merge-v0 intersection-v0 --algos dqn --seeds 0 1 2 3 4
144377    08:00:17 Rl+  1660  0.1 python -u experiments/run_highway_experiments.py --phase train --envs merge-v0 intersection-v0 --algos ppo --seeds 0 1 2 3 4
0 %, 0 %, 635 MiB, 32607 MiB
144214, python, 626 MiB
---
[2026-03-30 10:59:27]
   PID     ELAPSED STAT %CPU %MEM CMD
144214    08:01:25 Rl+  99.8  0.2 python -u experiments/run_highway_experiments.py --phase train --envs merge-v0 intersection-v0 --algos dqn --seeds 0 1 2 3 4
144377    08:01:18 Rl+  1660  0.1 python -u experiments/run_highway_experiments.py --phase train --envs merge-v0 intersection-v0 --algos ppo --seeds 0 1 2 3 4
0 %, 0 %, 635 MiB, 32607 MiB
144214, python, 626 MiB
---
[2026-03-30 11:00:27]
   PID     ELAPSED STAT %CPU %MEM CMD
144214    08:02:25 Rl+  99.8  0.2 python -u experiments/run_highway_experiments.py --phase train --envs merge-v0 intersection-v0 --algos dqn --seeds 0 1 2 3 4
144377    08:02:18 Rl+  1660  0.1 python -u experiments/run_highway_experiments.py --phase train --envs merge-v0 intersection-v0 --algos ppo --seeds 0 1 2 3 4
0 %, 0 %, 635 MiB, 32607 MiB
144214, python, 626 MiB
---
[2026-03-30 11:01:27]
   PID     ELAPSED STAT %CPU %MEM CMD
144214    08:03:25 Rl+  99.8  0.2 python -u experiments/run_highway_experiments.py --phase train --envs merge-v0 intersection-v0 --algos dqn --seeds 0 1 2 3 4
144377    08:03:18 Rl+  1660  0.1 python -u experiments/run_highway_experiments.py --phase train --envs merge-v0 intersection-v0 --algos ppo --seeds 0 1 2 3 4
0 %, 0 %, 635 MiB, 32607 MiB
144214, python, 626 MiB
---
[2026-03-30 11:02:27]
   PID     ELAPSED STAT %CPU %MEM CMD
144214    08:04:25 Rl+  99.8  0.2 python -u experiments/run_highway_experiments.py --phase train --envs merge-v0 intersection-v0 --algos dqn --seeds 0 1 2 3 4
144377    08:04:18 Rl+  1660  0.1 python -u experiments/run_highway_experiments.py --phase train --envs merge-v0 intersection-v0 --algos ppo --seeds 0 1 2 3 4
0 %, 0 %, 635 MiB, 32607 MiB
144214, python, 626 MiB
---
[2026-03-30 11:03:27]
   PID     ELAPSED STAT %CPU %MEM CMD
144214    08:05:25 Rl+  99.8  0.2 python -u experiments/run_highway_experiments.py --phase train --envs merge-v0 intersection-v0 --algos dqn --seeds 0 1 2 3 4
144377    08:05:18 Rl+  1660  0.1 python -u experiments/run_highway_experiments.py --phase train --envs merge-v0 intersection-v0 --algos ppo --seeds 0 1 2 3 4
0 %, 0 %, 635 MiB, 32607 MiB
144214, python, 626 MiB
---
[2026-03-30 11:04:28]
   PID     ELAPSED STAT %CPU %MEM CMD
144214    08:06:25 Rl+  99.8  0.2 python -u experiments/run_highway_experiments.py --phase train --envs merge-v0 intersection-v0 --algos dqn --seeds 0 1 2 3 4
144377    08:06:18 Rl+  1660  0.1 python -u experiments/run_highway_experiments.py --phase train --envs merge-v0 intersection-v0 --algos ppo --seeds 0 1 2 3 4
0 %, 0 %, 635 MiB, 32607 MiB
144214, python, 626 MiB
---
[2026-03-30 11:05:28]
   PID     ELAPSED STAT %CPU %MEM CMD
144214    08:07:26 Rl+  99.8  0.2 python -u experiments/run_highway_experiments.py --phase train --envs merge-v0 intersection-v0 --algos dqn --seeds 0 1 2 3 4
144377    08:07:19 Rl+  1660  0.1 python -u experiments/run_highway_experiments.py --phase train --envs merge-v0 intersection-v0 --algos ppo --seeds 0 1 2 3 4
0 %, 0 %, 635 MiB, 32607 MiB
144214, python, 626 MiB
---
[2026-03-30 11:06:28]
   PID     ELAPSED STAT %CPU %MEM CMD
144214    08:08:26 Rl+  99.8  0.2 python -u experiments/run_highway_experiments.py --phase train --envs merge-v0 intersection-v0 --algos dqn --seeds 0 1 2 3 4
144377    08:08:19 Rl+  1660  0.1 python -u experiments/run_highway_experiments.py --phase train --envs merge-v0 intersection-v0 --algos ppo --seeds 0 1 2 3 4
0 %, 0 %, 635 MiB, 32607 MiB
144214, python, 626 MiB
---
[2026-03-30 11:07:28]
   PID     ELAPSED STAT %CPU %MEM CMD
144214    08:09:26 Rl+  99.8  0.2 python -u experiments/run_highway_experiments.py --phase train --envs merge-v0 intersection-v0 --algos dqn --seeds 0 1 2 3 4
144377    08:09:19 Rl+  1660  0.1 python -u experiments/run_highway_experiments.py --phase train --envs merge-v0 intersection-v0 --algos ppo --seeds 0 1 2 3 4
0 %, 0 %, 635 MiB, 32607 MiB
144214, python, 626 MiB
---
[2026-03-30 11:08:28]
   PID     ELAPSED STAT %CPU %MEM CMD
144214    08:10:26 Rl+  99.8  0.2 python -u experiments/run_highway_experiments.py --phase train --envs merge-v0 intersection-v0 --algos dqn --seeds 0 1 2 3 4
144377    08:10:19 Rl+  1660  0.1 python -u experiments/run_highway_experiments.py --phase train --envs merge-v0 intersection-v0 --algos ppo --seeds 0 1 2 3 4
0 %, 0 %, 635 MiB, 32607 MiB
144214, python, 626 MiB
---
[2026-03-30 11:09:28]
   PID     ELAPSED STAT %CPU %MEM CMD
144214    08:11:26 Rl+  99.8  0.2 python -u experiments/run_highway_experiments.py --phase train --envs merge-v0 intersection-v0 --algos dqn --seeds 0 1 2 3 4
144377    08:11:19 Rl+  1660  0.1 python -u experiments/run_highway_experiments.py --phase train --envs merge-v0 intersection-v0 --algos ppo --seeds 0 1 2 3 4
0 %, 0 %, 635 MiB, 32607 MiB
144214, python, 626 MiB
---
[2026-03-30 11:10:29]
   PID     ELAPSED STAT %CPU %MEM CMD
144214    08:12:27 Rl+  99.8  0.2 python -u experiments/run_highway_experiments.py --phase train --envs merge-v0 intersection-v0 --algos dqn --seeds 0 1 2 3 4
144377    08:12:20 Rl+  1660  0.1 python -u experiments/run_highway_experiments.py --phase train --envs merge-v0 intersection-v0 --algos ppo --seeds 0 1 2 3 4
0 %, 0 %, 635 MiB, 32607 MiB
144214, python, 626 MiB
---
[2026-03-30 11:11:29]
   PID     ELAPSED STAT %CPU %MEM CMD
144214    08:13:27 Rl+  99.8  0.2 python -u experiments/run_highway_experiments.py --phase train --envs merge-v0 intersection-v0 --algos dqn --seeds 0 1 2 3 4
144377    08:13:20 Rl+  1660  0.1 python -u experiments/run_highway_experiments.py --phase train --envs merge-v0 intersection-v0 --algos ppo --seeds 0 1 2 3 4
0 %, 0 %, 635 MiB, 32607 MiB
144214, python, 626 MiB
---
[2026-03-30 11:12:29]
   PID     ELAPSED STAT %CPU %MEM CMD
144214    08:14:27 Rl+  99.8  0.2 python -u experiments/run_highway_experiments.py --phase train --envs merge-v0 intersection-v0 --algos dqn --seeds 0 1 2 3 4
144377    08:14:20 Rl+  1660  0.1 python -u experiments/run_highway_experiments.py --phase train --envs merge-v0 intersection-v0 --algos ppo --seeds 0 1 2 3 4
0 %, 0 %, 635 MiB, 32607 MiB
144214, python, 626 MiB
---
[2026-03-30 11:13:29]
   PID     ELAPSED STAT %CPU %MEM CMD
144214    08:15:27 Rl+  99.8  0.2 python -u experiments/run_highway_experiments.py --phase train --envs merge-v0 intersection-v0 --algos dqn --seeds 0 1 2 3 4
144377    08:15:20 Rl+  1660  0.1 python -u experiments/run_highway_experiments.py --phase train --envs merge-v0 intersection-v0 --algos ppo --seeds 0 1 2 3 4
0 %, 0 %, 635 MiB, 32607 MiB
144214, python, 626 MiB
---
[2026-03-30 11:14:29]
   PID     ELAPSED STAT %CPU %MEM CMD
144214    08:16:27 Rl+  99.8  0.2 python -u experiments/run_highway_experiments.py --phase train --envs merge-v0 intersection-v0 --algos dqn --seeds 0 1 2 3 4
144377    08:16:20 Sl+  1660  0.1 python -u experiments/run_highway_experiments.py --phase train --envs merge-v0 intersection-v0 --algos ppo --seeds 0 1 2 3 4
0 %, 0 %, 635 MiB, 32607 MiB
144214, python, 626 MiB
---
[2026-03-30 11:15:30]
   PID     ELAPSED STAT %CPU %MEM CMD
144214    08:17:27 Rl+  99.8  0.2 python -u experiments/run_highway_experiments.py --phase train --envs merge-v0 intersection-v0 --algos dqn --seeds 0 1 2 3 4
144377    08:17:20 Rl+  1660  0.1 python -u experiments/run_highway_experiments.py --phase train --envs merge-v0 intersection-v0 --algos ppo --seeds 0 1 2 3 4
0 %, 0 %, 635 MiB, 32607 MiB
144214, python, 626 MiB
---
[2026-03-30 11:16:30]
   PID     ELAPSED STAT %CPU %MEM CMD
144214    08:18:28 Rl+  99.8  0.2 python -u experiments/run_highway_experiments.py --phase train --envs merge-v0 intersection-v0 --algos dqn --seeds 0 1 2 3 4
144377    08:18:21 Rl+  1660  0.1 python -u experiments/run_highway_experiments.py --phase train --envs merge-v0 intersection-v0 --algos ppo --seeds 0 1 2 3 4
0 %, 0 %, 635 MiB, 32607 MiB
144214, python, 626 MiB
---
[2026-03-30 11:17:30]
   PID     ELAPSED STAT %CPU %MEM CMD
144214    08:19:28 Rl+  99.8  0.2 python -u experiments/run_highway_experiments.py --phase train --envs merge-v0 intersection-v0 --algos dqn --seeds 0 1 2 3 4
144377    08:19:21 Rl+  1660  0.1 python -u experiments/run_highway_experiments.py --phase train --envs merge-v0 intersection-v0 --algos ppo --seeds 0 1 2 3 4
0 %, 0 %, 635 MiB, 32607 MiB
144214, python, 626 MiB
---
[2026-03-30 11:18:30]
   PID     ELAPSED STAT %CPU %MEM CMD
144214    08:20:28 Rl+  99.8  0.2 python -u experiments/run_highway_experiments.py --phase train --envs merge-v0 intersection-v0 --algos dqn --seeds 0 1 2 3 4
144377    08:20:21 Rl+  1660  0.1 python -u experiments/run_highway_experiments.py --phase train --envs merge-v0 intersection-v0 --algos ppo --seeds 0 1 2 3 4
0 %, 0 %, 635 MiB, 32607 MiB
144214, python, 626 MiB
---
[2026-03-30 11:19:30]
   PID     ELAPSED STAT %CPU %MEM CMD
144214    08:21:28 Rl+  99.8  0.2 python -u experiments/run_highway_experiments.py --phase train --envs merge-v0 intersection-v0 --algos dqn --seeds 0 1 2 3 4
144377    08:21:21 Rl+  1660  0.1 python -u experiments/run_highway_experiments.py --phase train --envs merge-v0 intersection-v0 --algos ppo --seeds 0 1 2 3 4
0 %, 0 %, 635 MiB, 32607 MiB
144214, python, 626 MiB
---
[2026-03-30 11:20:30]
   PID     ELAPSED STAT %CPU %MEM CMD
144214    08:22:28 Rl+  99.8  0.2 python -u experiments/run_highway_experiments.py --phase train --envs merge-v0 intersection-v0 --algos dqn --seeds 0 1 2 3 4
144377    08:22:21 Rl+  1660  0.1 python -u experiments/run_highway_experiments.py --phase train --envs merge-v0 intersection-v0 --algos ppo --seeds 0 1 2 3 4
0 %, 0 %, 635 MiB, 32607 MiB
144214, python, 626 MiB
---
[2026-03-30 11:21:31]
   PID     ELAPSED STAT %CPU %MEM CMD
144214    08:23:29 Sl+  99.8  0.2 python -u experiments/run_highway_experiments.py --phase train --envs merge-v0 intersection-v0 --algos dqn --seeds 0 1 2 3 4
144377    08:23:22 Rl+  1660  0.1 python -u experiments/run_highway_experiments.py --phase train --envs merge-v0 intersection-v0 --algos ppo --seeds 0 1 2 3 4
0 %, 0 %, 635 MiB, 32607 MiB
144214, python, 626 MiB
---
[2026-03-30 11:22:31]
   PID     ELAPSED STAT %CPU %MEM CMD
144214    08:24:29 Rl+  99.8  0.2 python -u experiments/run_highway_experiments.py --phase train --envs merge-v0 intersection-v0 --algos dqn --seeds 0 1 2 3 4
144377    08:24:22 Rl+  1660  0.1 python -u experiments/run_highway_experiments.py --phase train --envs merge-v0 intersection-v0 --algos ppo --seeds 0 1 2 3 4
0 %, 0 %, 635 MiB, 32607 MiB
144214, python, 626 MiB
---
[2026-03-30 11:23:31]
   PID     ELAPSED STAT %CPU %MEM CMD
144214    08:25:29 Rl+  99.8  0.2 python -u experiments/run_highway_experiments.py --phase train --envs merge-v0 intersection-v0 --algos dqn --seeds 0 1 2 3 4
144377    08:25:22 Rl+  1660  0.1 python -u experiments/run_highway_experiments.py --phase train --envs merge-v0 intersection-v0 --algos ppo --seeds 0 1 2 3 4
0 %, 0 %, 635 MiB, 32607 MiB
144214, python, 626 MiB
---
[2026-03-30 11:24:31]
   PID     ELAPSED STAT %CPU %MEM CMD
144214    08:26:29 Rl+  99.8  0.2 python -u experiments/run_highway_experiments.py --phase train --envs merge-v0 intersection-v0 --algos dqn --seeds 0 1 2 3 4
144377    08:26:22 Rl+  1660  0.1 python -u experiments/run_highway_experiments.py --phase train --envs merge-v0 intersection-v0 --algos ppo --seeds 0 1 2 3 4
0 %, 0 %, 635 MiB, 32607 MiB
144214, python, 626 MiB
---
[2026-03-30 11:25:31]
   PID     ELAPSED STAT %CPU %MEM CMD
144214    08:27:29 Rl+  99.8  0.2 python -u experiments/run_highway_experiments.py --phase train --envs merge-v0 intersection-v0 --algos dqn --seeds 0 1 2 3 4
144377    08:27:22 Rl+  1660  0.1 python -u experiments/run_highway_experiments.py --phase train --envs merge-v0 intersection-v0 --algos ppo --seeds 0 1 2 3 4
0 %, 0 %, 635 MiB, 32607 MiB
144214, python, 626 MiB
---
[2026-03-30 11:26:32]
   PID     ELAPSED STAT %CPU %MEM CMD
144214    08:28:30 Rl+  99.8  0.2 python -u experiments/run_highway_experiments.py --phase train --envs merge-v0 intersection-v0 --algos dqn --seeds 0 1 2 3 4
144377    08:28:23 Rl+  1660  0.1 python -u experiments/run_highway_experiments.py --phase train --envs merge-v0 intersection-v0 --algos ppo --seeds 0 1 2 3 4
0 %, 0 %, 635 MiB, 32607 MiB
144214, python, 626 MiB
---
[2026-03-30 11:27:32]
   PID     ELAPSED STAT %CPU %MEM CMD
144214    08:29:30 Rl+  99.8  0.2 python -u experiments/run_highway_experiments.py --phase train --envs merge-v0 intersection-v0 --algos dqn --seeds 0 1 2 3 4
144377    08:29:23 Rl+  1660  0.1 python -u experiments/run_highway_experiments.py --phase train --envs merge-v0 intersection-v0 --algos ppo --seeds 0 1 2 3 4
0 %, 0 %, 635 MiB, 32607 MiB
144214, python, 626 MiB
---
[2026-03-30 11:28:32]
   PID     ELAPSED STAT %CPU %MEM CMD
144214    08:30:30 Rl+  99.8  0.2 python -u experiments/run_highway_experiments.py --phase train --envs merge-v0 intersection-v0 --algos dqn --seeds 0 1 2 3 4
144377    08:30:23 Rl+  1660  0.1 python -u experiments/run_highway_experiments.py --phase train --envs merge-v0 intersection-v0 --algos ppo --seeds 0 1 2 3 4
0 %, 0 %, 635 MiB, 32607 MiB
144214, python, 626 MiB
---
[2026-03-30 11:29:32]
   PID     ELAPSED STAT %CPU %MEM CMD
144214    08:31:30 Rl+  99.8  0.2 python -u experiments/run_highway_experiments.py --phase train --envs merge-v0 intersection-v0 --algos dqn --seeds 0 1 2 3 4
144377    08:31:23 Sl+  1660  0.1 python -u experiments/run_highway_experiments.py --phase train --envs merge-v0 intersection-v0 --algos ppo --seeds 0 1 2 3 4
0 %, 0 %, 635 MiB, 32607 MiB
144214, python, 626 MiB
---
[2026-03-30 11:30:32]
   PID     ELAPSED STAT %CPU %MEM CMD
144214    08:32:30 Rl+  99.8  0.2 python -u experiments/run_highway_experiments.py --phase train --envs merge-v0 intersection-v0 --algos dqn --seeds 0 1 2 3 4
144377    08:32:23 Rl+  1660  0.1 python -u experiments/run_highway_experiments.py --phase train --envs merge-v0 intersection-v0 --algos ppo --seeds 0 1 2 3 4
0 %, 0 %, 635 MiB, 32607 MiB
144214, python, 626 MiB
---
[2026-03-30 11:31:33]
   PID     ELAPSED STAT %CPU %MEM CMD
144214    08:33:30 Rl+  99.8  0.2 python -u experiments/run_highway_experiments.py --phase train --envs merge-v0 intersection-v0 --algos dqn --seeds 0 1 2 3 4
144377    08:33:23 Rl+  1660  0.1 python -u experiments/run_highway_experiments.py --phase train --envs merge-v0 intersection-v0 --algos ppo --seeds 0 1 2 3 4
0 %, 0 %, 635 MiB, 32607 MiB
144214, python, 626 MiB
---
[2026-03-30 11:32:33]
   PID     ELAPSED STAT %CPU %MEM CMD
144214    08:34:31 Rl+  99.8  0.2 python -u experiments/run_highway_experiments.py --phase train --envs merge-v0 intersection-v0 --algos dqn --seeds 0 1 2 3 4
144377    08:34:24 Rl+  1660  0.1 python -u experiments/run_highway_experiments.py --phase train --envs merge-v0 intersection-v0 --algos ppo --seeds 0 1 2 3 4
0 %, 0 %, 635 MiB, 32607 MiB
144214, python, 626 MiB
---
[2026-03-30 11:33:33]
   PID     ELAPSED STAT %CPU %MEM CMD
144214    08:35:31 Rl+  99.8  0.2 python -u experiments/run_highway_experiments.py --phase train --envs merge-v0 intersection-v0 --algos dqn --seeds 0 1 2 3 4
144377    08:35:24 Rl+  1660  0.1 python -u experiments/run_highway_experiments.py --phase train --envs merge-v0 intersection-v0 --algos ppo --seeds 0 1 2 3 4
0 %, 0 %, 635 MiB, 32607 MiB
144214, python, 626 MiB
---
[2026-03-30 11:34:33]
   PID     ELAPSED STAT %CPU %MEM CMD
144214    08:36:31 Rl+  99.8  0.2 python -u experiments/run_highway_experiments.py --phase train --envs merge-v0 intersection-v0 --algos dqn --seeds 0 1 2 3 4
144377    08:36:24 Rl+  1660  0.1 python -u experiments/run_highway_experiments.py --phase train --envs merge-v0 intersection-v0 --algos ppo --seeds 0 1 2 3 4
0 %, 0 %, 635 MiB, 32607 MiB
144214, python, 626 MiB
---
[2026-03-30 11:35:33]
   PID     ELAPSED STAT %CPU %MEM CMD
144214    08:37:31 Rl+  99.8  0.2 python -u experiments/run_highway_experiments.py --phase train --envs merge-v0 intersection-v0 --algos dqn --seeds 0 1 2 3 4
144377    08:37:24 Rl+  1660  0.1 python -u experiments/run_highway_experiments.py --phase train --envs merge-v0 intersection-v0 --algos ppo --seeds 0 1 2 3 4
0 %, 0 %, 635 MiB, 32607 MiB
144214, python, 626 MiB
---
[2026-03-30 11:36:33]
   PID     ELAPSED STAT %CPU %MEM CMD
144214    08:38:31 Rl+  99.8  0.2 python -u experiments/run_highway_experiments.py --phase train --envs merge-v0 intersection-v0 --algos dqn --seeds 0 1 2 3 4
144377    08:38:24 Rl+  1660  0.1 python -u experiments/run_highway_experiments.py --phase train --envs merge-v0 intersection-v0 --algos ppo --seeds 0 1 2 3 4
0 %, 0 %, 635 MiB, 32607 MiB
144214, python, 626 MiB
---
[2026-03-30 11:37:34]
   PID     ELAPSED STAT %CPU %MEM CMD
144214    08:39:31 Rl+  99.8  0.2 python -u experiments/run_highway_experiments.py --phase train --envs merge-v0 intersection-v0 --algos dqn --seeds 0 1 2 3 4
144377    08:39:24 Rl+  1660  0.1 python -u experiments/run_highway_experiments.py --phase train --envs merge-v0 intersection-v0 --algos ppo --seeds 0 1 2 3 4
0 %, 0 %, 635 MiB, 32607 MiB
144214, python, 626 MiB
---
[2026-03-30 11:38:34]
   PID     ELAPSED STAT %CPU %MEM CMD
144214    08:40:32 Rl+  99.8  0.2 python -u experiments/run_highway_experiments.py --phase train --envs merge-v0 intersection-v0 --algos dqn --seeds 0 1 2 3 4
144377    08:40:25 Rl+  1660  0.1 python -u experiments/run_highway_experiments.py --phase train --envs merge-v0 intersection-v0 --algos ppo --seeds 0 1 2 3 4
0 %, 0 %, 635 MiB, 32607 MiB
144214, python, 626 MiB
---
[2026-03-30 11:39:34]
   PID     ELAPSED STAT %CPU %MEM CMD
144214    08:41:32 Rl+  99.8  0.2 python -u experiments/run_highway_experiments.py --phase train --envs merge-v0 intersection-v0 --algos dqn --seeds 0 1 2 3 4
144377    08:41:25 Rl+  1660  0.1 python -u experiments/run_highway_experiments.py --phase train --envs merge-v0 intersection-v0 --algos ppo --seeds 0 1 2 3 4
0 %, 0 %, 635 MiB, 32607 MiB
144214, python, 626 MiB
---
[2026-03-30 11:40:34]
   PID     ELAPSED STAT %CPU %MEM CMD
144214    08:42:32 Rl+  99.8  0.2 python -u experiments/run_highway_experiments.py --phase train --envs merge-v0 intersection-v0 --algos dqn --seeds 0 1 2 3 4
144377    08:42:25 Rl+  1660  0.1 python -u experiments/run_highway_experiments.py --phase train --envs merge-v0 intersection-v0 --algos ppo --seeds 0 1 2 3 4
0 %, 0 %, 635 MiB, 32607 MiB
144214, python, 626 MiB
---
[2026-03-30 11:41:34]
   PID     ELAPSED STAT %CPU %MEM CMD
144214    08:43:32 Rl+  99.8  0.2 python -u experiments/run_highway_experiments.py --phase train --envs merge-v0 intersection-v0 --algos dqn --seeds 0 1 2 3 4
144377    08:43:25 Rl+  1660  0.1 python -u experiments/run_highway_experiments.py --phase train --envs merge-v0 intersection-v0 --algos ppo --seeds 0 1 2 3 4
0 %, 0 %, 635 MiB, 32607 MiB
144214, python, 626 MiB
---
[2026-03-30 11:42:34]
   PID     ELAPSED STAT %CPU %MEM CMD
144214    08:44:32 Rl+  99.8  0.2 python -u experiments/run_highway_experiments.py --phase train --envs merge-v0 intersection-v0 --algos dqn --seeds 0 1 2 3 4
144377    08:44:25 Rl+  1660  0.1 python -u experiments/run_highway_experiments.py --phase train --envs merge-v0 intersection-v0 --algos ppo --seeds 0 1 2 3 4
0 %, 0 %, 635 MiB, 32607 MiB
144214, python, 626 MiB
---
[2026-03-30 11:43:35]
   PID     ELAPSED STAT %CPU %MEM CMD
144214    08:45:33 Rl+  99.8  0.2 python -u experiments/run_highway_experiments.py --phase train --envs merge-v0 intersection-v0 --algos dqn --seeds 0 1 2 3 4
144377    08:45:26 Rl+  1660  0.1 python -u experiments/run_highway_experiments.py --phase train --envs merge-v0 intersection-v0 --algos ppo --seeds 0 1 2 3 4
0 %, 0 %, 635 MiB, 32607 MiB
144214, python, 626 MiB
---
[2026-03-30 11:44:35]
   PID     ELAPSED STAT %CPU %MEM CMD
144214    08:46:33 Rl+  99.8  0.2 python -u experiments/run_highway_experiments.py --phase train --envs merge-v0 intersection-v0 --algos dqn --seeds 0 1 2 3 4
144377    08:46:26 Sl+  1660  0.1 python -u experiments/run_highway_experiments.py --phase train --envs merge-v0 intersection-v0 --algos ppo --seeds 0 1 2 3 4
0 %, 0 %, 635 MiB, 32607 MiB
144214, python, 626 MiB
---
[2026-03-30 11:45:35]
   PID     ELAPSED STAT %CPU %MEM CMD
144214    08:47:33 Rl+  99.8  0.2 python -u experiments/run_highway_experiments.py --phase train --envs merge-v0 intersection-v0 --algos dqn --seeds 0 1 2 3 4
144377    08:47:26 Rl+  1660  0.1 python -u experiments/run_highway_experiments.py --phase train --envs merge-v0 intersection-v0 --algos ppo --seeds 0 1 2 3 4
0 %, 0 %, 635 MiB, 32607 MiB
144214, python, 626 MiB
---
[2026-03-30 11:46:35]
   PID     ELAPSED STAT %CPU %MEM CMD
144214    08:48:33 Rl+  99.8  0.2 python -u experiments/run_highway_experiments.py --phase train --envs merge-v0 intersection-v0 --algos dqn --seeds 0 1 2 3 4
144377    08:48:26 Rl+  1660  0.1 python -u experiments/run_highway_experiments.py --phase train --envs merge-v0 intersection-v0 --algos ppo --seeds 0 1 2 3 4
0 %, 0 %, 635 MiB, 32607 MiB
144214, python, 626 MiB
---
[2026-03-30 11:47:35]
   PID     ELAPSED STAT %CPU %MEM CMD
144214    08:49:33 Rl+  99.8  0.2 python -u experiments/run_highway_experiments.py --phase train --envs merge-v0 intersection-v0 --algos dqn --seeds 0 1 2 3 4
144377    08:49:26 Rl+  1660  0.1 python -u experiments/run_highway_experiments.py --phase train --envs merge-v0 intersection-v0 --algos ppo --seeds 0 1 2 3 4
0 %, 0 %, 635 MiB, 32607 MiB
144214, python, 626 MiB
---
[2026-03-30 11:48:35]
   PID     ELAPSED STAT %CPU %MEM CMD
144214    08:50:33 Rl+  99.8  0.2 python -u experiments/run_highway_experiments.py --phase train --envs merge-v0 intersection-v0 --algos dqn --seeds 0 1 2 3 4
144377    08:50:26 Sl+  1660  0.1 python -u experiments/run_highway_experiments.py --phase train --envs merge-v0 intersection-v0 --algos ppo --seeds 0 1 2 3 4
0 %, 0 %, 635 MiB, 32607 MiB
144214, python, 626 MiB
---
[2026-03-30 11:49:36]
   PID     ELAPSED STAT %CPU %MEM CMD
144214    08:51:34 Rl+  99.8  0.2 python -u experiments/run_highway_experiments.py --phase train --envs merge-v0 intersection-v0 --algos dqn --seeds 0 1 2 3 4
144377    08:51:27 Rl+  1660  0.1 python -u experiments/run_highway_experiments.py --phase train --envs merge-v0 intersection-v0 --algos ppo --seeds 0 1 2 3 4
0 %, 0 %, 635 MiB, 32607 MiB
144214, python, 626 MiB
---
[2026-03-30 11:50:36]
   PID     ELAPSED STAT %CPU %MEM CMD
144214    08:52:34 Rl+  99.8  0.2 python -u experiments/run_highway_experiments.py --phase train --envs merge-v0 intersection-v0 --algos dqn --seeds 0 1 2 3 4
144377    08:52:27 Rl+  1660  0.1 python -u experiments/run_highway_experiments.py --phase train --envs merge-v0 intersection-v0 --algos ppo --seeds 0 1 2 3 4
0 %, 0 %, 635 MiB, 32607 MiB
144214, python, 626 MiB
---
[2026-03-30 11:51:36]
   PID     ELAPSED STAT %CPU %MEM CMD
144214    08:53:34 Rl+  99.8  0.2 python -u experiments/run_highway_experiments.py --phase train --envs merge-v0 intersection-v0 --algos dqn --seeds 0 1 2 3 4
144377    08:53:27 Rl+  1660  0.1 python -u experiments/run_highway_experiments.py --phase train --envs merge-v0 intersection-v0 --algos ppo --seeds 0 1 2 3 4
0 %, 0 %, 635 MiB, 32607 MiB
144214, python, 626 MiB
---
[2026-03-30 11:52:36]
   PID     ELAPSED STAT %CPU %MEM CMD
144214    08:54:34 Rl+  99.8  0.2 python -u experiments/run_highway_experiments.py --phase train --envs merge-v0 intersection-v0 --algos dqn --seeds 0 1 2 3 4
144377    08:54:27 Rl+  1660  0.1 python -u experiments/run_highway_experiments.py --phase train --envs merge-v0 intersection-v0 --algos ppo --seeds 0 1 2 3 4
0 %, 0 %, 635 MiB, 32607 MiB
144214, python, 626 MiB
---
[2026-03-30 11:53:36]
   PID     ELAPSED STAT %CPU %MEM CMD
144214    08:55:34 Rl+  99.8  0.2 python -u experiments/run_highway_experiments.py --phase train --envs merge-v0 intersection-v0 --algos dqn --seeds 0 1 2 3 4
144377    08:55:27 Rl+  1660  0.1 python -u experiments/run_highway_experiments.py --phase train --envs merge-v0 intersection-v0 --algos ppo --seeds 0 1 2 3 4
0 %, 0 %, 635 MiB, 32607 MiB
144214, python, 626 MiB
---
[2026-03-30 11:54:36]
   PID     ELAPSED STAT %CPU %MEM CMD
144214    08:56:34 Rl+  99.8  0.2 python -u experiments/run_highway_experiments.py --phase train --envs merge-v0 intersection-v0 --algos dqn --seeds 0 1 2 3 4
144377    08:56:27 Rl+  1660  0.1 python -u experiments/run_highway_experiments.py --phase train --envs merge-v0 intersection-v0 --algos ppo --seeds 0 1 2 3 4
0 %, 0 %, 635 MiB, 32607 MiB
144214, python, 626 MiB
---
[2026-03-30 11:55:37]
   PID     ELAPSED STAT %CPU %MEM CMD
144214    08:57:34 Rl+  99.8  0.2 python -u experiments/run_highway_experiments.py --phase train --envs merge-v0 intersection-v0 --algos dqn --seeds 0 1 2 3 4
144377    08:57:27 Rl+  1660  0.1 python -u experiments/run_highway_experiments.py --phase train --envs merge-v0 intersection-v0 --algos ppo --seeds 0 1 2 3 4
0 %, 0 %, 635 MiB, 32607 MiB
144214, python, 626 MiB
---
[2026-03-30 11:56:37]
   PID     ELAPSED STAT %CPU %MEM CMD
144214    08:58:35 Rl+  99.8  0.2 python -u experiments/run_highway_experiments.py --phase train --envs merge-v0 intersection-v0 --algos dqn --seeds 0 1 2 3 4
144377    08:58:28 Rl+  1660  0.1 python -u experiments/run_highway_experiments.py --phase train --envs merge-v0 intersection-v0 --algos ppo --seeds 0 1 2 3 4
0 %, 0 %, 635 MiB, 32607 MiB
144214, python, 626 MiB
---
[2026-03-30 11:57:37]
   PID     ELAPSED STAT %CPU %MEM CMD
144214    08:59:35 Rl+  99.8  0.2 python -u experiments/run_highway_experiments.py --phase train --envs merge-v0 intersection-v0 --algos dqn --seeds 0 1 2 3 4
144377    08:59:28 Rl+  1660  0.1 python -u experiments/run_highway_experiments.py --phase train --envs merge-v0 intersection-v0 --algos ppo --seeds 0 1 2 3 4
0 %, 0 %, 635 MiB, 32607 MiB
144214, python, 626 MiB
---
[2026-03-30 11:58:37]
   PID     ELAPSED STAT %CPU %MEM CMD
144214    09:00:35 Rl+  99.8  0.2 python -u experiments/run_highway_experiments.py --phase train --envs merge-v0 intersection-v0 --algos dqn --seeds 0 1 2 3 4
144377    09:00:28 Rl+  1660  0.1 python -u experiments/run_highway_experiments.py --phase train --envs merge-v0 intersection-v0 --algos ppo --seeds 0 1 2 3 4
0 %, 0 %, 635 MiB, 32607 MiB
144214, python, 626 MiB
---
[2026-03-30 11:59:37]
   PID     ELAPSED STAT %CPU %MEM CMD
144214    09:01:35 Rl+  99.8  0.2 python -u experiments/run_highway_experiments.py --phase train --envs merge-v0 intersection-v0 --algos dqn --seeds 0 1 2 3 4
144377    09:01:28 Sl+  1660  0.1 python -u experiments/run_highway_experiments.py --phase train --envs merge-v0 intersection-v0 --algos ppo --seeds 0 1 2 3 4
0 %, 0 %, 635 MiB, 32607 MiB
144214, python, 626 MiB
---
[2026-03-30 12:00:37]
   PID     ELAPSED STAT %CPU %MEM CMD
144214    09:02:35 Rl+  99.8  0.2 python -u experiments/run_highway_experiments.py --phase train --envs merge-v0 intersection-v0 --algos dqn --seeds 0 1 2 3 4
144377    09:02:28 Rl+  1660  0.1 python -u experiments/run_highway_experiments.py --phase train --envs merge-v0 intersection-v0 --algos ppo --seeds 0 1 2 3 4
0 %, 0 %, 635 MiB, 32607 MiB
144214, python, 626 MiB
---
[2026-03-30 12:01:38]
   PID     ELAPSED STAT %CPU %MEM CMD
144214    09:03:36 Rl+  99.8  0.2 python -u experiments/run_highway_experiments.py --phase train --envs merge-v0 intersection-v0 --algos dqn --seeds 0 1 2 3 4
144377    09:03:29 Rl+  1660  0.1 python -u experiments/run_highway_experiments.py --phase train --envs merge-v0 intersection-v0 --algos ppo --seeds 0 1 2 3 4
0 %, 0 %, 635 MiB, 32607 MiB
144214, python, 626 MiB
---
[2026-03-30 12:02:38]
   PID     ELAPSED STAT %CPU %MEM CMD
144214    09:04:36 Rl+  99.8  0.2 python -u experiments/run_highway_experiments.py --phase train --envs merge-v0 intersection-v0 --algos dqn --seeds 0 1 2 3 4
144377    09:04:29 Rl+  1660  0.1 python -u experiments/run_highway_experiments.py --phase train --envs merge-v0 intersection-v0 --algos ppo --seeds 0 1 2 3 4
0 %, 0 %, 635 MiB, 32607 MiB
144214, python, 626 MiB
---
[2026-03-30 12:03:38]
   PID     ELAPSED STAT %CPU %MEM CMD
144214    09:05:36 Rl+  99.8  0.2 python -u experiments/run_highway_experiments.py --phase train --envs merge-v0 intersection-v0 --algos dqn --seeds 0 1 2 3 4
144377    09:05:29 Rl+  1660  0.1 python -u experiments/run_highway_experiments.py --phase train --envs merge-v0 intersection-v0 --algos ppo --seeds 0 1 2 3 4
0 %, 0 %, 635 MiB, 32607 MiB
144214, python, 626 MiB
---
[2026-03-30 12:04:38]
   PID     ELAPSED STAT %CPU %MEM CMD
144214    09:06:36 Rl+  99.8  0.2 python -u experiments/run_highway_experiments.py --phase train --envs merge-v0 intersection-v0 --algos dqn --seeds 0 1 2 3 4
144377    09:06:29 Rl+  1660  0.1 python -u experiments/run_highway_experiments.py --phase train --envs merge-v0 intersection-v0 --algos ppo --seeds 0 1 2 3 4
0 %, 0 %, 635 MiB, 32607 MiB
144214, python, 626 MiB
---
[2026-03-30 12:05:38]
   PID     ELAPSED STAT %CPU %MEM CMD
144214    09:07:36 Rl+  99.8  0.2 python -u experiments/run_highway_experiments.py --phase train --envs merge-v0 intersection-v0 --algos dqn --seeds 0 1 2 3 4
144377    09:07:29 Rl+  1660  0.1 python -u experiments/run_highway_experiments.py --phase train --envs merge-v0 intersection-v0 --algos ppo --seeds 0 1 2 3 4
0 %, 0 %, 635 MiB, 32607 MiB
144214, python, 626 MiB
---
[2026-03-30 12:06:38]
   PID     ELAPSED STAT %CPU %MEM CMD
144214    09:08:36 Rl+  99.8  0.2 python -u experiments/run_highway_experiments.py --phase train --envs merge-v0 intersection-v0 --algos dqn --seeds 0 1 2 3 4
144377    09:08:29 Rl+  1660  0.1 python -u experiments/run_highway_experiments.py --phase train --envs merge-v0 intersection-v0 --algos ppo --seeds 0 1 2 3 4
0 %, 0 %, 635 MiB, 32607 MiB
144214, python, 626 MiB
---
[2026-03-30 12:07:39]
   PID     ELAPSED STAT %CPU %MEM CMD
144214    09:09:37 Rl+  99.8  0.2 python -u experiments/run_highway_experiments.py --phase train --envs merge-v0 intersection-v0 --algos dqn --seeds 0 1 2 3 4
144377    09:09:30 Rl+  1660  0.1 python -u experiments/run_highway_experiments.py --phase train --envs merge-v0 intersection-v0 --algos ppo --seeds 0 1 2 3 4
0 %, 0 %, 635 MiB, 32607 MiB
144214, python, 626 MiB
---
[2026-03-30 12:08:39]
   PID     ELAPSED STAT %CPU %MEM CMD
144214    09:10:37 Rl+  99.8  0.2 python -u experiments/run_highway_experiments.py --phase train --envs merge-v0 intersection-v0 --algos dqn --seeds 0 1 2 3 4
144377    09:10:30 Rl+  1660  0.1 python -u experiments/run_highway_experiments.py --phase train --envs merge-v0 intersection-v0 --algos ppo --seeds 0 1 2 3 4
0 %, 0 %, 635 MiB, 32607 MiB
144214, python, 626 MiB
---
[2026-03-30 12:09:39]
   PID     ELAPSED STAT %CPU %MEM CMD
144214    09:11:37 Rl+  99.8  0.2 python -u experiments/run_highway_experiments.py --phase train --envs merge-v0 intersection-v0 --algos dqn --seeds 0 1 2 3 4
144377    09:11:30 Rl+  1660  0.1 python -u experiments/run_highway_experiments.py --phase train --envs merge-v0 intersection-v0 --algos ppo --seeds 0 1 2 3 4
0 %, 0 %, 635 MiB, 32607 MiB
144214, python, 626 MiB
---
[2026-03-30 12:10:39]
   PID     ELAPSED STAT %CPU %MEM CMD
144214    09:12:37 Rl+  99.8  0.2 python -u experiments/run_highway_experiments.py --phase train --envs merge-v0 intersection-v0 --algos dqn --seeds 0 1 2 3 4
144377    09:12:30 Rl+  1660  0.1 python -u experiments/run_highway_experiments.py --phase train --envs merge-v0 intersection-v0 --algos ppo --seeds 0 1 2 3 4
0 %, 0 %, 635 MiB, 32607 MiB
144214, python, 626 MiB
---
[2026-03-30 12:11:39]
   PID     ELAPSED STAT %CPU %MEM CMD
144214    09:13:37 Rl+  99.8  0.2 python -u experiments/run_highway_experiments.py --phase train --envs merge-v0 intersection-v0 --algos dqn --seeds 0 1 2 3 4
144377    09:13:30 Rl+  1660  0.1 python -u experiments/run_highway_experiments.py --phase train --envs merge-v0 intersection-v0 --algos ppo --seeds 0 1 2 3 4
0 %, 0 %, 635 MiB, 32607 MiB
144214, python, 626 MiB
---
[2026-03-30 12:12:39]
   PID     ELAPSED STAT %CPU %MEM CMD
144214    09:14:37 Rl+  99.8  0.2 python -u experiments/run_highway_experiments.py --phase train --envs merge-v0 intersection-v0 --algos dqn --seeds 0 1 2 3 4
144377    09:14:30 Rl+  1660  0.1 python -u experiments/run_highway_experiments.py --phase train --envs merge-v0 intersection-v0 --algos ppo --seeds 0 1 2 3 4
0 %, 0 %, 635 MiB, 32607 MiB
144214, python, 626 MiB
---
[2026-03-30 12:13:40]
   PID     ELAPSED STAT %CPU %MEM CMD
144214    09:15:38 Rl+  99.8  0.2 python -u experiments/run_highway_experiments.py --phase train --envs merge-v0 intersection-v0 --algos dqn --seeds 0 1 2 3 4
144377    09:15:31 Rl+  1660  0.1 python -u experiments/run_highway_experiments.py --phase train --envs merge-v0 intersection-v0 --algos ppo --seeds 0 1 2 3 4
0 %, 0 %, 635 MiB, 32607 MiB
144214, python, 626 MiB
---
[2026-03-30 12:14:40]
   PID     ELAPSED STAT %CPU %MEM CMD
144214    09:16:38 Rl+  99.8  0.2 python -u experiments/run_highway_experiments.py --phase train --envs merge-v0 intersection-v0 --algos dqn --seeds 0 1 2 3 4
144377    09:16:31 Rl+  1660  0.1 python -u experiments/run_highway_experiments.py --phase train --envs merge-v0 intersection-v0 --algos ppo --seeds 0 1 2 3 4
0 %, 0 %, 635 MiB, 32607 MiB
144214, python, 626 MiB
---
[2026-03-30 12:15:40]
   PID     ELAPSED STAT %CPU %MEM CMD
144214    09:17:38 Rl+  99.8  0.2 python -u experiments/run_highway_experiments.py --phase train --envs merge-v0 intersection-v0 --algos dqn --seeds 0 1 2 3 4
144377    09:17:31 Rl+  1660  0.1 python -u experiments/run_highway_experiments.py --phase train --envs merge-v0 intersection-v0 --algos ppo --seeds 0 1 2 3 4
0 %, 0 %, 635 MiB, 32607 MiB
144214, python, 626 MiB
---
[2026-03-30 12:16:40]
   PID     ELAPSED STAT %CPU %MEM CMD
144214    09:18:38 Rl+  99.8  0.2 python -u experiments/run_highway_experiments.py --phase train --envs merge-v0 intersection-v0 --algos dqn --seeds 0 1 2 3 4
144377    09:18:31 Rl+  1660  0.1 python -u experiments/run_highway_experiments.py --phase train --envs merge-v0 intersection-v0 --algos ppo --seeds 0 1 2 3 4
0 %, 0 %, 635 MiB, 32607 MiB
144214, python, 626 MiB
---
[2026-03-30 12:17:40]
   PID     ELAPSED STAT %CPU %MEM CMD
144214    09:19:38 Rl+  99.8  0.2 python -u experiments/run_highway_experiments.py --phase train --envs merge-v0 intersection-v0 --algos dqn --seeds 0 1 2 3 4
144377    09:19:31 Rl+  1660  0.1 python -u experiments/run_highway_experiments.py --phase train --envs merge-v0 intersection-v0 --algos ppo --seeds 0 1 2 3 4
0 %, 0 %, 635 MiB, 32607 MiB
144214, python, 626 MiB
---
[2026-03-30 12:18:40]
   PID     ELAPSED STAT %CPU %MEM CMD
144214    09:20:38 Sl+  99.8  0.2 python -u experiments/run_highway_experiments.py --phase train --envs merge-v0 intersection-v0 --algos dqn --seeds 0 1 2 3 4
144377    09:20:31 Rl+  1660  0.1 python -u experiments/run_highway_experiments.py --phase train --envs merge-v0 intersection-v0 --algos ppo --seeds 0 1 2 3 4
0 %, 0 %, 635 MiB, 32607 MiB
144214, python, 626 MiB
---
[2026-03-30 12:19:41]
   PID     ELAPSED STAT %CPU %MEM CMD
144214    09:21:39 Rl+  99.8  0.2 python -u experiments/run_highway_experiments.py --phase train --envs merge-v0 intersection-v0 --algos dqn --seeds 0 1 2 3 4
144377    09:21:32 Rl+  1660  0.1 python -u experiments/run_highway_experiments.py --phase train --envs merge-v0 intersection-v0 --algos ppo --seeds 0 1 2 3 4
0 %, 0 %, 635 MiB, 32607 MiB
144214, python, 626 MiB
---
[2026-03-30 12:20:41]
   PID     ELAPSED STAT %CPU %MEM CMD
144214    09:22:39 Rl+  99.8  0.2 python -u experiments/run_highway_experiments.py --phase train --envs merge-v0 intersection-v0 --algos dqn --seeds 0 1 2 3 4
144377    09:22:32 Rl+  1660  0.1 python -u experiments/run_highway_experiments.py --phase train --envs merge-v0 intersection-v0 --algos ppo --seeds 0 1 2 3 4
0 %, 0 %, 635 MiB, 32607 MiB
144214, python, 626 MiB
---
[2026-03-30 12:21:41]
   PID     ELAPSED STAT %CPU %MEM CMD
144214    09:23:39 Rl+  99.8  0.2 python -u experiments/run_highway_experiments.py --phase train --envs merge-v0 intersection-v0 --algos dqn --seeds 0 1 2 3 4
144377    09:23:32 Rl+  1660  0.1 python -u experiments/run_highway_experiments.py --phase train --envs merge-v0 intersection-v0 --algos ppo --seeds 0 1 2 3 4
0 %, 0 %, 635 MiB, 32607 MiB
144214, python, 626 MiB
---
[2026-03-30 12:22:41]
   PID     ELAPSED STAT %CPU %MEM CMD
144214    09:24:39 Rl+  99.8  0.2 python -u experiments/run_highway_experiments.py --phase train --envs merge-v0 intersection-v0 --algos dqn --seeds 0 1 2 3 4
144377    09:24:32 Rl+  1660  0.1 python -u experiments/run_highway_experiments.py --phase train --envs merge-v0 intersection-v0 --algos ppo --seeds 0 1 2 3 4
0 %, 0 %, 635 MiB, 32607 MiB
144214, python, 626 MiB
---
[2026-03-30 12:23:41]
   PID     ELAPSED STAT %CPU %MEM CMD
144214    09:25:39 Rl+  99.8  0.2 python -u experiments/run_highway_experiments.py --phase train --envs merge-v0 intersection-v0 --algos dqn --seeds 0 1 2 3 4
144377    09:25:32 Rl+  1660  0.1 python -u experiments/run_highway_experiments.py --phase train --envs merge-v0 intersection-v0 --algos ppo --seeds 0 1 2 3 4
0 %, 0 %, 635 MiB, 32607 MiB
144214, python, 626 MiB
---
[2026-03-30 12:24:42]
   PID     ELAPSED STAT %CPU %MEM CMD
144214    09:26:39 Rl+  99.8  0.2 python -u experiments/run_highway_experiments.py --phase train --envs merge-v0 intersection-v0 --algos dqn --seeds 0 1 2 3 4
144377    09:26:32 Rl+  1660  0.1 python -u experiments/run_highway_experiments.py --phase train --envs merge-v0 intersection-v0 --algos ppo --seeds 0 1 2 3 4
0 %, 0 %, 635 MiB, 32607 MiB
144214, python, 626 MiB
---
[2026-03-30 12:25:42]
   PID     ELAPSED STAT %CPU %MEM CMD
144214    09:27:40 Rl+  99.8  0.2 python -u experiments/run_highway_experiments.py --phase train --envs merge-v0 intersection-v0 --algos dqn --seeds 0 1 2 3 4
144377    09:27:33 Rl+  1660  0.1 python -u experiments/run_highway_experiments.py --phase train --envs merge-v0 intersection-v0 --algos ppo --seeds 0 1 2 3 4
0 %, 0 %, 635 MiB, 32607 MiB
144214, python, 626 MiB
---
[2026-03-30 12:26:42]
   PID     ELAPSED STAT %CPU %MEM CMD
144214    09:28:40 Rl+  99.8  0.2 python -u experiments/run_highway_experiments.py --phase train --envs merge-v0 intersection-v0 --algos dqn --seeds 0 1 2 3 4
144377    09:28:33 Rl+  1660  0.1 python -u experiments/run_highway_experiments.py --phase train --envs merge-v0 intersection-v0 --algos ppo --seeds 0 1 2 3 4
0 %, 0 %, 635 MiB, 32607 MiB
144214, python, 626 MiB
---
[2026-03-30 12:27:42]
   PID     ELAPSED STAT %CPU %MEM CMD
144214    09:29:40 Rl+  99.8  0.2 python -u experiments/run_highway_experiments.py --phase train --envs merge-v0 intersection-v0 --algos dqn --seeds 0 1 2 3 4
144377    09:29:33 Rl+  1660  0.1 python -u experiments/run_highway_experiments.py --phase train --envs merge-v0 intersection-v0 --algos ppo --seeds 0 1 2 3 4
0 %, 0 %, 635 MiB, 32607 MiB
144214, python, 626 MiB
---
[2026-03-30 12:28:42]
   PID     ELAPSED STAT %CPU %MEM CMD
144214    09:30:40 Rl+  99.8  0.2 python -u experiments/run_highway_experiments.py --phase train --envs merge-v0 intersection-v0 --algos dqn --seeds 0 1 2 3 4
144377    09:30:33 Rl+  1660  0.1 python -u experiments/run_highway_experiments.py --phase train --envs merge-v0 intersection-v0 --algos ppo --seeds 0 1 2 3 4
0 %, 0 %, 635 MiB, 32607 MiB
144214, python, 626 MiB
---
[2026-03-30 12:29:42]
   PID     ELAPSED STAT %CPU %MEM CMD
144214    09:31:40 Rl+  99.8  0.2 python -u experiments/run_highway_experiments.py --phase train --envs merge-v0 intersection-v0 --algos dqn --seeds 0 1 2 3 4
144377    09:31:33 Rl+  1660  0.1 python -u experiments/run_highway_experiments.py --phase train --envs merge-v0 intersection-v0 --algos ppo --seeds 0 1 2 3 4
0 %, 0 %, 635 MiB, 32607 MiB
144214, python, 626 MiB
---
[2026-03-30 12:30:43]
   PID     ELAPSED STAT %CPU %MEM CMD
144214    09:32:40 Rl+  99.8  0.2 python -u experiments/run_highway_experiments.py --phase train --envs merge-v0 intersection-v0 --algos dqn --seeds 0 1 2 3 4
144377    09:32:33 Rl+  1660  0.1 python -u experiments/run_highway_experiments.py --phase train --envs merge-v0 intersection-v0 --algos ppo --seeds 0 1 2 3 4
0 %, 0 %, 635 MiB, 32607 MiB
144214, python, 626 MiB
---
[2026-03-30 12:31:43]
   PID     ELAPSED STAT %CPU %MEM CMD
144214    09:33:41 Rl+  99.8  0.2 python -u experiments/run_highway_experiments.py --phase train --envs merge-v0 intersection-v0 --algos dqn --seeds 0 1 2 3 4
144377    09:33:34 Rl+  1660  0.1 python -u experiments/run_highway_experiments.py --phase train --envs merge-v0 intersection-v0 --algos ppo --seeds 0 1 2 3 4
0 %, 0 %, 635 MiB, 32607 MiB
144214, python, 626 MiB
---
[2026-03-30 12:32:43]
   PID     ELAPSED STAT %CPU %MEM CMD
144214    09:34:41 Rl+  99.8  0.2 python -u experiments/run_highway_experiments.py --phase train --envs merge-v0 intersection-v0 --algos dqn --seeds 0 1 2 3 4
144377    09:34:34 Rl+  1659  0.1 python -u experiments/run_highway_experiments.py --phase train --envs merge-v0 intersection-v0 --algos ppo --seeds 0 1 2 3 4
0 %, 0 %, 635 MiB, 32607 MiB
144214, python, 626 MiB
---
[2026-03-30 12:33:43]
   PID     ELAPSED STAT %CPU %MEM CMD
144214    09:35:41 Rl+  99.8  0.2 python -u experiments/run_highway_experiments.py --phase train --envs merge-v0 intersection-v0 --algos dqn --seeds 0 1 2 3 4
144377    09:35:34 Rl+  1659  0.1 python -u experiments/run_highway_experiments.py --phase train --envs merge-v0 intersection-v0 --algos ppo --seeds 0 1 2 3 4
0 %, 0 %, 635 MiB, 32607 MiB
144214, python, 626 MiB
---
[2026-03-30 12:34:43]
   PID     ELAPSED STAT %CPU %MEM CMD
144214    09:36:41 Rl+  99.8  0.2 python -u experiments/run_highway_experiments.py --phase train --envs merge-v0 intersection-v0 --algos dqn --seeds 0 1 2 3 4
144377    09:36:34 Rl+  1659  0.1 python -u experiments/run_highway_experiments.py --phase train --envs merge-v0 intersection-v0 --algos ppo --seeds 0 1 2 3 4
0 %, 0 %, 635 MiB, 32607 MiB
144214, python, 626 MiB
---
[2026-03-30 12:35:43]
   PID     ELAPSED STAT %CPU %MEM CMD
144214    09:37:41 Rl+  99.8  0.2 python -u experiments/run_highway_experiments.py --phase train --envs merge-v0 intersection-v0 --algos dqn --seeds 0 1 2 3 4
144377    09:37:34 Rl+  1659  0.1 python -u experiments/run_highway_experiments.py --phase train --envs merge-v0 intersection-v0 --algos ppo --seeds 0 1 2 3 4
1 %, 0 %, 635 MiB, 32607 MiB
144214, python, 626 MiB
---
[2026-03-30 12:36:44]
   PID     ELAPSED STAT %CPU %MEM CMD
144214    09:38:41 Rl+  99.8  0.2 python -u experiments/run_highway_experiments.py --phase train --envs merge-v0 intersection-v0 --algos dqn --seeds 0 1 2 3 4
144377    09:38:34 Rl+  1659  0.1 python -u experiments/run_highway_experiments.py --phase train --envs merge-v0 intersection-v0 --algos ppo --seeds 0 1 2 3 4
0 %, 0 %, 635 MiB, 32607 MiB
144214, python, 626 MiB
---
[2026-03-30 12:37:44]
   PID     ELAPSED STAT %CPU %MEM CMD
144214    09:39:42 Rl+  99.8  0.2 python -u experiments/run_highway_experiments.py --phase train --envs merge-v0 intersection-v0 --algos dqn --seeds 0 1 2 3 4
144377    09:39:35 Rl+  1659  0.1 python -u experiments/run_highway_experiments.py --phase train --envs merge-v0 intersection-v0 --algos ppo --seeds 0 1 2 3 4
0 %, 0 %, 635 MiB, 32607 MiB
144214, python, 626 MiB
---
[2026-03-30 12:38:44]
   PID     ELAPSED STAT %CPU %MEM CMD
144214    09:40:42 Rl+  99.8  0.2 python -u experiments/run_highway_experiments.py --phase train --envs merge-v0 intersection-v0 --algos dqn --seeds 0 1 2 3 4
144377    09:40:35 Rl+  1659  0.1 python -u experiments/run_highway_experiments.py --phase train --envs merge-v0 intersection-v0 --algos ppo --seeds 0 1 2 3 4
0 %, 0 %, 635 MiB, 32607 MiB
144214, python, 626 MiB
---
[2026-03-30 12:39:44]
   PID     ELAPSED STAT %CPU %MEM CMD
144214    09:41:42 Rl+  99.8  0.2 python -u experiments/run_highway_experiments.py --phase train --envs merge-v0 intersection-v0 --algos dqn --seeds 0 1 2 3 4
144377    09:41:35 Rl+  1659  0.1 python -u experiments/run_highway_experiments.py --phase train --envs merge-v0 intersection-v0 --algos ppo --seeds 0 1 2 3 4
0 %, 0 %, 635 MiB, 32607 MiB
144214, python, 626 MiB
---
[2026-03-30 12:40:44]
   PID     ELAPSED STAT %CPU %MEM CMD
144214    09:42:42 Rl+  99.8  0.2 python -u experiments/run_highway_experiments.py --phase train --envs merge-v0 intersection-v0 --algos dqn --seeds 0 1 2 3 4
144377    09:42:35 Rl+  1659  0.1 python -u experiments/run_highway_experiments.py --phase train --envs merge-v0 intersection-v0 --algos ppo --seeds 0 1 2 3 4
0 %, 0 %, 635 MiB, 32607 MiB
144214, python, 626 MiB
---
[2026-03-30 12:41:44]
   PID     ELAPSED STAT %CPU %MEM CMD
144214    09:43:42 Rl+  99.8  0.2 python -u experiments/run_highway_experiments.py --phase train --envs merge-v0 intersection-v0 --algos dqn --seeds 0 1 2 3 4
144377    09:43:35 Rl+  1659  0.1 python -u experiments/run_highway_experiments.py --phase train --envs merge-v0 intersection-v0 --algos ppo --seeds 0 1 2 3 4
0 %, 0 %, 635 MiB, 32607 MiB
144214, python, 626 MiB
---
[2026-03-30 12:42:45]
   PID     ELAPSED STAT %CPU %MEM CMD
144214    09:44:43 Rl+  99.8  0.2 python -u experiments/run_highway_experiments.py --phase train --envs merge-v0 intersection-v0 --algos dqn --seeds 0 1 2 3 4
144377    09:44:36 Rl+  1659  0.1 python -u experiments/run_highway_experiments.py --phase train --envs merge-v0 intersection-v0 --algos ppo --seeds 0 1 2 3 4
0 %, 0 %, 635 MiB, 32607 MiB
144214, python, 626 MiB
---
[2026-03-30 12:43:45]
   PID     ELAPSED STAT %CPU %MEM CMD
144214    09:45:43 Rl+  99.8  0.2 python -u experiments/run_highway_experiments.py --phase train --envs merge-v0 intersection-v0 --algos dqn --seeds 0 1 2 3 4
144377    09:45:36 Rl+  1659  0.1 python -u experiments/run_highway_experiments.py --phase train --envs merge-v0 intersection-v0 --algos ppo --seeds 0 1 2 3 4
0 %, 0 %, 635 MiB, 32607 MiB
144214, python, 626 MiB
---
[2026-03-30 12:44:45]
   PID     ELAPSED STAT %CPU %MEM CMD
144214    09:46:43 Rl+  99.8  0.2 python -u experiments/run_highway_experiments.py --phase train --envs merge-v0 intersection-v0 --algos dqn --seeds 0 1 2 3 4
144377    09:46:36 Rl+  1659  0.1 python -u experiments/run_highway_experiments.py --phase train --envs merge-v0 intersection-v0 --algos ppo --seeds 0 1 2 3 4
0 %, 0 %, 635 MiB, 32607 MiB
144214, python, 626 MiB
---
[2026-03-30 12:45:45]
   PID     ELAPSED STAT %CPU %MEM CMD
144214    09:47:43 Rl+  99.8  0.2 python -u experiments/run_highway_experiments.py --phase train --envs merge-v0 intersection-v0 --algos dqn --seeds 0 1 2 3 4
144377    09:47:36 Rl+  1659  0.1 python -u experiments/run_highway_experiments.py --phase train --envs merge-v0 intersection-v0 --algos ppo --seeds 0 1 2 3 4
0 %, 0 %, 635 MiB, 32607 MiB
144214, python, 626 MiB
---
[2026-03-30 12:46:45]
   PID     ELAPSED STAT %CPU %MEM CMD
144214    09:48:43 Rl+  99.8  0.2 python -u experiments/run_highway_experiments.py --phase train --envs merge-v0 intersection-v0 --algos dqn --seeds 0 1 2 3 4
144377    09:48:36 Rl+  1659  0.1 python -u experiments/run_highway_experiments.py --phase train --envs merge-v0 intersection-v0 --algos ppo --seeds 0 1 2 3 4
0 %, 0 %, 635 MiB, 32607 MiB
144214, python, 626 MiB
---
[2026-03-30 12:47:45]
   PID     ELAPSED STAT %CPU %MEM CMD
144214    09:49:43 Rl+  99.8  0.2 python -u experiments/run_highway_experiments.py --phase train --envs merge-v0 intersection-v0 --algos dqn --seeds 0 1 2 3 4
144377    09:49:36 Rl+  1659  0.1 python -u experiments/run_highway_experiments.py --phase train --envs merge-v0 intersection-v0 --algos ppo --seeds 0 1 2 3 4
0 %, 0 %, 635 MiB, 32607 MiB
144214, python, 626 MiB
---
[2026-03-30 12:48:46]
   PID     ELAPSED STAT %CPU %MEM CMD
144214    09:50:44 Rl+  99.8  0.2 python -u experiments/run_highway_experiments.py --phase train --envs merge-v0 intersection-v0 --algos dqn --seeds 0 1 2 3 4
144377    09:50:37 Rl+  1658  0.1 python -u experiments/run_highway_experiments.py --phase train --envs merge-v0 intersection-v0 --algos ppo --seeds 0 1 2 3 4
0 %, 0 %, 635 MiB, 32607 MiB
144214, python, 626 MiB
---
[2026-03-30 12:49:46]
   PID     ELAPSED STAT %CPU %MEM CMD
144214    09:51:44 Rl+  99.8  0.2 python -u experiments/run_highway_experiments.py --phase train --envs merge-v0 intersection-v0 --algos dqn --seeds 0 1 2 3 4
144377    09:51:37 Rl+  1658  0.1 python -u experiments/run_highway_experiments.py --phase train --envs merge-v0 intersection-v0 --algos ppo --seeds 0 1 2 3 4
0 %, 0 %, 635 MiB, 32607 MiB
144214, python, 626 MiB
---
[2026-03-30 12:50:46]
   PID     ELAPSED STAT %CPU %MEM CMD
144214    09:52:44 Rl+  99.8  0.2 python -u experiments/run_highway_experiments.py --phase train --envs merge-v0 intersection-v0 --algos dqn --seeds 0 1 2 3 4
144377    09:52:37 Rl+  1658  0.1 python -u experiments/run_highway_experiments.py --phase train --envs merge-v0 intersection-v0 --algos ppo --seeds 0 1 2 3 4
0 %, 0 %, 635 MiB, 32607 MiB
144214, python, 626 MiB
---
[2026-03-30 12:51:46]
   PID     ELAPSED STAT %CPU %MEM CMD
144214    09:53:44 Rl+  99.8  0.2 python -u experiments/run_highway_experiments.py --phase train --envs merge-v0 intersection-v0 --algos dqn --seeds 0 1 2 3 4
144377    09:53:37 Rl+  1658  0.1 python -u experiments/run_highway_experiments.py --phase train --envs merge-v0 intersection-v0 --algos ppo --seeds 0 1 2 3 4
0 %, 0 %, 635 MiB, 32607 MiB
144214, python, 626 MiB
---
[2026-03-30 12:52:46]
   PID     ELAPSED STAT %CPU %MEM CMD
144214    09:54:44 Rl+  99.8  0.2 python -u experiments/run_highway_experiments.py --phase train --envs merge-v0 intersection-v0 --algos dqn --seeds 0 1 2 3 4
144377    09:54:37 Rl+  1658  0.1 python -u experiments/run_highway_experiments.py --phase train --envs merge-v0 intersection-v0 --algos ppo --seeds 0 1 2 3 4
0 %, 0 %, 635 MiB, 32607 MiB
144214, python, 626 MiB
---
[2026-03-30 12:53:47]
   PID     ELAPSED STAT %CPU %MEM CMD
144214    09:55:44 Rl+  99.8  0.2 python -u experiments/run_highway_experiments.py --phase train --envs merge-v0 intersection-v0 --algos dqn --seeds 0 1 2 3 4
144377    09:55:37 Rl+  1658  0.1 python -u experiments/run_highway_experiments.py --phase train --envs merge-v0 intersection-v0 --algos ppo --seeds 0 1 2 3 4
0 %, 0 %, 635 MiB, 32607 MiB
144214, python, 626 MiB
---
[2026-03-30 12:54:47]
   PID     ELAPSED STAT %CPU %MEM CMD
144214    09:56:45 Rl+  99.8  0.2 python -u experiments/run_highway_experiments.py --phase train --envs merge-v0 intersection-v0 --algos dqn --seeds 0 1 2 3 4
144377    09:56:38 Rl+  1658  0.1 python -u experiments/run_highway_experiments.py --phase train --envs merge-v0 intersection-v0 --algos ppo --seeds 0 1 2 3 4
0 %, 0 %, 635 MiB, 32607 MiB
144214, python, 626 MiB
---
[2026-03-30 12:55:47]
   PID     ELAPSED STAT %CPU %MEM CMD
144214    09:57:45 Rl+  99.8  0.2 python -u experiments/run_highway_experiments.py --phase train --envs merge-v0 intersection-v0 --algos dqn --seeds 0 1 2 3 4
144377    09:57:38 Rl+  1658  0.1 python -u experiments/run_highway_experiments.py --phase train --envs merge-v0 intersection-v0 --algos ppo --seeds 0 1 2 3 4
0 %, 0 %, 635 MiB, 32607 MiB
144214, python, 626 MiB
---
[2026-03-30 12:56:47]
   PID     ELAPSED STAT %CPU %MEM CMD
144214    09:58:45 Rl+  99.8  0.2 python -u experiments/run_highway_experiments.py --phase train --envs merge-v0 intersection-v0 --algos dqn --seeds 0 1 2 3 4
144377    09:58:38 Rl+  1658  0.1 python -u experiments/run_highway_experiments.py --phase train --envs merge-v0 intersection-v0 --algos ppo --seeds 0 1 2 3 4
0 %, 0 %, 635 MiB, 32607 MiB
144214, python, 626 MiB
---
[2026-03-30 12:57:47]
   PID     ELAPSED STAT %CPU %MEM CMD
144214    09:59:45 Rl+  99.8  0.2 python -u experiments/run_highway_experiments.py --phase train --envs merge-v0 intersection-v0 --algos dqn --seeds 0 1 2 3 4
144377    09:59:38 Rl+  1658  0.1 python -u experiments/run_highway_experiments.py --phase train --envs merge-v0 intersection-v0 --algos ppo --seeds 0 1 2 3 4
0 %, 0 %, 635 MiB, 32607 MiB
144214, python, 626 MiB
---
[2026-03-30 12:58:47]
   PID     ELAPSED STAT %CPU %MEM CMD
144214    10:00:45 Rl+  99.8  0.2 python -u experiments/run_highway_experiments.py --phase train --envs merge-v0 intersection-v0 --algos dqn --seeds 0 1 2 3 4
144377    10:00:38 Rl+  1658  0.1 python -u experiments/run_highway_experiments.py --phase train --envs merge-v0 intersection-v0 --algos ppo --seeds 0 1 2 3 4
0 %, 0 %, 635 MiB, 32607 MiB
144214, python, 626 MiB
---
[2026-03-30 12:59:48]
   PID     ELAPSED STAT %CPU %MEM CMD
144214    10:01:46 Rl+  99.8  0.2 python -u experiments/run_highway_experiments.py --phase train --envs merge-v0 intersection-v0 --algos dqn --seeds 0 1 2 3 4
144377    10:01:39 Rl+  1658  0.1 python -u experiments/run_highway_experiments.py --phase train --envs merge-v0 intersection-v0 --algos ppo --seeds 0 1 2 3 4
0 %, 0 %, 635 MiB, 32607 MiB
144214, python, 626 MiB
---
[2026-03-30 13:00:48]
   PID     ELAPSED STAT %CPU %MEM CMD
144214    10:02:46 Rl+  99.8  0.2 python -u experiments/run_highway_experiments.py --phase train --envs merge-v0 intersection-v0 --algos dqn --seeds 0 1 2 3 4
144377    10:02:39 Rl+  1658  0.1 python -u experiments/run_highway_experiments.py --phase train --envs merge-v0 intersection-v0 --algos ppo --seeds 0 1 2 3 4
0 %, 0 %, 635 MiB, 32607 MiB
144214, python, 626 MiB
---
[2026-03-30 13:01:48]
   PID     ELAPSED STAT %CPU %MEM CMD
144214    10:03:46 Rl+  99.8  0.2 python -u experiments/run_highway_experiments.py --phase train --envs merge-v0 intersection-v0 --algos dqn --seeds 0 1 2 3 4
144377    10:03:39 Rl+  1658  0.1 python -u experiments/run_highway_experiments.py --phase train --envs merge-v0 intersection-v0 --algos ppo --seeds 0 1 2 3 4
0 %, 0 %, 635 MiB, 32607 MiB
144214, python, 626 MiB
---
[2026-03-30 13:02:48]
   PID     ELAPSED STAT %CPU %MEM CMD
144214    10:04:46 Rl+  99.8  0.2 python -u experiments/run_highway_experiments.py --phase train --envs merge-v0 intersection-v0 --algos dqn --seeds 0 1 2 3 4
144377    10:04:39 Rl+  1658  0.1 python -u experiments/run_highway_experiments.py --phase train --envs merge-v0 intersection-v0 --algos ppo --seeds 0 1 2 3 4
0 %, 0 %, 635 MiB, 32607 MiB
144214, python, 626 MiB
---
[2026-03-30 13:03:48]
   PID     ELAPSED STAT %CPU %MEM CMD
144214    10:05:46 Rl+  99.8  0.2 python -u experiments/run_highway_experiments.py --phase train --envs merge-v0 intersection-v0 --algos dqn --seeds 0 1 2 3 4
144377    10:05:39 Rl+  1658  0.1 python -u experiments/run_highway_experiments.py --phase train --envs merge-v0 intersection-v0 --algos ppo --seeds 0 1 2 3 4
0 %, 0 %, 635 MiB, 32607 MiB
144214, python, 626 MiB
---
[2026-03-30 13:04:49]
   PID     ELAPSED STAT %CPU %MEM CMD
144214    10:06:46 Rl+  99.8  0.2 python -u experiments/run_highway_experiments.py --phase train --envs merge-v0 intersection-v0 --algos dqn --seeds 0 1 2 3 4
144377    10:06:39 Rl+  1658  0.1 python -u experiments/run_highway_experiments.py --phase train --envs merge-v0 intersection-v0 --algos ppo --seeds 0 1 2 3 4
0 %, 0 %, 635 MiB, 32607 MiB
144214, python, 626 MiB
---
[2026-03-30 13:05:49]
   PID     ELAPSED STAT %CPU %MEM CMD
144214    10:07:47 Rl+  99.8  0.2 python -u experiments/run_highway_experiments.py --phase train --envs merge-v0 intersection-v0 --algos dqn --seeds 0 1 2 3 4
144377    10:07:40 Rl+  1658  0.1 python -u experiments/run_highway_experiments.py --phase train --envs merge-v0 intersection-v0 --algos ppo --seeds 0 1 2 3 4
0 %, 0 %, 635 MiB, 32607 MiB
144214, python, 626 MiB
---
[2026-03-30 13:06:49]
   PID     ELAPSED STAT %CPU %MEM CMD
144214    10:08:47 Rl+  99.8  0.2 python -u experiments/run_highway_experiments.py --phase train --envs merge-v0 intersection-v0 --algos dqn --seeds 0 1 2 3 4
144377    10:08:40 Rl+  1658  0.1 python -u experiments/run_highway_experiments.py --phase train --envs merge-v0 intersection-v0 --algos ppo --seeds 0 1 2 3 4
0 %, 0 %, 635 MiB, 32607 MiB
144214, python, 626 MiB
---
[2026-03-30 13:07:49]
   PID     ELAPSED STAT %CPU %MEM CMD
144214    10:09:47 Rl+  99.8  0.2 python -u experiments/run_highway_experiments.py --phase train --envs merge-v0 intersection-v0 --algos dqn --seeds 0 1 2 3 4
144377    10:09:40 Rl+  1658  0.1 python -u experiments/run_highway_experiments.py --phase train --envs merge-v0 intersection-v0 --algos ppo --seeds 0 1 2 3 4
0 %, 0 %, 635 MiB, 32607 MiB
144214, python, 626 MiB
---
[2026-03-30 13:08:49]
   PID     ELAPSED STAT %CPU %MEM CMD
144214    10:10:47 Rl+  99.8  0.2 python -u experiments/run_highway_experiments.py --phase train --envs merge-v0 intersection-v0 --algos dqn --seeds 0 1 2 3 4
144377    10:10:40 Rl+  1658  0.1 python -u experiments/run_highway_experiments.py --phase train --envs merge-v0 intersection-v0 --algos ppo --seeds 0 1 2 3 4
0 %, 0 %, 635 MiB, 32607 MiB
144214, python, 626 MiB
---
[2026-03-30 13:09:49]
   PID     ELAPSED STAT %CPU %MEM CMD
144214    10:11:47 Rl+  99.8  0.2 python -u experiments/run_highway_experiments.py --phase train --envs merge-v0 intersection-v0 --algos dqn --seeds 0 1 2 3 4
144377    10:11:40 Rl+  1658  0.1 python -u experiments/run_highway_experiments.py --phase train --envs merge-v0 intersection-v0 --algos ppo --seeds 0 1 2 3 4
0 %, 0 %, 635 MiB, 32607 MiB
144214, python, 626 MiB
---
[2026-03-30 13:10:50]
   PID     ELAPSED STAT %CPU %MEM CMD
144214    10:12:47 Rl+  99.8  0.2 python -u experiments/run_highway_experiments.py --phase train --envs merge-v0 intersection-v0 --algos dqn --seeds 0 1 2 3 4
144377    10:12:40 Rl+  1658  0.1 python -u experiments/run_highway_experiments.py --phase train --envs merge-v0 intersection-v0 --algos ppo --seeds 0 1 2 3 4
0 %, 0 %, 635 MiB, 32607 MiB
144214, python, 626 MiB
---
[2026-03-30 13:11:50]
   PID     ELAPSED STAT %CPU %MEM CMD
144214    10:13:48 Rl+  99.8  0.2 python -u experiments/run_highway_experiments.py --phase train --envs merge-v0 intersection-v0 --algos dqn --seeds 0 1 2 3 4
144377    10:13:41 Rl+  1658  0.1 python -u experiments/run_highway_experiments.py --phase train --envs merge-v0 intersection-v0 --algos ppo --seeds 0 1 2 3 4
0 %, 0 %, 635 MiB, 32607 MiB
144214, python, 626 MiB
---
[2026-03-30 13:12:50]
   PID     ELAPSED STAT %CPU %MEM CMD
144214    10:14:48 Rl+  99.8  0.2 python -u experiments/run_highway_experiments.py --phase train --envs merge-v0 intersection-v0 --algos dqn --seeds 0 1 2 3 4
144377    10:14:41 Rl+  1658  0.1 python -u experiments/run_highway_experiments.py --phase train --envs merge-v0 intersection-v0 --algos ppo --seeds 0 1 2 3 4
0 %, 0 %, 635 MiB, 32607 MiB
144214, python, 626 MiB
---
[2026-03-30 13:13:50]
   PID     ELAPSED STAT %CPU %MEM CMD
144214    10:15:48 Rl+  99.8  0.2 python -u experiments/run_highway_experiments.py --phase train --envs merge-v0 intersection-v0 --algos dqn --seeds 0 1 2 3 4
144377    10:15:41 Rl+  1658  0.1 python -u experiments/run_highway_experiments.py --phase train --envs merge-v0 intersection-v0 --algos ppo --seeds 0 1 2 3 4
0 %, 0 %, 635 MiB, 32607 MiB
144214, python, 626 MiB
---
[2026-03-30 13:14:50]
   PID     ELAPSED STAT %CPU %MEM CMD
144214    10:16:48 Rl+  99.8  0.2 python -u experiments/run_highway_experiments.py --phase train --envs merge-v0 intersection-v0 --algos dqn --seeds 0 1 2 3 4
144377    10:16:41 Rl+  1658  0.1 python -u experiments/run_highway_experiments.py --phase train --envs merge-v0 intersection-v0 --algos ppo --seeds 0 1 2 3 4
0 %, 0 %, 635 MiB, 32607 MiB
144214, python, 626 MiB
---
[2026-03-30 13:15:50]
   PID     ELAPSED STAT %CPU %MEM CMD
144214    10:17:48 Rl+  99.8  0.2 python -u experiments/run_highway_experiments.py --phase train --envs merge-v0 intersection-v0 --algos dqn --seeds 0 1 2 3 4
144377    10:17:41 Rl+  1658  0.1 python -u experiments/run_highway_experiments.py --phase train --envs merge-v0 intersection-v0 --algos ppo --seeds 0 1 2 3 4
0 %, 0 %, 635 MiB, 32607 MiB
144214, python, 626 MiB
---
[2026-03-30 13:16:51]
   PID     ELAPSED STAT %CPU %MEM CMD
144214    10:18:48 Rl+  99.8  0.2 python -u experiments/run_highway_experiments.py --phase train --envs merge-v0 intersection-v0 --algos dqn --seeds 0 1 2 3 4
144377    10:18:41 Rl+  1658  0.1 python -u experiments/run_highway_experiments.py --phase train --envs merge-v0 intersection-v0 --algos ppo --seeds 0 1 2 3 4
0 %, 0 %, 635 MiB, 32607 MiB
144214, python, 626 MiB
---
[2026-03-30 13:17:51]
   PID     ELAPSED STAT %CPU %MEM CMD
144214    10:19:49 Rl+  99.8  0.2 python -u experiments/run_highway_experiments.py --phase train --envs merge-v0 intersection-v0 --algos dqn --seeds 0 1 2 3 4
144377    10:19:42 Rl+  1657  0.1 python -u experiments/run_highway_experiments.py --phase train --envs merge-v0 intersection-v0 --algos ppo --seeds 0 1 2 3 4
0 %, 0 %, 635 MiB, 32607 MiB
144214, python, 626 MiB
---
[2026-03-30 13:18:51]
   PID     ELAPSED STAT %CPU %MEM CMD
144214    10:20:49 Rl+  99.8  0.2 python -u experiments/run_highway_experiments.py --phase train --envs merge-v0 intersection-v0 --algos dqn --seeds 0 1 2 3 4
144377    10:20:42 Rl+  1657  0.1 python -u experiments/run_highway_experiments.py --phase train --envs merge-v0 intersection-v0 --algos ppo --seeds 0 1 2 3 4
0 %, 0 %, 635 MiB, 32607 MiB
144214, python, 626 MiB
---
[2026-03-30 13:19:51]
   PID     ELAPSED STAT %CPU %MEM CMD
144214    10:21:49 Rl+  99.8  0.2 python -u experiments/run_highway_experiments.py --phase train --envs merge-v0 intersection-v0 --algos dqn --seeds 0 1 2 3 4
144377    10:21:42 Rl+  1657  0.1 python -u experiments/run_highway_experiments.py --phase train --envs merge-v0 intersection-v0 --algos ppo --seeds 0 1 2 3 4
0 %, 0 %, 635 MiB, 32607 MiB
144214, python, 626 MiB
---
[2026-03-30 13:20:51]
   PID     ELAPSED STAT %CPU %MEM CMD
144214    10:22:49 Rl+  99.8  0.2 python -u experiments/run_highway_experiments.py --phase train --envs merge-v0 intersection-v0 --algos dqn --seeds 0 1 2 3 4
144377    10:22:42 Rl+  1657  0.1 python -u experiments/run_highway_experiments.py --phase train --envs merge-v0 intersection-v0 --algos ppo --seeds 0 1 2 3 4
0 %, 0 %, 635 MiB, 32607 MiB
144214, python, 626 MiB
---
[2026-03-30 13:21:51]
   PID     ELAPSED STAT %CPU %MEM CMD
144214    10:23:49 Rl+  99.8  0.2 python -u experiments/run_highway_experiments.py --phase train --envs merge-v0 intersection-v0 --algos dqn --seeds 0 1 2 3 4
144377    10:23:42 Rl+  1657  0.1 python -u experiments/run_highway_experiments.py --phase train --envs merge-v0 intersection-v0 --algos ppo --seeds 0 1 2 3 4
0 %, 0 %, 635 MiB, 32607 MiB
144214, python, 626 MiB
---
[2026-03-30 13:22:52]
   PID     ELAPSED STAT %CPU %MEM CMD
144214    10:24:49 Rl+  99.8  0.2 python -u experiments/run_highway_experiments.py --phase train --envs merge-v0 intersection-v0 --algos dqn --seeds 0 1 2 3 4
144377    10:24:42 Rl+  1657  0.1 python -u experiments/run_highway_experiments.py --phase train --envs merge-v0 intersection-v0 --algos ppo --seeds 0 1 2 3 4
0 %, 0 %, 635 MiB, 32607 MiB
144214, python, 626 MiB
---
[2026-03-30 13:23:52]
   PID     ELAPSED STAT %CPU %MEM CMD
144214    10:25:50 Rl+  99.8  0.2 python -u experiments/run_highway_experiments.py --phase train --envs merge-v0 intersection-v0 --algos dqn --seeds 0 1 2 3 4
144377    10:25:43 Rl+  1657  0.1 python -u experiments/run_highway_experiments.py --phase train --envs merge-v0 intersection-v0 --algos ppo --seeds 0 1 2 3 4
0 %, 0 %, 635 MiB, 32607 MiB
144214, python, 626 MiB
---
[2026-03-30 13:24:52]
   PID     ELAPSED STAT %CPU %MEM CMD
144214    10:26:50 Rl+  99.8  0.2 python -u experiments/run_highway_experiments.py --phase train --envs merge-v0 intersection-v0 --algos dqn --seeds 0 1 2 3 4
144377    10:26:43 Rl+  1657  0.1 python -u experiments/run_highway_experiments.py --phase train --envs merge-v0 intersection-v0 --algos ppo --seeds 0 1 2 3 4
0 %, 0 %, 635 MiB, 32607 MiB
144214, python, 626 MiB
---
[2026-03-30 13:25:52]
   PID     ELAPSED STAT %CPU %MEM CMD
144214    10:27:50 Rl+  99.8  0.2 python -u experiments/run_highway_experiments.py --phase train --envs merge-v0 intersection-v0 --algos dqn --seeds 0 1 2 3 4
144377    10:27:43 Rl+  1657  0.1 python -u experiments/run_highway_experiments.py --phase train --envs merge-v0 intersection-v0 --algos ppo --seeds 0 1 2 3 4
0 %, 0 %, 635 MiB, 32607 MiB
144214, python, 626 MiB
---
[2026-03-30 13:26:52]
   PID     ELAPSED STAT %CPU %MEM CMD
144214    10:28:50 Rl+  99.8  0.2 python -u experiments/run_highway_experiments.py --phase train --envs merge-v0 intersection-v0 --algos dqn --seeds 0 1 2 3 4
144377    10:28:43 Rl+  1657  0.1 python -u experiments/run_highway_experiments.py --phase train --envs merge-v0 intersection-v0 --algos ppo --seeds 0 1 2 3 4
0 %, 0 %, 635 MiB, 32607 MiB
144214, python, 626 MiB
---
[2026-03-30 13:27:52]
   PID     ELAPSED STAT %CPU %MEM CMD
144214    10:29:50 Rl+  99.8  0.2 python -u experiments/run_highway_experiments.py --phase train --envs merge-v0 intersection-v0 --algos dqn --seeds 0 1 2 3 4
144377    10:29:43 Rl+  1657  0.1 python -u experiments/run_highway_experiments.py --phase train --envs merge-v0 intersection-v0 --algos ppo --seeds 0 1 2 3 4
0 %, 0 %, 635 MiB, 32607 MiB
144214, python, 626 MiB
---
[2026-03-30 13:28:53]
   PID     ELAPSED STAT %CPU %MEM CMD
144214    10:30:51 Rl+  99.8  0.2 python -u experiments/run_highway_experiments.py --phase train --envs merge-v0 intersection-v0 --algos dqn --seeds 0 1 2 3 4
144377    10:30:44 Rl+  1657  0.1 python -u experiments/run_highway_experiments.py --phase train --envs merge-v0 intersection-v0 --algos ppo --seeds 0 1 2 3 4
0 %, 0 %, 635 MiB, 32607 MiB
144214, python, 626 MiB
---
[2026-03-30 13:29:53]
   PID     ELAPSED STAT %CPU %MEM CMD
144214    10:31:51 Rl+  99.8  0.2 python -u experiments/run_highway_experiments.py --phase train --envs merge-v0 intersection-v0 --algos dqn --seeds 0 1 2 3 4
144377    10:31:44 Rl+  1657  0.1 python -u experiments/run_highway_experiments.py --phase train --envs merge-v0 intersection-v0 --algos ppo --seeds 0 1 2 3 4
0 %, 0 %, 635 MiB, 32607 MiB
144214, python, 626 MiB
---
[2026-03-30 13:30:53]
   PID     ELAPSED STAT %CPU %MEM CMD
144214    10:32:51 Rl+  99.8  0.2 python -u experiments/run_highway_experiments.py --phase train --envs merge-v0 intersection-v0 --algos dqn --seeds 0 1 2 3 4
144377    10:32:44 Rl+  1657  0.1 python -u experiments/run_highway_experiments.py --phase train --envs merge-v0 intersection-v0 --algos ppo --seeds 0 1 2 3 4
0 %, 0 %, 635 MiB, 32607 MiB
144214, python, 626 MiB
---
[2026-03-30 13:31:53]
   PID     ELAPSED STAT %CPU %MEM CMD
144214    10:33:51 Rl+  99.8  0.2 python -u experiments/run_highway_experiments.py --phase train --envs merge-v0 intersection-v0 --algos dqn --seeds 0 1 2 3 4
144377    10:33:44 Rl+  1657  0.1 python -u experiments/run_highway_experiments.py --phase train --envs merge-v0 intersection-v0 --algos ppo --seeds 0 1 2 3 4
0 %, 0 %, 635 MiB, 32607 MiB
144214, python, 626 MiB
---
[2026-03-30 13:32:53]
   PID     ELAPSED STAT %CPU %MEM CMD
144214    10:34:51 Rl+  99.8  0.2 python -u experiments/run_highway_experiments.py --phase train --envs merge-v0 intersection-v0 --algos dqn --seeds 0 1 2 3 4
144377    10:34:44 Rl+  1657  0.1 python -u experiments/run_highway_experiments.py --phase train --envs merge-v0 intersection-v0 --algos ppo --seeds 0 1 2 3 4
0 %, 0 %, 635 MiB, 32607 MiB
144214, python, 626 MiB
---
[2026-03-30 13:33:54]
   PID     ELAPSED STAT %CPU %MEM CMD
144214    10:35:51 Rl+  99.8  0.2 python -u experiments/run_highway_experiments.py --phase train --envs merge-v0 intersection-v0 --algos dqn --seeds 0 1 2 3 4
144377    10:35:44 Rl+  1657  0.1 python -u experiments/run_highway_experiments.py --phase train --envs merge-v0 intersection-v0 --algos ppo --seeds 0 1 2 3 4
0 %, 0 %, 635 MiB, 32607 MiB
144214, python, 626 MiB
---
[2026-03-30 13:34:54]
   PID     ELAPSED STAT %CPU %MEM CMD
144214    10:36:52 Rl+  99.8  0.2 python -u experiments/run_highway_experiments.py --phase train --envs merge-v0 intersection-v0 --algos dqn --seeds 0 1 2 3 4
144377    10:36:45 Rl+  1656  0.1 python -u experiments/run_highway_experiments.py --phase train --envs merge-v0 intersection-v0 --algos ppo --seeds 0 1 2 3 4
0 %, 0 %, 635 MiB, 32607 MiB
144214, python, 626 MiB
---
[2026-03-30 13:35:54]
   PID     ELAPSED STAT %CPU %MEM CMD
144214    10:37:52 Rl+  99.8  0.2 python -u experiments/run_highway_experiments.py --phase train --envs merge-v0 intersection-v0 --algos dqn --seeds 0 1 2 3 4
144377    10:37:45 Rl+  1656  0.1 python -u experiments/run_highway_experiments.py --phase train --envs merge-v0 intersection-v0 --algos ppo --seeds 0 1 2 3 4
0 %, 0 %, 635 MiB, 32607 MiB
144214, python, 626 MiB
---
[2026-03-30 13:36:54]
   PID     ELAPSED STAT %CPU %MEM CMD
144214    10:38:52 Rl+  99.8  0.2 python -u experiments/run_highway_experiments.py --phase train --envs merge-v0 intersection-v0 --algos dqn --seeds 0 1 2 3 4
144377    10:38:45 Rl+  1656  0.1 python -u experiments/run_highway_experiments.py --phase train --envs merge-v0 intersection-v0 --algos ppo --seeds 0 1 2 3 4
0 %, 0 %, 635 MiB, 32607 MiB
144214, python, 626 MiB
---
[2026-03-30 13:37:54]
   PID     ELAPSED STAT %CPU %MEM CMD
144214    10:39:52 Rl+  99.8  0.2 python -u experiments/run_highway_experiments.py --phase train --envs merge-v0 intersection-v0 --algos dqn --seeds 0 1 2 3 4
144377    10:39:45 Rl+  1656  0.1 python -u experiments/run_highway_experiments.py --phase train --envs merge-v0 intersection-v0 --algos ppo --seeds 0 1 2 3 4
0 %, 0 %, 635 MiB, 32607 MiB
144214, python, 626 MiB
---
[2026-03-30 13:38:54]
   PID     ELAPSED STAT %CPU %MEM CMD
144214    10:40:52 Rl+  99.8  0.2 python -u experiments/run_highway_experiments.py --phase train --envs merge-v0 intersection-v0 --algos dqn --seeds 0 1 2 3 4
144377    10:40:45 Rl+  1656  0.1 python -u experiments/run_highway_experiments.py --phase train --envs merge-v0 intersection-v0 --algos ppo --seeds 0 1 2 3 4
0 %, 0 %, 635 MiB, 32607 MiB
144214, python, 626 MiB
---
[2026-03-30 13:39:55]
   PID     ELAPSED STAT %CPU %MEM CMD
144214    10:41:52 Rl+  99.8  0.2 python -u experiments/run_highway_experiments.py --phase train --envs merge-v0 intersection-v0 --algos dqn --seeds 0 1 2 3 4
144377    10:41:45 Rl+  1656  0.1 python -u experiments/run_highway_experiments.py --phase train --envs merge-v0 intersection-v0 --algos ppo --seeds 0 1 2 3 4
0 %, 0 %, 635 MiB, 32607 MiB
144214, python, 626 MiB
---
[2026-03-30 13:40:55]
   PID     ELAPSED STAT %CPU %MEM CMD
144214    10:42:53 Rl+  99.8  0.2 python -u experiments/run_highway_experiments.py --phase train --envs merge-v0 intersection-v0 --algos dqn --seeds 0 1 2 3 4
144377    10:42:46 Rl+  1656  0.1 python -u experiments/run_highway_experiments.py --phase train --envs merge-v0 intersection-v0 --algos ppo --seeds 0 1 2 3 4
0 %, 0 %, 635 MiB, 32607 MiB
144214, python, 626 MiB
---
[2026-03-30 13:41:55]
   PID     ELAPSED STAT %CPU %MEM CMD
144214    10:43:53 Rl+  99.8  0.2 python -u experiments/run_highway_experiments.py --phase train --envs merge-v0 intersection-v0 --algos dqn --seeds 0 1 2 3 4
144377    10:43:46 Rl+  1656  0.1 python -u experiments/run_highway_experiments.py --phase train --envs merge-v0 intersection-v0 --algos ppo --seeds 0 1 2 3 4
0 %, 0 %, 635 MiB, 32607 MiB
144214, python, 626 MiB
---
[2026-03-30 13:42:55]
   PID     ELAPSED STAT %CPU %MEM CMD
144214    10:44:53 Rl+  99.8  0.2 python -u experiments/run_highway_experiments.py --phase train --envs merge-v0 intersection-v0 --algos dqn --seeds 0 1 2 3 4
144377    10:44:46 Rl+  1656  0.1 python -u experiments/run_highway_experiments.py --phase train --envs merge-v0 intersection-v0 --algos ppo --seeds 0 1 2 3 4
0 %, 0 %, 635 MiB, 32607 MiB
144214, python, 626 MiB
---
[2026-03-30 13:43:55]
   PID     ELAPSED STAT %CPU %MEM CMD
144214    10:45:53 Rl+  99.8  0.2 python -u experiments/run_highway_experiments.py --phase train --envs merge-v0 intersection-v0 --algos dqn --seeds 0 1 2 3 4
144377    10:45:46 Rl+  1656  0.1 python -u experiments/run_highway_experiments.py --phase train --envs merge-v0 intersection-v0 --algos ppo --seeds 0 1 2 3 4
0 %, 0 %, 635 MiB, 32607 MiB
144214, python, 626 MiB
---
[2026-03-30 13:44:55]
   PID     ELAPSED STAT %CPU %MEM CMD
144214    10:46:53 Rl+  99.8  0.2 python -u experiments/run_highway_experiments.py --phase train --envs merge-v0 intersection-v0 --algos dqn --seeds 0 1 2 3 4
144377    10:46:46 Rl+  1656  0.1 python -u experiments/run_highway_experiments.py --phase train --envs merge-v0 intersection-v0 --algos ppo --seeds 0 1 2 3 4
0 %, 0 %, 635 MiB, 32607 MiB
144214, python, 626 MiB
---
[2026-03-30 13:45:55]
   PID     ELAPSED STAT %CPU %MEM CMD
144214    10:47:53 Rl+  99.8  0.2 python -u experiments/run_highway_experiments.py --phase train --envs merge-v0 intersection-v0 --algos dqn --seeds 0 1 2 3 4
144377    10:47:46 Rl+  1656  0.1 python -u experiments/run_highway_experiments.py --phase train --envs merge-v0 intersection-v0 --algos ppo --seeds 0 1 2 3 4
0 %, 0 %, 635 MiB, 32607 MiB
144214, python, 626 MiB
---
[2026-03-30 13:46:56]
   PID     ELAPSED STAT %CPU %MEM CMD
144214    10:48:54 Rl+  99.8  0.2 python -u experiments/run_highway_experiments.py --phase train --envs merge-v0 intersection-v0 --algos dqn --seeds 0 1 2 3 4
144377    10:48:47 Rl+  1656  0.1 python -u experiments/run_highway_experiments.py --phase train --envs merge-v0 intersection-v0 --algos ppo --seeds 0 1 2 3 4
0 %, 0 %, 635 MiB, 32607 MiB
144214, python, 626 MiB
---
[2026-03-30 13:47:56]
   PID     ELAPSED STAT %CPU %MEM CMD
144214    10:49:54 Rl+  99.8  0.2 python -u experiments/run_highway_experiments.py --phase train --envs merge-v0 intersection-v0 --algos dqn --seeds 0 1 2 3 4
144377    10:49:47 Rl+  1656  0.1 python -u experiments/run_highway_experiments.py --phase train --envs merge-v0 intersection-v0 --algos ppo --seeds 0 1 2 3 4
0 %, 0 %, 635 MiB, 32607 MiB
144214, python, 626 MiB
---
[2026-03-30 13:48:56]
   PID     ELAPSED STAT %CPU %MEM CMD
144214    10:50:54 Rl+  99.8  0.2 python -u experiments/run_highway_experiments.py --phase train --envs merge-v0 intersection-v0 --algos dqn --seeds 0 1 2 3 4
144377    10:50:47 Rl+  1656  0.1 python -u experiments/run_highway_experiments.py --phase train --envs merge-v0 intersection-v0 --algos ppo --seeds 0 1 2 3 4
0 %, 0 %, 635 MiB, 32607 MiB
144214, python, 626 MiB
---
[2026-03-30 13:49:56]
   PID     ELAPSED STAT %CPU %MEM CMD
144214    10:51:54 Rl+  99.8  0.2 python -u experiments/run_highway_experiments.py --phase train --envs merge-v0 intersection-v0 --algos dqn --seeds 0 1 2 3 4
144377    10:51:47 Rl+  1655  0.1 python -u experiments/run_highway_experiments.py --phase train --envs merge-v0 intersection-v0 --algos ppo --seeds 0 1 2 3 4
0 %, 0 %, 635 MiB, 32607 MiB
144214, python, 626 MiB
---
[2026-03-30 13:50:56]
   PID     ELAPSED STAT %CPU %MEM CMD
144214    10:52:54 Rl+  99.8  0.2 python -u experiments/run_highway_experiments.py --phase train --envs merge-v0 intersection-v0 --algos dqn --seeds 0 1 2 3 4
144377    10:52:47 Rl+  1655  0.1 python -u experiments/run_highway_experiments.py --phase train --envs merge-v0 intersection-v0 --algos ppo --seeds 0 1 2 3 4
0 %, 0 %, 635 MiB, 32607 MiB
144214, python, 626 MiB
---
[2026-03-30 13:51:57]
   PID     ELAPSED STAT %CPU %MEM CMD
144214    10:53:55 Rl+  99.8  0.2 python -u experiments/run_highway_experiments.py --phase train --envs merge-v0 intersection-v0 --algos dqn --seeds 0 1 2 3 4
144377    10:53:48 Sl+  1655  0.1 python -u experiments/run_highway_experiments.py --phase train --envs merge-v0 intersection-v0 --algos ppo --seeds 0 1 2 3 4
0 %, 0 %, 635 MiB, 32607 MiB
144214, python, 626 MiB
---
[2026-03-30 13:52:57]
   PID     ELAPSED STAT %CPU %MEM CMD
144214    10:54:55 Rl+  99.8  0.2 python -u experiments/run_highway_experiments.py --phase train --envs merge-v0 intersection-v0 --algos dqn --seeds 0 1 2 3 4
144377    10:54:48 Rl+  1655  0.1 python -u experiments/run_highway_experiments.py --phase train --envs merge-v0 intersection-v0 --algos ppo --seeds 0 1 2 3 4
0 %, 0 %, 635 MiB, 32607 MiB
144214, python, 626 MiB
---
[2026-03-30 13:53:57]
   PID     ELAPSED STAT %CPU %MEM CMD
144214    10:55:55 Rl+  99.8  0.2 python -u experiments/run_highway_experiments.py --phase train --envs merge-v0 intersection-v0 --algos dqn --seeds 0 1 2 3 4
144377    10:55:48 Rl+  1655  0.1 python -u experiments/run_highway_experiments.py --phase train --envs merge-v0 intersection-v0 --algos ppo --seeds 0 1 2 3 4
0 %, 0 %, 635 MiB, 32607 MiB
144214, python, 626 MiB
---
[2026-03-30 13:54:57]
   PID     ELAPSED STAT %CPU %MEM CMD
144214    10:56:55 Rl+  99.8  0.2 python -u experiments/run_highway_experiments.py --phase train --envs merge-v0 intersection-v0 --algos dqn --seeds 0 1 2 3 4
144377    10:56:48 Rl+  1655  0.1 python -u experiments/run_highway_experiments.py --phase train --envs merge-v0 intersection-v0 --algos ppo --seeds 0 1 2 3 4
0 %, 0 %, 635 MiB, 32607 MiB
144214, python, 626 MiB
---
[2026-03-30 13:55:57]
   PID     ELAPSED STAT %CPU %MEM CMD
144214    10:57:55 Rl+  99.8  0.2 python -u experiments/run_highway_experiments.py --phase train --envs merge-v0 intersection-v0 --algos dqn --seeds 0 1 2 3 4
144377    10:57:48 Rl+  1655  0.1 python -u experiments/run_highway_experiments.py --phase train --envs merge-v0 intersection-v0 --algos ppo --seeds 0 1 2 3 4
0 %, 0 %, 635 MiB, 32607 MiB
144214, python, 626 MiB
---
[2026-03-30 13:56:58]
   PID     ELAPSED STAT %CPU %MEM CMD
144214    10:58:55 Rl+  99.8  0.2 python -u experiments/run_highway_experiments.py --phase train --envs merge-v0 intersection-v0 --algos dqn --seeds 0 1 2 3 4
144377    10:58:48 Rl+  1655  0.1 python -u experiments/run_highway_experiments.py --phase train --envs merge-v0 intersection-v0 --algos ppo --seeds 0 1 2 3 4
0 %, 0 %, 635 MiB, 32607 MiB
144214, python, 626 MiB
---
[2026-03-30 13:57:58]
   PID     ELAPSED STAT %CPU %MEM CMD
144214    10:59:56 Rl+  99.8  0.2 python -u experiments/run_highway_experiments.py --phase train --envs merge-v0 intersection-v0 --algos dqn --seeds 0 1 2 3 4
144377    10:59:49 Rl+  1655  0.1 python -u experiments/run_highway_experiments.py --phase train --envs merge-v0 intersection-v0 --algos ppo --seeds 0 1 2 3 4
0 %, 0 %, 635 MiB, 32607 MiB
144214, python, 626 MiB
---
[2026-03-30 13:58:58]
   PID     ELAPSED STAT %CPU %MEM CMD
144214    11:00:56 Rl+  99.8  0.2 python -u experiments/run_highway_experiments.py --phase train --envs merge-v0 intersection-v0 --algos dqn --seeds 0 1 2 3 4
144377    11:00:49 Rl+  1655  0.1 python -u experiments/run_highway_experiments.py --phase train --envs merge-v0 intersection-v0 --algos ppo --seeds 0 1 2 3 4
0 %, 0 %, 635 MiB, 32607 MiB
144214, python, 626 MiB
---
[2026-03-30 13:59:58]
   PID     ELAPSED STAT %CPU %MEM CMD
144214    11:01:56 Rl+  99.8  0.2 python -u experiments/run_highway_experiments.py --phase train --envs merge-v0 intersection-v0 --algos dqn --seeds 0 1 2 3 4
144377    11:01:49 Rl+  1655  0.1 python -u experiments/run_highway_experiments.py --phase train --envs merge-v0 intersection-v0 --algos ppo --seeds 0 1 2 3 4
0 %, 0 %, 635 MiB, 32607 MiB
144214, python, 626 MiB
---
[2026-03-30 14:00:58]
   PID     ELAPSED STAT %CPU %MEM CMD
144214    11:02:56 Rl+  99.8  0.2 python -u experiments/run_highway_experiments.py --phase train --envs merge-v0 intersection-v0 --algos dqn --seeds 0 1 2 3 4
144377    11:02:49 Rl+  1655  0.1 python -u experiments/run_highway_experiments.py --phase train --envs merge-v0 intersection-v0 --algos ppo --seeds 0 1 2 3 4
0 %, 0 %, 635 MiB, 32607 MiB
144214, python, 626 MiB
---
[2026-03-30 14:01:58]
   PID     ELAPSED STAT %CPU %MEM CMD
144214    11:03:56 Rl+  99.8  0.2 python -u experiments/run_highway_experiments.py --phase train --envs merge-v0 intersection-v0 --algos dqn --seeds 0 1 2 3 4
144377    11:03:49 Rl+  1655  0.1 python -u experiments/run_highway_experiments.py --phase train --envs merge-v0 intersection-v0 --algos ppo --seeds 0 1 2 3 4
0 %, 0 %, 635 MiB, 32607 MiB
144214, python, 626 MiB
---
[2026-03-30 14:02:59]
   PID     ELAPSED STAT %CPU %MEM CMD
144214    11:04:57 Rl+  99.8  0.2 python -u experiments/run_highway_experiments.py --phase train --envs merge-v0 intersection-v0 --algos dqn --seeds 0 1 2 3 4
144377    11:04:50 Rl+  1655  0.1 python -u experiments/run_highway_experiments.py --phase train --envs merge-v0 intersection-v0 --algos ppo --seeds 0 1 2 3 4
0 %, 0 %, 635 MiB, 32607 MiB
144214, python, 626 MiB
---
[2026-03-30 14:03:59]
   PID     ELAPSED STAT %CPU %MEM CMD
144214    11:05:57 Rl+  99.8  0.2 python -u experiments/run_highway_experiments.py --phase train --envs merge-v0 intersection-v0 --algos dqn --seeds 0 1 2 3 4
144377    11:05:50 Rl+  1655  0.1 python -u experiments/run_highway_experiments.py --phase train --envs merge-v0 intersection-v0 --algos ppo --seeds 0 1 2 3 4
0 %, 0 %, 635 MiB, 32607 MiB
144214, python, 626 MiB
---
[2026-03-30 14:04:59]
   PID     ELAPSED STAT %CPU %MEM CMD
144214    11:06:57 Rl+  99.8  0.2 python -u experiments/run_highway_experiments.py --phase train --envs merge-v0 intersection-v0 --algos dqn --seeds 0 1 2 3 4
144377    11:06:50 Rl+  1655  0.1 python -u experiments/run_highway_experiments.py --phase train --envs merge-v0 intersection-v0 --algos ppo --seeds 0 1 2 3 4
0 %, 0 %, 635 MiB, 32607 MiB
144214, python, 626 MiB
---
[2026-03-30 14:05:59]
   PID     ELAPSED STAT %CPU %MEM CMD
144214    11:07:57 Rl+  99.8  0.2 python -u experiments/run_highway_experiments.py --phase train --envs merge-v0 intersection-v0 --algos dqn --seeds 0 1 2 3 4
144377    11:07:50 Rl+  1654  0.1 python -u experiments/run_highway_experiments.py --phase train --envs merge-v0 intersection-v0 --algos ppo --seeds 0 1 2 3 4
0 %, 0 %, 635 MiB, 32607 MiB
144214, python, 626 MiB
---
[2026-03-30 14:06:59]
   PID     ELAPSED STAT %CPU %MEM CMD
144214    11:08:57 Rl+  99.8  0.2 python -u experiments/run_highway_experiments.py --phase train --envs merge-v0 intersection-v0 --algos dqn --seeds 0 1 2 3 4
144377    11:08:50 Rl+  1654  0.1 python -u experiments/run_highway_experiments.py --phase train --envs merge-v0 intersection-v0 --algos ppo --seeds 0 1 2 3 4
0 %, 0 %, 635 MiB, 32607 MiB
144214, python, 626 MiB
---
[2026-03-30 14:08:00]
   PID     ELAPSED STAT %CPU %MEM CMD
144214    11:09:57 Rl+  99.8  0.2 python -u experiments/run_highway_experiments.py --phase train --envs merge-v0 intersection-v0 --algos dqn --seeds 0 1 2 3 4
144377    11:09:50 Rl+  1654  0.1 python -u experiments/run_highway_experiments.py --phase train --envs merge-v0 intersection-v0 --algos ppo --seeds 0 1 2 3 4
0 %, 0 %, 635 MiB, 32607 MiB
144214, python, 626 MiB
---
[2026-03-30 14:09:00]
   PID     ELAPSED STAT %CPU %MEM CMD
144214    11:10:58 Rl+  99.8  0.2 python -u experiments/run_highway_experiments.py --phase train --envs merge-v0 intersection-v0 --algos dqn --seeds 0 1 2 3 4
144377    11:10:51 Rl+  1654  0.1 python -u experiments/run_highway_experiments.py --phase train --envs merge-v0 intersection-v0 --algos ppo --seeds 0 1 2 3 4
0 %, 0 %, 635 MiB, 32607 MiB
144214, python, 626 MiB
---
[2026-03-30 14:10:00]
   PID     ELAPSED STAT %CPU %MEM CMD
144214    11:11:58 Rl+  99.8  0.2 python -u experiments/run_highway_experiments.py --phase train --envs merge-v0 intersection-v0 --algos dqn --seeds 0 1 2 3 4
144377    11:11:51 Rl+  1654  0.1 python -u experiments/run_highway_experiments.py --phase train --envs merge-v0 intersection-v0 --algos ppo --seeds 0 1 2 3 4
0 %, 0 %, 635 MiB, 32607 MiB
144214, python, 626 MiB
---
[2026-03-30 14:11:00]
   PID     ELAPSED STAT %CPU %MEM CMD
144214    11:12:58 Rl+  99.8  0.2 python -u experiments/run_highway_experiments.py --phase train --envs merge-v0 intersection-v0 --algos dqn --seeds 0 1 2 3 4
144377    11:12:51 Rl+  1654  0.1 python -u experiments/run_highway_experiments.py --phase train --envs merge-v0 intersection-v0 --algos ppo --seeds 0 1 2 3 4
0 %, 0 %, 635 MiB, 32607 MiB
144214, python, 626 MiB
---
[2026-03-30 14:12:00]
   PID     ELAPSED STAT %CPU %MEM CMD
144214    11:13:58 Rl+  99.8  0.2 python -u experiments/run_highway_experiments.py --phase train --envs merge-v0 intersection-v0 --algos dqn --seeds 0 1 2 3 4
144377    11:13:51 Rl+  1654  0.1 python -u experiments/run_highway_experiments.py --phase train --envs merge-v0 intersection-v0 --algos ppo --seeds 0 1 2 3 4
0 %, 0 %, 635 MiB, 32607 MiB
144214, python, 626 MiB
---
[2026-03-30 14:13:00]
   PID     ELAPSED STAT %CPU %MEM CMD
144214    11:14:58 Rl+  99.8  0.2 python -u experiments/run_highway_experiments.py --phase train --envs merge-v0 intersection-v0 --algos dqn --seeds 0 1 2 3 4
144377    11:14:51 Rl+  1654  0.1 python -u experiments/run_highway_experiments.py --phase train --envs merge-v0 intersection-v0 --algos ppo --seeds 0 1 2 3 4
0 %, 0 %, 635 MiB, 32607 MiB
144214, python, 626 MiB
---
[2026-03-30 14:14:01]
   PID     ELAPSED STAT %CPU %MEM CMD
144214    11:15:58 Rl+  99.8  0.2 python -u experiments/run_highway_experiments.py --phase train --envs merge-v0 intersection-v0 --algos dqn --seeds 0 1 2 3 4
144377    11:15:51 Rl+  1654  0.1 python -u experiments/run_highway_experiments.py --phase train --envs merge-v0 intersection-v0 --algos ppo --seeds 0 1 2 3 4
0 %, 0 %, 635 MiB, 32607 MiB
144214, python, 626 MiB
---
[2026-03-30 14:15:01]
   PID     ELAPSED STAT %CPU %MEM CMD
144214    11:16:59 Rl+  99.8  0.2 python -u experiments/run_highway_experiments.py --phase train --envs merge-v0 intersection-v0 --algos dqn --seeds 0 1 2 3 4
144377    11:16:52 Rl+  1654  0.1 python -u experiments/run_highway_experiments.py --phase train --envs merge-v0 intersection-v0 --algos ppo --seeds 0 1 2 3 4
0 %, 0 %, 635 MiB, 32607 MiB
144214, python, 626 MiB
---
[2026-03-30 14:16:01]
   PID     ELAPSED STAT %CPU %MEM CMD
144214    11:17:59 Rl+  99.8  0.2 python -u experiments/run_highway_experiments.py --phase train --envs merge-v0 intersection-v0 --algos dqn --seeds 0 1 2 3 4
144377    11:17:52 Rl+  1654  0.1 python -u experiments/run_highway_experiments.py --phase train --envs merge-v0 intersection-v0 --algos ppo --seeds 0 1 2 3 4
0 %, 0 %, 635 MiB, 32607 MiB
144214, python, 626 MiB
---
[2026-03-30 14:17:01]
   PID     ELAPSED STAT %CPU %MEM CMD
144214    11:18:59 Rl+  99.8  0.2 python -u experiments/run_highway_experiments.py --phase train --envs merge-v0 intersection-v0 --algos dqn --seeds 0 1 2 3 4
144377    11:18:52 Rl+  1654  0.1 python -u experiments/run_highway_experiments.py --phase train --envs merge-v0 intersection-v0 --algos ppo --seeds 0 1 2 3 4
0 %, 0 %, 635 MiB, 32607 MiB
144214, python, 626 MiB
---
[2026-03-30 14:18:01]
   PID     ELAPSED STAT %CPU %MEM CMD
144214    11:19:59 Rl+  99.8  0.2 python -u experiments/run_highway_experiments.py --phase train --envs merge-v0 intersection-v0 --algos dqn --seeds 0 1 2 3 4
144377    11:19:52 Rl+  1653  0.1 python -u experiments/run_highway_experiments.py --phase train --envs merge-v0 intersection-v0 --algos ppo --seeds 0 1 2 3 4
0 %, 0 %, 635 MiB, 32607 MiB
144214, python, 626 MiB
---
[2026-03-30 14:19:01]
   PID     ELAPSED STAT %CPU %MEM CMD
144214    11:20:59 Rl+  99.8  0.2 python -u experiments/run_highway_experiments.py --phase train --envs merge-v0 intersection-v0 --algos dqn --seeds 0 1 2 3 4
144377    11:20:52 Rl+  1653  0.1 python -u experiments/run_highway_experiments.py --phase train --envs merge-v0 intersection-v0 --algos ppo --seeds 0 1 2 3 4
0 %, 0 %, 635 MiB, 32607 MiB
144214, python, 626 MiB
---
[2026-03-30 14:20:02]
   PID     ELAPSED STAT %CPU %MEM CMD
144214    11:22:00 Rl+  99.8  0.2 python -u experiments/run_highway_experiments.py --phase train --envs merge-v0 intersection-v0 --algos dqn --seeds 0 1 2 3 4
144377    11:21:53 Rl+  1653  0.1 python -u experiments/run_highway_experiments.py --phase train --envs merge-v0 intersection-v0 --algos ppo --seeds 0 1 2 3 4
0 %, 0 %, 635 MiB, 32607 MiB
144214, python, 626 MiB
---
[2026-03-30 14:21:02]
   PID     ELAPSED STAT %CPU %MEM CMD
144214    11:23:00 Rl+  99.8  0.2 python -u experiments/run_highway_experiments.py --phase train --envs merge-v0 intersection-v0 --algos dqn --seeds 0 1 2 3 4
144377    11:22:53 Rl+  1653  0.1 python -u experiments/run_highway_experiments.py --phase train --envs merge-v0 intersection-v0 --algos ppo --seeds 0 1 2 3 4
0 %, 0 %, 635 MiB, 32607 MiB
144214, python, 626 MiB
---
[2026-03-30 14:22:02]
   PID     ELAPSED STAT %CPU %MEM CMD
144214    11:24:00 Rl+  99.8  0.2 python -u experiments/run_highway_experiments.py --phase train --envs merge-v0 intersection-v0 --algos dqn --seeds 0 1 2 3 4
144377    11:23:53 Rl+  1653  0.1 python -u experiments/run_highway_experiments.py --phase train --envs merge-v0 intersection-v0 --algos ppo --seeds 0 1 2 3 4
0 %, 0 %, 635 MiB, 32607 MiB
144214, python, 626 MiB
---
[2026-03-30 14:23:02]
   PID     ELAPSED STAT %CPU %MEM CMD
144214    11:25:00 Rl+  99.8  0.2 python -u experiments/run_highway_experiments.py --phase train --envs merge-v0 intersection-v0 --algos dqn --seeds 0 1 2 3 4
144377    11:24:53 Rl+  1653  0.1 python -u experiments/run_highway_experiments.py --phase train --envs merge-v0 intersection-v0 --algos ppo --seeds 0 1 2 3 4
0 %, 0 %, 635 MiB, 32607 MiB
144214, python, 626 MiB
---
[2026-03-30 14:24:02]
   PID     ELAPSED STAT %CPU %MEM CMD
144214    11:26:00 Rl+  99.8  0.2 python -u experiments/run_highway_experiments.py --phase train --envs merge-v0 intersection-v0 --algos dqn --seeds 0 1 2 3 4
144377    11:25:53 Rl+  1653  0.1 python -u experiments/run_highway_experiments.py --phase train --envs merge-v0 intersection-v0 --algos ppo --seeds 0 1 2 3 4
0 %, 0 %, 635 MiB, 32607 MiB
144214, python, 626 MiB
---
[2026-03-30 14:25:03]
   PID     ELAPSED STAT %CPU %MEM CMD
144214    11:27:00 Rl+  99.8  0.2 python -u experiments/run_highway_experiments.py --phase train --envs merge-v0 intersection-v0 --algos dqn --seeds 0 1 2 3 4
144377    11:26:53 Rl+  1653  0.1 python -u experiments/run_highway_experiments.py --phase train --envs merge-v0 intersection-v0 --algos ppo --seeds 0 1 2 3 4
0 %, 0 %, 635 MiB, 32607 MiB
144214, python, 626 MiB
---
[2026-03-30 14:26:03]
   PID     ELAPSED STAT %CPU %MEM CMD
144214    11:28:01 Rl+  99.8  0.2 python -u experiments/run_highway_experiments.py --phase train --envs merge-v0 intersection-v0 --algos dqn --seeds 0 1 2 3 4
144377    11:27:54 Rl+  1652  0.1 python -u experiments/run_highway_experiments.py --phase train --envs merge-v0 intersection-v0 --algos ppo --seeds 0 1 2 3 4
0 %, 0 %, 635 MiB, 32607 MiB
144214, python, 626 MiB
---
[2026-03-30 14:27:03]
   PID     ELAPSED STAT %CPU %MEM CMD
144214    11:29:01 Rl+  99.8  0.2 python -u experiments/run_highway_experiments.py --phase train --envs merge-v0 intersection-v0 --algos dqn --seeds 0 1 2 3 4
144377    11:28:54 Rl+  1652  0.1 python -u experiments/run_highway_experiments.py --phase train --envs merge-v0 intersection-v0 --algos ppo --seeds 0 1 2 3 4
0 %, 0 %, 635 MiB, 32607 MiB
144214, python, 626 MiB
---
[2026-03-30 14:28:03]
   PID     ELAPSED STAT %CPU %MEM CMD
144214    11:30:01 Rl+  99.8  0.2 python -u experiments/run_highway_experiments.py --phase train --envs merge-v0 intersection-v0 --algos dqn --seeds 0 1 2 3 4
144377    11:29:54 Rl+  1652  0.1 python -u experiments/run_highway_experiments.py --phase train --envs merge-v0 intersection-v0 --algos ppo --seeds 0 1 2 3 4
0 %, 0 %, 635 MiB, 32607 MiB
144214, python, 626 MiB
---
[2026-03-30 14:29:03]
   PID     ELAPSED STAT %CPU %MEM CMD
144214    11:31:01 Rl+  99.8  0.2 python -u experiments/run_highway_experiments.py --phase train --envs merge-v0 intersection-v0 --algos dqn --seeds 0 1 2 3 4
144377    11:30:54 Rl+  1652  0.1 python -u experiments/run_highway_experiments.py --phase train --envs merge-v0 intersection-v0 --algos ppo --seeds 0 1 2 3 4
0 %, 0 %, 635 MiB, 32607 MiB
144214, python, 626 MiB
---
[2026-03-30 14:30:03]
   PID     ELAPSED STAT %CPU %MEM CMD
144214    11:32:01 Rl+  99.8  0.2 python -u experiments/run_highway_experiments.py --phase train --envs merge-v0 intersection-v0 --algos dqn --seeds 0 1 2 3 4
144377    11:31:54 Rl+  1652  0.1 python -u experiments/run_highway_experiments.py --phase train --envs merge-v0 intersection-v0 --algos ppo --seeds 0 1 2 3 4
0 %, 0 %, 635 MiB, 32607 MiB
144214, python, 626 MiB
---
[2026-03-30 14:31:04]
   PID     ELAPSED STAT %CPU %MEM CMD
144214    11:33:02 Rl+  99.8  0.2 python -u experiments/run_highway_experiments.py --phase train --envs merge-v0 intersection-v0 --algos dqn --seeds 0 1 2 3 4
144377    11:32:55 Rl+  1652  0.1 python -u experiments/run_highway_experiments.py --phase train --envs merge-v0 intersection-v0 --algos ppo --seeds 0 1 2 3 4
0 %, 0 %, 635 MiB, 32607 MiB
144214, python, 626 MiB
---
[2026-03-30 14:32:04]
   PID     ELAPSED STAT %CPU %MEM CMD
144214    11:34:02 Rl+  99.8  0.2 python -u experiments/run_highway_experiments.py --phase train --envs merge-v0 intersection-v0 --algos dqn --seeds 0 1 2 3 4
144377    11:33:55 Rl+  1652  0.1 python -u experiments/run_highway_experiments.py --phase train --envs merge-v0 intersection-v0 --algos ppo --seeds 0 1 2 3 4
0 %, 0 %, 635 MiB, 32607 MiB
144214, python, 626 MiB
---
[2026-03-30 14:33:04]
   PID     ELAPSED STAT %CPU %MEM CMD
144214    11:35:02 Rl+  99.8  0.2 python -u experiments/run_highway_experiments.py --phase train --envs merge-v0 intersection-v0 --algos dqn --seeds 0 1 2 3 4
144377    11:34:55 Rl+  1652  0.1 python -u experiments/run_highway_experiments.py --phase train --envs merge-v0 intersection-v0 --algos ppo --seeds 0 1 2 3 4
0 %, 0 %, 635 MiB, 32607 MiB
144214, python, 626 MiB
---
[2026-03-30 14:34:04]
   PID     ELAPSED STAT %CPU %MEM CMD
144214    11:36:02 Rl+  99.8  0.2 python -u experiments/run_highway_experiments.py --phase train --envs merge-v0 intersection-v0 --algos dqn --seeds 0 1 2 3 4
144377    11:35:55 Rl+  1652  0.1 python -u experiments/run_highway_experiments.py --phase train --envs merge-v0 intersection-v0 --algos ppo --seeds 0 1 2 3 4
0 %, 0 %, 635 MiB, 32607 MiB
144214, python, 626 MiB
---
[2026-03-30 14:35:04]
   PID     ELAPSED STAT %CPU %MEM CMD
144214    11:37:02 Rl+  99.8  0.2 python -u experiments/run_highway_experiments.py --phase train --envs merge-v0 intersection-v0 --algos dqn --seeds 0 1 2 3 4
144377    11:36:55 Rl+  1652  0.1 python -u experiments/run_highway_experiments.py --phase train --envs merge-v0 intersection-v0 --algos ppo --seeds 0 1 2 3 4
0 %, 0 %, 635 MiB, 32607 MiB
144214, python, 626 MiB
---
[2026-03-30 14:36:05]
   PID     ELAPSED STAT %CPU %MEM CMD
144214    11:38:02 Rl+  99.8  0.2 python -u experiments/run_highway_experiments.py --phase train --envs merge-v0 intersection-v0 --algos dqn --seeds 0 1 2 3 4
144377    11:37:55 Rl+  1652  0.1 python -u experiments/run_highway_experiments.py --phase train --envs merge-v0 intersection-v0 --algos ppo --seeds 0 1 2 3 4
0 %, 0 %, 635 MiB, 32607 MiB
144214, python, 626 MiB
---
[2026-03-30 14:37:05]
   PID     ELAPSED STAT %CPU %MEM CMD
144214    11:39:03 Rl+  99.8  0.2 python -u experiments/run_highway_experiments.py --phase train --envs merge-v0 intersection-v0 --algos dqn --seeds 0 1 2 3 4
144377    11:38:56 Rl+  1652  0.1 python -u experiments/run_highway_experiments.py --phase train --envs merge-v0 intersection-v0 --algos ppo --seeds 0 1 2 3 4
0 %, 0 %, 635 MiB, 32607 MiB
144214, python, 626 MiB
---
[2026-03-30 14:38:05]
   PID     ELAPSED STAT %CPU %MEM CMD
144214    11:40:03 Rl+  99.8  0.2 python -u experiments/run_highway_experiments.py --phase train --envs merge-v0 intersection-v0 --algos dqn --seeds 0 1 2 3 4
144377    11:39:56 Rl+  1652  0.1 python -u experiments/run_highway_experiments.py --phase train --envs merge-v0 intersection-v0 --algos ppo --seeds 0 1 2 3 4
0 %, 0 %, 635 MiB, 32607 MiB
144214, python, 626 MiB
---
[2026-03-30 14:39:05]
   PID     ELAPSED STAT %CPU %MEM CMD
144214    11:41:03 Rl+  99.8  0.2 python -u experiments/run_highway_experiments.py --phase train --envs merge-v0 intersection-v0 --algos dqn --seeds 0 1 2 3 4
144377    11:40:56 Rl+  1652  0.1 python -u experiments/run_highway_experiments.py --phase train --envs merge-v0 intersection-v0 --algos ppo --seeds 0 1 2 3 4
0 %, 0 %, 635 MiB, 32607 MiB
144214, python, 626 MiB
---
[2026-03-30 14:40:05]
   PID     ELAPSED STAT %CPU %MEM CMD
144214    11:42:03 Rl+  99.8  0.2 python -u experiments/run_highway_experiments.py --phase train --envs merge-v0 intersection-v0 --algos dqn --seeds 0 1 2 3 4
144377    11:41:56 Rl+  1652  0.1 python -u experiments/run_highway_experiments.py --phase train --envs merge-v0 intersection-v0 --algos ppo --seeds 0 1 2 3 4
0 %, 0 %, 635 MiB, 32607 MiB
144214, python, 626 MiB
---
[2026-03-30 14:41:05]
   PID     ELAPSED STAT %CPU %MEM CMD
144214    11:43:03 Rl+  99.8  0.2 python -u experiments/run_highway_experiments.py --phase train --envs merge-v0 intersection-v0 --algos dqn --seeds 0 1 2 3 4
144377    11:42:56 Rl+  1652  0.1 python -u experiments/run_highway_experiments.py --phase train --envs merge-v0 intersection-v0 --algos ppo --seeds 0 1 2 3 4
0 %, 0 %, 635 MiB, 32607 MiB
144214, python, 626 MiB
---
[2026-03-30 14:42:06]
   PID     ELAPSED STAT %CPU %MEM CMD
144214    11:44:03 Rl+  99.8  0.2 python -u experiments/run_highway_experiments.py --phase train --envs merge-v0 intersection-v0 --algos dqn --seeds 0 1 2 3 4
144377    11:43:56 Rl+  1652  0.1 python -u experiments/run_highway_experiments.py --phase train --envs merge-v0 intersection-v0 --algos ppo --seeds 0 1 2 3 4
0 %, 0 %, 635 MiB, 32607 MiB
144214, python, 626 MiB
---
[2026-03-30 14:43:06]
   PID     ELAPSED STAT %CPU %MEM CMD
144214    11:45:04 Rl+  99.8  0.2 python -u experiments/run_highway_experiments.py --phase train --envs merge-v0 intersection-v0 --algos dqn --seeds 0 1 2 3 4
144377    11:44:57 Rl+  1651  0.1 python -u experiments/run_highway_experiments.py --phase train --envs merge-v0 intersection-v0 --algos ppo --seeds 0 1 2 3 4
0 %, 0 %, 635 MiB, 32607 MiB
144214, python, 626 MiB
---
[2026-03-30 14:44:06]
   PID     ELAPSED STAT %CPU %MEM CMD
144214    11:46:04 Rl+  99.8  0.2 python -u experiments/run_highway_experiments.py --phase train --envs merge-v0 intersection-v0 --algos dqn --seeds 0 1 2 3 4
144377    11:45:57 Rl+  1651  0.1 python -u experiments/run_highway_experiments.py --phase train --envs merge-v0 intersection-v0 --algos ppo --seeds 0 1 2 3 4
0 %, 0 %, 635 MiB, 32607 MiB
144214, python, 626 MiB
---
[2026-03-30 14:45:06]
   PID     ELAPSED STAT %CPU %MEM CMD
144214    11:47:04 Rl+  99.8  0.2 python -u experiments/run_highway_experiments.py --phase train --envs merge-v0 intersection-v0 --algos dqn --seeds 0 1 2 3 4
144377    11:46:57 Rl+  1651  0.1 python -u experiments/run_highway_experiments.py --phase train --envs merge-v0 intersection-v0 --algos ppo --seeds 0 1 2 3 4
0 %, 0 %, 635 MiB, 32607 MiB
144214, python, 626 MiB
---
[2026-03-30 14:46:06]
   PID     ELAPSED STAT %CPU %MEM CMD
144214    11:48:04 Rl+  99.8  0.2 python -u experiments/run_highway_experiments.py --phase train --envs merge-v0 intersection-v0 --algos dqn --seeds 0 1 2 3 4
144377    11:47:57 Rl+  1651  0.1 python -u experiments/run_highway_experiments.py --phase train --envs merge-v0 intersection-v0 --algos ppo --seeds 0 1 2 3 4
0 %, 0 %, 635 MiB, 32607 MiB
144214, python, 626 MiB
---
[2026-03-30 14:47:06]
   PID     ELAPSED STAT %CPU %MEM CMD
144214    11:49:04 Rl+  99.8  0.2 python -u experiments/run_highway_experiments.py --phase train --envs merge-v0 intersection-v0 --algos dqn --seeds 0 1 2 3 4
144377    11:48:57 Rl+  1651  0.1 python -u experiments/run_highway_experiments.py --phase train --envs merge-v0 intersection-v0 --algos ppo --seeds 0 1 2 3 4
0 %, 0 %, 635 MiB, 32607 MiB
144214, python, 626 MiB
---
[2026-03-30 14:48:07]
   PID     ELAPSED STAT %CPU %MEM CMD
144214    11:50:04 Rl+  99.8  0.2 python -u experiments/run_highway_experiments.py --phase train --envs merge-v0 intersection-v0 --algos dqn --seeds 0 1 2 3 4
144377    11:49:57 Rl+  1651  0.1 python -u experiments/run_highway_experiments.py --phase train --envs merge-v0 intersection-v0 --algos ppo --seeds 0 1 2 3 4
0 %, 0 %, 635 MiB, 32607 MiB
144214, python, 626 MiB
---
[2026-03-30 14:49:07]
   PID     ELAPSED STAT %CPU %MEM CMD
144214    11:51:05 Rl+  99.8  0.2 python -u experiments/run_highway_experiments.py --phase train --envs merge-v0 intersection-v0 --algos dqn --seeds 0 1 2 3 4
144377    11:50:58 Rl+  1651  0.1 python -u experiments/run_highway_experiments.py --phase train --envs merge-v0 intersection-v0 --algos ppo --seeds 0 1 2 3 4
0 %, 0 %, 635 MiB, 32607 MiB
144214, python, 626 MiB
---
[2026-03-30 14:50:07]
   PID     ELAPSED STAT %CPU %MEM CMD
144214    11:52:05 Rl+  99.8  0.2 python -u experiments/run_highway_experiments.py --phase train --envs merge-v0 intersection-v0 --algos dqn --seeds 0 1 2 3 4
144377    11:51:58 Rl+  1651  0.1 python -u experiments/run_highway_experiments.py --phase train --envs merge-v0 intersection-v0 --algos ppo --seeds 0 1 2 3 4
0 %, 0 %, 635 MiB, 32607 MiB
144214, python, 626 MiB
---
[2026-03-30 14:51:07]
   PID     ELAPSED STAT %CPU %MEM CMD
144214    11:53:05 Rl+  99.8  0.2 python -u experiments/run_highway_experiments.py --phase train --envs merge-v0 intersection-v0 --algos dqn --seeds 0 1 2 3 4
144377    11:52:58 Rl+  1651  0.1 python -u experiments/run_highway_experiments.py --phase train --envs merge-v0 intersection-v0 --algos ppo --seeds 0 1 2 3 4
0 %, 0 %, 635 MiB, 32607 MiB
144214, python, 626 MiB
---
[2026-03-30 14:52:07]
   PID     ELAPSED STAT %CPU %MEM CMD
144214    11:54:05 Rl+  99.8  0.2 python -u experiments/run_highway_experiments.py --phase train --envs merge-v0 intersection-v0 --algos dqn --seeds 0 1 2 3 4
144377    11:53:58 Rl+  1651  0.1 python -u experiments/run_highway_experiments.py --phase train --envs merge-v0 intersection-v0 --algos ppo --seeds 0 1 2 3 4
0 %, 0 %, 635 MiB, 32607 MiB
144214, python, 626 MiB
---
[2026-03-30 14:53:07]
   PID     ELAPSED STAT %CPU %MEM CMD
144214    11:55:05 Rl+  99.8  0.2 python -u experiments/run_highway_experiments.py --phase train --envs merge-v0 intersection-v0 --algos dqn --seeds 0 1 2 3 4
144377    11:54:58 Rl+  1651  0.1 python -u experiments/run_highway_experiments.py --phase train --envs merge-v0 intersection-v0 --algos ppo --seeds 0 1 2 3 4
0 %, 0 %, 635 MiB, 32607 MiB
144214, python, 626 MiB
---
[2026-03-30 14:54:08]
   PID     ELAPSED STAT %CPU %MEM CMD
144214    11:56:06 Rl+  99.8  0.2 python -u experiments/run_highway_experiments.py --phase train --envs merge-v0 intersection-v0 --algos dqn --seeds 0 1 2 3 4
144377    11:55:59 Rl+  1651  0.1 python -u experiments/run_highway_experiments.py --phase train --envs merge-v0 intersection-v0 --algos ppo --seeds 0 1 2 3 4
0 %, 0 %, 635 MiB, 32607 MiB
144214, python, 626 MiB
---
[2026-03-30 14:55:08]
   PID     ELAPSED STAT %CPU %MEM CMD
144214    11:57:06 Rl+  99.8  0.2 python -u experiments/run_highway_experiments.py --phase train --envs merge-v0 intersection-v0 --algos dqn --seeds 0 1 2 3 4
144377    11:56:59 Rl+  1651  0.1 python -u experiments/run_highway_experiments.py --phase train --envs merge-v0 intersection-v0 --algos ppo --seeds 0 1 2 3 4
0 %, 0 %, 635 MiB, 32607 MiB
144214, python, 626 MiB
---
[2026-03-30 14:56:08]
   PID     ELAPSED STAT %CPU %MEM CMD
144214    11:58:06 Rl+  99.8  0.2 python -u experiments/run_highway_experiments.py --phase train --envs merge-v0 intersection-v0 --algos dqn --seeds 0 1 2 3 4
144377    11:57:59 Rl+  1651  0.1 python -u experiments/run_highway_experiments.py --phase train --envs merge-v0 intersection-v0 --algos ppo --seeds 0 1 2 3 4
0 %, 0 %, 635 MiB, 32607 MiB
144214, python, 626 MiB
---
[2026-03-30 14:57:08]
   PID     ELAPSED STAT %CPU %MEM CMD
144214    11:59:06 Rl+  99.8  0.2 python -u experiments/run_highway_experiments.py --phase train --envs merge-v0 intersection-v0 --algos dqn --seeds 0 1 2 3 4
144377    11:58:59 Rl+  1651  0.1 python -u experiments/run_highway_experiments.py --phase train --envs merge-v0 intersection-v0 --algos ppo --seeds 0 1 2 3 4
0 %, 0 %, 635 MiB, 32607 MiB
144214, python, 626 MiB
---
[2026-03-30 14:58:08]
   PID     ELAPSED STAT %CPU %MEM CMD
144214    12:00:06 Rl+  99.8  0.2 python -u experiments/run_highway_experiments.py --phase train --envs merge-v0 intersection-v0 --algos dqn --seeds 0 1 2 3 4
144377    11:59:59 Rl+  1651  0.1 python -u experiments/run_highway_experiments.py --phase train --envs merge-v0 intersection-v0 --algos ppo --seeds 0 1 2 3 4
0 %, 0 %, 635 MiB, 32607 MiB
144214, python, 626 MiB
---
[2026-03-30 14:59:09]
   PID     ELAPSED STAT %CPU %MEM CMD
144214    12:01:06 Rl+  99.8  0.2 python -u experiments/run_highway_experiments.py --phase train --envs merge-v0 intersection-v0 --algos dqn --seeds 0 1 2 3 4
144377    12:00:59 Rl+  1651  0.1 python -u experiments/run_highway_experiments.py --phase train --envs merge-v0 intersection-v0 --algos ppo --seeds 0 1 2 3 4
0 %, 0 %, 635 MiB, 32607 MiB
144214, python, 626 MiB
---
[2026-03-30 15:00:09]
   PID     ELAPSED STAT %CPU %MEM CMD
144214    12:02:07 Rl+  99.8  0.2 python -u experiments/run_highway_experiments.py --phase train --envs merge-v0 intersection-v0 --algos dqn --seeds 0 1 2 3 4
144377    12:02:00 Rl+  1651  0.1 python -u experiments/run_highway_experiments.py --phase train --envs merge-v0 intersection-v0 --algos ppo --seeds 0 1 2 3 4
0 %, 0 %, 635 MiB, 32607 MiB
144214, python, 626 MiB
---
[2026-03-30 15:01:09]
   PID     ELAPSED STAT %CPU %MEM CMD
144214    12:03:07 Rl+  99.8  0.2 python -u experiments/run_highway_experiments.py --phase train --envs merge-v0 intersection-v0 --algos dqn --seeds 0 1 2 3 4
144377    12:03:00 Rl+  1651  0.1 python -u experiments/run_highway_experiments.py --phase train --envs merge-v0 intersection-v0 --algos ppo --seeds 0 1 2 3 4
0 %, 0 %, 635 MiB, 32607 MiB
144214, python, 626 MiB
---
[2026-03-30 15:02:09]
   PID     ELAPSED STAT %CPU %MEM CMD
144214    12:04:07 Rl+  99.8  0.2 python -u experiments/run_highway_experiments.py --phase train --envs merge-v0 intersection-v0 --algos dqn --seeds 0 1 2 3 4
144377    12:04:00 Rl+  1651  0.1 python -u experiments/run_highway_experiments.py --phase train --envs merge-v0 intersection-v0 --algos ppo --seeds 0 1 2 3 4
0 %, 0 %, 635 MiB, 32607 MiB
144214, python, 626 MiB
---
[2026-03-30 15:03:09]
   PID     ELAPSED STAT %CPU %MEM CMD
144214    12:05:07 Rl+  99.8  0.2 python -u experiments/run_highway_experiments.py --phase train --envs merge-v0 intersection-v0 --algos dqn --seeds 0 1 2 3 4
144377    12:05:00 Rl+  1650  0.1 python -u experiments/run_highway_experiments.py --phase train --envs merge-v0 intersection-v0 --algos ppo --seeds 0 1 2 3 4
0 %, 0 %, 635 MiB, 32607 MiB
144214, python, 626 MiB
---
[2026-03-30 15:04:09]
   PID     ELAPSED STAT %CPU %MEM CMD
144214    12:06:07 Rl+  99.8  0.2 python -u experiments/run_highway_experiments.py --phase train --envs merge-v0 intersection-v0 --algos dqn --seeds 0 1 2 3 4
144377    12:06:00 Rl+  1650  0.1 python -u experiments/run_highway_experiments.py --phase train --envs merge-v0 intersection-v0 --algos ppo --seeds 0 1 2 3 4
0 %, 0 %, 635 MiB, 32607 MiB
144214, python, 626 MiB
---
[2026-03-30 15:05:10]
   PID     ELAPSED STAT %CPU %MEM CMD
144214    12:07:08 Rl+  99.8  0.2 python -u experiments/run_highway_experiments.py --phase train --envs merge-v0 intersection-v0 --algos dqn --seeds 0 1 2 3 4
144377    12:07:01 Rl+  1650  0.1 python -u experiments/run_highway_experiments.py --phase train --envs merge-v0 intersection-v0 --algos ppo --seeds 0 1 2 3 4
0 %, 0 %, 635 MiB, 32607 MiB
144214, python, 626 MiB
---
[2026-03-30 15:06:10]
   PID     ELAPSED STAT %CPU %MEM CMD
144214    12:08:08 Rl+  99.8  0.2 python -u experiments/run_highway_experiments.py --phase train --envs merge-v0 intersection-v0 --algos dqn --seeds 0 1 2 3 4
144377    12:08:01 Rl+  1650  0.1 python -u experiments/run_highway_experiments.py --phase train --envs merge-v0 intersection-v0 --algos ppo --seeds 0 1 2 3 4
0 %, 0 %, 635 MiB, 32607 MiB
144214, python, 626 MiB
---
[2026-03-30 15:07:10]
   PID     ELAPSED STAT %CPU %MEM CMD
144214    12:09:08 Rl+  99.8  0.2 python -u experiments/run_highway_experiments.py --phase train --envs merge-v0 intersection-v0 --algos dqn --seeds 0 1 2 3 4
144377    12:09:01 Rl+  1650  0.1 python -u experiments/run_highway_experiments.py --phase train --envs merge-v0 intersection-v0 --algos ppo --seeds 0 1 2 3 4
0 %, 0 %, 635 MiB, 32607 MiB
144214, python, 626 MiB
---
[2026-03-30 15:08:10]
   PID     ELAPSED STAT %CPU %MEM CMD
144214    12:10:08 Rl+  99.8  0.2 python -u experiments/run_highway_experiments.py --phase train --envs merge-v0 intersection-v0 --algos dqn --seeds 0 1 2 3 4
144377    12:10:01 Rl+  1650  0.1 python -u experiments/run_highway_experiments.py --phase train --envs merge-v0 intersection-v0 --algos ppo --seeds 0 1 2 3 4
0 %, 0 %, 635 MiB, 32607 MiB
144214, python, 626 MiB
---
[2026-03-30 15:09:10]
   PID     ELAPSED STAT %CPU %MEM CMD
144214    12:11:08 Rl+  99.8  0.2 python -u experiments/run_highway_experiments.py --phase train --envs merge-v0 intersection-v0 --algos dqn --seeds 0 1 2 3 4
144377    12:11:01 Rl+  1650  0.1 python -u experiments/run_highway_experiments.py --phase train --envs merge-v0 intersection-v0 --algos ppo --seeds 0 1 2 3 4
0 %, 0 %, 635 MiB, 32607 MiB
144214, python, 626 MiB
---
[2026-03-30 15:10:10]
   PID     ELAPSED STAT %CPU %MEM CMD
144214    12:12:08 Rl+  99.8  0.2 python -u experiments/run_highway_experiments.py --phase train --envs merge-v0 intersection-v0 --algos dqn --seeds 0 1 2 3 4
144377    12:12:01 Rl+  1650  0.1 python -u experiments/run_highway_experiments.py --phase train --envs merge-v0 intersection-v0 --algos ppo --seeds 0 1 2 3 4
0 %, 0 %, 635 MiB, 32607 MiB
144214, python, 626 MiB
---
[2026-03-30 15:11:11]
   PID     ELAPSED STAT %CPU %MEM CMD
144214    12:13:09 Rl+  99.8  0.2 python -u experiments/run_highway_experiments.py --phase train --envs merge-v0 intersection-v0 --algos dqn --seeds 0 1 2 3 4
144377    12:13:02 Rl+  1650  0.1 python -u experiments/run_highway_experiments.py --phase train --envs merge-v0 intersection-v0 --algos ppo --seeds 0 1 2 3 4
0 %, 0 %, 635 MiB, 32607 MiB
144214, python, 626 MiB
---
[2026-03-30 15:12:11]
   PID     ELAPSED STAT %CPU %MEM CMD
144214    12:14:09 Rl+  99.8  0.2 python -u experiments/run_highway_experiments.py --phase train --envs merge-v0 intersection-v0 --algos dqn --seeds 0 1 2 3 4
144377    12:14:02 Rl+  1650  0.1 python -u experiments/run_highway_experiments.py --phase train --envs merge-v0 intersection-v0 --algos ppo --seeds 0 1 2 3 4
0 %, 0 %, 635 MiB, 32607 MiB
144214, python, 626 MiB
---
[2026-03-30 15:13:11]
   PID     ELAPSED STAT %CPU %MEM CMD
144214    12:15:09 Rl+  99.8  0.2 python -u experiments/run_highway_experiments.py --phase train --envs merge-v0 intersection-v0 --algos dqn --seeds 0 1 2 3 4
144377    12:15:02 Rl+  1650  0.1 python -u experiments/run_highway_experiments.py --phase train --envs merge-v0 intersection-v0 --algos ppo --seeds 0 1 2 3 4
0 %, 0 %, 635 MiB, 32607 MiB
144214, python, 626 MiB
---
[2026-03-30 15:14:11]
   PID     ELAPSED STAT %CPU %MEM CMD
144214    12:16:09 Rl+  99.8  0.2 python -u experiments/run_highway_experiments.py --phase train --envs merge-v0 intersection-v0 --algos dqn --seeds 0 1 2 3 4
144377    12:16:02 Rl+  1650  0.1 python -u experiments/run_highway_experiments.py --phase train --envs merge-v0 intersection-v0 --algos ppo --seeds 0 1 2 3 4
0 %, 0 %, 635 MiB, 32607 MiB
144214, python, 626 MiB
---
[2026-03-30 15:15:11]
   PID     ELAPSED STAT %CPU %MEM CMD
144214    12:17:09 Rl+  99.8  0.2 python -u experiments/run_highway_experiments.py --phase train --envs merge-v0 intersection-v0 --algos dqn --seeds 0 1 2 3 4
144377    12:17:02 Rl+  1650  0.1 python -u experiments/run_highway_experiments.py --phase train --envs merge-v0 intersection-v0 --algos ppo --seeds 0 1 2 3 4
0 %, 0 %, 635 MiB, 32607 MiB
144214, python, 626 MiB
---
[2026-03-30 15:16:12]
   PID     ELAPSED STAT %CPU %MEM CMD
144214    12:18:09 Rl+  99.8  0.2 python -u experiments/run_highway_experiments.py --phase train --envs merge-v0 intersection-v0 --algos dqn --seeds 0 1 2 3 4
144377    12:18:02 Rl+  1650  0.1 python -u experiments/run_highway_experiments.py --phase train --envs merge-v0 intersection-v0 --algos ppo --seeds 0 1 2 3 4
0 %, 0 %, 635 MiB, 32607 MiB
144214, python, 626 MiB
---
[2026-03-30 15:17:12]
   PID     ELAPSED STAT %CPU %MEM CMD
144214    12:19:10 Rl+  99.8  0.2 python -u experiments/run_highway_experiments.py --phase train --envs merge-v0 intersection-v0 --algos dqn --seeds 0 1 2 3 4
144377    12:19:03 Rl+  1650  0.1 python -u experiments/run_highway_experiments.py --phase train --envs merge-v0 intersection-v0 --algos ppo --seeds 0 1 2 3 4
0 %, 0 %, 635 MiB, 32607 MiB
144214, python, 626 MiB
---
[2026-03-30 15:18:12]
   PID     ELAPSED STAT %CPU %MEM CMD
144214    12:20:10 Rl+  99.8  0.2 python -u experiments/run_highway_experiments.py --phase train --envs merge-v0 intersection-v0 --algos dqn --seeds 0 1 2 3 4
144377    12:20:03 Rl+  1650  0.1 python -u experiments/run_highway_experiments.py --phase train --envs merge-v0 intersection-v0 --algos ppo --seeds 0 1 2 3 4
0 %, 0 %, 635 MiB, 32607 MiB
144214, python, 626 MiB
---
[2026-03-30 15:19:12]
   PID     ELAPSED STAT %CPU %MEM CMD
144214    12:21:10 Rl+  99.8  0.2 python -u experiments/run_highway_experiments.py --phase train --envs merge-v0 intersection-v0 --algos dqn --seeds 0 1 2 3 4
144377    12:21:03 Rl+  1649  0.1 python -u experiments/run_highway_experiments.py --phase train --envs merge-v0 intersection-v0 --algos ppo --seeds 0 1 2 3 4
0 %, 0 %, 635 MiB, 32607 MiB
144214, python, 626 MiB
---
[2026-03-30 15:20:12]
   PID     ELAPSED STAT %CPU %MEM CMD
144214    12:22:10 Rl+  99.8  0.2 python -u experiments/run_highway_experiments.py --phase train --envs merge-v0 intersection-v0 --algos dqn --seeds 0 1 2 3 4
144377    12:22:03 Rl+  1649  0.1 python -u experiments/run_highway_experiments.py --phase train --envs merge-v0 intersection-v0 --algos ppo --seeds 0 1 2 3 4
0 %, 0 %, 635 MiB, 32607 MiB
144214, python, 626 MiB
---
[2026-03-30 15:21:12]
   PID     ELAPSED STAT %CPU %MEM CMD
144214    12:23:10 Rl+  99.8  0.2 python -u experiments/run_highway_experiments.py --phase train --envs merge-v0 intersection-v0 --algos dqn --seeds 0 1 2 3 4
144377    12:23:03 Rl+  1649  0.1 python -u experiments/run_highway_experiments.py --phase train --envs merge-v0 intersection-v0 --algos ppo --seeds 0 1 2 3 4
0 %, 0 %, 635 MiB, 32607 MiB
144214, python, 626 MiB
---
[2026-03-30 15:22:13]
   PID     ELAPSED STAT %CPU %MEM CMD
144214    12:24:10 Rl+  99.8  0.2 python -u experiments/run_highway_experiments.py --phase train --envs merge-v0 intersection-v0 --algos dqn --seeds 0 1 2 3 4
144377    12:24:03 Rl+  1649  0.1 python -u experiments/run_highway_experiments.py --phase train --envs merge-v0 intersection-v0 --algos ppo --seeds 0 1 2 3 4
0 %, 0 %, 635 MiB, 32607 MiB
144214, python, 626 MiB
---
[2026-03-30 15:23:13]
   PID     ELAPSED STAT %CPU %MEM CMD
144214    12:25:11 Rl+  99.8  0.2 python -u experiments/run_highway_experiments.py --phase train --envs merge-v0 intersection-v0 --algos dqn --seeds 0 1 2 3 4
144377    12:25:04 Rl+  1649  0.1 python -u experiments/run_highway_experiments.py --phase train --envs merge-v0 intersection-v0 --algos ppo --seeds 0 1 2 3 4
0 %, 0 %, 635 MiB, 32607 MiB
144214, python, 626 MiB
---
[2026-03-30 15:24:13]
   PID     ELAPSED STAT %CPU %MEM CMD
144214    12:26:11 Rl+  99.8  0.2 python -u experiments/run_highway_experiments.py --phase train --envs merge-v0 intersection-v0 --algos dqn --seeds 0 1 2 3 4
144377    12:26:04 Rl+  1649  0.1 python -u experiments/run_highway_experiments.py --phase train --envs merge-v0 intersection-v0 --algos ppo --seeds 0 1 2 3 4
0 %, 0 %, 635 MiB, 32607 MiB
144214, python, 626 MiB
---
[2026-03-30 15:25:13]
   PID     ELAPSED STAT %CPU %MEM CMD
144214    12:27:11 Rl+  99.8  0.2 python -u experiments/run_highway_experiments.py --phase train --envs merge-v0 intersection-v0 --algos dqn --seeds 0 1 2 3 4
144377    12:27:04 Rl+  1649  0.1 python -u experiments/run_highway_experiments.py --phase train --envs merge-v0 intersection-v0 --algos ppo --seeds 0 1 2 3 4
0 %, 0 %, 635 MiB, 32607 MiB
144214, python, 626 MiB
---
[2026-03-30 15:26:13]
   PID     ELAPSED STAT %CPU %MEM CMD
144214    12:28:11 Rl+  99.8  0.2 python -u experiments/run_highway_experiments.py --phase train --envs merge-v0 intersection-v0 --algos dqn --seeds 0 1 2 3 4
144377    12:28:04 Rl+  1649  0.1 python -u experiments/run_highway_experiments.py --phase train --envs merge-v0 intersection-v0 --algos ppo --seeds 0 1 2 3 4
0 %, 0 %, 635 MiB, 32607 MiB
144214, python, 626 MiB
---
[2026-03-30 15:27:13]
   PID     ELAPSED STAT %CPU %MEM CMD
144214    12:29:11 Rl+  99.8  0.2 python -u experiments/run_highway_experiments.py --phase train --envs merge-v0 intersection-v0 --algos dqn --seeds 0 1 2 3 4
144377    12:29:04 Rl+  1649  0.1 python -u experiments/run_highway_experiments.py --phase train --envs merge-v0 intersection-v0 --algos ppo --seeds 0 1 2 3 4
0 %, 0 %, 635 MiB, 32607 MiB
144214, python, 626 MiB
---
[2026-03-30 15:28:14]
   PID     ELAPSED STAT %CPU %MEM CMD
144214    12:30:11 Rl+  99.8  0.2 python -u experiments/run_highway_experiments.py --phase train --envs merge-v0 intersection-v0 --algos dqn --seeds 0 1 2 3 4
144377    12:30:04 Rl+  1649  0.1 python -u experiments/run_highway_experiments.py --phase train --envs merge-v0 intersection-v0 --algos ppo --seeds 0 1 2 3 4
0 %, 0 %, 635 MiB, 32607 MiB
144214, python, 626 MiB
---
[2026-03-30 15:29:14]
   PID     ELAPSED STAT %CPU %MEM CMD
144214    12:31:12 Rl+  99.8  0.2 python -u experiments/run_highway_experiments.py --phase train --envs merge-v0 intersection-v0 --algos dqn --seeds 0 1 2 3 4
144377    12:31:05 Rl+  1649  0.1 python -u experiments/run_highway_experiments.py --phase train --envs merge-v0 intersection-v0 --algos ppo --seeds 0 1 2 3 4
0 %, 0 %, 635 MiB, 32607 MiB
144214, python, 626 MiB
---
[2026-03-30 15:30:14]
   PID     ELAPSED STAT %CPU %MEM CMD
144214    12:32:12 Rl+  99.8  0.2 python -u experiments/run_highway_experiments.py --phase train --envs merge-v0 intersection-v0 --algos dqn --seeds 0 1 2 3 4
144377    12:32:05 Rl+  1649  0.1 python -u experiments/run_highway_experiments.py --phase train --envs merge-v0 intersection-v0 --algos ppo --seeds 0 1 2 3 4
0 %, 0 %, 635 MiB, 32607 MiB
144214, python, 626 MiB
---
[2026-03-30 15:31:14]
   PID     ELAPSED STAT %CPU %MEM CMD
144214    12:33:12 Rl+  99.8  0.2 python -u experiments/run_highway_experiments.py --phase train --envs merge-v0 intersection-v0 --algos dqn --seeds 0 1 2 3 4
144377    12:33:05 Rl+  1649  0.1 python -u experiments/run_highway_experiments.py --phase train --envs merge-v0 intersection-v0 --algos ppo --seeds 0 1 2 3 4
0 %, 0 %, 635 MiB, 32607 MiB
144214, python, 626 MiB
---
[2026-03-30 15:32:14]
   PID     ELAPSED STAT %CPU %MEM CMD
144214    12:34:12 Rl+  99.8  0.2 python -u experiments/run_highway_experiments.py --phase train --envs merge-v0 intersection-v0 --algos dqn --seeds 0 1 2 3 4
144377    12:34:05 Sl+  1649  0.1 python -u experiments/run_highway_experiments.py --phase train --envs merge-v0 intersection-v0 --algos ppo --seeds 0 1 2 3 4
0 %, 0 %, 635 MiB, 32607 MiB
144214, python, 626 MiB
---
[2026-03-30 15:33:14]
   PID     ELAPSED STAT %CPU %MEM CMD
144214    12:35:12 Rl+  99.8  0.2 python -u experiments/run_highway_experiments.py --phase train --envs merge-v0 intersection-v0 --algos dqn --seeds 0 1 2 3 4
144377    12:35:05 Rl+  1649  0.1 python -u experiments/run_highway_experiments.py --phase train --envs merge-v0 intersection-v0 --algos ppo --seeds 0 1 2 3 4
0 %, 0 %, 635 MiB, 32607 MiB
144214, python, 626 MiB
---
[2026-03-30 15:34:15]
   PID     ELAPSED STAT %CPU %MEM CMD
144214    12:36:13 Rl+  99.8  0.2 python -u experiments/run_highway_experiments.py --phase train --envs merge-v0 intersection-v0 --algos dqn --seeds 0 1 2 3 4
144377    12:36:06 Rl+  1649  0.1 python -u experiments/run_highway_experiments.py --phase train --envs merge-v0 intersection-v0 --algos ppo --seeds 0 1 2 3 4
0 %, 0 %, 635 MiB, 32607 MiB
144214, python, 626 MiB
---
[2026-03-30 15:35:15]
   PID     ELAPSED STAT %CPU %MEM CMD
144214    12:37:13 Rl+  99.8  0.2 python -u experiments/run_highway_experiments.py --phase train --envs merge-v0 intersection-v0 --algos dqn --seeds 0 1 2 3 4
144377    12:37:06 Rl+  1649  0.1 python -u experiments/run_highway_experiments.py --phase train --envs merge-v0 intersection-v0 --algos ppo --seeds 0 1 2 3 4
0 %, 0 %, 635 MiB, 32607 MiB
144214, python, 626 MiB
---
[2026-03-30 15:36:15]
   PID     ELAPSED STAT %CPU %MEM CMD
144214    12:38:13 Rl+  99.8  0.2 python -u experiments/run_highway_experiments.py --phase train --envs merge-v0 intersection-v0 --algos dqn --seeds 0 1 2 3 4
144377    12:38:06 Rl+  1649  0.1 python -u experiments/run_highway_experiments.py --phase train --envs merge-v0 intersection-v0 --algos ppo --seeds 0 1 2 3 4
0 %, 0 %, 635 MiB, 32607 MiB
144214, python, 626 MiB
---
[2026-03-30 15:37:15]
   PID     ELAPSED STAT %CPU %MEM CMD
144214    12:39:13 Rl+  99.8  0.2 python -u experiments/run_highway_experiments.py --phase train --envs merge-v0 intersection-v0 --algos dqn --seeds 0 1 2 3 4
144377    12:39:06 Rl+  1649  0.1 python -u experiments/run_highway_experiments.py --phase train --envs merge-v0 intersection-v0 --algos ppo --seeds 0 1 2 3 4
0 %, 0 %, 635 MiB, 32607 MiB
144214, python, 626 MiB
---
[2026-03-30 15:38:15]
   PID     ELAPSED STAT %CPU %MEM CMD
144214    12:40:13 Rl+  99.8  0.2 python -u experiments/run_highway_experiments.py --phase train --envs merge-v0 intersection-v0 --algos dqn --seeds 0 1 2 3 4
144377    12:40:06 Rl+  1649  0.1 python -u experiments/run_highway_experiments.py --phase train --envs merge-v0 intersection-v0 --algos ppo --seeds 0 1 2 3 4
0 %, 0 %, 635 MiB, 32607 MiB
144214, python, 626 MiB
---
[2026-03-30 15:39:15]
   PID     ELAPSED STAT %CPU %MEM CMD
144214    12:41:13 Rl+  99.8  0.2 python -u experiments/run_highway_experiments.py --phase train --envs merge-v0 intersection-v0 --algos dqn --seeds 0 1 2 3 4
144377    12:41:06 Rl+  1649  0.1 python -u experiments/run_highway_experiments.py --phase train --envs merge-v0 intersection-v0 --algos ppo --seeds 0 1 2 3 4
0 %, 0 %, 635 MiB, 32607 MiB
144214, python, 626 MiB
---
[2026-03-30 15:40:16]
   PID     ELAPSED STAT %CPU %MEM CMD
144214    12:42:14 Rl+  99.8  0.2 python -u experiments/run_highway_experiments.py --phase train --envs merge-v0 intersection-v0 --algos dqn --seeds 0 1 2 3 4
144377    12:42:07 Rl+  1649  0.1 python -u experiments/run_highway_experiments.py --phase train --envs merge-v0 intersection-v0 --algos ppo --seeds 0 1 2 3 4
0 %, 0 %, 635 MiB, 32607 MiB
144214, python, 626 MiB
---
[2026-03-30 15:41:16]
   PID     ELAPSED STAT %CPU %MEM CMD
144214    12:43:14 Rl+  99.8  0.2 python -u experiments/run_highway_experiments.py --phase train --envs merge-v0 intersection-v0 --algos dqn --seeds 0 1 2 3 4
144377    12:43:07 Rl+  1649  0.1 python -u experiments/run_highway_experiments.py --phase train --envs merge-v0 intersection-v0 --algos ppo --seeds 0 1 2 3 4
0 %, 0 %, 635 MiB, 32607 MiB
144214, python, 626 MiB
---
[2026-03-30 15:42:16]
   PID     ELAPSED STAT %CPU %MEM CMD
144214    12:44:14 Rl+  99.8  0.2 python -u experiments/run_highway_experiments.py --phase train --envs merge-v0 intersection-v0 --algos dqn --seeds 0 1 2 3 4
144377    12:44:07 Rl+  1649  0.1 python -u experiments/run_highway_experiments.py --phase train --envs merge-v0 intersection-v0 --algos ppo --seeds 0 1 2 3 4
0 %, 0 %, 635 MiB, 32607 MiB
144214, python, 626 MiB
---
[2026-03-30 15:43:16]
   PID     ELAPSED STAT %CPU %MEM CMD
144214    12:45:14 Rl+  99.8  0.2 python -u experiments/run_highway_experiments.py --phase train --envs merge-v0 intersection-v0 --algos dqn --seeds 0 1 2 3 4
144377    12:45:07 Rl+  1649  0.1 python -u experiments/run_highway_experiments.py --phase train --envs merge-v0 intersection-v0 --algos ppo --seeds 0 1 2 3 4
0 %, 0 %, 635 MiB, 32607 MiB
144214, python, 626 MiB
---
[2026-03-30 15:44:16]
   PID     ELAPSED STAT %CPU %MEM CMD
144214    12:46:14 Rl+  99.8  0.2 python -u experiments/run_highway_experiments.py --phase train --envs merge-v0 intersection-v0 --algos dqn --seeds 0 1 2 3 4
144377    12:46:07 Rl+  1649  0.1 python -u experiments/run_highway_experiments.py --phase train --envs merge-v0 intersection-v0 --algos ppo --seeds 0 1 2 3 4
0 %, 0 %, 635 MiB, 32607 MiB
144214, python, 626 MiB
---
[2026-03-30 15:45:17]
   PID     ELAPSED STAT %CPU %MEM CMD
144214    12:47:14 Rl+  99.8  0.2 python -u experiments/run_highway_experiments.py --phase train --envs merge-v0 intersection-v0 --algos dqn --seeds 0 1 2 3 4
144377    12:47:07 Rl+  1648  0.1 python -u experiments/run_highway_experiments.py --phase train --envs merge-v0 intersection-v0 --algos ppo --seeds 0 1 2 3 4
0 %, 0 %, 635 MiB, 32607 MiB
144214, python, 626 MiB
---
[2026-03-30 15:46:17]
   PID     ELAPSED STAT %CPU %MEM CMD
144214    12:48:15 Rl+  99.8  0.2 python -u experiments/run_highway_experiments.py --phase train --envs merge-v0 intersection-v0 --algos dqn --seeds 0 1 2 3 4
144377    12:48:08 Rl+  1648  0.1 python -u experiments/run_highway_experiments.py --phase train --envs merge-v0 intersection-v0 --algos ppo --seeds 0 1 2 3 4
0 %, 0 %, 635 MiB, 32607 MiB
144214, python, 626 MiB
---
[2026-03-30 15:47:17]
   PID     ELAPSED STAT %CPU %MEM CMD
144214    12:49:15 Rl+  99.8  0.2 python -u experiments/run_highway_experiments.py --phase train --envs merge-v0 intersection-v0 --algos dqn --seeds 0 1 2 3 4
144377    12:49:08 Rl+  1648  0.1 python -u experiments/run_highway_experiments.py --phase train --envs merge-v0 intersection-v0 --algos ppo --seeds 0 1 2 3 4
0 %, 0 %, 635 MiB, 32607 MiB
144214, python, 626 MiB
---
[2026-03-30 15:48:17]
   PID     ELAPSED STAT %CPU %MEM CMD
144214    12:50:15 Rl+  99.8  0.2 python -u experiments/run_highway_experiments.py --phase train --envs merge-v0 intersection-v0 --algos dqn --seeds 0 1 2 3 4
144377    12:50:08 Rl+  1648  0.1 python -u experiments/run_highway_experiments.py --phase train --envs merge-v0 intersection-v0 --algos ppo --seeds 0 1 2 3 4
0 %, 0 %, 635 MiB, 32607 MiB
144214, python, 626 MiB
---
[2026-03-30 15:49:17]
   PID     ELAPSED STAT %CPU %MEM CMD
144214    12:51:15 Rl+  99.8  0.2 python -u experiments/run_highway_experiments.py --phase train --envs merge-v0 intersection-v0 --algos dqn --seeds 0 1 2 3 4
144377    12:51:08 Rl+  1648  0.1 python -u experiments/run_highway_experiments.py --phase train --envs merge-v0 intersection-v0 --algos ppo --seeds 0 1 2 3 4
0 %, 0 %, 635 MiB, 32607 MiB
144214, python, 626 MiB
---
[2026-03-30 15:50:17]
   PID     ELAPSED STAT %CPU %MEM CMD
144214    12:52:15 Rl+  99.8  0.2 python -u experiments/run_highway_experiments.py --phase train --envs merge-v0 intersection-v0 --algos dqn --seeds 0 1 2 3 4
144377    12:52:08 Rl+  1648  0.1 python -u experiments/run_highway_experiments.py --phase train --envs merge-v0 intersection-v0 --algos ppo --seeds 0 1 2 3 4
0 %, 0 %, 635 MiB, 32607 MiB
144214, python, 626 MiB
---
[2026-03-30 15:51:17]
   PID     ELAPSED STAT %CPU %MEM CMD
144214    12:53:15 Rl+  99.8  0.2 python -u experiments/run_highway_experiments.py --phase train --envs merge-v0 intersection-v0 --algos dqn --seeds 0 1 2 3 4
144377    12:53:08 Rl+  1648  0.1 python -u experiments/run_highway_experiments.py --phase train --envs merge-v0 intersection-v0 --algos ppo --seeds 0 1 2 3 4
0 %, 0 %, 635 MiB, 32607 MiB
144214, python, 626 MiB
---
[2026-03-30 15:52:18]
   PID     ELAPSED STAT %CPU %MEM CMD
144214    12:54:16 Rl+  99.8  0.2 python -u experiments/run_highway_experiments.py --phase train --envs merge-v0 intersection-v0 --algos dqn --seeds 0 1 2 3 4
144377    12:54:09 Rl+  1648  0.1 python -u experiments/run_highway_experiments.py --phase train --envs merge-v0 intersection-v0 --algos ppo --seeds 0 1 2 3 4
0 %, 0 %, 635 MiB, 32607 MiB
144214, python, 626 MiB
---
[2026-03-30 15:53:18]
   PID     ELAPSED STAT %CPU %MEM CMD
144214    12:55:16 Rl+  99.8  0.2 python -u experiments/run_highway_experiments.py --phase train --envs merge-v0 intersection-v0 --algos dqn --seeds 0 1 2 3 4
144377    12:55:09 Rl+  1648  0.1 python -u experiments/run_highway_experiments.py --phase train --envs merge-v0 intersection-v0 --algos ppo --seeds 0 1 2 3 4
0 %, 0 %, 635 MiB, 32607 MiB
144214, python, 626 MiB
---
[2026-03-30 15:54:18]
   PID     ELAPSED STAT %CPU %MEM CMD
144214    12:56:16 Rl+  99.8  0.2 python -u experiments/run_highway_experiments.py --phase train --envs merge-v0 intersection-v0 --algos dqn --seeds 0 1 2 3 4
144377    12:56:09 Rl+  1648  0.1 python -u experiments/run_highway_experiments.py --phase train --envs merge-v0 intersection-v0 --algos ppo --seeds 0 1 2 3 4
0 %, 0 %, 635 MiB, 32607 MiB
144214, python, 626 MiB
---
[2026-03-30 15:55:18]
   PID     ELAPSED STAT %CPU %MEM CMD
144214    12:57:16 Rl+  99.8  0.2 python -u experiments/run_highway_experiments.py --phase train --envs merge-v0 intersection-v0 --algos dqn --seeds 0 1 2 3 4
144377    12:57:09 Rl+  1648  0.1 python -u experiments/run_highway_experiments.py --phase train --envs merge-v0 intersection-v0 --algos ppo --seeds 0 1 2 3 4
0 %, 0 %, 635 MiB, 32607 MiB
144214, python, 626 MiB
---
[2026-03-30 15:56:18]
   PID     ELAPSED STAT %CPU %MEM CMD
144214    12:58:16 Rl+  99.8  0.2 python -u experiments/run_highway_experiments.py --phase train --envs merge-v0 intersection-v0 --algos dqn --seeds 0 1 2 3 4
144377    12:58:09 Rl+  1648  0.1 python -u experiments/run_highway_experiments.py --phase train --envs merge-v0 intersection-v0 --algos ppo --seeds 0 1 2 3 4
1 %, 0 %, 635 MiB, 32607 MiB
144214, python, 626 MiB
---
[2026-03-30 15:57:18]
   PID     ELAPSED STAT %CPU %MEM CMD
144214    12:59:16 Rl+  99.8  0.2 python -u experiments/run_highway_experiments.py --phase train --envs merge-v0 intersection-v0 --algos dqn --seeds 0 1 2 3 4
144377    12:59:09 Rl+  1648  0.1 python -u experiments/run_highway_experiments.py --phase train --envs merge-v0 intersection-v0 --algos ppo --seeds 0 1 2 3 4
0 %, 0 %, 635 MiB, 32607 MiB
144214, python, 626 MiB
---
[2026-03-30 15:58:19]
   PID     ELAPSED STAT %CPU %MEM CMD
144214    13:00:17 Rl+  99.8  0.2 python -u experiments/run_highway_experiments.py --phase train --envs merge-v0 intersection-v0 --algos dqn --seeds 0 1 2 3 4
144377    13:00:10 Rl+  1648  0.1 python -u experiments/run_highway_experiments.py --phase train --envs merge-v0 intersection-v0 --algos ppo --seeds 0 1 2 3 4
0 %, 0 %, 635 MiB, 32607 MiB
144214, python, 626 MiB
---
[2026-03-30 15:59:19]
   PID     ELAPSED STAT %CPU %MEM CMD
144214    13:01:17 Rl+  99.8  0.2 python -u experiments/run_highway_experiments.py --phase train --envs merge-v0 intersection-v0 --algos dqn --seeds 0 1 2 3 4
144377    13:01:10 Rl+  1648  0.1 python -u experiments/run_highway_experiments.py --phase train --envs merge-v0 intersection-v0 --algos ppo --seeds 0 1 2 3 4
0 %, 0 %, 635 MiB, 32607 MiB
144214, python, 626 MiB
---
[2026-03-30 16:00:19]
   PID     ELAPSED STAT %CPU %MEM CMD
144214    13:02:17 Rl+  99.8  0.2 python -u experiments/run_highway_experiments.py --phase train --envs merge-v0 intersection-v0 --algos dqn --seeds 0 1 2 3 4
144377    13:02:10 Rl+  1648  0.1 python -u experiments/run_highway_experiments.py --phase train --envs merge-v0 intersection-v0 --algos ppo --seeds 0 1 2 3 4
0 %, 0 %, 635 MiB, 32607 MiB
144214, python, 626 MiB
---
[2026-03-30 16:01:19]
   PID     ELAPSED STAT %CPU %MEM CMD
144214    13:03:17 Rl+  99.8  0.2 python -u experiments/run_highway_experiments.py --phase train --envs merge-v0 intersection-v0 --algos dqn --seeds 0 1 2 3 4
144377    13:03:10 Rl+  1648  0.1 python -u experiments/run_highway_experiments.py --phase train --envs merge-v0 intersection-v0 --algos ppo --seeds 0 1 2 3 4
0 %, 0 %, 635 MiB, 32607 MiB
144214, python, 626 MiB
---
[2026-03-30 16:02:19]
   PID     ELAPSED STAT %CPU %MEM CMD
144214    13:04:17 Rl+  99.8  0.2 python -u experiments/run_highway_experiments.py --phase train --envs merge-v0 intersection-v0 --algos dqn --seeds 0 1 2 3 4
144377    13:04:10 Rl+  1648  0.1 python -u experiments/run_highway_experiments.py --phase train --envs merge-v0 intersection-v0 --algos ppo --seeds 0 1 2 3 4
0 %, 0 %, 635 MiB, 32607 MiB
144214, python, 626 MiB
---
[2026-03-30 16:03:20]
   PID     ELAPSED STAT %CPU %MEM CMD
144214    13:05:17 Rl+  99.8  0.2 python -u experiments/run_highway_experiments.py --phase train --envs merge-v0 intersection-v0 --algos dqn --seeds 0 1 2 3 4
144377    13:05:10 Rl+  1648  0.1 python -u experiments/run_highway_experiments.py --phase train --envs merge-v0 intersection-v0 --algos ppo --seeds 0 1 2 3 4
0 %, 0 %, 635 MiB, 32607 MiB
144214, python, 626 MiB
---
[2026-03-30 16:04:20]
   PID     ELAPSED STAT %CPU %MEM CMD
144214    13:06:18 Rl+  99.8  0.2 python -u experiments/run_highway_experiments.py --phase train --envs merge-v0 intersection-v0 --algos dqn --seeds 0 1 2 3 4
144377    13:06:11 Rl+  1648  0.1 python -u experiments/run_highway_experiments.py --phase train --envs merge-v0 intersection-v0 --algos ppo --seeds 0 1 2 3 4
0 %, 0 %, 635 MiB, 32607 MiB
144214, python, 626 MiB
---
[2026-03-30 16:05:20]
   PID     ELAPSED STAT %CPU %MEM CMD
144214    13:07:18 Rl+  99.8  0.2 python -u experiments/run_highway_experiments.py --phase train --envs merge-v0 intersection-v0 --algos dqn --seeds 0 1 2 3 4
144377    13:07:11 Rl+  1648  0.1 python -u experiments/run_highway_experiments.py --phase train --envs merge-v0 intersection-v0 --algos ppo --seeds 0 1 2 3 4
0 %, 0 %, 635 MiB, 32607 MiB
144214, python, 626 MiB
---
[2026-03-30 16:06:20]
   PID     ELAPSED STAT %CPU %MEM CMD
144214    13:08:18 Rl+  99.8  0.2 python -u experiments/run_highway_experiments.py --phase train --envs merge-v0 intersection-v0 --algos dqn --seeds 0 1 2 3 4
144377    13:08:11 Rl+  1648  0.1 python -u experiments/run_highway_experiments.py --phase train --envs merge-v0 intersection-v0 --algos ppo --seeds 0 1 2 3 4
0 %, 0 %, 635 MiB, 32607 MiB
144214, python, 626 MiB
---
[2026-03-30 16:07:20]
   PID     ELAPSED STAT %CPU %MEM CMD
144214    13:09:18 Rl+  99.8  0.2 python -u experiments/run_highway_experiments.py --phase train --envs merge-v0 intersection-v0 --algos dqn --seeds 0 1 2 3 4
144377    13:09:11 Rl+  1648  0.1 python -u experiments/run_highway_experiments.py --phase train --envs merge-v0 intersection-v0 --algos ppo --seeds 0 1 2 3 4
0 %, 0 %, 635 MiB, 32607 MiB
144214, python, 626 MiB
---
[2026-03-30 16:08:20]
   PID     ELAPSED STAT %CPU %MEM CMD
144214    13:10:18 Rl+  99.8  0.2 python -u experiments/run_highway_experiments.py --phase train --envs merge-v0 intersection-v0 --algos dqn --seeds 0 1 2 3 4
144377    13:10:11 Rl+  1648  0.1 python -u experiments/run_highway_experiments.py --phase train --envs merge-v0 intersection-v0 --algos ppo --seeds 0 1 2 3 4
0 %, 0 %, 635 MiB, 32607 MiB
144214, python, 626 MiB
---
[2026-03-30 16:09:21]
   PID     ELAPSED STAT %CPU %MEM CMD
144214    13:11:18 Rl+  99.8  0.2 python -u experiments/run_highway_experiments.py --phase train --envs merge-v0 intersection-v0 --algos dqn --seeds 0 1 2 3 4
144377    13:11:11 Rl+  1648  0.1 python -u experiments/run_highway_experiments.py --phase train --envs merge-v0 intersection-v0 --algos ppo --seeds 0 1 2 3 4
0 %, 0 %, 635 MiB, 32607 MiB
144214, python, 626 MiB
---
[2026-03-30 16:10:21]
   PID     ELAPSED STAT %CPU %MEM CMD
144214    13:12:19 Rl+  99.8  0.2 python -u experiments/run_highway_experiments.py --phase train --envs merge-v0 intersection-v0 --algos dqn --seeds 0 1 2 3 4
144377    13:12:12 Rl+  1648  0.1 python -u experiments/run_highway_experiments.py --phase train --envs merge-v0 intersection-v0 --algos ppo --seeds 0 1 2 3 4
0 %, 0 %, 635 MiB, 32607 MiB
144214, python, 626 MiB
---
[2026-03-30 16:11:21]
   PID     ELAPSED STAT %CPU %MEM CMD
144214    13:13:19 Rl+  99.8  0.2 python -u experiments/run_highway_experiments.py --phase train --envs merge-v0 intersection-v0 --algos dqn --seeds 0 1 2 3 4
144377    13:13:12 Rl+  1648  0.1 python -u experiments/run_highway_experiments.py --phase train --envs merge-v0 intersection-v0 --algos ppo --seeds 0 1 2 3 4
0 %, 0 %, 635 MiB, 32607 MiB
144214, python, 626 MiB
---
[2026-03-30 16:12:21]
   PID     ELAPSED STAT %CPU %MEM CMD
144214    13:14:19 Rl+  99.8  0.2 python -u experiments/run_highway_experiments.py --phase train --envs merge-v0 intersection-v0 --algos dqn --seeds 0 1 2 3 4
144377    13:14:12 Rl+  1648  0.1 python -u experiments/run_highway_experiments.py --phase train --envs merge-v0 intersection-v0 --algos ppo --seeds 0 1 2 3 4
0 %, 0 %, 635 MiB, 32607 MiB
144214, python, 626 MiB
---
[2026-03-30 16:13:21]
   PID     ELAPSED STAT %CPU %MEM CMD
144214    13:15:19 Rl+  99.8  0.2 python -u experiments/run_highway_experiments.py --phase train --envs merge-v0 intersection-v0 --algos dqn --seeds 0 1 2 3 4
144377    13:15:12 Rl+  1648  0.1 python -u experiments/run_highway_experiments.py --phase train --envs merge-v0 intersection-v0 --algos ppo --seeds 0 1 2 3 4
0 %, 0 %, 635 MiB, 32607 MiB
144214, python, 626 MiB
---
[2026-03-30 16:14:21]
   PID     ELAPSED STAT %CPU %MEM CMD
144214    13:16:19 Rl+  99.8  0.2 python -u experiments/run_highway_experiments.py --phase train --envs merge-v0 intersection-v0 --algos dqn --seeds 0 1 2 3 4
144377    13:16:12 Rl+  1647  0.1 python -u experiments/run_highway_experiments.py --phase train --envs merge-v0 intersection-v0 --algos ppo --seeds 0 1 2 3 4
0 %, 0 %, 635 MiB, 32607 MiB
144214, python, 626 MiB
---
[2026-03-30 16:15:22]
   PID     ELAPSED STAT %CPU %MEM CMD
144214    13:17:20 Rl+  99.8  0.2 python -u experiments/run_highway_experiments.py --phase train --envs merge-v0 intersection-v0 --algos dqn --seeds 0 1 2 3 4
144377    13:17:13 Rl+  1647  0.1 python -u experiments/run_highway_experiments.py --phase train --envs merge-v0 intersection-v0 --algos ppo --seeds 0 1 2 3 4
0 %, 0 %, 635 MiB, 32607 MiB
144214, python, 626 MiB
---
[2026-03-30 16:16:22]
   PID     ELAPSED STAT %CPU %MEM CMD
144214    13:18:20 Rl+  99.8  0.2 python -u experiments/run_highway_experiments.py --phase train --envs merge-v0 intersection-v0 --algos dqn --seeds 0 1 2 3 4
144377    13:18:13 Rl+  1647  0.1 python -u experiments/run_highway_experiments.py --phase train --envs merge-v0 intersection-v0 --algos ppo --seeds 0 1 2 3 4
0 %, 0 %, 635 MiB, 32607 MiB
144214, python, 626 MiB
---
[2026-03-30 16:17:22]
   PID     ELAPSED STAT %CPU %MEM CMD
144214    13:19:20 Rl+  99.8  0.2 python -u experiments/run_highway_experiments.py --phase train --envs merge-v0 intersection-v0 --algos dqn --seeds 0 1 2 3 4
144377    13:19:13 Rl+  1647  0.1 python -u experiments/run_highway_experiments.py --phase train --envs merge-v0 intersection-v0 --algos ppo --seeds 0 1 2 3 4
0 %, 0 %, 635 MiB, 32607 MiB
144214, python, 626 MiB
---
[2026-03-30 16:18:22]
   PID     ELAPSED STAT %CPU %MEM CMD
144214    13:20:20 Rl+  99.8  0.2 python -u experiments/run_highway_experiments.py --phase train --envs merge-v0 intersection-v0 --algos dqn --seeds 0 1 2 3 4
144377    13:20:13 Rl+  1647  0.1 python -u experiments/run_highway_experiments.py --phase train --envs merge-v0 intersection-v0 --algos ppo --seeds 0 1 2 3 4
0 %, 0 %, 635 MiB, 32607 MiB
144214, python, 626 MiB
---
[2026-03-30 16:19:22]
   PID     ELAPSED STAT %CPU %MEM CMD
144214    13:21:20 Rl+  99.8  0.2 python -u experiments/run_highway_experiments.py --phase train --envs merge-v0 intersection-v0 --algos dqn --seeds 0 1 2 3 4
144377    13:21:13 Rl+  1647  0.1 python -u experiments/run_highway_experiments.py --phase train --envs merge-v0 intersection-v0 --algos ppo --seeds 0 1 2 3 4
0 %, 0 %, 635 MiB, 32607 MiB
144214, python, 626 MiB
---
[2026-03-30 16:20:22]
   PID     ELAPSED STAT %CPU %MEM CMD
144214    13:22:20 Rl+  99.8  0.2 python -u experiments/run_highway_experiments.py --phase train --envs merge-v0 intersection-v0 --algos dqn --seeds 0 1 2 3 4
144377    13:22:13 Rl+  1647  0.1 python -u experiments/run_highway_experiments.py --phase train --envs merge-v0 intersection-v0 --algos ppo --seeds 0 1 2 3 4
0 %, 0 %, 635 MiB, 32607 MiB
144214, python, 626 MiB
---
[2026-03-30 16:21:23]
   PID     ELAPSED STAT %CPU %MEM CMD
144214    13:23:21 Rl+  99.8  0.2 python -u experiments/run_highway_experiments.py --phase train --envs merge-v0 intersection-v0 --algos dqn --seeds 0 1 2 3 4
144377    13:23:14 Rl+  1647  0.1 python -u experiments/run_highway_experiments.py --phase train --envs merge-v0 intersection-v0 --algos ppo --seeds 0 1 2 3 4
0 %, 0 %, 635 MiB, 32607 MiB
144214, python, 626 MiB
---
[2026-03-30 16:22:23]
   PID     ELAPSED STAT %CPU %MEM CMD
144214    13:24:21 Rl+  99.8  0.2 python -u experiments/run_highway_experiments.py --phase train --envs merge-v0 intersection-v0 --algos dqn --seeds 0 1 2 3 4
144377    13:24:14 Rl+  1647  0.1 python -u experiments/run_highway_experiments.py --phase train --envs merge-v0 intersection-v0 --algos ppo --seeds 0 1 2 3 4
0 %, 0 %, 635 MiB, 32607 MiB
144214, python, 626 MiB
---
[2026-03-30 16:23:23]
   PID     ELAPSED STAT %CPU %MEM CMD
144214    13:25:21 Rl+  99.8  0.2 python -u experiments/run_highway_experiments.py --phase train --envs merge-v0 intersection-v0 --algos dqn --seeds 0 1 2 3 4
144377    13:25:14 Rl+  1647  0.1 python -u experiments/run_highway_experiments.py --phase train --envs merge-v0 intersection-v0 --algos ppo --seeds 0 1 2 3 4
0 %, 0 %, 635 MiB, 32607 MiB
144214, python, 626 MiB
---
[2026-03-30 16:24:23]
   PID     ELAPSED STAT %CPU %MEM CMD
144214    13:26:21 Rl+  99.8  0.2 python -u experiments/run_highway_experiments.py --phase train --envs merge-v0 intersection-v0 --algos dqn --seeds 0 1 2 3 4
144377    13:26:14 Rl+  1647  0.1 python -u experiments/run_highway_experiments.py --phase train --envs merge-v0 intersection-v0 --algos ppo --seeds 0 1 2 3 4
0 %, 0 %, 635 MiB, 32607 MiB
144214, python, 626 MiB
---
[2026-03-30 16:25:23]
   PID     ELAPSED STAT %CPU %MEM CMD
144214    13:27:21 Rl+  99.8  0.2 python -u experiments/run_highway_experiments.py --phase train --envs merge-v0 intersection-v0 --algos dqn --seeds 0 1 2 3 4
144377    13:27:14 Rl+  1647  0.1 python -u experiments/run_highway_experiments.py --phase train --envs merge-v0 intersection-v0 --algos ppo --seeds 0 1 2 3 4
0 %, 0 %, 635 MiB, 32607 MiB
144214, python, 626 MiB
---
[2026-03-30 16:26:23]
   PID     ELAPSED STAT %CPU %MEM CMD
144214    13:28:21 Rl+  99.8  0.2 python -u experiments/run_highway_experiments.py --phase train --envs merge-v0 intersection-v0 --algos dqn --seeds 0 1 2 3 4
144377    13:28:14 Rl+  1647  0.1 python -u experiments/run_highway_experiments.py --phase train --envs merge-v0 intersection-v0 --algos ppo --seeds 0 1 2 3 4
0 %, 0 %, 635 MiB, 32607 MiB
144214, python, 626 MiB
---
[2026-03-30 16:27:24]
   PID     ELAPSED STAT %CPU %MEM CMD
144214    13:29:22 Rl+  99.8  0.2 python -u experiments/run_highway_experiments.py --phase train --envs merge-v0 intersection-v0 --algos dqn --seeds 0 1 2 3 4
144377    13:29:15 Rl+  1647  0.1 python -u experiments/run_highway_experiments.py --phase train --envs merge-v0 intersection-v0 --algos ppo --seeds 0 1 2 3 4
0 %, 0 %, 635 MiB, 32607 MiB
144214, python, 626 MiB
---
[2026-03-30 16:28:24]
   PID     ELAPSED STAT %CPU %MEM CMD
144214    13:30:22 Rl+  99.8  0.2 python -u experiments/run_highway_experiments.py --phase train --envs merge-v0 intersection-v0 --algos dqn --seeds 0 1 2 3 4
144377    13:30:15 Rl+  1647  0.1 python -u experiments/run_highway_experiments.py --phase train --envs merge-v0 intersection-v0 --algos ppo --seeds 0 1 2 3 4
0 %, 0 %, 635 MiB, 32607 MiB
144214, python, 626 MiB
---
[2026-03-30 16:29:24]
   PID     ELAPSED STAT %CPU %MEM CMD
144214    13:31:22 Rl+  99.8  0.2 python -u experiments/run_highway_experiments.py --phase train --envs merge-v0 intersection-v0 --algos dqn --seeds 0 1 2 3 4
144377    13:31:15 Rl+  1647  0.1 python -u experiments/run_highway_experiments.py --phase train --envs merge-v0 intersection-v0 --algos ppo --seeds 0 1 2 3 4
0 %, 0 %, 635 MiB, 32607 MiB
144214, python, 626 MiB
---
[2026-03-30 16:30:24]
   PID     ELAPSED STAT %CPU %MEM CMD
144214    13:32:22 Rl+  99.8  0.2 python -u experiments/run_highway_experiments.py --phase train --envs merge-v0 intersection-v0 --algos dqn --seeds 0 1 2 3 4
144377    13:32:15 Rl+  1647  0.1 python -u experiments/run_highway_experiments.py --phase train --envs merge-v0 intersection-v0 --algos ppo --seeds 0 1 2 3 4
0 %, 0 %, 635 MiB, 32607 MiB
144214, python, 626 MiB
---
[2026-03-30 16:31:24]
   PID     ELAPSED STAT %CPU %MEM CMD
144214    13:33:22 Rl+  99.8  0.2 python -u experiments/run_highway_experiments.py --phase train --envs merge-v0 intersection-v0 --algos dqn --seeds 0 1 2 3 4
144377    13:33:15 Rl+  1647  0.1 python -u experiments/run_highway_experiments.py --phase train --envs merge-v0 intersection-v0 --algos ppo --seeds 0 1 2 3 4
0 %, 0 %, 635 MiB, 32607 MiB
144214, python, 626 MiB
---
[2026-03-30 16:32:25]
   PID     ELAPSED STAT %CPU %MEM CMD
144214    13:34:22 Rl+  99.8  0.2 python -u experiments/run_highway_experiments.py --phase train --envs merge-v0 intersection-v0 --algos dqn --seeds 0 1 2 3 4
144377    13:34:15 Rl+  1647  0.1 python -u experiments/run_highway_experiments.py --phase train --envs merge-v0 intersection-v0 --algos ppo --seeds 0 1 2 3 4
0 %, 0 %, 635 MiB, 32607 MiB
144214, python, 626 MiB
---
[2026-03-30 16:33:25]
   PID     ELAPSED STAT %CPU %MEM CMD
144214    13:35:23 Rl+  99.8  0.2 python -u experiments/run_highway_experiments.py --phase train --envs merge-v0 intersection-v0 --algos dqn --seeds 0 1 2 3 4
144377    13:35:16 Rl+  1647  0.1 python -u experiments/run_highway_experiments.py --phase train --envs merge-v0 intersection-v0 --algos ppo --seeds 0 1 2 3 4
0 %, 0 %, 635 MiB, 32607 MiB
144214, python, 626 MiB
---
[2026-03-30 16:34:25]
   PID     ELAPSED STAT %CPU %MEM CMD
144214    13:36:23 Rl+  99.8  0.2 python -u experiments/run_highway_experiments.py --phase train --envs merge-v0 intersection-v0 --algos dqn --seeds 0 1 2 3 4
144377    13:36:16 Rl+  1647  0.1 python -u experiments/run_highway_experiments.py --phase train --envs merge-v0 intersection-v0 --algos ppo --seeds 0 1 2 3 4
0 %, 0 %, 635 MiB, 32607 MiB
144214, python, 626 MiB
---
[2026-03-30 16:35:25]
   PID     ELAPSED STAT %CPU %MEM CMD
144214    13:37:23 Rl+  99.8  0.2 python -u experiments/run_highway_experiments.py --phase train --envs merge-v0 intersection-v0 --algos dqn --seeds 0 1 2 3 4
144377    13:37:16 Rl+  1647  0.1 python -u experiments/run_highway_experiments.py --phase train --envs merge-v0 intersection-v0 --algos ppo --seeds 0 1 2 3 4
0 %, 0 %, 635 MiB, 32607 MiB
144214, python, 626 MiB
---
[2026-03-30 16:36:25]
   PID     ELAPSED STAT %CPU %MEM CMD
144214    13:38:23 Rl+  99.8  0.2 python -u experiments/run_highway_experiments.py --phase train --envs merge-v0 intersection-v0 --algos dqn --seeds 0 1 2 3 4
144377    13:38:16 Rl+  1646  0.1 python -u experiments/run_highway_experiments.py --phase train --envs merge-v0 intersection-v0 --algos ppo --seeds 0 1 2 3 4
0 %, 0 %, 635 MiB, 32607 MiB
144214, python, 626 MiB
---
[2026-03-30 16:37:25]
   PID     ELAPSED STAT %CPU %MEM CMD
144214    13:39:23 Rl+  99.8  0.2 python -u experiments/run_highway_experiments.py --phase train --envs merge-v0 intersection-v0 --algos dqn --seeds 0 1 2 3 4
144377    13:39:16 Rl+  1646  0.1 python -u experiments/run_highway_experiments.py --phase train --envs merge-v0 intersection-v0 --algos ppo --seeds 0 1 2 3 4
0 %, 0 %, 635 MiB, 32607 MiB
144214, python, 626 MiB
---
[2026-03-30 16:38:25]
   PID     ELAPSED STAT %CPU %MEM CMD
144214    13:40:23 Rl+  99.8  0.2 python -u experiments/run_highway_experiments.py --phase train --envs merge-v0 intersection-v0 --algos dqn --seeds 0 1 2 3 4
144377    13:40:16 Rl+  1646  0.1 python -u experiments/run_highway_experiments.py --phase train --envs merge-v0 intersection-v0 --algos ppo --seeds 0 1 2 3 4
0 %, 0 %, 635 MiB, 32607 MiB
144214, python, 626 MiB
---
[2026-03-30 16:39:26]
   PID     ELAPSED STAT %CPU %MEM CMD
144214    13:41:24 Rl+  99.8  0.2 python -u experiments/run_highway_experiments.py --phase train --envs merge-v0 intersection-v0 --algos dqn --seeds 0 1 2 3 4
144377    13:41:17 Rl+  1646  0.1 python -u experiments/run_highway_experiments.py --phase train --envs merge-v0 intersection-v0 --algos ppo --seeds 0 1 2 3 4
0 %, 0 %, 635 MiB, 32607 MiB
144214, python, 626 MiB
---
[2026-03-30 16:40:26]
   PID     ELAPSED STAT %CPU %MEM CMD
144214    13:42:24 Rl+  99.8  0.2 python -u experiments/run_highway_experiments.py --phase train --envs merge-v0 intersection-v0 --algos dqn --seeds 0 1 2 3 4
144377    13:42:17 Rl+  1646  0.1 python -u experiments/run_highway_experiments.py --phase train --envs merge-v0 intersection-v0 --algos ppo --seeds 0 1 2 3 4
0 %, 0 %, 635 MiB, 32607 MiB
144214, python, 626 MiB
---
[2026-03-30 16:41:26]
   PID     ELAPSED STAT %CPU %MEM CMD
144214    13:43:24 Rl+  99.8  0.2 python -u experiments/run_highway_experiments.py --phase train --envs merge-v0 intersection-v0 --algos dqn --seeds 0 1 2 3 4
144377    13:43:17 Rl+  1646  0.1 python -u experiments/run_highway_experiments.py --phase train --envs merge-v0 intersection-v0 --algos ppo --seeds 0 1 2 3 4
0 %, 0 %, 635 MiB, 32607 MiB
144214, python, 626 MiB
---
[2026-03-30 16:42:26]
   PID     ELAPSED STAT %CPU %MEM CMD
144214    13:44:24 Rl+  99.8  0.2 python -u experiments/run_highway_experiments.py --phase train --envs merge-v0 intersection-v0 --algos dqn --seeds 0 1 2 3 4
144377    13:44:17 Rl+  1646  0.1 python -u experiments/run_highway_experiments.py --phase train --envs merge-v0 intersection-v0 --algos ppo --seeds 0 1 2 3 4
0 %, 0 %, 635 MiB, 32607 MiB
144214, python, 626 MiB
---
[2026-03-30 16:43:26]
   PID     ELAPSED STAT %CPU %MEM CMD
144214    13:45:24 Rl+  99.8  0.2 python -u experiments/run_highway_experiments.py --phase train --envs merge-v0 intersection-v0 --algos dqn --seeds 0 1 2 3 4
144377    13:45:17 Rl+  1646  0.1 python -u experiments/run_highway_experiments.py --phase train --envs merge-v0 intersection-v0 --algos ppo --seeds 0 1 2 3 4
0 %, 0 %, 635 MiB, 32607 MiB
144214, python, 626 MiB
---
[2026-03-30 16:44:27]
   PID     ELAPSED STAT %CPU %MEM CMD
144214    13:46:25 Rl+  99.8  0.2 python -u experiments/run_highway_experiments.py --phase train --envs merge-v0 intersection-v0 --algos dqn --seeds 0 1 2 3 4
144377    13:46:18 Rl+  1646  0.1 python -u experiments/run_highway_experiments.py --phase train --envs merge-v0 intersection-v0 --algos ppo --seeds 0 1 2 3 4
0 %, 0 %, 635 MiB, 32607 MiB
144214, python, 626 MiB
---
[2026-03-30 16:45:27]
   PID     ELAPSED STAT %CPU %MEM CMD
144214    13:47:25 Rl+  99.8  0.2 python -u experiments/run_highway_experiments.py --phase train --envs merge-v0 intersection-v0 --algos dqn --seeds 0 1 2 3 4
144377    13:47:18 Rl+  1646  0.1 python -u experiments/run_highway_experiments.py --phase train --envs merge-v0 intersection-v0 --algos ppo --seeds 0 1 2 3 4
0 %, 0 %, 635 MiB, 32607 MiB
144214, python, 626 MiB
---
[2026-03-30 16:46:27]
   PID     ELAPSED STAT %CPU %MEM CMD
144214    13:48:25 Rl+  99.8  0.2 python -u experiments/run_highway_experiments.py --phase train --envs merge-v0 intersection-v0 --algos dqn --seeds 0 1 2 3 4
144377    13:48:18 Rl+  1646  0.1 python -u experiments/run_highway_experiments.py --phase train --envs merge-v0 intersection-v0 --algos ppo --seeds 0 1 2 3 4
0 %, 0 %, 635 MiB, 32607 MiB
144214, python, 626 MiB
---
[2026-03-30 16:47:27]
   PID     ELAPSED STAT %CPU %MEM CMD
144214    13:49:25 Rl+  99.8  0.2 python -u experiments/run_highway_experiments.py --phase train --envs merge-v0 intersection-v0 --algos dqn --seeds 0 1 2 3 4
144377    13:49:18 Rl+  1646  0.1 python -u experiments/run_highway_experiments.py --phase train --envs merge-v0 intersection-v0 --algos ppo --seeds 0 1 2 3 4
0 %, 0 %, 635 MiB, 32607 MiB
144214, python, 626 MiB
---
[2026-03-30 16:48:27]
   PID     ELAPSED STAT %CPU %MEM CMD
144214    13:50:25 Rl+  99.8  0.2 python -u experiments/run_highway_experiments.py --phase train --envs merge-v0 intersection-v0 --algos dqn --seeds 0 1 2 3 4
144377    13:50:18 Rl+  1646  0.1 python -u experiments/run_highway_experiments.py --phase train --envs merge-v0 intersection-v0 --algos ppo --seeds 0 1 2 3 4
0 %, 0 %, 635 MiB, 32607 MiB
144214, python, 626 MiB
---
[2026-03-30 16:49:27]
   PID     ELAPSED STAT %CPU %MEM CMD
144214    13:51:25 Rl+  99.8  0.2 python -u experiments/run_highway_experiments.py --phase train --envs merge-v0 intersection-v0 --algos dqn --seeds 0 1 2 3 4
144377    13:51:18 Rl+  1646  0.1 python -u experiments/run_highway_experiments.py --phase train --envs merge-v0 intersection-v0 --algos ppo --seeds 0 1 2 3 4
0 %, 0 %, 635 MiB, 32607 MiB
144214, python, 626 MiB
---
[2026-03-30 16:50:28]
   PID     ELAPSED STAT %CPU %MEM CMD
144214    13:52:25 Rl+  99.8  0.2 python -u experiments/run_highway_experiments.py --phase train --envs merge-v0 intersection-v0 --algos dqn --seeds 0 1 2 3 4
144377    13:52:18 Rl+  1646  0.1 python -u experiments/run_highway_experiments.py --phase train --envs merge-v0 intersection-v0 --algos ppo --seeds 0 1 2 3 4
0 %, 0 %, 635 MiB, 32607 MiB
144214, python, 626 MiB
---
[2026-03-30 16:51:28]
   PID     ELAPSED STAT %CPU %MEM CMD
144214    13:53:26 Rl+  99.8  0.2 python -u experiments/run_highway_experiments.py --phase train --envs merge-v0 intersection-v0 --algos dqn --seeds 0 1 2 3 4
144377    13:53:19 Rl+  1646  0.1 python -u experiments/run_highway_experiments.py --phase train --envs merge-v0 intersection-v0 --algos ppo --seeds 0 1 2 3 4
0 %, 0 %, 635 MiB, 32607 MiB
144214, python, 626 MiB
---
[2026-03-30 16:52:28]
   PID     ELAPSED STAT %CPU %MEM CMD
144214    13:54:26 Rl+  99.8  0.2 python -u experiments/run_highway_experiments.py --phase train --envs merge-v0 intersection-v0 --algos dqn --seeds 0 1 2 3 4
144377    13:54:19 Rl+  1646  0.1 python -u experiments/run_highway_experiments.py --phase train --envs merge-v0 intersection-v0 --algos ppo --seeds 0 1 2 3 4
0 %, 0 %, 635 MiB, 32607 MiB
144214, python, 626 MiB
---
[2026-03-30 16:53:28]
   PID     ELAPSED STAT %CPU %MEM CMD
144214    13:55:26 Rl+  99.8  0.2 python -u experiments/run_highway_experiments.py --phase train --envs merge-v0 intersection-v0 --algos dqn --seeds 0 1 2 3 4
144377    13:55:19 Rl+  1646  0.1 python -u experiments/run_highway_experiments.py --phase train --envs merge-v0 intersection-v0 --algos ppo --seeds 0 1 2 3 4
0 %, 0 %, 635 MiB, 32607 MiB
144214, python, 626 MiB
---
[2026-03-30 16:54:28]
   PID     ELAPSED STAT %CPU %MEM CMD
144214    13:56:26 Rl+  99.8  0.2 python -u experiments/run_highway_experiments.py --phase train --envs merge-v0 intersection-v0 --algos dqn --seeds 0 1 2 3 4
144377    13:56:19 Rl+  1646  0.1 python -u experiments/run_highway_experiments.py --phase train --envs merge-v0 intersection-v0 --algos ppo --seeds 0 1 2 3 4
0 %, 0 %, 635 MiB, 32607 MiB
144214, python, 626 MiB
---
[2026-03-30 16:55:28]
   PID     ELAPSED STAT %CPU %MEM CMD
144214    13:57:26 Rl+  99.8  0.2 python -u experiments/run_highway_experiments.py --phase train --envs merge-v0 intersection-v0 --algos dqn --seeds 0 1 2 3 4
144377    13:57:19 Rl+  1646  0.1 python -u experiments/run_highway_experiments.py --phase train --envs merge-v0 intersection-v0 --algos ppo --seeds 0 1 2 3 4
0 %, 0 %, 635 MiB, 32607 MiB
144214, python, 626 MiB
---
[2026-03-30 16:56:29]
   PID     ELAPSED STAT %CPU %MEM CMD
144214    13:58:27 Rl+  99.8  0.2 python -u experiments/run_highway_experiments.py --phase train --envs merge-v0 intersection-v0 --algos dqn --seeds 0 1 2 3 4
144377    13:58:20 Rl+  1646  0.1 python -u experiments/run_highway_experiments.py --phase train --envs merge-v0 intersection-v0 --algos ppo --seeds 0 1 2 3 4
0 %, 0 %, 635 MiB, 32607 MiB
144214, python, 626 MiB
---
[2026-03-30 16:57:29]
   PID     ELAPSED STAT %CPU %MEM CMD
144214    13:59:27 Rl+  99.8  0.2 python -u experiments/run_highway_experiments.py --phase train --envs merge-v0 intersection-v0 --algos dqn --seeds 0 1 2 3 4
144377    13:59:20 Rl+  1646  0.1 python -u experiments/run_highway_experiments.py --phase train --envs merge-v0 intersection-v0 --algos ppo --seeds 0 1 2 3 4
0 %, 0 %, 635 MiB, 32607 MiB
144214, python, 626 MiB
---
[2026-03-30 16:58:29]
   PID     ELAPSED STAT %CPU %MEM CMD
144214    14:00:27 Rl+  99.8  0.2 python -u experiments/run_highway_experiments.py --phase train --envs merge-v0 intersection-v0 --algos dqn --seeds 0 1 2 3 4
144377    14:00:20 Rl+  1646  0.1 python -u experiments/run_highway_experiments.py --phase train --envs merge-v0 intersection-v0 --algos ppo --seeds 0 1 2 3 4
0 %, 0 %, 635 MiB, 32607 MiB
144214, python, 626 MiB
---
[2026-03-30 16:59:29]
   PID     ELAPSED STAT %CPU %MEM CMD
144214    14:01:27 Rl+  99.8  0.2 python -u experiments/run_highway_experiments.py --phase train --envs merge-v0 intersection-v0 --algos dqn --seeds 0 1 2 3 4
144377    14:01:20 Rl+  1646  0.1 python -u experiments/run_highway_experiments.py --phase train --envs merge-v0 intersection-v0 --algos ppo --seeds 0 1 2 3 4
0 %, 0 %, 635 MiB, 32607 MiB
144214, python, 626 MiB
---
[2026-03-30 17:00:29]
   PID     ELAPSED STAT %CPU %MEM CMD
144214    14:02:27 Rl+  99.8  0.2 python -u experiments/run_highway_experiments.py --phase train --envs merge-v0 intersection-v0 --algos dqn --seeds 0 1 2 3 4
144377    14:02:20 Rl+  1646  0.1 python -u experiments/run_highway_experiments.py --phase train --envs merge-v0 intersection-v0 --algos ppo --seeds 0 1 2 3 4
0 %, 0 %, 635 MiB, 32607 MiB
144214, python, 626 MiB
---
[2026-03-30 17:01:30]
   PID     ELAPSED STAT %CPU %MEM CMD
144214    14:03:28 Rl+  99.8  0.2 python -u experiments/run_highway_experiments.py --phase train --envs merge-v0 intersection-v0 --algos dqn --seeds 0 1 2 3 4
144377    14:03:21 Rl+  1645  0.1 python -u experiments/run_highway_experiments.py --phase train --envs merge-v0 intersection-v0 --algos ppo --seeds 0 1 2 3 4
0 %, 0 %, 635 MiB, 32607 MiB
144214, python, 626 MiB
---
[2026-03-30 17:02:30]
   PID     ELAPSED STAT %CPU %MEM CMD
144214    14:04:28 Rl+  99.8  0.2 python -u experiments/run_highway_experiments.py --phase train --envs merge-v0 intersection-v0 --algos dqn --seeds 0 1 2 3 4
144377    14:04:21 Rl+  1645  0.1 python -u experiments/run_highway_experiments.py --phase train --envs merge-v0 intersection-v0 --algos ppo --seeds 0 1 2 3 4
0 %, 0 %, 635 MiB, 32607 MiB
144214, python, 626 MiB
---
[2026-03-30 17:03:30]
   PID     ELAPSED STAT %CPU %MEM CMD
144214    14:05:28 Rl+  99.8  0.2 python -u experiments/run_highway_experiments.py --phase train --envs merge-v0 intersection-v0 --algos dqn --seeds 0 1 2 3 4
144377    14:05:21 Rl+  1645  0.1 python -u experiments/run_highway_experiments.py --phase train --envs merge-v0 intersection-v0 --algos ppo --seeds 0 1 2 3 4
0 %, 0 %, 635 MiB, 32607 MiB
144214, python, 626 MiB
---
[2026-03-30 17:04:30]
   PID     ELAPSED STAT %CPU %MEM CMD
144214    14:06:28 Rl+  99.8  0.2 python -u experiments/run_highway_experiments.py --phase train --envs merge-v0 intersection-v0 --algos dqn --seeds 0 1 2 3 4
144377    14:06:21 Rl+  1645  0.1 python -u experiments/run_highway_experiments.py --phase train --envs merge-v0 intersection-v0 --algos ppo --seeds 0 1 2 3 4
0 %, 0 %, 635 MiB, 32607 MiB
144214, python, 626 MiB
---
[2026-03-30 17:05:30]
   PID     ELAPSED STAT %CPU %MEM CMD
144214    14:07:28 Rl+  99.8  0.2 python -u experiments/run_highway_experiments.py --phase train --envs merge-v0 intersection-v0 --algos dqn --seeds 0 1 2 3 4
144377    14:07:21 Rl+  1645  0.1 python -u experiments/run_highway_experiments.py --phase train --envs merge-v0 intersection-v0 --algos ppo --seeds 0 1 2 3 4
0 %, 0 %, 635 MiB, 32607 MiB
144214, python, 626 MiB
---
[2026-03-30 17:06:30]
   PID     ELAPSED STAT %CPU %MEM CMD
144214    14:08:28 Rl+  99.8  0.2 python -u experiments/run_highway_experiments.py --phase train --envs merge-v0 intersection-v0 --algos dqn --seeds 0 1 2 3 4
144377    14:08:21 Rl+  1645  0.1 python -u experiments/run_highway_experiments.py --phase train --envs merge-v0 intersection-v0 --algos ppo --seeds 0 1 2 3 4
0 %, 0 %, 635 MiB, 32607 MiB
144214, python, 626 MiB
---
[2026-03-30 17:07:31]
   PID     ELAPSED STAT %CPU %MEM CMD
144214    14:09:29 Rl+  99.8  0.2 python -u experiments/run_highway_experiments.py --phase train --envs merge-v0 intersection-v0 --algos dqn --seeds 0 1 2 3 4
144377    14:09:22 Rl+  1645  0.1 python -u experiments/run_highway_experiments.py --phase train --envs merge-v0 intersection-v0 --algos ppo --seeds 0 1 2 3 4
0 %, 0 %, 635 MiB, 32607 MiB
144214, python, 626 MiB
---
[2026-03-30 17:08:31]
   PID     ELAPSED STAT %CPU %MEM CMD
144214    14:10:29 Rl+  99.8  0.2 python -u experiments/run_highway_experiments.py --phase train --envs merge-v0 intersection-v0 --algos dqn --seeds 0 1 2 3 4
144377    14:10:22 Rl+  1645  0.1 python -u experiments/run_highway_experiments.py --phase train --envs merge-v0 intersection-v0 --algos ppo --seeds 0 1 2 3 4
0 %, 0 %, 635 MiB, 32607 MiB
144214, python, 626 MiB
---
[2026-03-30 17:09:31]
   PID     ELAPSED STAT %CPU %MEM CMD
144214    14:11:29 Rl+  99.8  0.2 python -u experiments/run_highway_experiments.py --phase train --envs merge-v0 intersection-v0 --algos dqn --seeds 0 1 2 3 4
144377    14:11:22 Rl+  1645  0.1 python -u experiments/run_highway_experiments.py --phase train --envs merge-v0 intersection-v0 --algos ppo --seeds 0 1 2 3 4
0 %, 0 %, 635 MiB, 32607 MiB
144214, python, 626 MiB
---
[2026-03-30 17:10:31]
   PID     ELAPSED STAT %CPU %MEM CMD
144214    14:12:29 Rl+  99.8  0.2 python -u experiments/run_highway_experiments.py --phase train --envs merge-v0 intersection-v0 --algos dqn --seeds 0 1 2 3 4
144377    14:12:22 Rl+  1645  0.1 python -u experiments/run_highway_experiments.py --phase train --envs merge-v0 intersection-v0 --algos ppo --seeds 0 1 2 3 4
0 %, 0 %, 635 MiB, 32607 MiB
144214, python, 626 MiB
---
[2026-03-30 17:11:31]
   PID     ELAPSED STAT %CPU %MEM CMD
144214    14:13:29 Rl+  99.8  0.2 python -u experiments/run_highway_experiments.py --phase train --envs merge-v0 intersection-v0 --algos dqn --seeds 0 1 2 3 4
144377    14:13:22 Rl+  1645  0.1 python -u experiments/run_highway_experiments.py --phase train --envs merge-v0 intersection-v0 --algos ppo --seeds 0 1 2 3 4
0 %, 0 %, 635 MiB, 32607 MiB
144214, python, 626 MiB
---
[2026-03-30 17:12:32]
   PID     ELAPSED STAT %CPU %MEM CMD
144214    14:14:29 Rl+  99.8  0.2 python -u experiments/run_highway_experiments.py --phase train --envs merge-v0 intersection-v0 --algos dqn --seeds 0 1 2 3 4
144377    14:14:22 Rl+  1645  0.1 python -u experiments/run_highway_experiments.py --phase train --envs merge-v0 intersection-v0 --algos ppo --seeds 0 1 2 3 4
0 %, 0 %, 635 MiB, 32607 MiB
144214, python, 626 MiB
---
[2026-03-30 17:13:32]
   PID     ELAPSED STAT %CPU %MEM CMD
144214    14:15:30 Rl+  99.8  0.2 python -u experiments/run_highway_experiments.py --phase train --envs merge-v0 intersection-v0 --algos dqn --seeds 0 1 2 3 4
144377    14:15:23 Rl+  1645  0.1 python -u experiments/run_highway_experiments.py --phase train --envs merge-v0 intersection-v0 --algos ppo --seeds 0 1 2 3 4
0 %, 0 %, 635 MiB, 32607 MiB
144214, python, 626 MiB
---
[2026-03-30 17:14:32]
   PID     ELAPSED STAT %CPU %MEM CMD
144214    14:16:30 Rl+  99.8  0.2 python -u experiments/run_highway_experiments.py --phase train --envs merge-v0 intersection-v0 --algos dqn --seeds 0 1 2 3 4
144377    14:16:23 Rl+  1645  0.1 python -u experiments/run_highway_experiments.py --phase train --envs merge-v0 intersection-v0 --algos ppo --seeds 0 1 2 3 4
0 %, 0 %, 635 MiB, 32607 MiB
144214, python, 626 MiB
---
[2026-03-30 17:15:32]
   PID     ELAPSED STAT %CPU %MEM CMD
144214    14:17:30 Rl+  99.8  0.2 python -u experiments/run_highway_experiments.py --phase train --envs merge-v0 intersection-v0 --algos dqn --seeds 0 1 2 3 4
144377    14:17:23 Rl+  1645  0.1 python -u experiments/run_highway_experiments.py --phase train --envs merge-v0 intersection-v0 --algos ppo --seeds 0 1 2 3 4
0 %, 0 %, 635 MiB, 32607 MiB
144214, python, 626 MiB
---
[2026-03-30 17:16:32]
   PID     ELAPSED STAT %CPU %MEM CMD
144214    14:18:30 Rl+  99.8  0.2 python -u experiments/run_highway_experiments.py --phase train --envs merge-v0 intersection-v0 --algos dqn --seeds 0 1 2 3 4
144377    14:18:23 Rl+  1645  0.1 python -u experiments/run_highway_experiments.py --phase train --envs merge-v0 intersection-v0 --algos ppo --seeds 0 1 2 3 4
0 %, 0 %, 635 MiB, 32607 MiB
144214, python, 626 MiB
---
[2026-03-30 17:17:32]
   PID     ELAPSED STAT %CPU %MEM CMD
144214    14:19:30 Rl+  99.8  0.2 python -u experiments/run_highway_experiments.py --phase train --envs merge-v0 intersection-v0 --algos dqn --seeds 0 1 2 3 4
144377    14:19:23 Rl+  1645  0.1 python -u experiments/run_highway_experiments.py --phase train --envs merge-v0 intersection-v0 --algos ppo --seeds 0 1 2 3 4
0 %, 0 %, 635 MiB, 32607 MiB
144214, python, 626 MiB
---
[2026-03-30 17:18:33]
   PID     ELAPSED STAT %CPU %MEM CMD
144214    14:20:31 Rl+  99.8  0.2 python -u experiments/run_highway_experiments.py --phase train --envs merge-v0 intersection-v0 --algos dqn --seeds 0 1 2 3 4
144377    14:20:24 Rl+  1645  0.1 python -u experiments/run_highway_experiments.py --phase train --envs merge-v0 intersection-v0 --algos ppo --seeds 0 1 2 3 4
0 %, 0 %, 635 MiB, 32607 MiB
144214, python, 626 MiB
---
[2026-03-30 17:19:33]
   PID     ELAPSED STAT %CPU %MEM CMD
144214    14:21:31 Rl+  99.8  0.2 python -u experiments/run_highway_experiments.py --phase train --envs merge-v0 intersection-v0 --algos dqn --seeds 0 1 2 3 4
144377    14:21:24 Rl+  1645  0.1 python -u experiments/run_highway_experiments.py --phase train --envs merge-v0 intersection-v0 --algos ppo --seeds 0 1 2 3 4
0 %, 0 %, 635 MiB, 32607 MiB
144214, python, 626 MiB
---
[2026-03-30 17:20:33]
   PID     ELAPSED STAT %CPU %MEM CMD
144214    14:22:31 Rl+  99.8  0.2 python -u experiments/run_highway_experiments.py --phase train --envs merge-v0 intersection-v0 --algos dqn --seeds 0 1 2 3 4
144377    14:22:24 Rl+  1645  0.1 python -u experiments/run_highway_experiments.py --phase train --envs merge-v0 intersection-v0 --algos ppo --seeds 0 1 2 3 4
0 %, 0 %, 635 MiB, 32607 MiB
144214, python, 626 MiB
---
[2026-03-30 17:21:33]
   PID     ELAPSED STAT %CPU %MEM CMD
144214    14:23:31 Rl+  99.8  0.2 python -u experiments/run_highway_experiments.py --phase train --envs merge-v0 intersection-v0 --algos dqn --seeds 0 1 2 3 4
144377    14:23:24 Rl+  1645  0.1 python -u experiments/run_highway_experiments.py --phase train --envs merge-v0 intersection-v0 --algos ppo --seeds 0 1 2 3 4
0 %, 0 %, 635 MiB, 32607 MiB
144214, python, 626 MiB
---
[2026-03-30 17:22:33]
   PID     ELAPSED STAT %CPU %MEM CMD
144214    14:24:31 Rl+  99.8  0.2 python -u experiments/run_highway_experiments.py --phase train --envs merge-v0 intersection-v0 --algos dqn --seeds 0 1 2 3 4
144377    14:24:24 Rl+  1645  0.1 python -u experiments/run_highway_experiments.py --phase train --envs merge-v0 intersection-v0 --algos ppo --seeds 0 1 2 3 4
0 %, 0 %, 635 MiB, 32607 MiB
144214, python, 626 MiB
---
[2026-03-30 17:23:34]
   PID     ELAPSED STAT %CPU %MEM CMD
144214    14:25:31 Rl+  99.8  0.2 python -u experiments/run_highway_experiments.py --phase train --envs merge-v0 intersection-v0 --algos dqn --seeds 0 1 2 3 4
144377    14:25:24 Rl+  1645  0.1 python -u experiments/run_highway_experiments.py --phase train --envs merge-v0 intersection-v0 --algos ppo --seeds 0 1 2 3 4
0 %, 0 %, 635 MiB, 32607 MiB
144214, python, 626 MiB
---
[2026-03-30 17:24:34]
   PID     ELAPSED STAT %CPU %MEM CMD
144214    14:26:32 Rl+  99.8  0.2 python -u experiments/run_highway_experiments.py --phase train --envs merge-v0 intersection-v0 --algos dqn --seeds 0 1 2 3 4
144377    14:26:25 Rl+  1645  0.1 python -u experiments/run_highway_experiments.py --phase train --envs merge-v0 intersection-v0 --algos ppo --seeds 0 1 2 3 4
0 %, 0 %, 635 MiB, 32607 MiB
144214, python, 626 MiB
---
[2026-03-30 17:25:34]
   PID     ELAPSED STAT %CPU %MEM CMD
144214    14:27:32 Rl+  99.8  0.2 python -u experiments/run_highway_experiments.py --phase train --envs merge-v0 intersection-v0 --algos dqn --seeds 0 1 2 3 4
144377    14:27:25 Rl+  1645  0.1 python -u experiments/run_highway_experiments.py --phase train --envs merge-v0 intersection-v0 --algos ppo --seeds 0 1 2 3 4
0 %, 0 %, 635 MiB, 32607 MiB
144214, python, 626 MiB
---
[2026-03-30 17:26:34]
   PID     ELAPSED STAT %CPU %MEM CMD
144214    14:28:32 Rl+  99.8  0.2 python -u experiments/run_highway_experiments.py --phase train --envs merge-v0 intersection-v0 --algos dqn --seeds 0 1 2 3 4
144377    14:28:25 Rl+  1645  0.1 python -u experiments/run_highway_experiments.py --phase train --envs merge-v0 intersection-v0 --algos ppo --seeds 0 1 2 3 4
0 %, 0 %, 635 MiB, 32607 MiB
144214, python, 626 MiB
---
[2026-03-30 17:27:34]
   PID     ELAPSED STAT %CPU %MEM CMD
144214    14:29:32 Rl+  99.8  0.2 python -u experiments/run_highway_experiments.py --phase train --envs merge-v0 intersection-v0 --algos dqn --seeds 0 1 2 3 4
144377    14:29:25 Rl+  1645  0.1 python -u experiments/run_highway_experiments.py --phase train --envs merge-v0 intersection-v0 --algos ppo --seeds 0 1 2 3 4
0 %, 0 %, 635 MiB, 32607 MiB
144214, python, 626 MiB
---
[2026-03-30 17:28:34]
   PID     ELAPSED STAT %CPU %MEM CMD
144214    14:30:32 Rl+  99.8  0.2 python -u experiments/run_highway_experiments.py --phase train --envs merge-v0 intersection-v0 --algos dqn --seeds 0 1 2 3 4
144377    14:30:25 Rl+  1644  0.1 python -u experiments/run_highway_experiments.py --phase train --envs merge-v0 intersection-v0 --algos ppo --seeds 0 1 2 3 4
0 %, 0 %, 635 MiB, 32607 MiB
144214, python, 626 MiB
---
[2026-03-30 17:29:35]
   PID     ELAPSED STAT %CPU %MEM CMD
144214    14:31:32 Rl+  99.8  0.2 python -u experiments/run_highway_experiments.py --phase train --envs merge-v0 intersection-v0 --algos dqn --seeds 0 1 2 3 4
144377    14:31:25 Rl+  1644  0.1 python -u experiments/run_highway_experiments.py --phase train --envs merge-v0 intersection-v0 --algos ppo --seeds 0 1 2 3 4
0 %, 0 %, 635 MiB, 32607 MiB
144214, python, 626 MiB
---
[2026-03-30 17:30:35]
   PID     ELAPSED STAT %CPU %MEM CMD
144214    14:32:33 Rl+  99.8  0.2 python -u experiments/run_highway_experiments.py --phase train --envs merge-v0 intersection-v0 --algos dqn --seeds 0 1 2 3 4
144377    14:32:26 Sl+  1644  0.1 python -u experiments/run_highway_experiments.py --phase train --envs merge-v0 intersection-v0 --algos ppo --seeds 0 1 2 3 4
0 %, 0 %, 635 MiB, 32607 MiB
144214, python, 626 MiB
---
[2026-03-30 17:31:35]
   PID     ELAPSED STAT %CPU %MEM CMD
144214    14:33:33 Rl+  99.8  0.2 python -u experiments/run_highway_experiments.py --phase train --envs merge-v0 intersection-v0 --algos dqn --seeds 0 1 2 3 4
144377    14:33:26 Rl+  1644  0.1 python -u experiments/run_highway_experiments.py --phase train --envs merge-v0 intersection-v0 --algos ppo --seeds 0 1 2 3 4
0 %, 0 %, 635 MiB, 32607 MiB
144214, python, 626 MiB
---
[2026-03-30 17:32:35]
   PID     ELAPSED STAT %CPU %MEM CMD
144214    14:34:33 Rl+  99.8  0.2 python -u experiments/run_highway_experiments.py --phase train --envs merge-v0 intersection-v0 --algos dqn --seeds 0 1 2 3 4
144377    14:34:26 Rl+  1644  0.1 python -u experiments/run_highway_experiments.py --phase train --envs merge-v0 intersection-v0 --algos ppo --seeds 0 1 2 3 4
0 %, 0 %, 635 MiB, 32607 MiB
144214, python, 626 MiB
---
[2026-03-30 17:33:35]
   PID     ELAPSED STAT %CPU %MEM CMD
144214    14:35:33 Rl+  99.8  0.2 python -u experiments/run_highway_experiments.py --phase train --envs merge-v0 intersection-v0 --algos dqn --seeds 0 1 2 3 4
144377    14:35:26 Rl+  1644  0.1 python -u experiments/run_highway_experiments.py --phase train --envs merge-v0 intersection-v0 --algos ppo --seeds 0 1 2 3 4
0 %, 0 %, 635 MiB, 32607 MiB
144214, python, 626 MiB
---
[2026-03-30 17:34:35]
   PID     ELAPSED STAT %CPU %MEM CMD
144214    14:36:33 Rl+  99.8  0.2 python -u experiments/run_highway_experiments.py --phase train --envs merge-v0 intersection-v0 --algos dqn --seeds 0 1 2 3 4
144377    14:36:26 Rl+  1644  0.1 python -u experiments/run_highway_experiments.py --phase train --envs merge-v0 intersection-v0 --algos ppo --seeds 0 1 2 3 4
0 %, 0 %, 635 MiB, 32607 MiB
144214, python, 626 MiB
---
[2026-03-30 17:35:36]
   PID     ELAPSED STAT %CPU %MEM CMD
144214    14:37:34 Rl+  99.8  0.2 python -u experiments/run_highway_experiments.py --phase train --envs merge-v0 intersection-v0 --algos dqn --seeds 0 1 2 3 4
144377    14:37:27 Rl+  1644  0.1 python -u experiments/run_highway_experiments.py --phase train --envs merge-v0 intersection-v0 --algos ppo --seeds 0 1 2 3 4
0 %, 0 %, 635 MiB, 32607 MiB
144214, python, 626 MiB
---
[2026-03-30 17:36:36]
   PID     ELAPSED STAT %CPU %MEM CMD
144214    14:38:34 Rl+  99.8  0.2 python -u experiments/run_highway_experiments.py --phase train --envs merge-v0 intersection-v0 --algos dqn --seeds 0 1 2 3 4
144377    14:38:27 Rl+  1644  0.1 python -u experiments/run_highway_experiments.py --phase train --envs merge-v0 intersection-v0 --algos ppo --seeds 0 1 2 3 4
0 %, 0 %, 635 MiB, 32607 MiB
144214, python, 626 MiB
---
[2026-03-30 17:37:36]
   PID     ELAPSED STAT %CPU %MEM CMD
144214    14:39:34 Rl+  99.8  0.2 python -u experiments/run_highway_experiments.py --phase train --envs merge-v0 intersection-v0 --algos dqn --seeds 0 1 2 3 4
144377    14:39:27 Rl+  1644  0.1 python -u experiments/run_highway_experiments.py --phase train --envs merge-v0 intersection-v0 --algos ppo --seeds 0 1 2 3 4
0 %, 0 %, 635 MiB, 32607 MiB
144214, python, 626 MiB
---
[2026-03-30 17:38:36]
   PID     ELAPSED STAT %CPU %MEM CMD
144214    14:40:34 Rl+  99.8  0.2 python -u experiments/run_highway_experiments.py --phase train --envs merge-v0 intersection-v0 --algos dqn --seeds 0 1 2 3 4
144377    14:40:27 Rl+  1644  0.1 python -u experiments/run_highway_experiments.py --phase train --envs merge-v0 intersection-v0 --algos ppo --seeds 0 1 2 3 4
0 %, 0 %, 635 MiB, 32607 MiB
144214, python, 626 MiB
---
[2026-03-30 17:39:36]
   PID     ELAPSED STAT %CPU %MEM CMD
144214    14:41:34 Rl+  99.8  0.2 python -u experiments/run_highway_experiments.py --phase train --envs merge-v0 intersection-v0 --algos dqn --seeds 0 1 2 3 4
144377    14:41:27 Rl+  1644  0.1 python -u experiments/run_highway_experiments.py --phase train --envs merge-v0 intersection-v0 --algos ppo --seeds 0 1 2 3 4
0 %, 0 %, 635 MiB, 32607 MiB
144214, python, 626 MiB
---
[2026-03-30 17:40:37]
   PID     ELAPSED STAT %CPU %MEM CMD
144214    14:42:34 Rl+  99.8  0.2 python -u experiments/run_highway_experiments.py --phase train --envs merge-v0 intersection-v0 --algos dqn --seeds 0 1 2 3 4
144377    14:42:27 Rl+  1644  0.1 python -u experiments/run_highway_experiments.py --phase train --envs merge-v0 intersection-v0 --algos ppo --seeds 0 1 2 3 4
1 %, 0 %, 635 MiB, 32607 MiB
144214, python, 626 MiB
---
[2026-03-30 17:41:37]
   PID     ELAPSED STAT %CPU %MEM CMD
144214    14:43:35 Rl+  99.8  0.2 python -u experiments/run_highway_experiments.py --phase train --envs merge-v0 intersection-v0 --algos dqn --seeds 0 1 2 3 4
144377    14:43:28 Rl+  1644  0.1 python -u experiments/run_highway_experiments.py --phase train --envs merge-v0 intersection-v0 --algos ppo --seeds 0 1 2 3 4
0 %, 0 %, 635 MiB, 32607 MiB
144214, python, 626 MiB
---
[2026-03-30 17:42:37]
   PID     ELAPSED STAT %CPU %MEM CMD
144214    14:44:35 Rl+  99.8  0.2 python -u experiments/run_highway_experiments.py --phase train --envs merge-v0 intersection-v0 --algos dqn --seeds 0 1 2 3 4
144377    14:44:28 Rl+  1644  0.1 python -u experiments/run_highway_experiments.py --phase train --envs merge-v0 intersection-v0 --algos ppo --seeds 0 1 2 3 4
0 %, 0 %, 635 MiB, 32607 MiB
144214, python, 626 MiB
---
[2026-03-30 17:43:37]
   PID     ELAPSED STAT %CPU %MEM CMD
144214    14:45:35 Rl+  99.8  0.2 python -u experiments/run_highway_experiments.py --phase train --envs merge-v0 intersection-v0 --algos dqn --seeds 0 1 2 3 4
144377    14:45:28 Rl+  1644  0.1 python -u experiments/run_highway_experiments.py --phase train --envs merge-v0 intersection-v0 --algos ppo --seeds 0 1 2 3 4
0 %, 0 %, 635 MiB, 32607 MiB
144214, python, 626 MiB
---
[2026-03-30 17:44:37]
   PID     ELAPSED STAT %CPU %MEM CMD
144214    14:46:35 Rl+  99.8  0.2 python -u experiments/run_highway_experiments.py --phase train --envs merge-v0 intersection-v0 --algos dqn --seeds 0 1 2 3 4
144377    14:46:28 Rl+  1644  0.1 python -u experiments/run_highway_experiments.py --phase train --envs merge-v0 intersection-v0 --algos ppo --seeds 0 1 2 3 4
0 %, 0 %, 635 MiB, 32607 MiB
144214, python, 626 MiB
---
[2026-03-30 17:45:37]
   PID     ELAPSED STAT %CPU %MEM CMD
144214    14:47:35 Rl+  99.8  0.2 python -u experiments/run_highway_experiments.py --phase train --envs merge-v0 intersection-v0 --algos dqn --seeds 0 1 2 3 4
144377    14:47:28 Rl+  1644  0.1 python -u experiments/run_highway_experiments.py --phase train --envs merge-v0 intersection-v0 --algos ppo --seeds 0 1 2 3 4
0 %, 0 %, 635 MiB, 32607 MiB
144214, python, 626 MiB
---
[2026-03-30 17:46:38]
   PID     ELAPSED STAT %CPU %MEM CMD
144214    14:48:36 Rl+  99.8  0.2 python -u experiments/run_highway_experiments.py --phase train --envs merge-v0 intersection-v0 --algos dqn --seeds 0 1 2 3 4
144377    14:48:29 Rl+  1644  0.1 python -u experiments/run_highway_experiments.py --phase train --envs merge-v0 intersection-v0 --algos ppo --seeds 0 1 2 3 4
0 %, 0 %, 635 MiB, 32607 MiB
144214, python, 626 MiB
---
[2026-03-30 17:47:38]
   PID     ELAPSED STAT %CPU %MEM CMD
144214    14:49:36 Rl+  99.8  0.2 python -u experiments/run_highway_experiments.py --phase train --envs merge-v0 intersection-v0 --algos dqn --seeds 0 1 2 3 4
144377    14:49:29 Rl+  1644  0.1 python -u experiments/run_highway_experiments.py --phase train --envs merge-v0 intersection-v0 --algos ppo --seeds 0 1 2 3 4
0 %, 0 %, 635 MiB, 32607 MiB
144214, python, 626 MiB
---
[2026-03-30 17:48:38]
   PID     ELAPSED STAT %CPU %MEM CMD
144214    14:50:36 Rl+  99.8  0.2 python -u experiments/run_highway_experiments.py --phase train --envs merge-v0 intersection-v0 --algos dqn --seeds 0 1 2 3 4
144377    14:50:29 Rl+  1644  0.1 python -u experiments/run_highway_experiments.py --phase train --envs merge-v0 intersection-v0 --algos ppo --seeds 0 1 2 3 4
0 %, 0 %, 635 MiB, 32607 MiB
144214, python, 626 MiB
---
[2026-03-30 17:49:38]
   PID     ELAPSED STAT %CPU %MEM CMD
144214    14:51:36 Rl+  99.8  0.2 python -u experiments/run_highway_experiments.py --phase train --envs merge-v0 intersection-v0 --algos dqn --seeds 0 1 2 3 4
144377    14:51:29 Rl+  1644  0.1 python -u experiments/run_highway_experiments.py --phase train --envs merge-v0 intersection-v0 --algos ppo --seeds 0 1 2 3 4
0 %, 0 %, 635 MiB, 32607 MiB
144214, python, 626 MiB
---
[2026-03-30 17:50:38]
   PID     ELAPSED STAT %CPU %MEM CMD
144214    14:52:36 Rl+  99.8  0.2 python -u experiments/run_highway_experiments.py --phase train --envs merge-v0 intersection-v0 --algos dqn --seeds 0 1 2 3 4
144377    14:52:29 Rl+  1644  0.1 python -u experiments/run_highway_experiments.py --phase train --envs merge-v0 intersection-v0 --algos ppo --seeds 0 1 2 3 4
0 %, 0 %, 635 MiB, 32607 MiB
144214, python, 626 MiB
---
[2026-03-30 17:51:39]
   PID     ELAPSED STAT %CPU %MEM CMD
144214    14:53:36 Rl+  99.8  0.2 python -u experiments/run_highway_experiments.py --phase train --envs merge-v0 intersection-v0 --algos dqn --seeds 0 1 2 3 4
144377    14:53:29 Rl+  1644  0.1 python -u experiments/run_highway_experiments.py --phase train --envs merge-v0 intersection-v0 --algos ppo --seeds 0 1 2 3 4
1 %, 0 %, 635 MiB, 32607 MiB
144214, python, 626 MiB
---
[2026-03-30 17:52:39]
   PID     ELAPSED STAT %CPU %MEM CMD
144214    14:54:37 Rl+  99.8  0.2 python -u experiments/run_highway_experiments.py --phase train --envs merge-v0 intersection-v0 --algos dqn --seeds 0 1 2 3 4
144377    14:54:30 Rl+  1644  0.1 python -u experiments/run_highway_experiments.py --phase train --envs merge-v0 intersection-v0 --algos ppo --seeds 0 1 2 3 4
0 %, 0 %, 635 MiB, 32607 MiB
144214, python, 626 MiB
---
[2026-03-30 17:53:39]
   PID     ELAPSED STAT %CPU %MEM CMD
144214    14:55:37 Rl+  99.8  0.2 python -u experiments/run_highway_experiments.py --phase train --envs merge-v0 intersection-v0 --algos dqn --seeds 0 1 2 3 4
144377    14:55:30 Rl+  1644  0.1 python -u experiments/run_highway_experiments.py --phase train --envs merge-v0 intersection-v0 --algos ppo --seeds 0 1 2 3 4
0 %, 0 %, 635 MiB, 32607 MiB
144214, python, 626 MiB
---
[2026-03-30 17:54:39]
   PID     ELAPSED STAT %CPU %MEM CMD
144214    14:56:37 Rl+  99.8  0.2 python -u experiments/run_highway_experiments.py --phase train --envs merge-v0 intersection-v0 --algos dqn --seeds 0 1 2 3 4
144377    14:56:30 Rl+  1644  0.1 python -u experiments/run_highway_experiments.py --phase train --envs merge-v0 intersection-v0 --algos ppo --seeds 0 1 2 3 4
0 %, 0 %, 635 MiB, 32607 MiB
144214, python, 626 MiB
---
[2026-03-30 17:55:39]
   PID     ELAPSED STAT %CPU %MEM CMD
144214    14:57:37 Rl+  99.8  0.2 python -u experiments/run_highway_experiments.py --phase train --envs merge-v0 intersection-v0 --algos dqn --seeds 0 1 2 3 4
144377    14:57:30 Rl+  1644  0.1 python -u experiments/run_highway_experiments.py --phase train --envs merge-v0 intersection-v0 --algos ppo --seeds 0 1 2 3 4
0 %, 0 %, 635 MiB, 32607 MiB
144214, python, 626 MiB
---
[2026-03-30 17:56:39]
   PID     ELAPSED STAT %CPU %MEM CMD
144214    14:58:37 Rl+  99.8  0.2 python -u experiments/run_highway_experiments.py --phase train --envs merge-v0 intersection-v0 --algos dqn --seeds 0 1 2 3 4
144377    14:58:30 Rl+  1644  0.1 python -u experiments/run_highway_experiments.py --phase train --envs merge-v0 intersection-v0 --algos ppo --seeds 0 1 2 3 4
0 %, 0 %, 635 MiB, 32607 MiB
144214, python, 626 MiB
---
[2026-03-30 17:57:40]
   PID     ELAPSED STAT %CPU %MEM CMD
144214    14:59:38 Rl+  99.8  0.2 python -u experiments/run_highway_experiments.py --phase train --envs merge-v0 intersection-v0 --algos dqn --seeds 0 1 2 3 4
144377    14:59:31 Rl+  1644  0.1 python -u experiments/run_highway_experiments.py --phase train --envs merge-v0 intersection-v0 --algos ppo --seeds 0 1 2 3 4
0 %, 0 %, 635 MiB, 32607 MiB
144214, python, 626 MiB
---
[2026-03-30 17:58:40]
   PID     ELAPSED STAT %CPU %MEM CMD
144214    15:00:38 Rl+  99.8  0.2 python -u experiments/run_highway_experiments.py --phase train --envs merge-v0 intersection-v0 --algos dqn --seeds 0 1 2 3 4
144377    15:00:31 Rl+  1643  0.1 python -u experiments/run_highway_experiments.py --phase train --envs merge-v0 intersection-v0 --algos ppo --seeds 0 1 2 3 4
0 %, 0 %, 635 MiB, 32607 MiB
144214, python, 626 MiB
---
[2026-03-30 17:59:40]
   PID     ELAPSED STAT %CPU %MEM CMD
144214    15:01:38 Rl+  99.8  0.2 python -u experiments/run_highway_experiments.py --phase train --envs merge-v0 intersection-v0 --algos dqn --seeds 0 1 2 3 4
144377    15:01:31 Rl+  1643  0.1 python -u experiments/run_highway_experiments.py --phase train --envs merge-v0 intersection-v0 --algos ppo --seeds 0 1 2 3 4
0 %, 0 %, 635 MiB, 32607 MiB
144214, python, 626 MiB
---
[2026-03-30 18:00:40]
   PID     ELAPSED STAT %CPU %MEM CMD
144214    15:02:38 Rl+  99.8  0.2 python -u experiments/run_highway_experiments.py --phase train --envs merge-v0 intersection-v0 --algos dqn --seeds 0 1 2 3 4
144377    15:02:31 Rl+  1643  0.1 python -u experiments/run_highway_experiments.py --phase train --envs merge-v0 intersection-v0 --algos ppo --seeds 0 1 2 3 4
0 %, 0 %, 635 MiB, 32607 MiB
144214, python, 626 MiB
---
[2026-03-30 18:01:40]
   PID     ELAPSED STAT %CPU %MEM CMD
144214    15:03:38 Rl+  99.8  0.2 python -u experiments/run_highway_experiments.py --phase train --envs merge-v0 intersection-v0 --algos dqn --seeds 0 1 2 3 4
144377    15:03:31 Rl+  1643  0.1 python -u experiments/run_highway_experiments.py --phase train --envs merge-v0 intersection-v0 --algos ppo --seeds 0 1 2 3 4
0 %, 0 %, 635 MiB, 32607 MiB
144214, python, 626 MiB
---
[2026-03-30 18:02:41]
   PID     ELAPSED STAT %CPU %MEM CMD
144214    15:04:38 Rl+  99.8  0.2 python -u experiments/run_highway_experiments.py --phase train --envs merge-v0 intersection-v0 --algos dqn --seeds 0 1 2 3 4
144377    15:04:31 Rl+  1643  0.1 python -u experiments/run_highway_experiments.py --phase train --envs merge-v0 intersection-v0 --algos ppo --seeds 0 1 2 3 4
0 %, 0 %, 635 MiB, 32607 MiB
144214, python, 626 MiB
---
[2026-03-30 18:03:41]
   PID     ELAPSED STAT %CPU %MEM CMD
144214    15:05:39 Rl+  99.8  0.2 python -u experiments/run_highway_experiments.py --phase train --envs merge-v0 intersection-v0 --algos dqn --seeds 0 1 2 3 4
144377    15:05:32 Rl+  1643  0.1 python -u experiments/run_highway_experiments.py --phase train --envs merge-v0 intersection-v0 --algos ppo --seeds 0 1 2 3 4
0 %, 0 %, 635 MiB, 32607 MiB
144214, python, 626 MiB
---
[2026-03-30 18:04:41]
   PID     ELAPSED STAT %CPU %MEM CMD
144214    15:06:39 Rl+  99.8  0.2 python -u experiments/run_highway_experiments.py --phase train --envs merge-v0 intersection-v0 --algos dqn --seeds 0 1 2 3 4
144377    15:06:32 Rl+  1643  0.1 python -u experiments/run_highway_experiments.py --phase train --envs merge-v0 intersection-v0 --algos ppo --seeds 0 1 2 3 4
0 %, 0 %, 635 MiB, 32607 MiB
144214, python, 626 MiB
---
[2026-03-30 18:05:41]
   PID     ELAPSED STAT %CPU %MEM CMD
144214    15:07:39 Rl+  99.8  0.2 python -u experiments/run_highway_experiments.py --phase train --envs merge-v0 intersection-v0 --algos dqn --seeds 0 1 2 3 4
144377    15:07:32 Rl+  1643  0.1 python -u experiments/run_highway_experiments.py --phase train --envs merge-v0 intersection-v0 --algos ppo --seeds 0 1 2 3 4
0 %, 0 %, 635 MiB, 32607 MiB
144214, python, 626 MiB
---
[2026-03-30 18:06:41]
   PID     ELAPSED STAT %CPU %MEM CMD
144214    15:08:39 Rl+  99.8  0.2 python -u experiments/run_highway_experiments.py --phase train --envs merge-v0 intersection-v0 --algos dqn --seeds 0 1 2 3 4
144377    15:08:32 Rl+  1643  0.1 python -u experiments/run_highway_experiments.py --phase train --envs merge-v0 intersection-v0 --algos ppo --seeds 0 1 2 3 4
0 %, 0 %, 635 MiB, 32607 MiB
144214, python, 626 MiB
---
[2026-03-30 18:07:41]
   PID     ELAPSED STAT %CPU %MEM CMD
144214    15:09:39 Rl+  99.8  0.2 python -u experiments/run_highway_experiments.py --phase train --envs merge-v0 intersection-v0 --algos dqn --seeds 0 1 2 3 4
144377    15:09:32 Rl+  1643  0.1 python -u experiments/run_highway_experiments.py --phase train --envs merge-v0 intersection-v0 --algos ppo --seeds 0 1 2 3 4
0 %, 0 %, 635 MiB, 32607 MiB
144214, python, 626 MiB
---
[2026-03-30 18:08:42]
   PID     ELAPSED STAT %CPU %MEM CMD
144214    15:10:40 Rl+  99.8  0.2 python -u experiments/run_highway_experiments.py --phase train --envs merge-v0 intersection-v0 --algos dqn --seeds 0 1 2 3 4
144377    15:10:33 Rl+  1643  0.1 python -u experiments/run_highway_experiments.py --phase train --envs merge-v0 intersection-v0 --algos ppo --seeds 0 1 2 3 4
0 %, 0 %, 635 MiB, 32607 MiB
144214, python, 626 MiB
---
[2026-03-30 18:09:42]
   PID     ELAPSED STAT %CPU %MEM CMD
144214    15:11:40 Rl+  99.8  0.2 python -u experiments/run_highway_experiments.py --phase train --envs merge-v0 intersection-v0 --algos dqn --seeds 0 1 2 3 4
144377    15:11:33 Rl+  1643  0.1 python -u experiments/run_highway_experiments.py --phase train --envs merge-v0 intersection-v0 --algos ppo --seeds 0 1 2 3 4
0 %, 0 %, 635 MiB, 32607 MiB
144214, python, 626 MiB
---
[2026-03-30 18:10:42]
   PID     ELAPSED STAT %CPU %MEM CMD
144214    15:12:40 Rl+  99.8  0.2 python -u experiments/run_highway_experiments.py --phase train --envs merge-v0 intersection-v0 --algos dqn --seeds 0 1 2 3 4
144377    15:12:33 Rl+  1643  0.1 python -u experiments/run_highway_experiments.py --phase train --envs merge-v0 intersection-v0 --algos ppo --seeds 0 1 2 3 4
0 %, 0 %, 635 MiB, 32607 MiB
144214, python, 626 MiB
---
[2026-03-30 18:11:42]
   PID     ELAPSED STAT %CPU %MEM CMD
144214    15:13:40 Rl+  99.8  0.2 python -u experiments/run_highway_experiments.py --phase train --envs merge-v0 intersection-v0 --algos dqn --seeds 0 1 2 3 4
144377    15:13:33 Rl+  1643  0.1 python -u experiments/run_highway_experiments.py --phase train --envs merge-v0 intersection-v0 --algos ppo --seeds 0 1 2 3 4
0 %, 0 %, 635 MiB, 32607 MiB
144214, python, 626 MiB
---
[2026-03-30 18:12:42]
   PID     ELAPSED STAT %CPU %MEM CMD
144214    15:14:40 Rl+  99.8  0.2 python -u experiments/run_highway_experiments.py --phase train --envs merge-v0 intersection-v0 --algos dqn --seeds 0 1 2 3 4
144377    15:14:33 Rl+  1643  0.1 python -u experiments/run_highway_experiments.py --phase train --envs merge-v0 intersection-v0 --algos ppo --seeds 0 1 2 3 4
0 %, 0 %, 635 MiB, 32607 MiB
144214, python, 626 MiB
---
[2026-03-30 18:13:43]
   PID     ELAPSED STAT %CPU %MEM CMD
144214    15:15:40 Rl+  99.8  0.2 python -u experiments/run_highway_experiments.py --phase train --envs merge-v0 intersection-v0 --algos dqn --seeds 0 1 2 3 4
144377    15:15:33 Rl+  1643  0.1 python -u experiments/run_highway_experiments.py --phase train --envs merge-v0 intersection-v0 --algos ppo --seeds 0 1 2 3 4
0 %, 0 %, 635 MiB, 32607 MiB
144214, python, 626 MiB
---
[2026-03-30 18:14:43]
   PID     ELAPSED STAT %CPU %MEM CMD
144214    15:16:41 Rl+  99.8  0.2 python -u experiments/run_highway_experiments.py --phase train --envs merge-v0 intersection-v0 --algos dqn --seeds 0 1 2 3 4
144377    15:16:34 Rl+  1643  0.1 python -u experiments/run_highway_experiments.py --phase train --envs merge-v0 intersection-v0 --algos ppo --seeds 0 1 2 3 4
0 %, 0 %, 635 MiB, 32607 MiB
144214, python, 626 MiB
---
[2026-03-30 18:15:43]
   PID     ELAPSED STAT %CPU %MEM CMD
144214    15:17:41 Rl+  99.8  0.2 python -u experiments/run_highway_experiments.py --phase train --envs merge-v0 intersection-v0 --algos dqn --seeds 0 1 2 3 4
144377    15:17:34 Rl+  1643  0.1 python -u experiments/run_highway_experiments.py --phase train --envs merge-v0 intersection-v0 --algos ppo --seeds 0 1 2 3 4
1 %, 0 %, 635 MiB, 32607 MiB
144214, python, 626 MiB
---
[2026-03-30 18:16:43]
   PID     ELAPSED STAT %CPU %MEM CMD
144214    15:18:41 Rl+  99.8  0.2 python -u experiments/run_highway_experiments.py --phase train --envs merge-v0 intersection-v0 --algos dqn --seeds 0 1 2 3 4
144377    15:18:34 Rl+  1643  0.1 python -u experiments/run_highway_experiments.py --phase train --envs merge-v0 intersection-v0 --algos ppo --seeds 0 1 2 3 4
0 %, 0 %, 635 MiB, 32607 MiB
144214, python, 626 MiB
---
[2026-03-30 18:17:43]
   PID     ELAPSED STAT %CPU %MEM CMD
144214    15:19:41 Rl+  99.8  0.2 python -u experiments/run_highway_experiments.py --phase train --envs merge-v0 intersection-v0 --algos dqn --seeds 0 1 2 3 4
144377    15:19:34 Rl+  1643  0.1 python -u experiments/run_highway_experiments.py --phase train --envs merge-v0 intersection-v0 --algos ppo --seeds 0 1 2 3 4
0 %, 0 %, 635 MiB, 32607 MiB
144214, python, 626 MiB
---
[2026-03-30 18:18:43]
   PID     ELAPSED STAT %CPU %MEM CMD
144214    15:20:41 Rl+  99.8  0.2 python -u experiments/run_highway_experiments.py --phase train --envs merge-v0 intersection-v0 --algos dqn --seeds 0 1 2 3 4
144377    15:20:34 Rl+  1643  0.1 python -u experiments/run_highway_experiments.py --phase train --envs merge-v0 intersection-v0 --algos ppo --seeds 0 1 2 3 4
0 %, 0 %, 635 MiB, 32607 MiB
144214, python, 626 MiB
---
[2026-03-30 18:19:44]
   PID     ELAPSED STAT %CPU %MEM CMD
144214    15:21:42 Rl+  99.8  0.2 python -u experiments/run_highway_experiments.py --phase train --envs merge-v0 intersection-v0 --algos dqn --seeds 0 1 2 3 4
144377    15:21:35 Rl+  1643  0.1 python -u experiments/run_highway_experiments.py --phase train --envs merge-v0 intersection-v0 --algos ppo --seeds 0 1 2 3 4
0 %, 0 %, 635 MiB, 32607 MiB
144214, python, 626 MiB
---
[2026-03-30 18:20:44]
   PID     ELAPSED STAT %CPU %MEM CMD
144214    15:22:42 Rl+  99.8  0.2 python -u experiments/run_highway_experiments.py --phase train --envs merge-v0 intersection-v0 --algos dqn --seeds 0 1 2 3 4
144377    15:22:35 Rl+  1643  0.1 python -u experiments/run_highway_experiments.py --phase train --envs merge-v0 intersection-v0 --algos ppo --seeds 0 1 2 3 4
0 %, 0 %, 635 MiB, 32607 MiB
144214, python, 626 MiB
---
[2026-03-30 18:21:44]
   PID     ELAPSED STAT %CPU %MEM CMD
144214    15:23:42 Rl+  99.8  0.2 python -u experiments/run_highway_experiments.py --phase train --envs merge-v0 intersection-v0 --algos dqn --seeds 0 1 2 3 4
144377    15:23:35 Rl+  1643  0.1 python -u experiments/run_highway_experiments.py --phase train --envs merge-v0 intersection-v0 --algos ppo --seeds 0 1 2 3 4
0 %, 0 %, 635 MiB, 32607 MiB
144214, python, 626 MiB
---
[2026-03-30 18:22:44]
   PID     ELAPSED STAT %CPU %MEM CMD
144214    15:24:42 Rl+  99.8  0.2 python -u experiments/run_highway_experiments.py --phase train --envs merge-v0 intersection-v0 --algos dqn --seeds 0 1 2 3 4
144377    15:24:35 Rl+  1643  0.1 python -u experiments/run_highway_experiments.py --phase train --envs merge-v0 intersection-v0 --algos ppo --seeds 0 1 2 3 4
0 %, 0 %, 635 MiB, 32607 MiB
144214, python, 626 MiB
---
[2026-03-30 18:23:44]
   PID     ELAPSED STAT %CPU %MEM CMD
144214    15:25:42 Rl+  99.8  0.2 python -u experiments/run_highway_experiments.py --phase train --envs merge-v0 intersection-v0 --algos dqn --seeds 0 1 2 3 4
144377    15:25:35 Rl+  1643  0.1 python -u experiments/run_highway_experiments.py --phase train --envs merge-v0 intersection-v0 --algos ppo --seeds 0 1 2 3 4
0 %, 0 %, 635 MiB, 32607 MiB
144214, python, 626 MiB
---
[2026-03-30 18:24:45]
   PID     ELAPSED STAT %CPU %MEM CMD
144214    15:26:42 Rl+  99.8  0.2 python -u experiments/run_highway_experiments.py --phase train --envs merge-v0 intersection-v0 --algos dqn --seeds 0 1 2 3 4
144377    15:26:35 Sl+  1643  0.1 python -u experiments/run_highway_experiments.py --phase train --envs merge-v0 intersection-v0 --algos ppo --seeds 0 1 2 3 4
0 %, 0 %, 635 MiB, 32607 MiB
144214, python, 626 MiB
---
[2026-03-30 18:25:45]
   PID     ELAPSED STAT %CPU %MEM CMD
144214    15:27:43 Rl+  99.8  0.2 python -u experiments/run_highway_experiments.py --phase train --envs merge-v0 intersection-v0 --algos dqn --seeds 0 1 2 3 4
144377    15:27:36 Rl+  1642  0.1 python -u experiments/run_highway_experiments.py --phase train --envs merge-v0 intersection-v0 --algos ppo --seeds 0 1 2 3 4
0 %, 0 %, 635 MiB, 32607 MiB
144214, python, 626 MiB
---
[2026-03-30 18:26:45]
   PID     ELAPSED STAT %CPU %MEM CMD
144214    15:28:43 Rl+  99.8  0.2 python -u experiments/run_highway_experiments.py --phase train --envs merge-v0 intersection-v0 --algos dqn --seeds 0 1 2 3 4
144377    15:28:36 Rl+  1642  0.1 python -u experiments/run_highway_experiments.py --phase train --envs merge-v0 intersection-v0 --algos ppo --seeds 0 1 2 3 4
0 %, 0 %, 635 MiB, 32607 MiB
144214, python, 626 MiB
---
[2026-03-30 18:27:45]
   PID     ELAPSED STAT %CPU %MEM CMD
144214    15:29:43 Rl+  99.8  0.2 python -u experiments/run_highway_experiments.py --phase train --envs merge-v0 intersection-v0 --algos dqn --seeds 0 1 2 3 4
144377    15:29:36 Rl+  1642  0.1 python -u experiments/run_highway_experiments.py --phase train --envs merge-v0 intersection-v0 --algos ppo --seeds 0 1 2 3 4
0 %, 0 %, 635 MiB, 32607 MiB
144214, python, 626 MiB
---
[2026-03-30 18:28:45]
   PID     ELAPSED STAT %CPU %MEM CMD
144214    15:30:43 Rl+  99.8  0.2 python -u experiments/run_highway_experiments.py --phase train --envs merge-v0 intersection-v0 --algos dqn --seeds 0 1 2 3 4
144377    15:30:36 Rl+  1642  0.1 python -u experiments/run_highway_experiments.py --phase train --envs merge-v0 intersection-v0 --algos ppo --seeds 0 1 2 3 4
0 %, 0 %, 635 MiB, 32607 MiB
144214, python, 626 MiB
---
[2026-03-30 18:29:45]
   PID     ELAPSED STAT %CPU %MEM CMD
144214    15:31:43 Rl+  99.8  0.2 python -u experiments/run_highway_experiments.py --phase train --envs merge-v0 intersection-v0 --algos dqn --seeds 0 1 2 3 4
144377    15:31:36 Sl+  1642  0.1 python -u experiments/run_highway_experiments.py --phase train --envs merge-v0 intersection-v0 --algos ppo --seeds 0 1 2 3 4
0 %, 0 %, 635 MiB, 32607 MiB
144214, python, 626 MiB
---
[2026-03-30 18:30:46]
   PID     ELAPSED STAT %CPU %MEM CMD
144214    15:32:44 Rl+  99.8  0.2 python -u experiments/run_highway_experiments.py --phase train --envs merge-v0 intersection-v0 --algos dqn --seeds 0 1 2 3 4
144377    15:32:37 Rl+  1642  0.1 python -u experiments/run_highway_experiments.py --phase train --envs merge-v0 intersection-v0 --algos ppo --seeds 0 1 2 3 4
0 %, 0 %, 635 MiB, 32607 MiB
144214, python, 626 MiB
---
[2026-03-30 18:31:46]
   PID     ELAPSED STAT %CPU %MEM CMD
144214    15:33:44 Rl+  99.8  0.2 python -u experiments/run_highway_experiments.py --phase train --envs merge-v0 intersection-v0 --algos dqn --seeds 0 1 2 3 4
144377    15:33:37 Rl+  1642  0.1 python -u experiments/run_highway_experiments.py --phase train --envs merge-v0 intersection-v0 --algos ppo --seeds 0 1 2 3 4
0 %, 0 %, 635 MiB, 32607 MiB
144214, python, 626 MiB
---
[2026-03-30 18:32:46]
   PID     ELAPSED STAT %CPU %MEM CMD
144214    15:34:44 Rl+  99.8  0.2 python -u experiments/run_highway_experiments.py --phase train --envs merge-v0 intersection-v0 --algos dqn --seeds 0 1 2 3 4
144377    15:34:37 Rl+  1642  0.1 python -u experiments/run_highway_experiments.py --phase train --envs merge-v0 intersection-v0 --algos ppo --seeds 0 1 2 3 4
0 %, 0 %, 635 MiB, 32607 MiB
144214, python, 626 MiB
---
[2026-03-30 18:33:46]
   PID     ELAPSED STAT %CPU %MEM CMD
144214    15:35:44 Rl+  99.8  0.2 python -u experiments/run_highway_experiments.py --phase train --envs merge-v0 intersection-v0 --algos dqn --seeds 0 1 2 3 4
144377    15:35:37 Rl+  1642  0.1 python -u experiments/run_highway_experiments.py --phase train --envs merge-v0 intersection-v0 --algos ppo --seeds 0 1 2 3 4
0 %, 0 %, 635 MiB, 32607 MiB
144214, python, 626 MiB
---
[2026-03-30 18:34:46]
   PID     ELAPSED STAT %CPU %MEM CMD
144214    15:36:44 Rl+  99.8  0.2 python -u experiments/run_highway_experiments.py --phase train --envs merge-v0 intersection-v0 --algos dqn --seeds 0 1 2 3 4
144377    15:36:37 Rl+  1642  0.1 python -u experiments/run_highway_experiments.py --phase train --envs merge-v0 intersection-v0 --algos ppo --seeds 0 1 2 3 4
0 %, 0 %, 635 MiB, 32607 MiB
144214, python, 626 MiB
---
[2026-03-30 18:35:47]
   PID     ELAPSED STAT %CPU %MEM CMD
144214    15:37:44 Rl+  99.8  0.2 python -u experiments/run_highway_experiments.py --phase train --envs merge-v0 intersection-v0 --algos dqn --seeds 0 1 2 3 4
144377    15:37:37 Rl+  1642  0.1 python -u experiments/run_highway_experiments.py --phase train --envs merge-v0 intersection-v0 --algos ppo --seeds 0 1 2 3 4
0 %, 0 %, 635 MiB, 32607 MiB
144214, python, 626 MiB
---
[2026-03-30 18:36:47]
   PID     ELAPSED STAT %CPU %MEM CMD
144214    15:38:45 Rl+  99.8  0.2 python -u experiments/run_highway_experiments.py --phase train --envs merge-v0 intersection-v0 --algos dqn --seeds 0 1 2 3 4
144377    15:38:38 Rl+  1642  0.1 python -u experiments/run_highway_experiments.py --phase train --envs merge-v0 intersection-v0 --algos ppo --seeds 0 1 2 3 4
0 %, 0 %, 635 MiB, 32607 MiB
144214, python, 626 MiB
---
[2026-03-30 18:37:47]
   PID     ELAPSED STAT %CPU %MEM CMD
144214    15:39:45 Rl+  99.8  0.2 python -u experiments/run_highway_experiments.py --phase train --envs merge-v0 intersection-v0 --algos dqn --seeds 0 1 2 3 4
144377    15:39:38 Rl+  1642  0.1 python -u experiments/run_highway_experiments.py --phase train --envs merge-v0 intersection-v0 --algos ppo --seeds 0 1 2 3 4
0 %, 0 %, 635 MiB, 32607 MiB
144214, python, 626 MiB
---
[2026-03-30 18:38:47]
   PID     ELAPSED STAT %CPU %MEM CMD
144214    15:40:45 Rl+  99.8  0.2 python -u experiments/run_highway_experiments.py --phase train --envs merge-v0 intersection-v0 --algos dqn --seeds 0 1 2 3 4
144377    15:40:38 Rl+  1642  0.1 python -u experiments/run_highway_experiments.py --phase train --envs merge-v0 intersection-v0 --algos ppo --seeds 0 1 2 3 4
0 %, 0 %, 635 MiB, 32607 MiB
144214, python, 626 MiB
---
[2026-03-30 18:39:47]
   PID     ELAPSED STAT %CPU %MEM CMD
144214    15:41:45 Rl+  99.8  0.2 python -u experiments/run_highway_experiments.py --phase train --envs merge-v0 intersection-v0 --algos dqn --seeds 0 1 2 3 4
144377    15:41:38 Rl+  1642  0.1 python -u experiments/run_highway_experiments.py --phase train --envs merge-v0 intersection-v0 --algos ppo --seeds 0 1 2 3 4
0 %, 0 %, 635 MiB, 32607 MiB
144214, python, 626 MiB
---
[2026-03-30 18:40:47]
   PID     ELAPSED STAT %CPU %MEM CMD
144214    15:42:45 Rl+  99.8  0.2 python -u experiments/run_highway_experiments.py --phase train --envs merge-v0 intersection-v0 --algos dqn --seeds 0 1 2 3 4
144377    15:42:38 Rl+  1642  0.1 python -u experiments/run_highway_experiments.py --phase train --envs merge-v0 intersection-v0 --algos ppo --seeds 0 1 2 3 4
0 %, 0 %, 635 MiB, 32607 MiB
144214, python, 626 MiB
---
[2026-03-30 18:41:48]
   PID     ELAPSED STAT %CPU %MEM CMD
144214    15:43:46 Rl+  99.8  0.2 python -u experiments/run_highway_experiments.py --phase train --envs merge-v0 intersection-v0 --algos dqn --seeds 0 1 2 3 4
144377    15:43:39 Rl+  1642  0.1 python -u experiments/run_highway_experiments.py --phase train --envs merge-v0 intersection-v0 --algos ppo --seeds 0 1 2 3 4
0 %, 0 %, 635 MiB, 32607 MiB
144214, python, 626 MiB
---
[2026-03-30 18:42:48]
   PID     ELAPSED STAT %CPU %MEM CMD
144214    15:44:46 Rl+  99.8  0.2 python -u experiments/run_highway_experiments.py --phase train --envs merge-v0 intersection-v0 --algos dqn --seeds 0 1 2 3 4
144377    15:44:39 Rl+  1642  0.1 python -u experiments/run_highway_experiments.py --phase train --envs merge-v0 intersection-v0 --algos ppo --seeds 0 1 2 3 4
0 %, 0 %, 635 MiB, 32607 MiB
144214, python, 626 MiB
---
[2026-03-30 18:43:48]
   PID     ELAPSED STAT %CPU %MEM CMD
144214    15:45:46 Rl+  99.8  0.2 python -u experiments/run_highway_experiments.py --phase train --envs merge-v0 intersection-v0 --algos dqn --seeds 0 1 2 3 4
144377    15:45:39 Rl+  1642  0.1 python -u experiments/run_highway_experiments.py --phase train --envs merge-v0 intersection-v0 --algos ppo --seeds 0 1 2 3 4
0 %, 0 %, 635 MiB, 32607 MiB
144214, python, 626 MiB
---
[2026-03-30 18:44:48]
   PID     ELAPSED STAT %CPU %MEM CMD
144214    15:46:46 Rl+  99.8  0.2 python -u experiments/run_highway_experiments.py --phase train --envs merge-v0 intersection-v0 --algos dqn --seeds 0 1 2 3 4
144377    15:46:39 Rl+  1642  0.1 python -u experiments/run_highway_experiments.py --phase train --envs merge-v0 intersection-v0 --algos ppo --seeds 0 1 2 3 4
0 %, 0 %, 635 MiB, 32607 MiB
144214, python, 626 MiB
---
[2026-03-30 18:45:48]
   PID     ELAPSED STAT %CPU %MEM CMD
144214    15:47:46 Rl+  99.8  0.2 python -u experiments/run_highway_experiments.py --phase train --envs merge-v0 intersection-v0 --algos dqn --seeds 0 1 2 3 4
144377    15:47:39 Rl+  1642  0.1 python -u experiments/run_highway_experiments.py --phase train --envs merge-v0 intersection-v0 --algos ppo --seeds 0 1 2 3 4
0 %, 0 %, 635 MiB, 32607 MiB
144214, python, 626 MiB
---
[2026-03-30 18:46:49]
   PID     ELAPSED STAT %CPU %MEM CMD
144214    15:48:46 Rl+  99.8  0.2 python -u experiments/run_highway_experiments.py --phase train --envs merge-v0 intersection-v0 --algos dqn --seeds 0 1 2 3 4
144377    15:48:39 Sl+  1642  0.1 python -u experiments/run_highway_experiments.py --phase train --envs merge-v0 intersection-v0 --algos ppo --seeds 0 1 2 3 4
0 %, 0 %, 635 MiB, 32607 MiB
144214, python, 626 MiB
---
[2026-03-30 18:47:49]
   PID     ELAPSED STAT %CPU %MEM CMD
144214    15:49:47 Rl+  99.8  0.2 python -u experiments/run_highway_experiments.py --phase train --envs merge-v0 intersection-v0 --algos dqn --seeds 0 1 2 3 4
144377    15:49:40 Rl+  1642  0.1 python -u experiments/run_highway_experiments.py --phase train --envs merge-v0 intersection-v0 --algos ppo --seeds 0 1 2 3 4
0 %, 0 %, 635 MiB, 32607 MiB
144214, python, 626 MiB
---
[2026-03-30 18:48:49]
   PID     ELAPSED STAT %CPU %MEM CMD
144214    15:50:47 Rl+  99.8  0.2 python -u experiments/run_highway_experiments.py --phase train --envs merge-v0 intersection-v0 --algos dqn --seeds 0 1 2 3 4
144377    15:50:40 Rl+  1641  0.1 python -u experiments/run_highway_experiments.py --phase train --envs merge-v0 intersection-v0 --algos ppo --seeds 0 1 2 3 4
0 %, 0 %, 635 MiB, 32607 MiB
144214, python, 626 MiB
---
[2026-03-30 18:49:49]
   PID     ELAPSED STAT %CPU %MEM CMD
144214    15:51:47 Rl+  99.8  0.2 python -u experiments/run_highway_experiments.py --phase train --envs merge-v0 intersection-v0 --algos dqn --seeds 0 1 2 3 4
144377    15:51:40 Rl+  1641  0.1 python -u experiments/run_highway_experiments.py --phase train --envs merge-v0 intersection-v0 --algos ppo --seeds 0 1 2 3 4
0 %, 0 %, 635 MiB, 32607 MiB
144214, python, 626 MiB
---
[2026-03-30 18:50:49]
   PID     ELAPSED STAT %CPU %MEM CMD
144214    15:52:47 Rl+  99.8  0.2 python -u experiments/run_highway_experiments.py --phase train --envs merge-v0 intersection-v0 --algos dqn --seeds 0 1 2 3 4
144377    15:52:40 Rl+  1641  0.1 python -u experiments/run_highway_experiments.py --phase train --envs merge-v0 intersection-v0 --algos ppo --seeds 0 1 2 3 4
0 %, 0 %, 635 MiB, 32607 MiB
144214, python, 626 MiB
---
[2026-03-30 18:51:49]
   PID     ELAPSED STAT %CPU %MEM CMD
144214    15:53:47 Rl+  99.8  0.2 python -u experiments/run_highway_experiments.py --phase train --envs merge-v0 intersection-v0 --algos dqn --seeds 0 1 2 3 4
144377    15:53:40 Rl+  1641  0.1 python -u experiments/run_highway_experiments.py --phase train --envs merge-v0 intersection-v0 --algos ppo --seeds 0 1 2 3 4
0 %, 0 %, 635 MiB, 32607 MiB
144214, python, 626 MiB
---
[2026-03-30 18:52:50]
   PID     ELAPSED STAT %CPU %MEM CMD
144214    15:54:47 Rl+  99.8  0.2 python -u experiments/run_highway_experiments.py --phase train --envs merge-v0 intersection-v0 --algos dqn --seeds 0 1 2 3 4
144377    15:54:40 Rl+  1641  0.1 python -u experiments/run_highway_experiments.py --phase train --envs merge-v0 intersection-v0 --algos ppo --seeds 0 1 2 3 4
0 %, 0 %, 635 MiB, 32607 MiB
144214, python, 626 MiB
---
[2026-03-30 18:53:50]
   PID     ELAPSED STAT %CPU %MEM CMD
144214    15:55:48 Rl+  99.8  0.2 python -u experiments/run_highway_experiments.py --phase train --envs merge-v0 intersection-v0 --algos dqn --seeds 0 1 2 3 4
144377    15:55:41 Rl+  1641  0.1 python -u experiments/run_highway_experiments.py --phase train --envs merge-v0 intersection-v0 --algos ppo --seeds 0 1 2 3 4
0 %, 0 %, 635 MiB, 32607 MiB
144214, python, 626 MiB
---
[2026-03-30 18:54:50]
   PID     ELAPSED STAT %CPU %MEM CMD
144214    15:56:48 Rl+  99.8  0.2 python -u experiments/run_highway_experiments.py --phase train --envs merge-v0 intersection-v0 --algos dqn --seeds 0 1 2 3 4
144377    15:56:41 Rl+  1641  0.1 python -u experiments/run_highway_experiments.py --phase train --envs merge-v0 intersection-v0 --algos ppo --seeds 0 1 2 3 4
0 %, 0 %, 635 MiB, 32607 MiB
144214, python, 626 MiB
---
[2026-03-30 18:55:50]
   PID     ELAPSED STAT %CPU %MEM CMD
144214    15:57:48 Rl+  99.8  0.2 python -u experiments/run_highway_experiments.py --phase train --envs merge-v0 intersection-v0 --algos dqn --seeds 0 1 2 3 4
144377    15:57:41 Rl+  1641  0.1 python -u experiments/run_highway_experiments.py --phase train --envs merge-v0 intersection-v0 --algos ppo --seeds 0 1 2 3 4
0 %, 0 %, 635 MiB, 32607 MiB
144214, python, 626 MiB
---
[2026-03-30 18:56:50]
   PID     ELAPSED STAT %CPU %MEM CMD
144214    15:58:48 Rl+  99.8  0.2 python -u experiments/run_highway_experiments.py --phase train --envs merge-v0 intersection-v0 --algos dqn --seeds 0 1 2 3 4
144377    15:58:41 Rl+  1641  0.1 python -u experiments/run_highway_experiments.py --phase train --envs merge-v0 intersection-v0 --algos ppo --seeds 0 1 2 3 4
0 %, 0 %, 635 MiB, 32607 MiB
144214, python, 626 MiB
---
[2026-03-30 18:57:50]
   PID     ELAPSED STAT %CPU %MEM CMD
144214    15:59:48 Rl+  99.8  0.2 python -u experiments/run_highway_experiments.py --phase train --envs merge-v0 intersection-v0 --algos dqn --seeds 0 1 2 3 4
144377    15:59:41 Rl+  1641  0.1 python -u experiments/run_highway_experiments.py --phase train --envs merge-v0 intersection-v0 --algos ppo --seeds 0 1 2 3 4
0 %, 0 %, 635 MiB, 32607 MiB
144214, python, 626 MiB
---
[2026-03-30 18:58:50]
   PID     ELAPSED STAT %CPU %MEM CMD
144214    16:00:48 Rl+  99.8  0.2 python -u experiments/run_highway_experiments.py --phase train --envs merge-v0 intersection-v0 --algos dqn --seeds 0 1 2 3 4
144377    16:00:41 Rl+  1641  0.1 python -u experiments/run_highway_experiments.py --phase train --envs merge-v0 intersection-v0 --algos ppo --seeds 0 1 2 3 4
0 %, 0 %, 635 MiB, 32607 MiB
144214, python, 626 MiB
---
[2026-03-30 18:59:51]
   PID     ELAPSED STAT %CPU %MEM CMD
144214    16:01:48 Rl+  99.8  0.2 python -u experiments/run_highway_experiments.py --phase train --envs merge-v0 intersection-v0 --algos dqn --seeds 0 1 2 3 4
144377    16:01:41 Rl+  1641  0.1 python -u experiments/run_highway_experiments.py --phase train --envs merge-v0 intersection-v0 --algos ppo --seeds 0 1 2 3 4
0 %, 0 %, 635 MiB, 32607 MiB
144214, python, 626 MiB
---
[2026-03-30 19:00:51]
   PID     ELAPSED STAT %CPU %MEM CMD
144214    16:02:49 Rl+  99.8  0.2 python -u experiments/run_highway_experiments.py --phase train --envs merge-v0 intersection-v0 --algos dqn --seeds 0 1 2 3 4
144377    16:02:42 Rl+  1641  0.1 python -u experiments/run_highway_experiments.py --phase train --envs merge-v0 intersection-v0 --algos ppo --seeds 0 1 2 3 4
0 %, 0 %, 635 MiB, 32607 MiB
144214, python, 626 MiB
---
[2026-03-30 19:01:51]
   PID     ELAPSED STAT %CPU %MEM CMD
144214    16:03:49 Rl+  99.8  0.2 python -u experiments/run_highway_experiments.py --phase train --envs merge-v0 intersection-v0 --algos dqn --seeds 0 1 2 3 4
144377    16:03:42 Rl+  1641  0.1 python -u experiments/run_highway_experiments.py --phase train --envs merge-v0 intersection-v0 --algos ppo --seeds 0 1 2 3 4
1 %, 0 %, 635 MiB, 32607 MiB
144214, python, 626 MiB
---
[2026-03-30 19:02:51]
   PID     ELAPSED STAT %CPU %MEM CMD
144214    16:04:49 Rl+  99.8  0.2 python -u experiments/run_highway_experiments.py --phase train --envs merge-v0 intersection-v0 --algos dqn --seeds 0 1 2 3 4
144377    16:04:42 Rl+  1641  0.1 python -u experiments/run_highway_experiments.py --phase train --envs merge-v0 intersection-v0 --algos ppo --seeds 0 1 2 3 4
0 %, 0 %, 635 MiB, 32607 MiB
144214, python, 626 MiB
---
[2026-03-30 19:03:51]
   PID     ELAPSED STAT %CPU %MEM CMD
144214    16:05:49 Rl+  99.8  0.2 python -u experiments/run_highway_experiments.py --phase train --envs merge-v0 intersection-v0 --algos dqn --seeds 0 1 2 3 4
144377    16:05:42 Rl+  1641  0.1 python -u experiments/run_highway_experiments.py --phase train --envs merge-v0 intersection-v0 --algos ppo --seeds 0 1 2 3 4
0 %, 0 %, 635 MiB, 32607 MiB
144214, python, 626 MiB
---
[2026-03-30 19:04:52]
   PID     ELAPSED STAT %CPU %MEM CMD
144214    16:06:49 Rl+  99.8  0.2 python -u experiments/run_highway_experiments.py --phase train --envs merge-v0 intersection-v0 --algos dqn --seeds 0 1 2 3 4
144377    16:06:42 Rl+  1641  0.1 python -u experiments/run_highway_experiments.py --phase train --envs merge-v0 intersection-v0 --algos ppo --seeds 0 1 2 3 4
0 %, 0 %, 635 MiB, 32607 MiB
144214, python, 626 MiB
---
[2026-03-30 19:05:52]
   PID     ELAPSED STAT %CPU %MEM CMD
144214    16:07:50 Rl+  99.8  0.2 python -u experiments/run_highway_experiments.py --phase train --envs merge-v0 intersection-v0 --algos dqn --seeds 0 1 2 3 4
144377    16:07:43 Rl+  1641  0.1 python -u experiments/run_highway_experiments.py --phase train --envs merge-v0 intersection-v0 --algos ppo --seeds 0 1 2 3 4
0 %, 0 %, 635 MiB, 32607 MiB
144214, python, 626 MiB
---
[2026-03-30 19:06:52]
   PID     ELAPSED STAT %CPU %MEM CMD
144214    16:08:50 Rl+  99.8  0.2 python -u experiments/run_highway_experiments.py --phase train --envs merge-v0 intersection-v0 --algos dqn --seeds 0 1 2 3 4
144377    16:08:43 Rl+  1641  0.1 python -u experiments/run_highway_experiments.py --phase train --envs merge-v0 intersection-v0 --algos ppo --seeds 0 1 2 3 4
0 %, 0 %, 635 MiB, 32607 MiB
144214, python, 626 MiB
---
[2026-03-30 19:07:52]
   PID     ELAPSED STAT %CPU %MEM CMD
144214    16:09:50 Rl+  99.8  0.2 python -u experiments/run_highway_experiments.py --phase train --envs merge-v0 intersection-v0 --algos dqn --seeds 0 1 2 3 4
144377    16:09:43 Rl+  1641  0.1 python -u experiments/run_highway_experiments.py --phase train --envs merge-v0 intersection-v0 --algos ppo --seeds 0 1 2 3 4
0 %, 0 %, 635 MiB, 32607 MiB
144214, python, 626 MiB
---
[2026-03-30 19:08:52]
   PID     ELAPSED STAT %CPU %MEM CMD
144214    16:10:50 Rl+  99.8  0.2 python -u experiments/run_highway_experiments.py --phase train --envs merge-v0 intersection-v0 --algos dqn --seeds 0 1 2 3 4
144377    16:10:43 Rl+  1641  0.1 python -u experiments/run_highway_experiments.py --phase train --envs merge-v0 intersection-v0 --algos ppo --seeds 0 1 2 3 4
0 %, 0 %, 635 MiB, 32607 MiB
144214, python, 626 MiB
---
[2026-03-30 19:09:52]
   PID     ELAPSED STAT %CPU %MEM CMD
144214    16:11:50 Rl+  99.8  0.2 python -u experiments/run_highway_experiments.py --phase train --envs merge-v0 intersection-v0 --algos dqn --seeds 0 1 2 3 4
144377    16:11:43 Rl+  1641  0.1 python -u experiments/run_highway_experiments.py --phase train --envs merge-v0 intersection-v0 --algos ppo --seeds 0 1 2 3 4
0 %, 0 %, 635 MiB, 32607 MiB
144214, python, 626 MiB
---
[2026-03-30 19:10:53]
   PID     ELAPSED STAT %CPU %MEM CMD
144214    16:12:50 Rl+  99.8  0.2 python -u experiments/run_highway_experiments.py --phase train --envs merge-v0 intersection-v0 --algos dqn --seeds 0 1 2 3 4
144377    16:12:43 Rl+  1641  0.1 python -u experiments/run_highway_experiments.py --phase train --envs merge-v0 intersection-v0 --algos ppo --seeds 0 1 2 3 4
0 %, 0 %, 635 MiB, 32607 MiB
144214, python, 626 MiB
---
[2026-03-30 19:11:53]
   PID     ELAPSED STAT %CPU %MEM CMD
144214    16:13:51 Rl+  99.8  0.2 python -u experiments/run_highway_experiments.py --phase train --envs merge-v0 intersection-v0 --algos dqn --seeds 0 1 2 3 4
144377    16:13:44 Rl+  1641  0.1 python -u experiments/run_highway_experiments.py --phase train --envs merge-v0 intersection-v0 --algos ppo --seeds 0 1 2 3 4
0 %, 0 %, 635 MiB, 32607 MiB
144214, python, 626 MiB
---
[2026-03-30 19:12:53]
   PID     ELAPSED STAT %CPU %MEM CMD
144214    16:14:51 Rl+  99.8  0.2 python -u experiments/run_highway_experiments.py --phase train --envs merge-v0 intersection-v0 --algos dqn --seeds 0 1 2 3 4
144377    16:14:44 Rl+  1641  0.1 python -u experiments/run_highway_experiments.py --phase train --envs merge-v0 intersection-v0 --algos ppo --seeds 0 1 2 3 4
0 %, 0 %, 635 MiB, 32607 MiB
144214, python, 626 MiB
---
[2026-03-30 19:13:53]
   PID     ELAPSED STAT %CPU %MEM CMD
144214    16:15:51 Rl+  99.8  0.2 python -u experiments/run_highway_experiments.py --phase train --envs merge-v0 intersection-v0 --algos dqn --seeds 0 1 2 3 4
144377    16:15:44 Rl+  1641  0.1 python -u experiments/run_highway_experiments.py --phase train --envs merge-v0 intersection-v0 --algos ppo --seeds 0 1 2 3 4
0 %, 0 %, 635 MiB, 32607 MiB
144214, python, 626 MiB
---
[2026-03-30 19:14:53]
   PID     ELAPSED STAT %CPU %MEM CMD
144214    16:16:51 Rl+  99.8  0.2 python -u experiments/run_highway_experiments.py --phase train --envs merge-v0 intersection-v0 --algos dqn --seeds 0 1 2 3 4
144377    16:16:44 Rl+  1641  0.1 python -u experiments/run_highway_experiments.py --phase train --envs merge-v0 intersection-v0 --algos ppo --seeds 0 1 2 3 4
0 %, 0 %, 635 MiB, 32607 MiB
144214, python, 626 MiB
---
[2026-03-30 19:15:53]
   PID     ELAPSED STAT %CPU %MEM CMD
144214    16:17:51 Rl+  99.8  0.2 python -u experiments/run_highway_experiments.py --phase train --envs merge-v0 intersection-v0 --algos dqn --seeds 0 1 2 3 4
144377    16:17:44 Rl+  1641  0.1 python -u experiments/run_highway_experiments.py --phase train --envs merge-v0 intersection-v0 --algos ppo --seeds 0 1 2 3 4
0 %, 0 %, 635 MiB, 32607 MiB
144214, python, 626 MiB
---
[2026-03-30 19:16:54]
   PID     ELAPSED STAT %CPU %MEM CMD
144214    16:18:52 Rl+  99.8  0.2 python -u experiments/run_highway_experiments.py --phase train --envs merge-v0 intersection-v0 --algos dqn --seeds 0 1 2 3 4
144377    16:18:45 Rl+  1641  0.1 python -u experiments/run_highway_experiments.py --phase train --envs merge-v0 intersection-v0 --algos ppo --seeds 0 1 2 3 4
0 %, 0 %, 635 MiB, 32607 MiB
144214, python, 626 MiB
---
[2026-03-30 19:17:54]
   PID     ELAPSED STAT %CPU %MEM CMD
144214    16:19:52 Sl+  99.8  0.2 python -u experiments/run_highway_experiments.py --phase train --envs merge-v0 intersection-v0 --algos dqn --seeds 0 1 2 3 4
144377    16:19:45 Rl+  1641  0.1 python -u experiments/run_highway_experiments.py --phase train --envs merge-v0 intersection-v0 --algos ppo --seeds 0 1 2 3 4
0 %, 0 %, 635 MiB, 32607 MiB
144214, python, 626 MiB
---
[2026-03-30 19:18:54]
   PID     ELAPSED STAT %CPU %MEM CMD
144214    16:20:52 Rl+  99.8  0.2 python -u experiments/run_highway_experiments.py --phase train --envs merge-v0 intersection-v0 --algos dqn --seeds 0 1 2 3 4
144377    16:20:45 Rl+  1641  0.1 python -u experiments/run_highway_experiments.py --phase train --envs merge-v0 intersection-v0 --algos ppo --seeds 0 1 2 3 4
0 %, 0 %, 635 MiB, 32607 MiB
144214, python, 626 MiB
---
[2026-03-30 19:19:54]
   PID     ELAPSED STAT %CPU %MEM CMD
144214    16:21:52 Rl+  99.8  0.2 python -u experiments/run_highway_experiments.py --phase train --envs merge-v0 intersection-v0 --algos dqn --seeds 0 1 2 3 4
144377    16:21:45 Rl+  1641  0.1 python -u experiments/run_highway_experiments.py --phase train --envs merge-v0 intersection-v0 --algos ppo --seeds 0 1 2 3 4
0 %, 0 %, 635 MiB, 32607 MiB
144214, python, 626 MiB
---
[2026-03-30 19:20:54]
   PID     ELAPSED STAT %CPU %MEM CMD
144214    16:22:52 Rl+  99.8  0.2 python -u experiments/run_highway_experiments.py --phase train --envs merge-v0 intersection-v0 --algos dqn --seeds 0 1 2 3 4
144377    16:22:45 Rl+  1641  0.1 python -u experiments/run_highway_experiments.py --phase train --envs merge-v0 intersection-v0 --algos ppo --seeds 0 1 2 3 4
0 %, 0 %, 635 MiB, 32607 MiB
144214, python, 626 MiB
---
[2026-03-30 19:21:55]
   PID     ELAPSED STAT %CPU %MEM CMD
144214    16:23:52 Rl+  99.8  0.2 python -u experiments/run_highway_experiments.py --phase train --envs merge-v0 intersection-v0 --algos dqn --seeds 0 1 2 3 4
144377    16:23:45 Rl+  1641  0.1 python -u experiments/run_highway_experiments.py --phase train --envs merge-v0 intersection-v0 --algos ppo --seeds 0 1 2 3 4
0 %, 0 %, 635 MiB, 32607 MiB
144214, python, 626 MiB
---
[2026-03-30 19:22:55]
   PID     ELAPSED STAT %CPU %MEM CMD
144214    16:24:53 Rl+  99.8  0.2 python -u experiments/run_highway_experiments.py --phase train --envs merge-v0 intersection-v0 --algos dqn --seeds 0 1 2 3 4
144377    16:24:46 Sl+  1641  0.1 python -u experiments/run_highway_experiments.py --phase train --envs merge-v0 intersection-v0 --algos ppo --seeds 0 1 2 3 4
0 %, 0 %, 635 MiB, 32607 MiB
144214, python, 626 MiB
---
[2026-03-30 19:23:55]
   PID     ELAPSED STAT %CPU %MEM CMD
144214    16:25:53 Rl+  99.8  0.2 python -u experiments/run_highway_experiments.py --phase train --envs merge-v0 intersection-v0 --algos dqn --seeds 0 1 2 3 4
144377    16:25:46 Rl+  1640  0.1 python -u experiments/run_highway_experiments.py --phase train --envs merge-v0 intersection-v0 --algos ppo --seeds 0 1 2 3 4
0 %, 0 %, 635 MiB, 32607 MiB
144214, python, 626 MiB
---
[2026-03-30 19:24:55]
   PID     ELAPSED STAT %CPU %MEM CMD
144214    16:26:53 Rl+  99.8  0.2 python -u experiments/run_highway_experiments.py --phase train --envs merge-v0 intersection-v0 --algos dqn --seeds 0 1 2 3 4
144377    16:26:46 Rl+  1640  0.1 python -u experiments/run_highway_experiments.py --phase train --envs merge-v0 intersection-v0 --algos ppo --seeds 0 1 2 3 4
0 %, 0 %, 635 MiB, 32607 MiB
144214, python, 626 MiB
---
[2026-03-30 19:25:55]
   PID     ELAPSED STAT %CPU %MEM CMD
144214    16:27:53 Rl+  99.8  0.2 python -u experiments/run_highway_experiments.py --phase train --envs merge-v0 intersection-v0 --algos dqn --seeds 0 1 2 3 4
144377    16:27:46 Rl+  1640  0.1 python -u experiments/run_highway_experiments.py --phase train --envs merge-v0 intersection-v0 --algos ppo --seeds 0 1 2 3 4
0 %, 0 %, 635 MiB, 32607 MiB
144214, python, 626 MiB
---
[2026-03-30 19:26:55]
   PID     ELAPSED STAT %CPU %MEM CMD
144214    16:28:53 Rl+  99.8  0.2 python -u experiments/run_highway_experiments.py --phase train --envs merge-v0 intersection-v0 --algos dqn --seeds 0 1 2 3 4
144377    16:28:46 Rl+  1640  0.1 python -u experiments/run_highway_experiments.py --phase train --envs merge-v0 intersection-v0 --algos ppo --seeds 0 1 2 3 4
0 %, 0 %, 635 MiB, 32607 MiB
144214, python, 626 MiB
---
[2026-03-30 19:27:55]
   PID     ELAPSED STAT %CPU %MEM CMD
144214    16:29:53 Rl+  99.8  0.2 python -u experiments/run_highway_experiments.py --phase train --envs merge-v0 intersection-v0 --algos dqn --seeds 0 1 2 3 4
144377    16:29:46 Rl+  1640  0.1 python -u experiments/run_highway_experiments.py --phase train --envs merge-v0 intersection-v0 --algos ppo --seeds 0 1 2 3 4
0 %, 0 %, 635 MiB, 32607 MiB
144214, python, 626 MiB
---
[2026-03-30 19:28:56]
   PID     ELAPSED STAT %CPU %MEM CMD
144214    16:30:54 Rl+  99.8  0.2 python -u experiments/run_highway_experiments.py --phase train --envs merge-v0 intersection-v0 --algos dqn --seeds 0 1 2 3 4
144377    16:30:47 Rl+  1640  0.1 python -u experiments/run_highway_experiments.py --phase train --envs merge-v0 intersection-v0 --algos ppo --seeds 0 1 2 3 4
0 %, 0 %, 635 MiB, 32607 MiB
144214, python, 626 MiB
---
[2026-03-30 19:29:56]
   PID     ELAPSED STAT %CPU %MEM CMD
144214    16:31:54 Rl+  99.8  0.2 python -u experiments/run_highway_experiments.py --phase train --envs merge-v0 intersection-v0 --algos dqn --seeds 0 1 2 3 4
144377    16:31:47 Rl+  1640  0.1 python -u experiments/run_highway_experiments.py --phase train --envs merge-v0 intersection-v0 --algos ppo --seeds 0 1 2 3 4
0 %, 0 %, 635 MiB, 32607 MiB
144214, python, 626 MiB
---
[2026-03-30 19:30:56]
   PID     ELAPSED STAT %CPU %MEM CMD
144214    16:32:54 Rl+  99.8  0.2 python -u experiments/run_highway_experiments.py --phase train --envs merge-v0 intersection-v0 --algos dqn --seeds 0 1 2 3 4
144377    16:32:47 Rl+  1640  0.1 python -u experiments/run_highway_experiments.py --phase train --envs merge-v0 intersection-v0 --algos ppo --seeds 0 1 2 3 4
0 %, 0 %, 635 MiB, 32607 MiB
144214, python, 626 MiB
---
[2026-03-30 19:31:56]
   PID     ELAPSED STAT %CPU %MEM CMD
144214    16:33:54 Rl+  99.8  0.2 python -u experiments/run_highway_experiments.py --phase train --envs merge-v0 intersection-v0 --algos dqn --seeds 0 1 2 3 4
144377    16:33:47 Rl+  1640  0.1 python -u experiments/run_highway_experiments.py --phase train --envs merge-v0 intersection-v0 --algos ppo --seeds 0 1 2 3 4
0 %, 0 %, 635 MiB, 32607 MiB
144214, python, 626 MiB
---
[2026-03-30 19:32:56]
   PID     ELAPSED STAT %CPU %MEM CMD
144214    16:34:54 Rl+  99.8  0.2 python -u experiments/run_highway_experiments.py --phase train --envs merge-v0 intersection-v0 --algos dqn --seeds 0 1 2 3 4
144377    16:34:47 Rl+  1640  0.1 python -u experiments/run_highway_experiments.py --phase train --envs merge-v0 intersection-v0 --algos ppo --seeds 0 1 2 3 4
0 %, 0 %, 635 MiB, 32607 MiB
144214, python, 626 MiB
---
[2026-03-30 19:33:57]
   PID     ELAPSED STAT %CPU %MEM CMD
144214    16:35:54 Rl+  99.8  0.2 python -u experiments/run_highway_experiments.py --phase train --envs merge-v0 intersection-v0 --algos dqn --seeds 0 1 2 3 4
144377    16:35:47 Rl+  1640  0.1 python -u experiments/run_highway_experiments.py --phase train --envs merge-v0 intersection-v0 --algos ppo --seeds 0 1 2 3 4
0 %, 0 %, 635 MiB, 32607 MiB
144214, python, 626 MiB
---
[2026-03-30 19:34:57]
   PID     ELAPSED STAT %CPU %MEM CMD
144214    16:36:55 Rl+  99.8  0.2 python -u experiments/run_highway_experiments.py --phase train --envs merge-v0 intersection-v0 --algos dqn --seeds 0 1 2 3 4
144377    16:36:48 Rl+  1640  0.1 python -u experiments/run_highway_experiments.py --phase train --envs merge-v0 intersection-v0 --algos ppo --seeds 0 1 2 3 4
0 %, 0 %, 635 MiB, 32607 MiB
144214, python, 626 MiB
---
[2026-03-30 19:35:57]
   PID     ELAPSED STAT %CPU %MEM CMD
144214    16:37:55 Rl+  99.8  0.2 python -u experiments/run_highway_experiments.py --phase train --envs merge-v0 intersection-v0 --algos dqn --seeds 0 1 2 3 4
144377    16:37:48 Rl+  1640  0.1 python -u experiments/run_highway_experiments.py --phase train --envs merge-v0 intersection-v0 --algos ppo --seeds 0 1 2 3 4
0 %, 0 %, 635 MiB, 32607 MiB
144214, python, 626 MiB
---
[2026-03-30 19:36:57]
   PID     ELAPSED STAT %CPU %MEM CMD
144214    16:38:55 Rl+  99.8  0.2 python -u experiments/run_highway_experiments.py --phase train --envs merge-v0 intersection-v0 --algos dqn --seeds 0 1 2 3 4
144377    16:38:48 Rl+  1640  0.1 python -u experiments/run_highway_experiments.py --phase train --envs merge-v0 intersection-v0 --algos ppo --seeds 0 1 2 3 4
0 %, 0 %, 635 MiB, 32607 MiB
144214, python, 626 MiB
---
[2026-03-30 19:37:57]
   PID     ELAPSED STAT %CPU %MEM CMD
144214    16:39:55 Rl+  99.8  0.2 python -u experiments/run_highway_experiments.py --phase train --envs merge-v0 intersection-v0 --algos dqn --seeds 0 1 2 3 4
144377    16:39:48 Rl+  1640  0.1 python -u experiments/run_highway_experiments.py --phase train --envs merge-v0 intersection-v0 --algos ppo --seeds 0 1 2 3 4
0 %, 0 %, 635 MiB, 32607 MiB
144214, python, 626 MiB
---
[2026-03-30 19:38:57]
   PID     ELAPSED STAT %CPU %MEM CMD
144214    16:40:55 Rl+  99.8  0.2 python -u experiments/run_highway_experiments.py --phase train --envs merge-v0 intersection-v0 --algos dqn --seeds 0 1 2 3 4
144377    16:40:48 Rl+  1640  0.1 python -u experiments/run_highway_experiments.py --phase train --envs merge-v0 intersection-v0 --algos ppo --seeds 0 1 2 3 4
0 %, 0 %, 635 MiB, 32607 MiB
144214, python, 626 MiB
---
[2026-03-30 19:39:58]
   PID     ELAPSED STAT %CPU %MEM CMD
144214    16:41:55 Rl+  99.8  0.2 python -u experiments/run_highway_experiments.py --phase train --envs merge-v0 intersection-v0 --algos dqn --seeds 0 1 2 3 4
144377    16:41:48 Rl+  1640  0.1 python -u experiments/run_highway_experiments.py --phase train --envs merge-v0 intersection-v0 --algos ppo --seeds 0 1 2 3 4
0 %, 0 %, 635 MiB, 32607 MiB
144214, python, 626 MiB
---
[2026-03-30 19:40:58]
   PID     ELAPSED STAT %CPU %MEM CMD
144214    16:42:56 Rl+  99.8  0.2 python -u experiments/run_highway_experiments.py --phase train --envs merge-v0 intersection-v0 --algos dqn --seeds 0 1 2 3 4
144377    16:42:49 Rl+  1640  0.1 python -u experiments/run_highway_experiments.py --phase train --envs merge-v0 intersection-v0 --algos ppo --seeds 0 1 2 3 4
0 %, 0 %, 635 MiB, 32607 MiB
144214, python, 626 MiB
---
[2026-03-30 19:41:58]
   PID     ELAPSED STAT %CPU %MEM CMD
144214    16:43:56 Rl+  99.8  0.2 python -u experiments/run_highway_experiments.py --phase train --envs merge-v0 intersection-v0 --algos dqn --seeds 0 1 2 3 4
144377    16:43:49 Rl+  1640  0.1 python -u experiments/run_highway_experiments.py --phase train --envs merge-v0 intersection-v0 --algos ppo --seeds 0 1 2 3 4
0 %, 0 %, 635 MiB, 32607 MiB
144214, python, 626 MiB
---
[2026-03-30 19:42:58]
   PID     ELAPSED STAT %CPU %MEM CMD
144214    16:44:56 Rl+  99.8  0.2 python -u experiments/run_highway_experiments.py --phase train --envs merge-v0 intersection-v0 --algos dqn --seeds 0 1 2 3 4
144377    16:44:49 Rl+  1640  0.1 python -u experiments/run_highway_experiments.py --phase train --envs merge-v0 intersection-v0 --algos ppo --seeds 0 1 2 3 4
0 %, 0 %, 635 MiB, 32607 MiB
144214, python, 626 MiB
---
[2026-03-30 19:43:58]
   PID     ELAPSED STAT %CPU %MEM CMD
144214    16:45:56 Rl+  99.8  0.2 python -u experiments/run_highway_experiments.py --phase train --envs merge-v0 intersection-v0 --algos dqn --seeds 0 1 2 3 4
144377    16:45:49 Rl+  1640  0.1 python -u experiments/run_highway_experiments.py --phase train --envs merge-v0 intersection-v0 --algos ppo --seeds 0 1 2 3 4
0 %, 0 %, 635 MiB, 32607 MiB
144214, python, 626 MiB
---
[2026-03-30 19:44:58]
   PID     ELAPSED STAT %CPU %MEM CMD
144214    16:46:56 Rl+  99.8  0.2 python -u experiments/run_highway_experiments.py --phase train --envs merge-v0 intersection-v0 --algos dqn --seeds 0 1 2 3 4
144377    16:46:49 Rl+  1640  0.1 python -u experiments/run_highway_experiments.py --phase train --envs merge-v0 intersection-v0 --algos ppo --seeds 0 1 2 3 4
0 %, 0 %, 635 MiB, 32607 MiB
144214, python, 626 MiB
---
[2026-03-30 19:45:59]
   PID     ELAPSED STAT %CPU %MEM CMD
144214    16:47:56 Rl+  99.8  0.2 python -u experiments/run_highway_experiments.py --phase train --envs merge-v0 intersection-v0 --algos dqn --seeds 0 1 2 3 4
144377    16:47:49 Rl+  1640  0.1 python -u experiments/run_highway_experiments.py --phase train --envs merge-v0 intersection-v0 --algos ppo --seeds 0 1 2 3 4
0 %, 0 %, 635 MiB, 32607 MiB
144214, python, 626 MiB
---
[2026-03-30 19:46:59]
   PID     ELAPSED STAT %CPU %MEM CMD
144214    16:48:57 Rl+  99.8  0.2 python -u experiments/run_highway_experiments.py --phase train --envs merge-v0 intersection-v0 --algos dqn --seeds 0 1 2 3 4
144377    16:48:50 Rl+  1640  0.1 python -u experiments/run_highway_experiments.py --phase train --envs merge-v0 intersection-v0 --algos ppo --seeds 0 1 2 3 4
0 %, 0 %, 635 MiB, 32607 MiB
144214, python, 626 MiB
---
[2026-03-30 19:47:59]
   PID     ELAPSED STAT %CPU %MEM CMD
144214    16:49:57 Rl+  99.8  0.2 python -u experiments/run_highway_experiments.py --phase train --envs merge-v0 intersection-v0 --algos dqn --seeds 0 1 2 3 4
144377    16:49:50 Rl+  1640  0.1 python -u experiments/run_highway_experiments.py --phase train --envs merge-v0 intersection-v0 --algos ppo --seeds 0 1 2 3 4
0 %, 0 %, 635 MiB, 32607 MiB
144214, python, 626 MiB
---
[2026-03-30 19:48:59]
   PID     ELAPSED STAT %CPU %MEM CMD
144214    16:50:57 Rl+  99.8  0.2 python -u experiments/run_highway_experiments.py --phase train --envs merge-v0 intersection-v0 --algos dqn --seeds 0 1 2 3 4
144377    16:50:50 Rl+  1640  0.1 python -u experiments/run_highway_experiments.py --phase train --envs merge-v0 intersection-v0 --algos ppo --seeds 0 1 2 3 4
0 %, 0 %, 635 MiB, 32607 MiB
144214, python, 626 MiB
---
[2026-03-30 19:49:59]
   PID     ELAPSED STAT %CPU %MEM CMD
144214    16:51:57 Rl+  99.8  0.2 python -u experiments/run_highway_experiments.py --phase train --envs merge-v0 intersection-v0 --algos dqn --seeds 0 1 2 3 4
144377    16:51:50 Rl+  1640  0.1 python -u experiments/run_highway_experiments.py --phase train --envs merge-v0 intersection-v0 --algos ppo --seeds 0 1 2 3 4
0 %, 0 %, 635 MiB, 32607 MiB
144214, python, 626 MiB
---
[2026-03-30 19:50:59]
   PID     ELAPSED STAT %CPU %MEM CMD
144214    16:52:57 Rl+  99.8  0.2 python -u experiments/run_highway_experiments.py --phase train --envs merge-v0 intersection-v0 --algos dqn --seeds 0 1 2 3 4
144377    16:52:50 Rl+  1640  0.1 python -u experiments/run_highway_experiments.py --phase train --envs merge-v0 intersection-v0 --algos ppo --seeds 0 1 2 3 4
0 %, 0 %, 635 MiB, 32607 MiB
144214, python, 626 MiB
---
[2026-03-30 19:52:00]
   PID     ELAPSED STAT %CPU %MEM CMD
144214    16:53:58 Rl+  99.8  0.2 python -u experiments/run_highway_experiments.py --phase train --envs merge-v0 intersection-v0 --algos dqn --seeds 0 1 2 3 4
144377    16:53:51 Rl+  1640  0.1 python -u experiments/run_highway_experiments.py --phase train --envs merge-v0 intersection-v0 --algos ppo --seeds 0 1 2 3 4
0 %, 0 %, 635 MiB, 32607 MiB
144214, python, 626 MiB
---
[2026-03-30 19:53:00]
   PID     ELAPSED STAT %CPU %MEM CMD
144214    16:54:58 Rl+  99.8  0.2 python -u experiments/run_highway_experiments.py --phase train --envs merge-v0 intersection-v0 --algos dqn --seeds 0 1 2 3 4
144377    16:54:51 Rl+  1640  0.1 python -u experiments/run_highway_experiments.py --phase train --envs merge-v0 intersection-v0 --algos ppo --seeds 0 1 2 3 4
0 %, 0 %, 635 MiB, 32607 MiB
144214, python, 626 MiB
---
[2026-03-30 19:54:00]
   PID     ELAPSED STAT %CPU %MEM CMD
144214    16:55:58 Rl+  99.8  0.2 python -u experiments/run_highway_experiments.py --phase train --envs merge-v0 intersection-v0 --algos dqn --seeds 0 1 2 3 4
144377    16:55:51 Rl+  1640  0.1 python -u experiments/run_highway_experiments.py --phase train --envs merge-v0 intersection-v0 --algos ppo --seeds 0 1 2 3 4
0 %, 0 %, 635 MiB, 32607 MiB
144214, python, 626 MiB
---
[2026-03-30 19:55:00]
   PID     ELAPSED STAT %CPU %MEM CMD
144214    16:56:58 Rl+  99.8  0.2 python -u experiments/run_highway_experiments.py --phase train --envs merge-v0 intersection-v0 --algos dqn --seeds 0 1 2 3 4
144377    16:56:51 Sl+  1639  0.1 python -u experiments/run_highway_experiments.py --phase train --envs merge-v0 intersection-v0 --algos ppo --seeds 0 1 2 3 4
0 %, 0 %, 635 MiB, 32607 MiB
144214, python, 626 MiB
---
[2026-03-30 19:56:00]
   PID     ELAPSED STAT %CPU %MEM CMD
144214    16:57:58 Rl+  99.8  0.2 python -u experiments/run_highway_experiments.py --phase train --envs merge-v0 intersection-v0 --algos dqn --seeds 0 1 2 3 4
144377    16:57:51 Rl+  1639  0.1 python -u experiments/run_highway_experiments.py --phase train --envs merge-v0 intersection-v0 --algos ppo --seeds 0 1 2 3 4
0 %, 0 %, 635 MiB, 32607 MiB
144214, python, 626 MiB
---
[2026-03-30 19:57:00]
   PID     ELAPSED STAT %CPU %MEM CMD
144214    16:58:58 Rl+  99.8  0.2 python -u experiments/run_highway_experiments.py --phase train --envs merge-v0 intersection-v0 --algos dqn --seeds 0 1 2 3 4
144377    16:58:51 Rl+  1639  0.1 python -u experiments/run_highway_experiments.py --phase train --envs merge-v0 intersection-v0 --algos ppo --seeds 0 1 2 3 4
0 %, 0 %, 635 MiB, 32607 MiB
144214, python, 626 MiB
---
[2026-03-30 19:58:01]
   PID     ELAPSED STAT %CPU %MEM CMD
144214    16:59:59 Rl+  99.8  0.2 python -u experiments/run_highway_experiments.py --phase train --envs merge-v0 intersection-v0 --algos dqn --seeds 0 1 2 3 4
144377    16:59:52 Rl+  1639  0.1 python -u experiments/run_highway_experiments.py --phase train --envs merge-v0 intersection-v0 --algos ppo --seeds 0 1 2 3 4
0 %, 0 %, 635 MiB, 32607 MiB
144214, python, 626 MiB
---
[2026-03-30 19:59:01]
   PID     ELAPSED STAT %CPU %MEM CMD
144214    17:00:59 Rl+  99.8  0.2 python -u experiments/run_highway_experiments.py --phase train --envs merge-v0 intersection-v0 --algos dqn --seeds 0 1 2 3 4
144377    17:00:52 Rl+  1639  0.1 python -u experiments/run_highway_experiments.py --phase train --envs merge-v0 intersection-v0 --algos ppo --seeds 0 1 2 3 4
0 %, 0 %, 635 MiB, 32607 MiB
144214, python, 626 MiB
---
[2026-03-30 20:00:01]
   PID     ELAPSED STAT %CPU %MEM CMD
144214    17:01:59 Rl+  99.8  0.2 python -u experiments/run_highway_experiments.py --phase train --envs merge-v0 intersection-v0 --algos dqn --seeds 0 1 2 3 4
144377    17:01:52 Rl+  1639  0.1 python -u experiments/run_highway_experiments.py --phase train --envs merge-v0 intersection-v0 --algos ppo --seeds 0 1 2 3 4
0 %, 0 %, 635 MiB, 32607 MiB
144214, python, 626 MiB
---
[2026-03-30 20:01:01]
   PID     ELAPSED STAT %CPU %MEM CMD
144214    17:02:59 Rl+  99.8  0.2 python -u experiments/run_highway_experiments.py --phase train --envs merge-v0 intersection-v0 --algos dqn --seeds 0 1 2 3 4
144377    17:02:52 Rl+  1639  0.1 python -u experiments/run_highway_experiments.py --phase train --envs merge-v0 intersection-v0 --algos ppo --seeds 0 1 2 3 4
0 %, 0 %, 635 MiB, 32607 MiB
144214, python, 626 MiB
---
[2026-03-30 20:02:01]
   PID     ELAPSED STAT %CPU %MEM CMD
144214    17:03:59 Rl+  99.8  0.2 python -u experiments/run_highway_experiments.py --phase train --envs merge-v0 intersection-v0 --algos dqn --seeds 0 1 2 3 4
144377    17:03:52 Rl+  1639  0.1 python -u experiments/run_highway_experiments.py --phase train --envs merge-v0 intersection-v0 --algos ppo --seeds 0 1 2 3 4
0 %, 0 %, 635 MiB, 32607 MiB
144214, python, 626 MiB
---
[2026-03-30 20:03:01]
   PID     ELAPSED STAT %CPU %MEM CMD
144214    17:04:59 Rl+  99.8  0.2 python -u experiments/run_highway_experiments.py --phase train --envs merge-v0 intersection-v0 --algos dqn --seeds 0 1 2 3 4
144377    17:04:52 Rl+  1639  0.1 python -u experiments/run_highway_experiments.py --phase train --envs merge-v0 intersection-v0 --algos ppo --seeds 0 1 2 3 4
0 %, 0 %, 635 MiB, 32607 MiB
144214, python, 626 MiB
---
[2026-03-30 20:04:02]
   PID     ELAPSED STAT %CPU %MEM CMD
144214    17:06:00 Rl+  99.8  0.2 python -u experiments/run_highway_experiments.py --phase train --envs merge-v0 intersection-v0 --algos dqn --seeds 0 1 2 3 4
144377    17:05:53 Rl+  1639  0.1 python -u experiments/run_highway_experiments.py --phase train --envs merge-v0 intersection-v0 --algos ppo --seeds 0 1 2 3 4
0 %, 0 %, 635 MiB, 32607 MiB
144214, python, 626 MiB
---
[2026-03-30 20:05:02]
   PID     ELAPSED STAT %CPU %MEM CMD
144214    17:07:00 Rl+  99.8  0.2 python -u experiments/run_highway_experiments.py --phase train --envs merge-v0 intersection-v0 --algos dqn --seeds 0 1 2 3 4
144377    17:06:53 Rl+  1639  0.1 python -u experiments/run_highway_experiments.py --phase train --envs merge-v0 intersection-v0 --algos ppo --seeds 0 1 2 3 4
0 %, 0 %, 635 MiB, 32607 MiB
144214, python, 626 MiB
---
[2026-03-30 20:06:02]
   PID     ELAPSED STAT %CPU %MEM CMD
144214    17:08:00 Rl+  99.8  0.2 python -u experiments/run_highway_experiments.py --phase train --envs merge-v0 intersection-v0 --algos dqn --seeds 0 1 2 3 4
144377    17:07:53 Rl+  1639  0.1 python -u experiments/run_highway_experiments.py --phase train --envs merge-v0 intersection-v0 --algos ppo --seeds 0 1 2 3 4
0 %, 0 %, 635 MiB, 32607 MiB
144214, python, 626 MiB
---
[2026-03-30 20:07:02]
   PID     ELAPSED STAT %CPU %MEM CMD
144214    17:09:00 Rl+  99.8  0.2 python -u experiments/run_highway_experiments.py --phase train --envs merge-v0 intersection-v0 --algos dqn --seeds 0 1 2 3 4
144377    17:08:53 Rl+  1639  0.1 python -u experiments/run_highway_experiments.py --phase train --envs merge-v0 intersection-v0 --algos ppo --seeds 0 1 2 3 4
0 %, 0 %, 635 MiB, 32607 MiB
144214, python, 626 MiB
---
[2026-03-30 20:08:02]
   PID     ELAPSED STAT %CPU %MEM CMD
144214    17:10:00 Rl+  99.8  0.2 python -u experiments/run_highway_experiments.py --phase train --envs merge-v0 intersection-v0 --algos dqn --seeds 0 1 2 3 4
144377    17:09:53 Rl+  1639  0.1 python -u experiments/run_highway_experiments.py --phase train --envs merge-v0 intersection-v0 --algos ppo --seeds 0 1 2 3 4
0 %, 0 %, 635 MiB, 32607 MiB
144214, python, 626 MiB
---
[2026-03-30 20:09:02]
   PID     ELAPSED STAT %CPU %MEM CMD
144214    17:11:00 Rl+  99.8  0.2 python -u experiments/run_highway_experiments.py --phase train --envs merge-v0 intersection-v0 --algos dqn --seeds 0 1 2 3 4
144377    17:10:53 Rl+  1639  0.1 python -u experiments/run_highway_experiments.py --phase train --envs merge-v0 intersection-v0 --algos ppo --seeds 0 1 2 3 4
0 %, 0 %, 635 MiB, 32607 MiB
144214, python, 626 MiB
---
[2026-03-30 20:10:03]
   PID     ELAPSED STAT %CPU %MEM CMD
144214    17:12:01 Rl+  99.8  0.2 python -u experiments/run_highway_experiments.py --phase train --envs merge-v0 intersection-v0 --algos dqn --seeds 0 1 2 3 4
144377    17:11:54 Rl+  1639  0.1 python -u experiments/run_highway_experiments.py --phase train --envs merge-v0 intersection-v0 --algos ppo --seeds 0 1 2 3 4
0 %, 0 %, 635 MiB, 32607 MiB
144214, python, 626 MiB
---
[2026-03-30 20:11:03]
   PID     ELAPSED STAT %CPU %MEM CMD
144214    17:13:01 Rl+  99.8  0.2 python -u experiments/run_highway_experiments.py --phase train --envs merge-v0 intersection-v0 --algos dqn --seeds 0 1 2 3 4
144377    17:12:54 Rl+  1639  0.1 python -u experiments/run_highway_experiments.py --phase train --envs merge-v0 intersection-v0 --algos ppo --seeds 0 1 2 3 4
0 %, 0 %, 635 MiB, 32607 MiB
144214, python, 626 MiB
---
[2026-03-30 20:12:03]
   PID     ELAPSED STAT %CPU %MEM CMD
144214    17:14:01 Rl+  99.8  0.2 python -u experiments/run_highway_experiments.py --phase train --envs merge-v0 intersection-v0 --algos dqn --seeds 0 1 2 3 4
144377    17:13:54 Rl+  1639  0.1 python -u experiments/run_highway_experiments.py --phase train --envs merge-v0 intersection-v0 --algos ppo --seeds 0 1 2 3 4
0 %, 0 %, 635 MiB, 32607 MiB
144214, python, 626 MiB
---
[2026-03-30 20:13:03]
   PID     ELAPSED STAT %CPU %MEM CMD
144214    17:15:01 Rl+  99.8  0.2 python -u experiments/run_highway_experiments.py --phase train --envs merge-v0 intersection-v0 --algos dqn --seeds 0 1 2 3 4
144377    17:14:54 Rl+  1639  0.1 python -u experiments/run_highway_experiments.py --phase train --envs merge-v0 intersection-v0 --algos ppo --seeds 0 1 2 3 4
0 %, 0 %, 635 MiB, 32607 MiB
144214, python, 626 MiB
---
[2026-03-30 20:14:03]
   PID     ELAPSED STAT %CPU %MEM CMD
144214    17:16:01 Rl+  99.8  0.2 python -u experiments/run_highway_experiments.py --phase train --envs merge-v0 intersection-v0 --algos dqn --seeds 0 1 2 3 4
144377    17:15:54 Rl+  1639  0.1 python -u experiments/run_highway_experiments.py --phase train --envs merge-v0 intersection-v0 --algos ppo --seeds 0 1 2 3 4
0 %, 0 %, 635 MiB, 32607 MiB
144214, python, 626 MiB
---
[2026-03-30 20:15:04]
   PID     ELAPSED STAT %CPU %MEM CMD
144214    17:17:01 Rl+  99.8  0.2 python -u experiments/run_highway_experiments.py --phase train --envs merge-v0 intersection-v0 --algos dqn --seeds 0 1 2 3 4
144377    17:16:54 Rl+  1639  0.1 python -u experiments/run_highway_experiments.py --phase train --envs merge-v0 intersection-v0 --algos ppo --seeds 0 1 2 3 4
0 %, 0 %, 635 MiB, 32607 MiB
144214, python, 626 MiB
---
[2026-03-30 20:16:04]
   PID     ELAPSED STAT %CPU %MEM CMD
144214    17:18:02 Rl+  99.8  0.2 python -u experiments/run_highway_experiments.py --phase train --envs merge-v0 intersection-v0 --algos dqn --seeds 0 1 2 3 4
144377    17:17:55 Rl+  1639  0.1 python -u experiments/run_highway_experiments.py --phase train --envs merge-v0 intersection-v0 --algos ppo --seeds 0 1 2 3 4
0 %, 0 %, 635 MiB, 32607 MiB
144214, python, 626 MiB
---
[2026-03-30 20:17:04]
   PID     ELAPSED STAT %CPU %MEM CMD
144214    17:19:02 Rl+  99.8  0.2 python -u experiments/run_highway_experiments.py --phase train --envs merge-v0 intersection-v0 --algos dqn --seeds 0 1 2 3 4
144377    17:18:55 Rl+  1639  0.1 python -u experiments/run_highway_experiments.py --phase train --envs merge-v0 intersection-v0 --algos ppo --seeds 0 1 2 3 4
0 %, 0 %, 635 MiB, 32607 MiB
144214, python, 626 MiB
---
[2026-03-30 20:18:04]
   PID     ELAPSED STAT %CPU %MEM CMD
144214    17:20:02 Rl+  99.8  0.2 python -u experiments/run_highway_experiments.py --phase train --envs merge-v0 intersection-v0 --algos dqn --seeds 0 1 2 3 4
144377    17:19:55 Rl+  1639  0.1 python -u experiments/run_highway_experiments.py --phase train --envs merge-v0 intersection-v0 --algos ppo --seeds 0 1 2 3 4
0 %, 0 %, 635 MiB, 32607 MiB
144214, python, 626 MiB
---
[2026-03-30 20:19:04]
   PID     ELAPSED STAT %CPU %MEM CMD
144214    17:21:02 Rl+  99.8  0.2 python -u experiments/run_highway_experiments.py --phase train --envs merge-v0 intersection-v0 --algos dqn --seeds 0 1 2 3 4
144377    17:20:55 Rl+  1639  0.1 python -u experiments/run_highway_experiments.py --phase train --envs merge-v0 intersection-v0 --algos ppo --seeds 0 1 2 3 4
0 %, 0 %, 635 MiB, 32607 MiB
144214, python, 626 MiB
---
