/root/Textual-Rule-Explanations-of-Reinforcement-Learning/.venv/lib/python3.12/site-packages/pygame/pkgdata.py:25: UserWarning: pkg_resources is deprecated as an API. See https://setuptools.pypa.io/en/latest/pkg_resources.html. The pkg_resources package is slated for removal as early as 2025-11-30. Refrain from using this package or pin to Setuptools<81.
  from pkg_resources import resource_stream, resource_exists

############################################################
  PHASE: REPLAY
############################################################

  Collecting replay for merge-v0_dqn_seed0...
/root/Textual-Rule-Explanations-of-Reinforcement-Learning/.venv/lib/python3.12/site-packages/pygame/pkgdata.py:25: UserWarning: pkg_resources is deprecated as an API. See https://setuptools.pypa.io/en/latest/pkg_resources.html. The pkg_resources package is slated for removal as early as 2025-11-30. Refrain from using this package or pin to Setuptools<81.
  from pkg_resources import resource_stream, resource_exists

############################################################
  PHASE: REPLAY
############################################################

  Collecting replay for merge-v0_dqn_seed0...
    1699 transitions, reward=14.72+/-0.49
  Collecting replay for merge-v0_dqn_seed1...
    1699 transitions, reward=14.72+/-0.49
  Collecting replay for merge-v0_dqn_seed1...
    1699 transitions, reward=14.56+/-0.46
  Collecting replay for merge-v0_dqn_seed2...
    1699 transitions, reward=14.56+/-0.46
  Collecting replay for merge-v0_dqn_seed2...
    1697 transitions, reward=14.72+/-0.60
  Collecting replay for merge-v0_ppo_seed0...
    1697 transitions, reward=14.72+/-0.60
  Collecting replay for merge-v0_ppo_seed0...
    1692 transitions, reward=13.86+/-1.31
  Collecting replay for merge-v0_ppo_seed1...
    1692 transitions, reward=13.86+/-1.31
  Collecting replay for merge-v0_ppo_seed1...
    1673 transitions, reward=13.67+/-1.38
  Collecting replay for merge-v0_ppo_seed2...
    1673 transitions, reward=13.67+/-1.38
  Collecting replay for merge-v0_ppo_seed2...
    1694 transitions, reward=14.01+/-1.26
  Collecting replay for intersection-v0_dqn_seed0...
/root/Textual-Rule-Explanations-of-Reinforcement-Learning/.venv/lib/python3.12/site-packages/gymnasium/envs/registration.py:512: DeprecationWarning: [33mWARN: The environment intersection-v0 is out of date. You should consider upgrading to version `v1`.[0m
  logger.deprecation(
    362 transitions, reward=1.24+/-3.61
  Collecting replay for intersection-v0_dqn_seed1...
    1694 transitions, reward=14.01+/-1.26
  [SKIP] intersection-v0_dqn_seed0 — replay exists
  Collecting replay for intersection-v0_dqn_seed1...
/root/Textual-Rule-Explanations-of-Reinforcement-Learning/.venv/lib/python3.12/site-packages/gymnasium/envs/registration.py:512: DeprecationWarning: [33mWARN: The environment intersection-v0 is out of date. You should consider upgrading to version `v1`.[0m
  logger.deprecation(
    395 transitions, reward=2.21+/-3.30
  Collecting replay for intersection-v0_dqn_seed2...
    395 transitions, reward=2.21+/-3.30
  Collecting replay for intersection-v0_dqn_seed2...
    372 transitions, reward=1.60+/-3.36
  Collecting replay for intersection-v0_ppo_seed0...
    372 transitions, reward=1.60+/-3.36
  Collecting replay for intersection-v0_ppo_seed0...
    354 transitions, reward=1.34+/-3.48
  Collecting replay for intersection-v0_ppo_seed1...
    354 transitions, reward=1.34+/-3.48
  Collecting replay for intersection-v0_ppo_seed1...
    400 transitions, reward=2.03+/-3.37
  Collecting replay for intersection-v0_ppo_seed2...
    400 transitions, reward=2.03+/-3.37
  Collecting replay for intersection-v0_ppo_seed2...
    374 transitions, reward=1.27+/-3.49

Replay collection complete.

============================================================
  Pipeline complete in 226s (3.8min)
============================================================
/root/Textual-Rule-Explanations-of-Reinforcement-Learning/.venv/lib/python3.12/site-packages/pygame/pkgdata.py:25: UserWarning: pkg_resources is deprecated as an API. See https://setuptools.pypa.io/en/latest/pkg_resources.html. The pkg_resources package is slated for removal as early as 2025-11-30. Refrain from using this package or pin to Setuptools<81.
  from pkg_resources import resource_stream, resource_exists

############################################################
  PHASE: EXPLAIN
############################################################

    374 transitions, reward=1.27+/-3.49

Replay collection complete.

============================================================
  Pipeline complete in 213s (3.6min)
============================================================
/root/Textual-Rule-Explanations-of-Reinforcement-Learning/.venv/lib/python3.12/site-packages/pygame/pkgdata.py:25: UserWarning: pkg_resources is deprecated as an API. See https://setuptools.pypa.io/en/latest/pkg_resources.html. The pkg_resources package is slated for removal as early as 2025-11-30. Refrain from using this package or pin to Setuptools<81.
  from pkg_resources import resource_stream, resource_exists

############################################################
  PHASE: EXPLAIN
############################################################

  [merge-v0_dqn] ps0_cbs reruns=10
  [merge-v0_dqn] ps0_cbs reruns=10
  [merge-v0_dqn] ps0_b3_vote reruns=10
  [merge-v0_dqn] ps0_b3_vote reruns=10
  [merge-v0_dqn] ps0_dt reruns=10
  [merge-v0_dqn] ps1_cbs reruns=10
  [merge-v0_dqn] ps0_dt reruns=10
  [merge-v0_dqn] ps1_cbs reruns=10
  [merge-v0_dqn] ps1_b3_vote reruns=10
  [merge-v0_dqn] ps1_b3_vote reruns=10
  [merge-v0_dqn] ps1_dt reruns=10
  [merge-v0_dqn] ps2_cbs reruns=10
  [merge-v0_dqn] ps1_dt reruns=10
  [merge-v0_dqn] ps2_cbs reruns=10
  [merge-v0_dqn] ps2_b3_vote reruns=10
  [merge-v0_dqn] ps2_b3_vote reruns=10
  [merge-v0_dqn] ps2_dt reruns=10
  [merge-v0_dqn] ps2_dt reruns=10
  [merge-v0_ppo] ps0_cbs reruns=10
  [merge-v0_ppo] ps0_cbs reruns=10
  [merge-v0_ppo] ps0_b3_vote reruns=10
  [merge-v0_ppo] ps0_b3_vote reruns=10
  [merge-v0_ppo] ps0_dt reruns=10
  [merge-v0_ppo] ps1_cbs reruns=10
  [merge-v0_ppo] ps0_dt reruns=10
  [merge-v0_ppo] ps1_cbs reruns=10
  [merge-v0_ppo] ps1_b3_vote reruns=10
  [merge-v0_ppo] ps1_b3_vote reruns=10
  [merge-v0_ppo] ps1_dt reruns=10
  [merge-v0_ppo] ps2_cbs reruns=10
  [merge-v0_ppo] ps1_dt reruns=10
  [merge-v0_ppo] ps2_cbs reruns=10
  [merge-v0_ppo] ps2_b3_vote reruns=10
  [merge-v0_ppo] ps2_b3_vote reruns=10
  [merge-v0_ppo] ps2_dt reruns=10
  [intersection-v0_dqn] ps0_cbs reruns=10
  [merge-v0_ppo] ps2_dt reruns=10
  [intersection-v0_dqn] ps0_cbs reruns=10
  [intersection-v0_dqn] ps0_b3_vote reruns=10
  [intersection-v0_dqn] ps0_b3_vote reruns=10
  [intersection-v0_dqn] ps0_dt reruns=10
  [intersection-v0_dqn] ps0_dt reruns=10
  [intersection-v0_dqn] ps1_cbs reruns=10
  [intersection-v0_dqn] ps1_cbs reruns=10
  [intersection-v0_dqn] ps1_b3_vote reruns=10
  [intersection-v0_dqn] ps1_b3_vote reruns=10
  [intersection-v0_dqn] ps1_dt reruns=10
  [intersection-v0_dqn] ps2_cbs reruns=10
  [intersection-v0_dqn] ps1_dt reruns=10
  [intersection-v0_dqn] ps2_cbs reruns=10
  [intersection-v0_dqn] ps2_b3_vote reruns=10
  [intersection-v0_dqn] ps2_b3_vote reruns=10
  [intersection-v0_dqn] ps2_dt reruns=10
  [intersection-v0_dqn] ps2_dt reruns=10
  [intersection-v0_ppo] ps0_cbs reruns=10
  [intersection-v0_ppo] ps0_cbs reruns=10
  [intersection-v0_ppo] ps0_b3_vote reruns=10
  [intersection-v0_ppo] ps0_b3_vote reruns=10
  [intersection-v0_ppo] ps0_dt reruns=10
  [intersection-v0_ppo] ps1_cbs reruns=10
  [intersection-v0_ppo] ps0_dt reruns=10
  [intersection-v0_ppo] ps1_cbs reruns=10
  [intersection-v0_ppo] ps1_b3_vote reruns=10
  [intersection-v0_ppo] ps1_b3_vote reruns=10
  [intersection-v0_ppo] ps1_dt reruns=10
  [intersection-v0_ppo] ps2_cbs reruns=10
  [intersection-v0_ppo] ps1_dt reruns=10
  [intersection-v0_ppo] ps2_cbs reruns=10
  [intersection-v0_ppo] ps2_b3_vote reruns=10
  [intersection-v0_ppo] ps2_b3_vote reruns=10
  [intersection-v0_ppo] ps2_dt reruns=10
  [intersection-v0_ppo] ps2_dt reruns=10

============================================================
  Pipeline complete in 1168s (19.5min)
============================================================
/root/Textual-Rule-Explanations-of-Reinforcement-Learning/.venv/lib/python3.12/site-packages/pygame/pkgdata.py:25: UserWarning: pkg_resources is deprecated as an API. See https://setuptools.pypa.io/en/latest/pkg_resources.html. The pkg_resources package is slated for removal as early as 2025-11-30. Refrain from using this package or pin to Setuptools<81.
  from pkg_resources import resource_stream, resource_exists

############################################################
  PHASE: NOISE
############################################################

  [merge-v0_dqn] ps0_cbs_noise0.0 reruns=10

============================================================
  Pipeline complete in 1168s (19.5min)
============================================================
/root/Textual-Rule-Explanations-of-Reinforcement-Learning/.venv/lib/python3.12/site-packages/pygame/pkgdata.py:25: UserWarning: pkg_resources is deprecated as an API. See https://setuptools.pypa.io/en/latest/pkg_resources.html. The pkg_resources package is slated for removal as early as 2025-11-30. Refrain from using this package or pin to Setuptools<81.
  from pkg_resources import resource_stream, resource_exists

############################################################
  PHASE: NOISE
############################################################

  [merge-v0_dqn] ps0_cbs_noise0.0 reruns=10
  [merge-v0_dqn] ps0_cbs_noise0.01 reruns=10
  [merge-v0_dqn] ps0_cbs_noise0.01 reruns=10
  [merge-v0_dqn] ps0_cbs_noise0.05 reruns=10
  [merge-v0_dqn] ps0_cbs_noise0.05 reruns=10
  [merge-v0_dqn] ps0_cbs_noise0.1 reruns=10
  [merge-v0_dqn] ps0_cbs_noise0.1 reruns=10
  [merge-v0_dqn] ps0_b3_vote_noise0.0 reruns=10
  [merge-v0_dqn] ps0_b3_vote_noise0.0 reruns=10
  [merge-v0_dqn] ps0_b3_vote_noise0.01 reruns=10
  [merge-v0_dqn] ps0_b3_vote_noise0.01 reruns=10
  [merge-v0_dqn] ps0_b3_vote_noise0.05 reruns=10
  [merge-v0_dqn] ps0_b3_vote_noise0.05 reruns=10
  [merge-v0_dqn] ps0_b3_vote_noise0.1 reruns=10
  [merge-v0_dqn] ps0_b3_vote_noise0.1 reruns=10
  [merge-v0_dqn] ps0_dt_noise0.0 reruns=10
  [merge-v0_dqn] ps0_dt_noise0.01 reruns=10
  [merge-v0_dqn] ps0_dt_noise0.05 reruns=10
  [merge-v0_dqn] ps0_dt_noise0.1 reruns=10
  [merge-v0_dqn] ps0_dt_noise0.0 reruns=10
  [merge-v0_dqn] ps0_dt_noise0.01 reruns=10
  [merge-v0_dqn] ps1_cbs_noise0.0 reruns=10
  [merge-v0_dqn] ps0_dt_noise0.05 reruns=10
  [merge-v0_dqn] ps0_dt_noise0.1 reruns=10
  [merge-v0_dqn] ps1_cbs_noise0.0 reruns=10
  [merge-v0_dqn] ps1_cbs_noise0.01 reruns=10
  [merge-v0_dqn] ps1_cbs_noise0.01 reruns=10
  [merge-v0_dqn] ps1_cbs_noise0.05 reruns=10
  [merge-v0_dqn] ps1_cbs_noise0.05 reruns=10
  [merge-v0_dqn] ps1_cbs_noise0.1 reruns=10
  [merge-v0_dqn] ps1_cbs_noise0.1 reruns=10
  [merge-v0_dqn] ps1_b3_vote_noise0.0 reruns=10
  [merge-v0_dqn] ps1_b3_vote_noise0.0 reruns=10
  [merge-v0_dqn] ps1_b3_vote_noise0.01 reruns=10
  [merge-v0_dqn] ps1_b3_vote_noise0.01 reruns=10
  [merge-v0_dqn] ps1_b3_vote_noise0.05 reruns=10
  [merge-v0_dqn] ps1_b3_vote_noise0.05 reruns=10
  [merge-v0_dqn] ps1_b3_vote_noise0.1 reruns=10
  [merge-v0_dqn] ps1_b3_vote_noise0.1 reruns=10
  [merge-v0_dqn] ps1_dt_noise0.0 reruns=10
  [merge-v0_dqn] ps1_dt_noise0.01 reruns=10
  [merge-v0_dqn] ps1_dt_noise0.05 reruns=10
  [merge-v0_dqn] ps1_dt_noise0.1 reruns=10
  [merge-v0_dqn] ps2_cbs_noise0.0 reruns=10
  [merge-v0_dqn] ps1_dt_noise0.0 reruns=10
  [merge-v0_dqn] ps1_dt_noise0.01 reruns=10
  [merge-v0_dqn] ps1_dt_noise0.05 reruns=10
  [merge-v0_dqn] ps1_dt_noise0.1 reruns=10
  [merge-v0_dqn] ps2_cbs_noise0.0 reruns=10
  [merge-v0_dqn] ps2_cbs_noise0.01 reruns=10
  [merge-v0_dqn] ps2_cbs_noise0.01 reruns=10
  [merge-v0_dqn] ps2_cbs_noise0.05 reruns=10
  [merge-v0_dqn] ps2_cbs_noise0.05 reruns=10
  [merge-v0_dqn] ps2_cbs_noise0.1 reruns=10
  [merge-v0_dqn] ps2_cbs_noise0.1 reruns=10
  [merge-v0_dqn] ps2_b3_vote_noise0.0 reruns=10
  [merge-v0_dqn] ps2_b3_vote_noise0.0 reruns=10
  [merge-v0_dqn] ps2_b3_vote_noise0.01 reruns=10
  [merge-v0_dqn] ps2_b3_vote_noise0.01 reruns=10
  [merge-v0_dqn] ps2_b3_vote_noise0.05 reruns=10
  [merge-v0_dqn] ps2_b3_vote_noise0.05 reruns=10
  [merge-v0_dqn] ps2_b3_vote_noise0.1 reruns=10
  [merge-v0_dqn] ps2_b3_vote_noise0.1 reruns=10
  [merge-v0_dqn] ps2_dt_noise0.0 reruns=10
  [merge-v0_dqn] ps2_dt_noise0.01 reruns=10
  [merge-v0_dqn] ps2_dt_noise0.05 reruns=10
  [merge-v0_dqn] ps2_dt_noise0.1 reruns=10
  [merge-v0_ppo] ps0_cbs_noise0.0 reruns=10
  [merge-v0_dqn] ps2_dt_noise0.0 reruns=10
  [merge-v0_dqn] ps2_dt_noise0.01 reruns=10
  [merge-v0_dqn] ps2_dt_noise0.05 reruns=10
  [merge-v0_dqn] ps2_dt_noise0.1 reruns=10
  [merge-v0_ppo] ps0_cbs_noise0.0 reruns=10
  [merge-v0_ppo] ps0_cbs_noise0.01 reruns=10
  [merge-v0_ppo] ps0_cbs_noise0.01 reruns=10
  [merge-v0_ppo] ps0_cbs_noise0.05 reruns=10
  [merge-v0_ppo] ps0_cbs_noise0.05 reruns=10
  [merge-v0_ppo] ps0_cbs_noise0.1 reruns=10
  [merge-v0_ppo] ps0_cbs_noise0.1 reruns=10
  [merge-v0_ppo] ps0_b3_vote_noise0.0 reruns=10
  [merge-v0_ppo] ps0_b3_vote_noise0.0 reruns=10
  [merge-v0_ppo] ps0_b3_vote_noise0.01 reruns=10
  [merge-v0_ppo] ps0_b3_vote_noise0.01 reruns=10
  [merge-v0_ppo] ps0_b3_vote_noise0.05 reruns=10
  [merge-v0_ppo] ps0_b3_vote_noise0.05 reruns=10
  [merge-v0_ppo] ps0_b3_vote_noise0.1 reruns=10
  [merge-v0_ppo] ps0_b3_vote_noise0.1 reruns=10
  [merge-v0_ppo] ps0_dt_noise0.0 reruns=10
  [merge-v0_ppo] ps0_dt_noise0.01 reruns=10
  [merge-v0_ppo] ps0_dt_noise0.05 reruns=10
  [merge-v0_ppo] ps0_dt_noise0.1 reruns=10
  [merge-v0_ppo] ps1_cbs_noise0.0 reruns=10
  [merge-v0_ppo] ps1_cbs_noise0.01 reruns=10
  [merge-v0_ppo] ps0_dt_noise0.0 reruns=10
  [merge-v0_ppo] ps0_dt_noise0.01 reruns=10
  [merge-v0_ppo] ps0_dt_noise0.05 reruns=10
  [merge-v0_ppo] ps0_dt_noise0.1 reruns=10
  [merge-v0_ppo] ps1_cbs_noise0.0 reruns=10
  [merge-v0_ppo] ps1_cbs_noise0.05 reruns=10
  [merge-v0_ppo] ps1_cbs_noise0.01 reruns=10
  [merge-v0_ppo] ps1_cbs_noise0.1 reruns=10
  [merge-v0_ppo] ps1_cbs_noise0.05 reruns=10
  [merge-v0_ppo] ps1_b3_vote_noise0.0 reruns=10
  [merge-v0_ppo] ps1_cbs_noise0.1 reruns=10
  [merge-v0_ppo] ps1_b3_vote_noise0.0 reruns=10
  [merge-v0_ppo] ps1_b3_vote_noise0.01 reruns=10
  [merge-v0_ppo] ps1_b3_vote_noise0.01 reruns=10
  [merge-v0_ppo] ps1_b3_vote_noise0.05 reruns=10
  [merge-v0_ppo] ps1_b3_vote_noise0.05 reruns=10
  [merge-v0_ppo] ps1_b3_vote_noise0.1 reruns=10
  [merge-v0_ppo] ps1_b3_vote_noise0.1 reruns=10
  [merge-v0_ppo] ps1_dt_noise0.0 reruns=10
  [merge-v0_ppo] ps1_dt_noise0.01 reruns=10
  [merge-v0_ppo] ps1_dt_noise0.05 reruns=10
  [merge-v0_ppo] ps1_dt_noise0.1 reruns=10
  [merge-v0_ppo] ps2_cbs_noise0.0 reruns=10
  [merge-v0_ppo] ps2_cbs_noise0.01 reruns=10
  [merge-v0_ppo] ps1_dt_noise0.0 reruns=10
  [merge-v0_ppo] ps1_dt_noise0.01 reruns=10
  [merge-v0_ppo] ps1_dt_noise0.05 reruns=10
  [merge-v0_ppo] ps1_dt_noise0.1 reruns=10
  [merge-v0_ppo] ps2_cbs_noise0.0 reruns=10
  [merge-v0_ppo] ps2_cbs_noise0.05 reruns=10
  [merge-v0_ppo] ps2_cbs_noise0.01 reruns=10
  [merge-v0_ppo] ps2_cbs_noise0.1 reruns=10
  [merge-v0_ppo] ps2_cbs_noise0.05 reruns=10
  [merge-v0_ppo] ps2_b3_vote_noise0.0 reruns=10
  [merge-v0_ppo] ps2_cbs_noise0.1 reruns=10
  [merge-v0_ppo] ps2_b3_vote_noise0.0 reruns=10
  [merge-v0_ppo] ps2_b3_vote_noise0.01 reruns=10
  [merge-v0_ppo] ps2_b3_vote_noise0.01 reruns=10
  [merge-v0_ppo] ps2_b3_vote_noise0.05 reruns=10
  [merge-v0_ppo] ps2_b3_vote_noise0.05 reruns=10
  [merge-v0_ppo] ps2_b3_vote_noise0.1 reruns=10
  [merge-v0_ppo] ps2_b3_vote_noise0.1 reruns=10
  [merge-v0_ppo] ps2_dt_noise0.0 reruns=10
  [merge-v0_ppo] ps2_dt_noise0.01 reruns=10
  [merge-v0_ppo] ps2_dt_noise0.05 reruns=10
  [merge-v0_ppo] ps2_dt_noise0.1 reruns=10
  [intersection-v0_dqn] ps0_cbs_noise0.0 reruns=10
  [intersection-v0_dqn] ps0_cbs_noise0.01 reruns=10
  [intersection-v0_dqn] ps0_cbs_noise0.05 reruns=10
  [merge-v0_ppo] ps2_dt_noise0.0 reruns=10
  [merge-v0_ppo] ps2_dt_noise0.01 reruns=10
  [merge-v0_ppo] ps2_dt_noise0.05 reruns=10
  [merge-v0_ppo] ps2_dt_noise0.1 reruns=10
  [intersection-v0_dqn] ps0_cbs_noise0.0 reruns=10
  [intersection-v0_dqn] ps0_cbs_noise0.1 reruns=10
  [intersection-v0_dqn] ps0_cbs_noise0.01 reruns=10
  [intersection-v0_dqn] ps0_b3_vote_noise0.0 reruns=10
  [intersection-v0_dqn] ps0_cbs_noise0.05 reruns=10
  [intersection-v0_dqn] ps0_cbs_noise0.1 reruns=10
  [intersection-v0_dqn] ps0_b3_vote_noise0.0 reruns=10
  [intersection-v0_dqn] ps0_b3_vote_noise0.01 reruns=10
  [intersection-v0_dqn] ps0_b3_vote_noise0.01 reruns=10
  [intersection-v0_dqn] ps0_b3_vote_noise0.05 reruns=10
  [intersection-v0_dqn] ps0_b3_vote_noise0.05 reruns=10
  [intersection-v0_dqn] ps0_b3_vote_noise0.1 reruns=10
  [intersection-v0_dqn] ps0_b3_vote_noise0.1 reruns=10
  [intersection-v0_dqn] ps0_dt_noise0.0 reruns=10
  [intersection-v0_dqn] ps0_dt_noise0.01 reruns=10
  [intersection-v0_dqn] ps0_dt_noise0.05 reruns=10
  [intersection-v0_dqn] ps0_dt_noise0.1 reruns=10
  [intersection-v0_dqn] ps1_cbs_noise0.0 reruns=10
  [intersection-v0_dqn] ps1_cbs_noise0.01 reruns=10
  [intersection-v0_dqn] ps1_cbs_noise0.05 reruns=10
  [intersection-v0_dqn] ps0_dt_noise0.0 reruns=10
  [intersection-v0_dqn] ps0_dt_noise0.01 reruns=10
  [intersection-v0_dqn] ps0_dt_noise0.05 reruns=10
  [intersection-v0_dqn] ps0_dt_noise0.1 reruns=10
  [intersection-v0_dqn] ps1_cbs_noise0.0 reruns=10
  [intersection-v0_dqn] ps1_cbs_noise0.1 reruns=10
  [intersection-v0_dqn] ps1_cbs_noise0.01 reruns=10
  [intersection-v0_dqn] ps1_b3_vote_noise0.0 reruns=10
  [intersection-v0_dqn] ps1_cbs_noise0.05 reruns=10
  [intersection-v0_dqn] ps1_cbs_noise0.1 reruns=10
  [intersection-v0_dqn] ps1_b3_vote_noise0.0 reruns=10
  [intersection-v0_dqn] ps1_b3_vote_noise0.01 reruns=10
  [intersection-v0_dqn] ps1_b3_vote_noise0.01 reruns=10
  [intersection-v0_dqn] ps1_b3_vote_noise0.05 reruns=10
  [intersection-v0_dqn] ps1_b3_vote_noise0.05 reruns=10
  [intersection-v0_dqn] ps1_b3_vote_noise0.1 reruns=10
  [intersection-v0_dqn] ps1_b3_vote_noise0.1 reruns=10
  [intersection-v0_dqn] ps1_dt_noise0.0 reruns=10
  [intersection-v0_dqn] ps1_dt_noise0.01 reruns=10
  [intersection-v0_dqn] ps1_dt_noise0.05 reruns=10
  [intersection-v0_dqn] ps1_dt_noise0.1 reruns=10
  [intersection-v0_dqn] ps2_cbs_noise0.0 reruns=10
  [intersection-v0_dqn] ps2_cbs_noise0.01 reruns=10
  [intersection-v0_dqn] ps1_dt_noise0.0 reruns=10
  [intersection-v0_dqn] ps1_dt_noise0.01 reruns=10
  [intersection-v0_dqn] ps1_dt_noise0.05 reruns=10
  [intersection-v0_dqn] ps1_dt_noise0.1 reruns=10
  [intersection-v0_dqn] ps2_cbs_noise0.0 reruns=10
  [intersection-v0_dqn] ps2_cbs_noise0.05 reruns=10
  [intersection-v0_dqn] ps2_cbs_noise0.1 reruns=10
  [intersection-v0_dqn] ps2_cbs_noise0.01 reruns=10
  [intersection-v0_dqn] ps2_cbs_noise0.05 reruns=10
  [intersection-v0_dqn] ps2_b3_vote_noise0.0 reruns=10
  [intersection-v0_dqn] ps2_cbs_noise0.1 reruns=10
  [intersection-v0_dqn] ps2_b3_vote_noise0.0 reruns=10
  [intersection-v0_dqn] ps2_b3_vote_noise0.01 reruns=10
  [intersection-v0_dqn] ps2_b3_vote_noise0.01 reruns=10
  [intersection-v0_dqn] ps2_b3_vote_noise0.05 reruns=10
  [intersection-v0_dqn] ps2_b3_vote_noise0.05 reruns=10
  [intersection-v0_dqn] ps2_b3_vote_noise0.1 reruns=10
  [intersection-v0_dqn] ps2_b3_vote_noise0.1 reruns=10
  [intersection-v0_dqn] ps2_dt_noise0.0 reruns=10
  [intersection-v0_dqn] ps2_dt_noise0.01 reruns=10
  [intersection-v0_dqn] ps2_dt_noise0.05 reruns=10
  [intersection-v0_dqn] ps2_dt_noise0.1 reruns=10
  [intersection-v0_ppo] ps0_cbs_noise0.0 reruns=10
  [intersection-v0_ppo] ps0_cbs_noise0.01 reruns=10
  [intersection-v0_ppo] ps0_cbs_noise0.05 reruns=10
  [intersection-v0_dqn] ps2_dt_noise0.0 reruns=10
  [intersection-v0_dqn] ps2_dt_noise0.01 reruns=10
  [intersection-v0_dqn] ps2_dt_noise0.05 reruns=10
  [intersection-v0_dqn] ps2_dt_noise0.1 reruns=10
  [intersection-v0_ppo] ps0_cbs_noise0.0 reruns=10
  [intersection-v0_ppo] ps0_cbs_noise0.1 reruns=10
  [intersection-v0_ppo] ps0_cbs_noise0.01 reruns=10
  [intersection-v0_ppo] ps0_b3_vote_noise0.0 reruns=10
  [intersection-v0_ppo] ps0_cbs_noise0.05 reruns=10
  [intersection-v0_ppo] ps0_cbs_noise0.1 reruns=10
  [intersection-v0_ppo] ps0_b3_vote_noise0.0 reruns=10
  [intersection-v0_ppo] ps0_b3_vote_noise0.01 reruns=10
  [intersection-v0_ppo] ps0_b3_vote_noise0.01 reruns=10
  [intersection-v0_ppo] ps0_b3_vote_noise0.05 reruns=10
  [intersection-v0_ppo] ps0_b3_vote_noise0.05 reruns=10
  [intersection-v0_ppo] ps0_b3_vote_noise0.1 reruns=10
  [intersection-v0_ppo] ps0_b3_vote_noise0.1 reruns=10
  [intersection-v0_ppo] ps0_dt_noise0.0 reruns=10
  [intersection-v0_ppo] ps0_dt_noise0.01 reruns=10
  [intersection-v0_ppo] ps0_dt_noise0.05 reruns=10
  [intersection-v0_ppo] ps0_dt_noise0.1 reruns=10
  [intersection-v0_ppo] ps1_cbs_noise0.0 reruns=10
  [intersection-v0_ppo] ps1_cbs_noise0.01 reruns=10
  [intersection-v0_ppo] ps1_cbs_noise0.05 reruns=10
  [intersection-v0_ppo] ps0_dt_noise0.0 reruns=10
  [intersection-v0_ppo] ps0_dt_noise0.01 reruns=10
  [intersection-v0_ppo] ps0_dt_noise0.05 reruns=10
  [intersection-v0_ppo] ps0_dt_noise0.1 reruns=10
  [intersection-v0_ppo] ps1_cbs_noise0.0 reruns=10
  [intersection-v0_ppo] ps1_cbs_noise0.1 reruns=10
  [intersection-v0_ppo] ps1_cbs_noise0.01 reruns=10
  [intersection-v0_ppo] ps1_b3_vote_noise0.0 reruns=10
  [intersection-v0_ppo] ps1_cbs_noise0.05 reruns=10
  [intersection-v0_ppo] ps1_cbs_noise0.1 reruns=10
  [intersection-v0_ppo] ps1_b3_vote_noise0.0 reruns=10
  [intersection-v0_ppo] ps1_b3_vote_noise0.01 reruns=10
  [intersection-v0_ppo] ps1_b3_vote_noise0.01 reruns=10
  [intersection-v0_ppo] ps1_b3_vote_noise0.05 reruns=10
  [intersection-v0_ppo] ps1_b3_vote_noise0.05 reruns=10
  [intersection-v0_ppo] ps1_b3_vote_noise0.1 reruns=10
  [intersection-v0_ppo] ps1_b3_vote_noise0.1 reruns=10
  [intersection-v0_ppo] ps1_dt_noise0.0 reruns=10
  [intersection-v0_ppo] ps1_dt_noise0.01 reruns=10
  [intersection-v0_ppo] ps1_dt_noise0.05 reruns=10
  [intersection-v0_ppo] ps1_dt_noise0.1 reruns=10
  [intersection-v0_ppo] ps2_cbs_noise0.0 reruns=10
  [intersection-v0_ppo] ps2_cbs_noise0.01 reruns=10
  [intersection-v0_ppo] ps1_dt_noise0.0 reruns=10
  [intersection-v0_ppo] ps1_dt_noise0.01 reruns=10
  [intersection-v0_ppo] ps1_dt_noise0.05 reruns=10
  [intersection-v0_ppo] ps1_dt_noise0.1 reruns=10
  [intersection-v0_ppo] ps2_cbs_noise0.0 reruns=10
  [intersection-v0_ppo] ps2_cbs_noise0.05 reruns=10
  [intersection-v0_ppo] ps2_cbs_noise0.01 reruns=10
  [intersection-v0_ppo] ps2_cbs_noise0.1 reruns=10
  [intersection-v0_ppo] ps2_cbs_noise0.05 reruns=10
  [intersection-v0_ppo] ps2_b3_vote_noise0.0 reruns=10
  [intersection-v0_ppo] ps2_cbs_noise0.1 reruns=10
  [intersection-v0_ppo] ps2_b3_vote_noise0.0 reruns=10
  [intersection-v0_ppo] ps2_b3_vote_noise0.01 reruns=10
  [intersection-v0_ppo] ps2_b3_vote_noise0.01 reruns=10
  [intersection-v0_ppo] ps2_b3_vote_noise0.05 reruns=10
  [intersection-v0_ppo] ps2_b3_vote_noise0.05 reruns=10
  [intersection-v0_ppo] ps2_b3_vote_noise0.1 reruns=10
  [intersection-v0_ppo] ps2_b3_vote_noise0.1 reruns=10
  [intersection-v0_ppo] ps2_dt_noise0.0 reruns=10
  [intersection-v0_ppo] ps2_dt_noise0.01 reruns=10
  [intersection-v0_ppo] ps2_dt_noise0.05 reruns=10
  [intersection-v0_ppo] ps2_dt_noise0.1 reruns=10

============================================================
  Pipeline complete in 4600s (76.7min)
============================================================
/root/Textual-Rule-Explanations-of-Reinforcement-Learning/.venv/lib/python3.12/site-packages/pygame/pkgdata.py:25: UserWarning: pkg_resources is deprecated as an API. See https://setuptools.pypa.io/en/latest/pkg_resources.html. The pkg_resources package is slated for removal as early as 2025-11-30. Refrain from using this package or pin to Setuptools<81.
  from pkg_resources import resource_stream, resource_exists

############################################################
  PHASE: VEHICLES_ABLATION
############################################################


============================================================
  Vehicles Count Ablation: vehicles_count = 4
============================================================
  [intersection-v0_ppo] ps2_dt_noise0.0 reruns=10
  [intersection-v0_ppo] ps2_dt_noise0.01 reruns=10
  [intersection-v0_ppo] ps2_dt_noise0.05 reruns=10
  [intersection-v0_ppo] ps2_dt_noise0.1 reruns=10
  [merge-v0_dqn_vc4] ps0_cbs reruns=10

============================================================
  Pipeline complete in 4619s (77.0min)
============================================================
/root/Textual-Rule-Explanations-of-Reinforcement-Learning/.venv/lib/python3.12/site-packages/pygame/pkgdata.py:25: UserWarning: pkg_resources is deprecated as an API. See https://setuptools.pypa.io/en/latest/pkg_resources.html. The pkg_resources package is slated for removal as early as 2025-11-30. Refrain from using this package or pin to Setuptools<81.
  from pkg_resources import resource_stream, resource_exists

############################################################
  PHASE: VEHICLES_ABLATION
############################################################


============================================================
  Vehicles Count Ablation: vehicles_count = 4
============================================================
  [merge-v0_dqn_vc4] ps0_b3_vote reruns=10
  [merge-v0_dqn_vc4] ps0_cbs reruns=10
  [merge-v0_dqn_vc4] ps0_b3_vote reruns=10
  [merge-v0_dqn_vc4] ps0_dt reruns=10
  [merge-v0_dqn_vc4] ps1_cbs reruns=10
  [merge-v0_dqn_vc4] ps0_dt reruns=10
  [merge-v0_dqn_vc4] ps1_b3_vote reruns=10
  [merge-v0_dqn_vc4] ps1_cbs reruns=10
  [merge-v0_dqn_vc4] ps1_b3_vote reruns=10
  [merge-v0_dqn_vc4] ps1_dt reruns=10
  [merge-v0_dqn_vc4] ps2_cbs reruns=10
  [merge-v0_dqn_vc4] ps1_dt reruns=10
  [merge-v0_dqn_vc4] ps2_b3_vote reruns=10
  [merge-v0_dqn_vc4] ps2_cbs reruns=10
  [merge-v0_dqn_vc4] ps2_b3_vote reruns=10
  [merge-v0_dqn_vc4] ps2_dt reruns=10
  [merge-v0_ppo_vc4] ps0_cbs reruns=10
  [merge-v0_ppo_vc4] ps0_b3_vote reruns=10
  [merge-v0_dqn_vc4] ps2_dt reruns=10
  [merge-v0_ppo_vc4] ps0_cbs reruns=10
  [merge-v0_ppo_vc4] ps0_b3_vote reruns=10
  [merge-v0_ppo_vc4] ps0_dt reruns=10
  [merge-v0_ppo_vc4] ps1_cbs reruns=10
  [merge-v0_ppo_vc4] ps0_dt reruns=10
  [merge-v0_ppo_vc4] ps1_b3_vote reruns=10
  [merge-v0_ppo_vc4] ps1_cbs reruns=10
  [merge-v0_ppo_vc4] ps1_b3_vote reruns=10
  [merge-v0_ppo_vc4] ps1_dt reruns=10
  [merge-v0_ppo_vc4] ps2_cbs reruns=10
  [merge-v0_ppo_vc4] ps1_dt reruns=10
  [merge-v0_ppo_vc4] ps2_b3_vote reruns=10
  [merge-v0_ppo_vc4] ps2_cbs reruns=10
  [merge-v0_ppo_vc4] ps2_b3_vote reruns=10
  [merge-v0_ppo_vc4] ps2_dt reruns=10
/root/Textual-Rule-Explanations-of-Reinforcement-Learning/.venv/lib/python3.12/site-packages/gymnasium/envs/registration.py:512: DeprecationWarning: [33mWARN: The environment intersection-v0 is out of date. You should consider upgrading to version `v1`.[0m
  logger.deprecation(
  [intersection-v0_dqn_vc4] ps0_cbs reruns=10
  [intersection-v0_dqn_vc4] ps0_b3_vote reruns=10
  [merge-v0_ppo_vc4] ps2_dt reruns=10
/root/Textual-Rule-Explanations-of-Reinforcement-Learning/.venv/lib/python3.12/site-packages/gymnasium/envs/registration.py:512: DeprecationWarning: [33mWARN: The environment intersection-v0 is out of date. You should consider upgrading to version `v1`.[0m
  logger.deprecation(
  [intersection-v0_dqn_vc4] ps0_cbs reruns=10
  [intersection-v0_dqn_vc4] ps0_b3_vote reruns=10
  [intersection-v0_dqn_vc4] ps0_dt reruns=10
/root/Textual-Rule-Explanations-of-Reinforcement-Learning/.venv/lib/python3.12/site-packages/gymnasium/envs/registration.py:512: DeprecationWarning: [33mWARN: The environment intersection-v0 is out of date. You should consider upgrading to version `v1`.[0m
  logger.deprecation(
  [intersection-v0_dqn_vc4] ps1_cbs reruns=10
  [intersection-v0_dqn_vc4] ps1_b3_vote reruns=10
/root/Textual-Rule-Explanations-of-Reinforcement-Learning/.venv/lib/python3.12/site-packages/kneed/knee_locator.py:236: RuntimeWarning: invalid value encountered in divide
  return (a - min(a)) / (max(a) - min(a))
/root/Textual-Rule-Explanations-of-Reinforcement-Learning/.venv/lib/python3.12/site-packages/kneed/knee_locator.py:210: RuntimeWarning: Mean of empty slice
  self.S * np.abs(np.diff(self.x_normalized).mean())
/root/Textual-Rule-Explanations-of-Reinforcement-Learning/.venv/lib/python3.12/site-packages/numpy/_core/_methods.py:142: RuntimeWarning: invalid value encountered in scalar divide
  ret = ret.dtype.type(ret / rcount)
/root/Textual-Rule-Explanations-of-Reinforcement-Learning/.venv/lib/python3.12/site-packages/kneed/knee_locator.py:236: RuntimeWarning: invalid value encountered in divide
  return (a - min(a)) / (max(a) - min(a))
/root/Textual-Rule-Explanations-of-Reinforcement-Learning/.venv/lib/python3.12/site-packages/kneed/knee_locator.py:210: RuntimeWarning: Mean of empty slice
  self.S * np.abs(np.diff(self.x_normalized).mean())
/root/Textual-Rule-Explanations-of-Reinforcement-Learning/.venv/lib/python3.12/site-packages/numpy/_core/_methods.py:142: RuntimeWarning: invalid value encountered in scalar divide
  ret = ret.dtype.type(ret / rcount)
/root/Textual-Rule-Explanations-of-Reinforcement-Learning/.venv/lib/python3.12/site-packages/kneed/knee_locator.py:236: RuntimeWarning: invalid value encountered in divide
  return (a - min(a)) / (max(a) - min(a))
/root/Textual-Rule-Explanations-of-Reinforcement-Learning/.venv/lib/python3.12/site-packages/kneed/knee_locator.py:210: RuntimeWarning: Mean of empty slice
  self.S * np.abs(np.diff(self.x_normalized).mean())
/root/Textual-Rule-Explanations-of-Reinforcement-Learning/.venv/lib/python3.12/site-packages/numpy/_core/_methods.py:142: RuntimeWarning: invalid value encountered in scalar divide
  ret = ret.dtype.type(ret / rcount)
/root/Textual-Rule-Explanations-of-Reinforcement-Learning/.venv/lib/python3.12/site-packages/kneed/knee_locator.py:236: RuntimeWarning: invalid value encountered in divide
  return (a - min(a)) / (max(a) - min(a))
/root/Textual-Rule-Explanations-of-Reinforcement-Learning/.venv/lib/python3.12/site-packages/kneed/knee_locator.py:210: RuntimeWarning: Mean of empty slice
  self.S * np.abs(np.diff(self.x_normalized).mean())
/root/Textual-Rule-Explanations-of-Reinforcement-Learning/.venv/lib/python3.12/site-packages/numpy/_core/_methods.py:142: RuntimeWarning: invalid value encountered in scalar divide
  ret = ret.dtype.type(ret / rcount)
/root/Textual-Rule-Explanations-of-Reinforcement-Learning/.venv/lib/python3.12/site-packages/kneed/knee_locator.py:236: RuntimeWarning: invalid value encountered in divide
  return (a - min(a)) / (max(a) - min(a))
/root/Textual-Rule-Explanations-of-Reinforcement-Learning/.venv/lib/python3.12/site-packages/kneed/knee_locator.py:210: RuntimeWarning: Mean of empty slice
  self.S * np.abs(np.diff(self.x_normalized).mean())
/root/Textual-Rule-Explanations-of-Reinforcement-Learning/.venv/lib/python3.12/site-packages/numpy/_core/_methods.py:142: RuntimeWarning: invalid value encountered in scalar divide
  ret = ret.dtype.type(ret / rcount)
/root/Textual-Rule-Explanations-of-Reinforcement-Learning/.venv/lib/python3.12/site-packages/kneed/knee_locator.py:236: RuntimeWarning: invalid value encountered in divide
  return (a - min(a)) / (max(a) - min(a))
/root/Textual-Rule-Explanations-of-Reinforcement-Learning/.venv/lib/python3.12/site-packages/kneed/knee_locator.py:210: RuntimeWarning: Mean of empty slice
  self.S * np.abs(np.diff(self.x_normalized).mean())
/root/Textual-Rule-Explanations-of-Reinforcement-Learning/.venv/lib/python3.12/site-packages/numpy/_core/_methods.py:142: RuntimeWarning: invalid value encountered in scalar divide
  ret = ret.dtype.type(ret / rcount)
  [intersection-v0_dqn_vc4] ps0_dt reruns=10
/root/Textual-Rule-Explanations-of-Reinforcement-Learning/.venv/lib/python3.12/site-packages/gymnasium/envs/registration.py:512: DeprecationWarning: [33mWARN: The environment intersection-v0 is out of date. You should consider upgrading to version `v1`.[0m
  logger.deprecation(
/root/Textual-Rule-Explanations-of-Reinforcement-Learning/.venv/lib/python3.12/site-packages/kneed/knee_locator.py:236: RuntimeWarning: invalid value encountered in divide
  return (a - min(a)) / (max(a) - min(a))
/root/Textual-Rule-Explanations-of-Reinforcement-Learning/.venv/lib/python3.12/site-packages/kneed/knee_locator.py:210: RuntimeWarning: Mean of empty slice
  self.S * np.abs(np.diff(self.x_normalized).mean())
/root/Textual-Rule-Explanations-of-Reinforcement-Learning/.venv/lib/python3.12/site-packages/numpy/_core/_methods.py:142: RuntimeWarning: invalid value encountered in scalar divide
  ret = ret.dtype.type(ret / rcount)
/root/Textual-Rule-Explanations-of-Reinforcement-Learning/.venv/lib/python3.12/site-packages/kneed/knee_locator.py:236: RuntimeWarning: invalid value encountered in divide
  return (a - min(a)) / (max(a) - min(a))
/root/Textual-Rule-Explanations-of-Reinforcement-Learning/.venv/lib/python3.12/site-packages/kneed/knee_locator.py:210: RuntimeWarning: Mean of empty slice
  self.S * np.abs(np.diff(self.x_normalized).mean())
/root/Textual-Rule-Explanations-of-Reinforcement-Learning/.venv/lib/python3.12/site-packages/numpy/_core/_methods.py:142: RuntimeWarning: invalid value encountered in scalar divide
  ret = ret.dtype.type(ret / rcount)
/root/Textual-Rule-Explanations-of-Reinforcement-Learning/.venv/lib/python3.12/site-packages/kneed/knee_locator.py:236: RuntimeWarning: invalid value encountered in divide
  return (a - min(a)) / (max(a) - min(a))
/root/Textual-Rule-Explanations-of-Reinforcement-Learning/.venv/lib/python3.12/site-packages/kneed/knee_locator.py:210: RuntimeWarning: Mean of empty slice
  self.S * np.abs(np.diff(self.x_normalized).mean())
/root/Textual-Rule-Explanations-of-Reinforcement-Learning/.venv/lib/python3.12/site-packages/numpy/_core/_methods.py:142: RuntimeWarning: invalid value encountered in scalar divide
  ret = ret.dtype.type(ret / rcount)
/root/Textual-Rule-Explanations-of-Reinforcement-Learning/.venv/lib/python3.12/site-packages/kneed/knee_locator.py:236: RuntimeWarning: invalid value encountered in divide
  return (a - min(a)) / (max(a) - min(a))
/root/Textual-Rule-Explanations-of-Reinforcement-Learning/.venv/lib/python3.12/site-packages/kneed/knee_locator.py:210: RuntimeWarning: Mean of empty slice
  self.S * np.abs(np.diff(self.x_normalized).mean())
/root/Textual-Rule-Explanations-of-Reinforcement-Learning/.venv/lib/python3.12/site-packages/numpy/_core/_methods.py:142: RuntimeWarning: invalid value encountered in scalar divide
  ret = ret.dtype.type(ret / rcount)
  [intersection-v0_dqn_vc4] ps1_cbs reruns=10
/root/Textual-Rule-Explanations-of-Reinforcement-Learning/.venv/lib/python3.12/site-packages/kneed/knee_locator.py:236: RuntimeWarning: invalid value encountered in divide
  return (a - min(a)) / (max(a) - min(a))
/root/Textual-Rule-Explanations-of-Reinforcement-Learning/.venv/lib/python3.12/site-packages/kneed/knee_locator.py:210: RuntimeWarning: Mean of empty slice
  self.S * np.abs(np.diff(self.x_normalized).mean())
/root/Textual-Rule-Explanations-of-Reinforcement-Learning/.venv/lib/python3.12/site-packages/numpy/_core/_methods.py:142: RuntimeWarning: invalid value encountered in scalar divide
  ret = ret.dtype.type(ret / rcount)
/root/Textual-Rule-Explanations-of-Reinforcement-Learning/.venv/lib/python3.12/site-packages/kneed/knee_locator.py:236: RuntimeWarning: invalid value encountered in divide
  return (a - min(a)) / (max(a) - min(a))
/root/Textual-Rule-Explanations-of-Reinforcement-Learning/.venv/lib/python3.12/site-packages/kneed/knee_locator.py:210: RuntimeWarning: Mean of empty slice
  self.S * np.abs(np.diff(self.x_normalized).mean())
/root/Textual-Rule-Explanations-of-Reinforcement-Learning/.venv/lib/python3.12/site-packages/numpy/_core/_methods.py:142: RuntimeWarning: invalid value encountered in scalar divide
  ret = ret.dtype.type(ret / rcount)
/root/Textual-Rule-Explanations-of-Reinforcement-Learning/.venv/lib/python3.12/site-packages/kneed/knee_locator.py:236: RuntimeWarning: invalid value encountered in divide
  return (a - min(a)) / (max(a) - min(a))
/root/Textual-Rule-Explanations-of-Reinforcement-Learning/.venv/lib/python3.12/site-packages/kneed/knee_locator.py:210: RuntimeWarning: Mean of empty slice
  self.S * np.abs(np.diff(self.x_normalized).mean())
/root/Textual-Rule-Explanations-of-Reinforcement-Learning/.venv/lib/python3.12/site-packages/numpy/_core/_methods.py:142: RuntimeWarning: invalid value encountered in scalar divide
  ret = ret.dtype.type(ret / rcount)
/root/Textual-Rule-Explanations-of-Reinforcement-Learning/.venv/lib/python3.12/site-packages/kneed/knee_locator.py:236: RuntimeWarning: invalid value encountered in divide
  return (a - min(a)) / (max(a) - min(a))
/root/Textual-Rule-Explanations-of-Reinforcement-Learning/.venv/lib/python3.12/site-packages/kneed/knee_locator.py:210: RuntimeWarning: Mean of empty slice
  self.S * np.abs(np.diff(self.x_normalized).mean())
/root/Textual-Rule-Explanations-of-Reinforcement-Learning/.venv/lib/python3.12/site-packages/numpy/_core/_methods.py:142: RuntimeWarning: invalid value encountered in scalar divide
  ret = ret.dtype.type(ret / rcount)
/root/Textual-Rule-Explanations-of-Reinforcement-Learning/.venv/lib/python3.12/site-packages/kneed/knee_locator.py:236: RuntimeWarning: invalid value encountered in divide
  return (a - min(a)) / (max(a) - min(a))
/root/Textual-Rule-Explanations-of-Reinforcement-Learning/.venv/lib/python3.12/site-packages/kneed/knee_locator.py:210: RuntimeWarning: Mean of empty slice
  self.S * np.abs(np.diff(self.x_normalized).mean())
/root/Textual-Rule-Explanations-of-Reinforcement-Learning/.venv/lib/python3.12/site-packages/numpy/_core/_methods.py:142: RuntimeWarning: invalid value encountered in scalar divide
  ret = ret.dtype.type(ret / rcount)
  [intersection-v0_dqn_vc4] ps1_b3_vote reruns=10
/root/Textual-Rule-Explanations-of-Reinforcement-Learning/.venv/lib/python3.12/site-packages/kneed/knee_locator.py:236: RuntimeWarning: invalid value encountered in divide
  return (a - min(a)) / (max(a) - min(a))
/root/Textual-Rule-Explanations-of-Reinforcement-Learning/.venv/lib/python3.12/site-packages/kneed/knee_locator.py:210: RuntimeWarning: Mean of empty slice
  self.S * np.abs(np.diff(self.x_normalized).mean())
/root/Textual-Rule-Explanations-of-Reinforcement-Learning/.venv/lib/python3.12/site-packages/numpy/_core/_methods.py:142: RuntimeWarning: invalid value encountered in scalar divide
  ret = ret.dtype.type(ret / rcount)
/root/Textual-Rule-Explanations-of-Reinforcement-Learning/.venv/lib/python3.12/site-packages/kneed/knee_locator.py:236: RuntimeWarning: invalid value encountered in divide
  return (a - min(a)) / (max(a) - min(a))
/root/Textual-Rule-Explanations-of-Reinforcement-Learning/.venv/lib/python3.12/site-packages/kneed/knee_locator.py:210: RuntimeWarning: Mean of empty slice
  self.S * np.abs(np.diff(self.x_normalized).mean())
/root/Textual-Rule-Explanations-of-Reinforcement-Learning/.venv/lib/python3.12/site-packages/numpy/_core/_methods.py:142: RuntimeWarning: invalid value encountered in scalar divide
  ret = ret.dtype.type(ret / rcount)
/root/Textual-Rule-Explanations-of-Reinforcement-Learning/.venv/lib/python3.12/site-packages/kneed/knee_locator.py:236: RuntimeWarning: invalid value encountered in divide
  return (a - min(a)) / (max(a) - min(a))
/root/Textual-Rule-Explanations-of-Reinforcement-Learning/.venv/lib/python3.12/site-packages/kneed/knee_locator.py:210: RuntimeWarning: Mean of empty slice
  self.S * np.abs(np.diff(self.x_normalized).mean())
/root/Textual-Rule-Explanations-of-Reinforcement-Learning/.venv/lib/python3.12/site-packages/numpy/_core/_methods.py:142: RuntimeWarning: invalid value encountered in scalar divide
  ret = ret.dtype.type(ret / rcount)
/root/Textual-Rule-Explanations-of-Reinforcement-Learning/.venv/lib/python3.12/site-packages/kneed/knee_locator.py:236: RuntimeWarning: invalid value encountered in divide
  return (a - min(a)) / (max(a) - min(a))
/root/Textual-Rule-Explanations-of-Reinforcement-Learning/.venv/lib/python3.12/site-packages/kneed/knee_locator.py:210: RuntimeWarning: Mean of empty slice
  self.S * np.abs(np.diff(self.x_normalized).mean())
/root/Textual-Rule-Explanations-of-Reinforcement-Learning/.venv/lib/python3.12/site-packages/numpy/_core/_methods.py:142: RuntimeWarning: invalid value encountered in scalar divide
  ret = ret.dtype.type(ret / rcount)
/root/Textual-Rule-Explanations-of-Reinforcement-Learning/.venv/lib/python3.12/site-packages/kneed/knee_locator.py:236: RuntimeWarning: invalid value encountered in divide
  return (a - min(a)) / (max(a) - min(a))
/root/Textual-Rule-Explanations-of-Reinforcement-Learning/.venv/lib/python3.12/site-packages/kneed/knee_locator.py:210: RuntimeWarning: Mean of empty slice
  self.S * np.abs(np.diff(self.x_normalized).mean())
/root/Textual-Rule-Explanations-of-Reinforcement-Learning/.venv/lib/python3.12/site-packages/numpy/_core/_methods.py:142: RuntimeWarning: invalid value encountered in scalar divide
  ret = ret.dtype.type(ret / rcount)
/root/Textual-Rule-Explanations-of-Reinforcement-Learning/.venv/lib/python3.12/site-packages/kneed/knee_locator.py:236: RuntimeWarning: invalid value encountered in divide
  return (a - min(a)) / (max(a) - min(a))
/root/Textual-Rule-Explanations-of-Reinforcement-Learning/.venv/lib/python3.12/site-packages/kneed/knee_locator.py:210: RuntimeWarning: Mean of empty slice
  self.S * np.abs(np.diff(self.x_normalized).mean())
/root/Textual-Rule-Explanations-of-Reinforcement-Learning/.venv/lib/python3.12/site-packages/numpy/_core/_methods.py:142: RuntimeWarning: invalid value encountered in scalar divide
  ret = ret.dtype.type(ret / rcount)
/root/Textual-Rule-Explanations-of-Reinforcement-Learning/.venv/lib/python3.12/site-packages/kneed/knee_locator.py:236: RuntimeWarning: invalid value encountered in divide
  return (a - min(a)) / (max(a) - min(a))
/root/Textual-Rule-Explanations-of-Reinforcement-Learning/.venv/lib/python3.12/site-packages/kneed/knee_locator.py:210: RuntimeWarning: Mean of empty slice
  self.S * np.abs(np.diff(self.x_normalized).mean())
/root/Textual-Rule-Explanations-of-Reinforcement-Learning/.venv/lib/python3.12/site-packages/numpy/_core/_methods.py:142: RuntimeWarning: invalid value encountered in scalar divide
  ret = ret.dtype.type(ret / rcount)
/root/Textual-Rule-Explanations-of-Reinforcement-Learning/.venv/lib/python3.12/site-packages/kneed/knee_locator.py:236: RuntimeWarning: invalid value encountered in divide
  return (a - min(a)) / (max(a) - min(a))
/root/Textual-Rule-Explanations-of-Reinforcement-Learning/.venv/lib/python3.12/site-packages/kneed/knee_locator.py:210: RuntimeWarning: Mean of empty slice
  self.S * np.abs(np.diff(self.x_normalized).mean())
/root/Textual-Rule-Explanations-of-Reinforcement-Learning/.venv/lib/python3.12/site-packages/numpy/_core/_methods.py:142: RuntimeWarning: invalid value encountered in scalar divide
  ret = ret.dtype.type(ret / rcount)
/root/Textual-Rule-Explanations-of-Reinforcement-Learning/.venv/lib/python3.12/site-packages/kneed/knee_locator.py:236: RuntimeWarning: invalid value encountered in divide
  return (a - min(a)) / (max(a) - min(a))
/root/Textual-Rule-Explanations-of-Reinforcement-Learning/.venv/lib/python3.12/site-packages/kneed/knee_locator.py:210: RuntimeWarning: Mean of empty slice
  self.S * np.abs(np.diff(self.x_normalized).mean())
/root/Textual-Rule-Explanations-of-Reinforcement-Learning/.venv/lib/python3.12/site-packages/numpy/_core/_methods.py:142: RuntimeWarning: invalid value encountered in scalar divide
  ret = ret.dtype.type(ret / rcount)
/root/Textual-Rule-Explanations-of-Reinforcement-Learning/.venv/lib/python3.12/site-packages/kneed/knee_locator.py:236: RuntimeWarning: invalid value encountered in divide
  return (a - min(a)) / (max(a) - min(a))
/root/Textual-Rule-Explanations-of-Reinforcement-Learning/.venv/lib/python3.12/site-packages/kneed/knee_locator.py:210: RuntimeWarning: Mean of empty slice
  self.S * np.abs(np.diff(self.x_normalized).mean())
/root/Textual-Rule-Explanations-of-Reinforcement-Learning/.venv/lib/python3.12/site-packages/numpy/_core/_methods.py:142: RuntimeWarning: invalid value encountered in scalar divide
  ret = ret.dtype.type(ret / rcount)
/root/Textual-Rule-Explanations-of-Reinforcement-Learning/.venv/lib/python3.12/site-packages/kneed/knee_locator.py:236: RuntimeWarning: invalid value encountered in divide
  return (a - min(a)) / (max(a) - min(a))
/root/Textual-Rule-Explanations-of-Reinforcement-Learning/.venv/lib/python3.12/site-packages/kneed/knee_locator.py:210: RuntimeWarning: Mean of empty slice
  self.S * np.abs(np.diff(self.x_normalized).mean())
/root/Textual-Rule-Explanations-of-Reinforcement-Learning/.venv/lib/python3.12/site-packages/numpy/_core/_methods.py:142: RuntimeWarning: invalid value encountered in scalar divide
  ret = ret.dtype.type(ret / rcount)
/root/Textual-Rule-Explanations-of-Reinforcement-Learning/.venv/lib/python3.12/site-packages/kneed/knee_locator.py:236: RuntimeWarning: invalid value encountered in divide
  return (a - min(a)) / (max(a) - min(a))
/root/Textual-Rule-Explanations-of-Reinforcement-Learning/.venv/lib/python3.12/site-packages/kneed/knee_locator.py:210: RuntimeWarning: Mean of empty slice
  self.S * np.abs(np.diff(self.x_normalized).mean())
/root/Textual-Rule-Explanations-of-Reinforcement-Learning/.venv/lib/python3.12/site-packages/numpy/_core/_methods.py:142: RuntimeWarning: invalid value encountered in scalar divide
  ret = ret.dtype.type(ret / rcount)
/root/Textual-Rule-Explanations-of-Reinforcement-Learning/.venv/lib/python3.12/site-packages/kneed/knee_locator.py:236: RuntimeWarning: invalid value encountered in divide
  return (a - min(a)) / (max(a) - min(a))
/root/Textual-Rule-Explanations-of-Reinforcement-Learning/.venv/lib/python3.12/site-packages/kneed/knee_locator.py:210: RuntimeWarning: Mean of empty slice
  self.S * np.abs(np.diff(self.x_normalized).mean())
/root/Textual-Rule-Explanations-of-Reinforcement-Learning/.venv/lib/python3.12/site-packages/numpy/_core/_methods.py:142: RuntimeWarning: invalid value encountered in scalar divide
  ret = ret.dtype.type(ret / rcount)
/root/Textual-Rule-Explanations-of-Reinforcement-Learning/.venv/lib/python3.12/site-packages/kneed/knee_locator.py:236: RuntimeWarning: invalid value encountered in divide
  return (a - min(a)) / (max(a) - min(a))
/root/Textual-Rule-Explanations-of-Reinforcement-Learning/.venv/lib/python3.12/site-packages/kneed/knee_locator.py:210: RuntimeWarning: Mean of empty slice
  self.S * np.abs(np.diff(self.x_normalized).mean())
/root/Textual-Rule-Explanations-of-Reinforcement-Learning/.venv/lib/python3.12/site-packages/numpy/_core/_methods.py:142: RuntimeWarning: invalid value encountered in scalar divide
  ret = ret.dtype.type(ret / rcount)
/root/Textual-Rule-Explanations-of-Reinforcement-Learning/.venv/lib/python3.12/site-packages/kneed/knee_locator.py:236: RuntimeWarning: invalid value encountered in divide
  return (a - min(a)) / (max(a) - min(a))
/root/Textual-Rule-Explanations-of-Reinforcement-Learning/.venv/lib/python3.12/site-packages/kneed/knee_locator.py:210: RuntimeWarning: Mean of empty slice
  self.S * np.abs(np.diff(self.x_normalized).mean())
/root/Textual-Rule-Explanations-of-Reinforcement-Learning/.venv/lib/python3.12/site-packages/numpy/_core/_methods.py:142: RuntimeWarning: invalid value encountered in scalar divide
  ret = ret.dtype.type(ret / rcount)
/root/Textual-Rule-Explanations-of-Reinforcement-Learning/.venv/lib/python3.12/site-packages/kneed/knee_locator.py:236: RuntimeWarning: invalid value encountered in divide
  return (a - min(a)) / (max(a) - min(a))
/root/Textual-Rule-Explanations-of-Reinforcement-Learning/.venv/lib/python3.12/site-packages/kneed/knee_locator.py:210: RuntimeWarning: Mean of empty slice
  self.S * np.abs(np.diff(self.x_normalized).mean())
/root/Textual-Rule-Explanations-of-Reinforcement-Learning/.venv/lib/python3.12/site-packages/numpy/_core/_methods.py:142: RuntimeWarning: invalid value encountered in scalar divide
  ret = ret.dtype.type(ret / rcount)
/root/Textual-Rule-Explanations-of-Reinforcement-Learning/.venv/lib/python3.12/site-packages/kneed/knee_locator.py:236: RuntimeWarning: invalid value encountered in divide
  return (a - min(a)) / (max(a) - min(a))
/root/Textual-Rule-Explanations-of-Reinforcement-Learning/.venv/lib/python3.12/site-packages/kneed/knee_locator.py:210: RuntimeWarning: Mean of empty slice
  self.S * np.abs(np.diff(self.x_normalized).mean())
/root/Textual-Rule-Explanations-of-Reinforcement-Learning/.venv/lib/python3.12/site-packages/numpy/_core/_methods.py:142: RuntimeWarning: invalid value encountered in scalar divide
  ret = ret.dtype.type(ret / rcount)
/root/Textual-Rule-Explanations-of-Reinforcement-Learning/.venv/lib/python3.12/site-packages/kneed/knee_locator.py:236: RuntimeWarning: invalid value encountered in divide
  return (a - min(a)) / (max(a) - min(a))
/root/Textual-Rule-Explanations-of-Reinforcement-Learning/.venv/lib/python3.12/site-packages/kneed/knee_locator.py:210: RuntimeWarning: Mean of empty slice
  self.S * np.abs(np.diff(self.x_normalized).mean())
/root/Textual-Rule-Explanations-of-Reinforcement-Learning/.venv/lib/python3.12/site-packages/numpy/_core/_methods.py:142: RuntimeWarning: invalid value encountered in scalar divide
  ret = ret.dtype.type(ret / rcount)
  [intersection-v0_dqn_vc4] ps1_dt reruns=10
/root/Textual-Rule-Explanations-of-Reinforcement-Learning/.venv/lib/python3.12/site-packages/gymnasium/envs/registration.py:512: DeprecationWarning: [33mWARN: The environment intersection-v0 is out of date. You should consider upgrading to version `v1`.[0m
  logger.deprecation(
/root/Textual-Rule-Explanations-of-Reinforcement-Learning/.venv/lib/python3.12/site-packages/kneed/knee_locator.py:236: RuntimeWarning: invalid value encountered in divide
  return (a - min(a)) / (max(a) - min(a))
/root/Textual-Rule-Explanations-of-Reinforcement-Learning/.venv/lib/python3.12/site-packages/kneed/knee_locator.py:210: RuntimeWarning: Mean of empty slice
  self.S * np.abs(np.diff(self.x_normalized).mean())
/root/Textual-Rule-Explanations-of-Reinforcement-Learning/.venv/lib/python3.12/site-packages/numpy/_core/_methods.py:142: RuntimeWarning: invalid value encountered in scalar divide
  ret = ret.dtype.type(ret / rcount)
/root/Textual-Rule-Explanations-of-Reinforcement-Learning/.venv/lib/python3.12/site-packages/kneed/knee_locator.py:236: RuntimeWarning: invalid value encountered in divide
  return (a - min(a)) / (max(a) - min(a))
/root/Textual-Rule-Explanations-of-Reinforcement-Learning/.venv/lib/python3.12/site-packages/kneed/knee_locator.py:210: RuntimeWarning: Mean of empty slice
  self.S * np.abs(np.diff(self.x_normalized).mean())
/root/Textual-Rule-Explanations-of-Reinforcement-Learning/.venv/lib/python3.12/site-packages/numpy/_core/_methods.py:142: RuntimeWarning: invalid value encountered in scalar divide
  ret = ret.dtype.type(ret / rcount)
/root/Textual-Rule-Explanations-of-Reinforcement-Learning/.venv/lib/python3.12/site-packages/kneed/knee_locator.py:236: RuntimeWarning: invalid value encountered in divide
  return (a - min(a)) / (max(a) - min(a))
/root/Textual-Rule-Explanations-of-Reinforcement-Learning/.venv/lib/python3.12/site-packages/kneed/knee_locator.py:210: RuntimeWarning: Mean of empty slice
  self.S * np.abs(np.diff(self.x_normalized).mean())
/root/Textual-Rule-Explanations-of-Reinforcement-Learning/.venv/lib/python3.12/site-packages/numpy/_core/_methods.py:142: RuntimeWarning: invalid value encountered in scalar divide
  ret = ret.dtype.type(ret / rcount)
  [intersection-v0_dqn_vc4] ps2_cbs reruns=10
/root/Textual-Rule-Explanations-of-Reinforcement-Learning/.venv/lib/python3.12/site-packages/kneed/knee_locator.py:236: RuntimeWarning: invalid value encountered in divide
  return (a - min(a)) / (max(a) - min(a))
/root/Textual-Rule-Explanations-of-Reinforcement-Learning/.venv/lib/python3.12/site-packages/kneed/knee_locator.py:210: RuntimeWarning: Mean of empty slice
  self.S * np.abs(np.diff(self.x_normalized).mean())
/root/Textual-Rule-Explanations-of-Reinforcement-Learning/.venv/lib/python3.12/site-packages/numpy/_core/_methods.py:142: RuntimeWarning: invalid value encountered in scalar divide
  ret = ret.dtype.type(ret / rcount)
/root/Textual-Rule-Explanations-of-Reinforcement-Learning/.venv/lib/python3.12/site-packages/kneed/knee_locator.py:236: RuntimeWarning: invalid value encountered in divide
  return (a - min(a)) / (max(a) - min(a))
/root/Textual-Rule-Explanations-of-Reinforcement-Learning/.venv/lib/python3.12/site-packages/kneed/knee_locator.py:210: RuntimeWarning: Mean of empty slice
  self.S * np.abs(np.diff(self.x_normalized).mean())
/root/Textual-Rule-Explanations-of-Reinforcement-Learning/.venv/lib/python3.12/site-packages/numpy/_core/_methods.py:142: RuntimeWarning: invalid value encountered in scalar divide
  ret = ret.dtype.type(ret / rcount)
/root/Textual-Rule-Explanations-of-Reinforcement-Learning/.venv/lib/python3.12/site-packages/kneed/knee_locator.py:236: RuntimeWarning: invalid value encountered in divide
  return (a - min(a)) / (max(a) - min(a))
/root/Textual-Rule-Explanations-of-Reinforcement-Learning/.venv/lib/python3.12/site-packages/kneed/knee_locator.py:210: RuntimeWarning: Mean of empty slice
  self.S * np.abs(np.diff(self.x_normalized).mean())
/root/Textual-Rule-Explanations-of-Reinforcement-Learning/.venv/lib/python3.12/site-packages/numpy/_core/_methods.py:142: RuntimeWarning: invalid value encountered in scalar divide
  ret = ret.dtype.type(ret / rcount)
/root/Textual-Rule-Explanations-of-Reinforcement-Learning/.venv/lib/python3.12/site-packages/kneed/knee_locator.py:236: RuntimeWarning: invalid value encountered in divide
  return (a - min(a)) / (max(a) - min(a))
/root/Textual-Rule-Explanations-of-Reinforcement-Learning/.venv/lib/python3.12/site-packages/kneed/knee_locator.py:210: RuntimeWarning: Mean of empty slice
  self.S * np.abs(np.diff(self.x_normalized).mean())
/root/Textual-Rule-Explanations-of-Reinforcement-Learning/.venv/lib/python3.12/site-packages/numpy/_core/_methods.py:142: RuntimeWarning: invalid value encountered in scalar divide
  ret = ret.dtype.type(ret / rcount)
/root/Textual-Rule-Explanations-of-Reinforcement-Learning/.venv/lib/python3.12/site-packages/kneed/knee_locator.py:236: RuntimeWarning: invalid value encountered in divide
  return (a - min(a)) / (max(a) - min(a))
/root/Textual-Rule-Explanations-of-Reinforcement-Learning/.venv/lib/python3.12/site-packages/kneed/knee_locator.py:210: RuntimeWarning: Mean of empty slice
  self.S * np.abs(np.diff(self.x_normalized).mean())
/root/Textual-Rule-Explanations-of-Reinforcement-Learning/.venv/lib/python3.12/site-packages/numpy/_core/_methods.py:142: RuntimeWarning: invalid value encountered in scalar divide
  ret = ret.dtype.type(ret / rcount)
/root/Textual-Rule-Explanations-of-Reinforcement-Learning/.venv/lib/python3.12/site-packages/kneed/knee_locator.py:236: RuntimeWarning: invalid value encountered in divide
  return (a - min(a)) / (max(a) - min(a))
/root/Textual-Rule-Explanations-of-Reinforcement-Learning/.venv/lib/python3.12/site-packages/kneed/knee_locator.py:210: RuntimeWarning: Mean of empty slice
  self.S * np.abs(np.diff(self.x_normalized).mean())
/root/Textual-Rule-Explanations-of-Reinforcement-Learning/.venv/lib/python3.12/site-packages/numpy/_core/_methods.py:142: RuntimeWarning: invalid value encountered in scalar divide
  ret = ret.dtype.type(ret / rcount)
/root/Textual-Rule-Explanations-of-Reinforcement-Learning/.venv/lib/python3.12/site-packages/kneed/knee_locator.py:236: RuntimeWarning: invalid value encountered in divide
  return (a - min(a)) / (max(a) - min(a))
/root/Textual-Rule-Explanations-of-Reinforcement-Learning/.venv/lib/python3.12/site-packages/kneed/knee_locator.py:210: RuntimeWarning: Mean of empty slice
  self.S * np.abs(np.diff(self.x_normalized).mean())
/root/Textual-Rule-Explanations-of-Reinforcement-Learning/.venv/lib/python3.12/site-packages/numpy/_core/_methods.py:142: RuntimeWarning: invalid value encountered in scalar divide
  ret = ret.dtype.type(ret / rcount)
/root/Textual-Rule-Explanations-of-Reinforcement-Learning/.venv/lib/python3.12/site-packages/kneed/knee_locator.py:236: RuntimeWarning: invalid value encountered in divide
  return (a - min(a)) / (max(a) - min(a))
/root/Textual-Rule-Explanations-of-Reinforcement-Learning/.venv/lib/python3.12/site-packages/kneed/knee_locator.py:210: RuntimeWarning: Mean of empty slice
  self.S * np.abs(np.diff(self.x_normalized).mean())
/root/Textual-Rule-Explanations-of-Reinforcement-Learning/.venv/lib/python3.12/site-packages/numpy/_core/_methods.py:142: RuntimeWarning: invalid value encountered in scalar divide
  ret = ret.dtype.type(ret / rcount)
  [intersection-v0_dqn_vc4] ps2_b3_vote reruns=10
/root/Textual-Rule-Explanations-of-Reinforcement-Learning/.venv/lib/python3.12/site-packages/kneed/knee_locator.py:236: RuntimeWarning: invalid value encountered in divide
  return (a - min(a)) / (max(a) - min(a))
/root/Textual-Rule-Explanations-of-Reinforcement-Learning/.venv/lib/python3.12/site-packages/kneed/knee_locator.py:210: RuntimeWarning: Mean of empty slice
  self.S * np.abs(np.diff(self.x_normalized).mean())
/root/Textual-Rule-Explanations-of-Reinforcement-Learning/.venv/lib/python3.12/site-packages/numpy/_core/_methods.py:142: RuntimeWarning: invalid value encountered in scalar divide
  ret = ret.dtype.type(ret / rcount)
/root/Textual-Rule-Explanations-of-Reinforcement-Learning/.venv/lib/python3.12/site-packages/kneed/knee_locator.py:236: RuntimeWarning: invalid value encountered in divide
  return (a - min(a)) / (max(a) - min(a))
/root/Textual-Rule-Explanations-of-Reinforcement-Learning/.venv/lib/python3.12/site-packages/kneed/knee_locator.py:210: RuntimeWarning: Mean of empty slice
  self.S * np.abs(np.diff(self.x_normalized).mean())
/root/Textual-Rule-Explanations-of-Reinforcement-Learning/.venv/lib/python3.12/site-packages/numpy/_core/_methods.py:142: RuntimeWarning: invalid value encountered in scalar divide
  ret = ret.dtype.type(ret / rcount)
  [intersection-v0_dqn_vc4] ps1_dt reruns=10
/root/Textual-Rule-Explanations-of-Reinforcement-Learning/.venv/lib/python3.12/site-packages/gymnasium/envs/registration.py:512: DeprecationWarning: [33mWARN: The environment intersection-v0 is out of date. You should consider upgrading to version `v1`.[0m
  logger.deprecation(
  [intersection-v0_dqn_vc4] ps2_cbs reruns=10
  [intersection-v0_dqn_vc4] ps2_b3_vote reruns=10
  [intersection-v0_dqn_vc4] ps2_dt reruns=10
/root/Textual-Rule-Explanations-of-Reinforcement-Learning/.venv/lib/python3.12/site-packages/gymnasium/envs/registration.py:512: DeprecationWarning: [33mWARN: The environment intersection-v0 is out of date. You should consider upgrading to version `v1`.[0m
  logger.deprecation(
  [intersection-v0_ppo_vc4] ps0_cbs reruns=10
  [intersection-v0_ppo_vc4] ps0_b3_vote reruns=10
/root/Textual-Rule-Explanations-of-Reinforcement-Learning/.venv/lib/python3.12/site-packages/kneed/knee_locator.py:236: RuntimeWarning: invalid value encountered in divide
  return (a - min(a)) / (max(a) - min(a))
/root/Textual-Rule-Explanations-of-Reinforcement-Learning/.venv/lib/python3.12/site-packages/kneed/knee_locator.py:210: RuntimeWarning: Mean of empty slice
  self.S * np.abs(np.diff(self.x_normalized).mean())
/root/Textual-Rule-Explanations-of-Reinforcement-Learning/.venv/lib/python3.12/site-packages/numpy/_core/_methods.py:142: RuntimeWarning: invalid value encountered in scalar divide
  ret = ret.dtype.type(ret / rcount)
  [intersection-v0_dqn_vc4] ps2_dt reruns=10
/root/Textual-Rule-Explanations-of-Reinforcement-Learning/.venv/lib/python3.12/site-packages/gymnasium/envs/registration.py:512: DeprecationWarning: [33mWARN: The environment intersection-v0 is out of date. You should consider upgrading to version `v1`.[0m
  logger.deprecation(
/root/Textual-Rule-Explanations-of-Reinforcement-Learning/.venv/lib/python3.12/site-packages/kneed/knee_locator.py:236: RuntimeWarning: invalid value encountered in divide
  return (a - min(a)) / (max(a) - min(a))
/root/Textual-Rule-Explanations-of-Reinforcement-Learning/.venv/lib/python3.12/site-packages/kneed/knee_locator.py:210: RuntimeWarning: Mean of empty slice
  self.S * np.abs(np.diff(self.x_normalized).mean())
/root/Textual-Rule-Explanations-of-Reinforcement-Learning/.venv/lib/python3.12/site-packages/numpy/_core/_methods.py:142: RuntimeWarning: invalid value encountered in scalar divide
  ret = ret.dtype.type(ret / rcount)
  [intersection-v0_ppo_vc4] ps0_cbs reruns=10
  [intersection-v0_ppo_vc4] ps0_b3_vote reruns=10
  [intersection-v0_ppo_vc4] ps0_dt reruns=10
/root/Textual-Rule-Explanations-of-Reinforcement-Learning/.venv/lib/python3.12/site-packages/gymnasium/envs/registration.py:512: DeprecationWarning: [33mWARN: The environment intersection-v0 is out of date. You should consider upgrading to version `v1`.[0m
  logger.deprecation(
/root/Textual-Rule-Explanations-of-Reinforcement-Learning/.venv/lib/python3.12/site-packages/kneed/knee_locator.py:236: RuntimeWarning: invalid value encountered in divide
  return (a - min(a)) / (max(a) - min(a))
/root/Textual-Rule-Explanations-of-Reinforcement-Learning/.venv/lib/python3.12/site-packages/kneed/knee_locator.py:210: RuntimeWarning: Mean of empty slice
  self.S * np.abs(np.diff(self.x_normalized).mean())
/root/Textual-Rule-Explanations-of-Reinforcement-Learning/.venv/lib/python3.12/site-packages/numpy/_core/_methods.py:142: RuntimeWarning: invalid value encountered in scalar divide
  ret = ret.dtype.type(ret / rcount)
/root/Textual-Rule-Explanations-of-Reinforcement-Learning/.venv/lib/python3.12/site-packages/kneed/knee_locator.py:236: RuntimeWarning: invalid value encountered in divide
  return (a - min(a)) / (max(a) - min(a))
/root/Textual-Rule-Explanations-of-Reinforcement-Learning/.venv/lib/python3.12/site-packages/kneed/knee_locator.py:210: RuntimeWarning: Mean of empty slice
  self.S * np.abs(np.diff(self.x_normalized).mean())
/root/Textual-Rule-Explanations-of-Reinforcement-Learning/.venv/lib/python3.12/site-packages/numpy/_core/_methods.py:142: RuntimeWarning: invalid value encountered in scalar divide
  ret = ret.dtype.type(ret / rcount)
  [intersection-v0_ppo_vc4] ps1_cbs reruns=10
  [intersection-v0_ppo_vc4] ps1_b3_vote reruns=10
/root/Textual-Rule-Explanations-of-Reinforcement-Learning/.venv/lib/python3.12/site-packages/kneed/knee_locator.py:236: RuntimeWarning: invalid value encountered in divide
  return (a - min(a)) / (max(a) - min(a))
/root/Textual-Rule-Explanations-of-Reinforcement-Learning/.venv/lib/python3.12/site-packages/kneed/knee_locator.py:210: RuntimeWarning: Mean of empty slice
  self.S * np.abs(np.diff(self.x_normalized).mean())
/root/Textual-Rule-Explanations-of-Reinforcement-Learning/.venv/lib/python3.12/site-packages/numpy/_core/_methods.py:142: RuntimeWarning: invalid value encountered in scalar divide
  ret = ret.dtype.type(ret / rcount)
/root/Textual-Rule-Explanations-of-Reinforcement-Learning/.venv/lib/python3.12/site-packages/kneed/knee_locator.py:236: RuntimeWarning: invalid value encountered in divide
  return (a - min(a)) / (max(a) - min(a))
/root/Textual-Rule-Explanations-of-Reinforcement-Learning/.venv/lib/python3.12/site-packages/kneed/knee_locator.py:210: RuntimeWarning: Mean of empty slice
  self.S * np.abs(np.diff(self.x_normalized).mean())
/root/Textual-Rule-Explanations-of-Reinforcement-Learning/.venv/lib/python3.12/site-packages/numpy/_core/_methods.py:142: RuntimeWarning: invalid value encountered in scalar divide
  ret = ret.dtype.type(ret / rcount)
/root/Textual-Rule-Explanations-of-Reinforcement-Learning/.venv/lib/python3.12/site-packages/kneed/knee_locator.py:236: RuntimeWarning: invalid value encountered in divide
  return (a - min(a)) / (max(a) - min(a))
/root/Textual-Rule-Explanations-of-Reinforcement-Learning/.venv/lib/python3.12/site-packages/kneed/knee_locator.py:210: RuntimeWarning: Mean of empty slice
  self.S * np.abs(np.diff(self.x_normalized).mean())
/root/Textual-Rule-Explanations-of-Reinforcement-Learning/.venv/lib/python3.12/site-packages/numpy/_core/_methods.py:142: RuntimeWarning: invalid value encountered in scalar divide
  ret = ret.dtype.type(ret / rcount)
/root/Textual-Rule-Explanations-of-Reinforcement-Learning/.venv/lib/python3.12/site-packages/kneed/knee_locator.py:236: RuntimeWarning: invalid value encountered in divide
  return (a - min(a)) / (max(a) - min(a))
/root/Textual-Rule-Explanations-of-Reinforcement-Learning/.venv/lib/python3.12/site-packages/kneed/knee_locator.py:210: RuntimeWarning: Mean of empty slice
  self.S * np.abs(np.diff(self.x_normalized).mean())
/root/Textual-Rule-Explanations-of-Reinforcement-Learning/.venv/lib/python3.12/site-packages/numpy/_core/_methods.py:142: RuntimeWarning: invalid value encountered in scalar divide
  ret = ret.dtype.type(ret / rcount)
/root/Textual-Rule-Explanations-of-Reinforcement-Learning/.venv/lib/python3.12/site-packages/kneed/knee_locator.py:236: RuntimeWarning: invalid value encountered in divide
  return (a - min(a)) / (max(a) - min(a))
/root/Textual-Rule-Explanations-of-Reinforcement-Learning/.venv/lib/python3.12/site-packages/kneed/knee_locator.py:210: RuntimeWarning: Mean of empty slice
  self.S * np.abs(np.diff(self.x_normalized).mean())
/root/Textual-Rule-Explanations-of-Reinforcement-Learning/.venv/lib/python3.12/site-packages/numpy/_core/_methods.py:142: RuntimeWarning: invalid value encountered in scalar divide
  ret = ret.dtype.type(ret / rcount)
/root/Textual-Rule-Explanations-of-Reinforcement-Learning/.venv/lib/python3.12/site-packages/kneed/knee_locator.py:236: RuntimeWarning: invalid value encountered in divide
  return (a - min(a)) / (max(a) - min(a))
/root/Textual-Rule-Explanations-of-Reinforcement-Learning/.venv/lib/python3.12/site-packages/kneed/knee_locator.py:210: RuntimeWarning: Mean of empty slice
  self.S * np.abs(np.diff(self.x_normalized).mean())
/root/Textual-Rule-Explanations-of-Reinforcement-Learning/.venv/lib/python3.12/site-packages/numpy/_core/_methods.py:142: RuntimeWarning: invalid value encountered in scalar divide
  ret = ret.dtype.type(ret / rcount)
  [intersection-v0_ppo_vc4] ps0_dt reruns=10
/root/Textual-Rule-Explanations-of-Reinforcement-Learning/.venv/lib/python3.12/site-packages/gymnasium/envs/registration.py:512: DeprecationWarning: [33mWARN: The environment intersection-v0 is out of date. You should consider upgrading to version `v1`.[0m
  logger.deprecation(
/root/Textual-Rule-Explanations-of-Reinforcement-Learning/.venv/lib/python3.12/site-packages/kneed/knee_locator.py:236: RuntimeWarning: invalid value encountered in divide
  return (a - min(a)) / (max(a) - min(a))
/root/Textual-Rule-Explanations-of-Reinforcement-Learning/.venv/lib/python3.12/site-packages/kneed/knee_locator.py:210: RuntimeWarning: Mean of empty slice
  self.S * np.abs(np.diff(self.x_normalized).mean())
/root/Textual-Rule-Explanations-of-Reinforcement-Learning/.venv/lib/python3.12/site-packages/numpy/_core/_methods.py:142: RuntimeWarning: invalid value encountered in scalar divide
  ret = ret.dtype.type(ret / rcount)
/root/Textual-Rule-Explanations-of-Reinforcement-Learning/.venv/lib/python3.12/site-packages/kneed/knee_locator.py:236: RuntimeWarning: invalid value encountered in divide
  return (a - min(a)) / (max(a) - min(a))
/root/Textual-Rule-Explanations-of-Reinforcement-Learning/.venv/lib/python3.12/site-packages/kneed/knee_locator.py:210: RuntimeWarning: Mean of empty slice
  self.S * np.abs(np.diff(self.x_normalized).mean())
/root/Textual-Rule-Explanations-of-Reinforcement-Learning/.venv/lib/python3.12/site-packages/numpy/_core/_methods.py:142: RuntimeWarning: invalid value encountered in scalar divide
  ret = ret.dtype.type(ret / rcount)
  [intersection-v0_ppo_vc4] ps1_cbs reruns=10
/root/Textual-Rule-Explanations-of-Reinforcement-Learning/.venv/lib/python3.12/site-packages/kneed/knee_locator.py:236: RuntimeWarning: invalid value encountered in divide
  return (a - min(a)) / (max(a) - min(a))
/root/Textual-Rule-Explanations-of-Reinforcement-Learning/.venv/lib/python3.12/site-packages/kneed/knee_locator.py:210: RuntimeWarning: Mean of empty slice
  self.S * np.abs(np.diff(self.x_normalized).mean())
/root/Textual-Rule-Explanations-of-Reinforcement-Learning/.venv/lib/python3.12/site-packages/numpy/_core/_methods.py:142: RuntimeWarning: invalid value encountered in scalar divide
  ret = ret.dtype.type(ret / rcount)
/root/Textual-Rule-Explanations-of-Reinforcement-Learning/.venv/lib/python3.12/site-packages/kneed/knee_locator.py:236: RuntimeWarning: invalid value encountered in divide
  return (a - min(a)) / (max(a) - min(a))
/root/Textual-Rule-Explanations-of-Reinforcement-Learning/.venv/lib/python3.12/site-packages/kneed/knee_locator.py:210: RuntimeWarning: Mean of empty slice
  self.S * np.abs(np.diff(self.x_normalized).mean())
/root/Textual-Rule-Explanations-of-Reinforcement-Learning/.venv/lib/python3.12/site-packages/numpy/_core/_methods.py:142: RuntimeWarning: invalid value encountered in scalar divide
  ret = ret.dtype.type(ret / rcount)
/root/Textual-Rule-Explanations-of-Reinforcement-Learning/.venv/lib/python3.12/site-packages/kneed/knee_locator.py:236: RuntimeWarning: invalid value encountered in divide
  return (a - min(a)) / (max(a) - min(a))
/root/Textual-Rule-Explanations-of-Reinforcement-Learning/.venv/lib/python3.12/site-packages/kneed/knee_locator.py:210: RuntimeWarning: Mean of empty slice
  self.S * np.abs(np.diff(self.x_normalized).mean())
/root/Textual-Rule-Explanations-of-Reinforcement-Learning/.venv/lib/python3.12/site-packages/numpy/_core/_methods.py:142: RuntimeWarning: invalid value encountered in scalar divide
  ret = ret.dtype.type(ret / rcount)
  [intersection-v0_ppo_vc4] ps1_b3_vote reruns=10
/root/Textual-Rule-Explanations-of-Reinforcement-Learning/.venv/lib/python3.12/site-packages/kneed/knee_locator.py:236: RuntimeWarning: invalid value encountered in divide
  return (a - min(a)) / (max(a) - min(a))
/root/Textual-Rule-Explanations-of-Reinforcement-Learning/.venv/lib/python3.12/site-packages/kneed/knee_locator.py:210: RuntimeWarning: Mean of empty slice
  self.S * np.abs(np.diff(self.x_normalized).mean())
/root/Textual-Rule-Explanations-of-Reinforcement-Learning/.venv/lib/python3.12/site-packages/numpy/_core/_methods.py:142: RuntimeWarning: invalid value encountered in scalar divide
  ret = ret.dtype.type(ret / rcount)
  [intersection-v0_ppo_vc4] ps1_dt reruns=10
/root/Textual-Rule-Explanations-of-Reinforcement-Learning/.venv/lib/python3.12/site-packages/kneed/knee_locator.py:236: RuntimeWarning: invalid value encountered in divide
  return (a - min(a)) / (max(a) - min(a))
/root/Textual-Rule-Explanations-of-Reinforcement-Learning/.venv/lib/python3.12/site-packages/kneed/knee_locator.py:210: RuntimeWarning: Mean of empty slice
  self.S * np.abs(np.diff(self.x_normalized).mean())
/root/Textual-Rule-Explanations-of-Reinforcement-Learning/.venv/lib/python3.12/site-packages/numpy/_core/_methods.py:142: RuntimeWarning: invalid value encountered in scalar divide
  ret = ret.dtype.type(ret / rcount)
/root/Textual-Rule-Explanations-of-Reinforcement-Learning/.venv/lib/python3.12/site-packages/gymnasium/envs/registration.py:512: DeprecationWarning: [33mWARN: The environment intersection-v0 is out of date. You should consider upgrading to version `v1`.[0m
  logger.deprecation(
/root/Textual-Rule-Explanations-of-Reinforcement-Learning/.venv/lib/python3.12/site-packages/kneed/knee_locator.py:236: RuntimeWarning: invalid value encountered in divide
  return (a - min(a)) / (max(a) - min(a))
/root/Textual-Rule-Explanations-of-Reinforcement-Learning/.venv/lib/python3.12/site-packages/kneed/knee_locator.py:210: RuntimeWarning: Mean of empty slice
  self.S * np.abs(np.diff(self.x_normalized).mean())
/root/Textual-Rule-Explanations-of-Reinforcement-Learning/.venv/lib/python3.12/site-packages/numpy/_core/_methods.py:142: RuntimeWarning: invalid value encountered in scalar divide
  ret = ret.dtype.type(ret / rcount)
/root/Textual-Rule-Explanations-of-Reinforcement-Learning/.venv/lib/python3.12/site-packages/kneed/knee_locator.py:236: RuntimeWarning: invalid value encountered in divide
  return (a - min(a)) / (max(a) - min(a))
/root/Textual-Rule-Explanations-of-Reinforcement-Learning/.venv/lib/python3.12/site-packages/kneed/knee_locator.py:210: RuntimeWarning: Mean of empty slice
  self.S * np.abs(np.diff(self.x_normalized).mean())
/root/Textual-Rule-Explanations-of-Reinforcement-Learning/.venv/lib/python3.12/site-packages/numpy/_core/_methods.py:142: RuntimeWarning: invalid value encountered in scalar divide
  ret = ret.dtype.type(ret / rcount)
/root/Textual-Rule-Explanations-of-Reinforcement-Learning/.venv/lib/python3.12/site-packages/kneed/knee_locator.py:236: RuntimeWarning: invalid value encountered in divide
  return (a - min(a)) / (max(a) - min(a))
/root/Textual-Rule-Explanations-of-Reinforcement-Learning/.venv/lib/python3.12/site-packages/kneed/knee_locator.py:210: RuntimeWarning: Mean of empty slice
  self.S * np.abs(np.diff(self.x_normalized).mean())
/root/Textual-Rule-Explanations-of-Reinforcement-Learning/.venv/lib/python3.12/site-packages/numpy/_core/_methods.py:142: RuntimeWarning: invalid value encountered in scalar divide
  ret = ret.dtype.type(ret / rcount)
/root/Textual-Rule-Explanations-of-Reinforcement-Learning/.venv/lib/python3.12/site-packages/kneed/knee_locator.py:236: RuntimeWarning: invalid value encountered in divide
  return (a - min(a)) / (max(a) - min(a))
/root/Textual-Rule-Explanations-of-Reinforcement-Learning/.venv/lib/python3.12/site-packages/kneed/knee_locator.py:210: RuntimeWarning: Mean of empty slice
  self.S * np.abs(np.diff(self.x_normalized).mean())
/root/Textual-Rule-Explanations-of-Reinforcement-Learning/.venv/lib/python3.12/site-packages/numpy/_core/_methods.py:142: RuntimeWarning: invalid value encountered in scalar divide
  ret = ret.dtype.type(ret / rcount)
  [intersection-v0_ppo_vc4] ps2_cbs reruns=10
/root/Textual-Rule-Explanations-of-Reinforcement-Learning/.venv/lib/python3.12/site-packages/kneed/knee_locator.py:236: RuntimeWarning: invalid value encountered in divide
  return (a - min(a)) / (max(a) - min(a))
/root/Textual-Rule-Explanations-of-Reinforcement-Learning/.venv/lib/python3.12/site-packages/kneed/knee_locator.py:210: RuntimeWarning: Mean of empty slice
  self.S * np.abs(np.diff(self.x_normalized).mean())
/root/Textual-Rule-Explanations-of-Reinforcement-Learning/.venv/lib/python3.12/site-packages/numpy/_core/_methods.py:142: RuntimeWarning: invalid value encountered in scalar divide
  ret = ret.dtype.type(ret / rcount)
/root/Textual-Rule-Explanations-of-Reinforcement-Learning/.venv/lib/python3.12/site-packages/kneed/knee_locator.py:236: RuntimeWarning: invalid value encountered in divide
  return (a - min(a)) / (max(a) - min(a))
/root/Textual-Rule-Explanations-of-Reinforcement-Learning/.venv/lib/python3.12/site-packages/kneed/knee_locator.py:210: RuntimeWarning: Mean of empty slice
  self.S * np.abs(np.diff(self.x_normalized).mean())
/root/Textual-Rule-Explanations-of-Reinforcement-Learning/.venv/lib/python3.12/site-packages/numpy/_core/_methods.py:142: RuntimeWarning: invalid value encountered in scalar divide
  ret = ret.dtype.type(ret / rcount)
/root/Textual-Rule-Explanations-of-Reinforcement-Learning/.venv/lib/python3.12/site-packages/kneed/knee_locator.py:236: RuntimeWarning: invalid value encountered in divide
  return (a - min(a)) / (max(a) - min(a))
/root/Textual-Rule-Explanations-of-Reinforcement-Learning/.venv/lib/python3.12/site-packages/kneed/knee_locator.py:210: RuntimeWarning: Mean of empty slice
  self.S * np.abs(np.diff(self.x_normalized).mean())
/root/Textual-Rule-Explanations-of-Reinforcement-Learning/.venv/lib/python3.12/site-packages/numpy/_core/_methods.py:142: RuntimeWarning: invalid value encountered in scalar divide
  ret = ret.dtype.type(ret / rcount)
  [intersection-v0_ppo_vc4] ps2_b3_vote reruns=10
/root/Textual-Rule-Explanations-of-Reinforcement-Learning/.venv/lib/python3.12/site-packages/kneed/knee_locator.py:236: RuntimeWarning: invalid value encountered in divide
  return (a - min(a)) / (max(a) - min(a))
/root/Textual-Rule-Explanations-of-Reinforcement-Learning/.venv/lib/python3.12/site-packages/kneed/knee_locator.py:210: RuntimeWarning: Mean of empty slice
  self.S * np.abs(np.diff(self.x_normalized).mean())
/root/Textual-Rule-Explanations-of-Reinforcement-Learning/.venv/lib/python3.12/site-packages/numpy/_core/_methods.py:142: RuntimeWarning: invalid value encountered in scalar divide
  ret = ret.dtype.type(ret / rcount)
/root/Textual-Rule-Explanations-of-Reinforcement-Learning/.venv/lib/python3.12/site-packages/kneed/knee_locator.py:236: RuntimeWarning: invalid value encountered in divide
  return (a - min(a)) / (max(a) - min(a))
/root/Textual-Rule-Explanations-of-Reinforcement-Learning/.venv/lib/python3.12/site-packages/kneed/knee_locator.py:210: RuntimeWarning: Mean of empty slice
  self.S * np.abs(np.diff(self.x_normalized).mean())
/root/Textual-Rule-Explanations-of-Reinforcement-Learning/.venv/lib/python3.12/site-packages/numpy/_core/_methods.py:142: RuntimeWarning: invalid value encountered in scalar divide
  ret = ret.dtype.type(ret / rcount)
  [intersection-v0_ppo_vc4] ps1_dt reruns=10
/root/Textual-Rule-Explanations-of-Reinforcement-Learning/.venv/lib/python3.12/site-packages/gymnasium/envs/registration.py:512: DeprecationWarning: [33mWARN: The environment intersection-v0 is out of date. You should consider upgrading to version `v1`.[0m
  logger.deprecation(
  [intersection-v0_ppo_vc4] ps2_cbs reruns=10
  [intersection-v0_ppo_vc4] ps2_b3_vote reruns=10
  [intersection-v0_ppo_vc4] ps2_dt reruns=10

============================================================
  Vehicles Count Ablation: vehicles_count = 6
============================================================
  [merge-v0_dqn_vc6] ps0_cbs reruns=10
  [intersection-v0_ppo_vc4] ps2_dt reruns=10

============================================================
  Vehicles Count Ablation: vehicles_count = 6
============================================================
  [merge-v0_dqn_vc6] ps0_b3_vote reruns=10
  [merge-v0_dqn_vc6] ps0_cbs reruns=10
  [merge-v0_dqn_vc6] ps0_b3_vote reruns=10
  [merge-v0_dqn_vc6] ps0_dt reruns=10
  [merge-v0_dqn_vc6] ps1_cbs reruns=10
  [merge-v0_dqn_vc6] ps0_dt reruns=10
  [merge-v0_dqn_vc6] ps1_b3_vote reruns=10
  [merge-v0_dqn_vc6] ps1_cbs reruns=10
  [merge-v0_dqn_vc6] ps1_b3_vote reruns=10
  [merge-v0_dqn_vc6] ps1_dt reruns=10
  [merge-v0_dqn_vc6] ps2_cbs reruns=10
  [merge-v0_dqn_vc6] ps1_dt reruns=10
  [merge-v0_dqn_vc6] ps2_b3_vote reruns=10
  [merge-v0_dqn_vc6] ps2_cbs reruns=10
  [merge-v0_dqn_vc6] ps2_b3_vote reruns=10
  [merge-v0_dqn_vc6] ps2_dt reruns=10
  [merge-v0_ppo_vc6] ps0_cbs reruns=10
  [merge-v0_ppo_vc6] ps0_b3_vote reruns=10
  [merge-v0_dqn_vc6] ps2_dt reruns=10
  [merge-v0_ppo_vc6] ps0_cbs reruns=10
  [merge-v0_ppo_vc6] ps0_b3_vote reruns=10
  [merge-v0_ppo_vc6] ps0_dt reruns=10
  [merge-v0_ppo_vc6] ps1_cbs reruns=10
  [merge-v0_ppo_vc6] ps1_b3_vote reruns=10
  [merge-v0_ppo_vc6] ps0_dt reruns=10
  [merge-v0_ppo_vc6] ps1_cbs reruns=10
  [merge-v0_ppo_vc6] ps1_b3_vote reruns=10
  [merge-v0_ppo_vc6] ps1_dt reruns=10
  [merge-v0_ppo_vc6] ps2_cbs reruns=10
  [merge-v0_ppo_vc6] ps2_b3_vote reruns=10
  [merge-v0_ppo_vc6] ps1_dt reruns=10
  [merge-v0_ppo_vc6] ps2_cbs reruns=10
  [merge-v0_ppo_vc6] ps2_b3_vote reruns=10
  [merge-v0_ppo_vc6] ps2_dt reruns=10
/root/Textual-Rule-Explanations-of-Reinforcement-Learning/.venv/lib/python3.12/site-packages/gymnasium/envs/registration.py:512: DeprecationWarning: [33mWARN: The environment intersection-v0 is out of date. You should consider upgrading to version `v1`.[0m
  logger.deprecation(
  [intersection-v0_dqn_vc6] ps0_cbs reruns=10
  [intersection-v0_dqn_vc6] ps0_b3_vote reruns=10
  [merge-v0_ppo_vc6] ps2_dt reruns=10
/root/Textual-Rule-Explanations-of-Reinforcement-Learning/.venv/lib/python3.12/site-packages/gymnasium/envs/registration.py:512: DeprecationWarning: [33mWARN: The environment intersection-v0 is out of date. You should consider upgrading to version `v1`.[0m
  logger.deprecation(
  [intersection-v0_dqn_vc6] ps0_cbs reruns=10
  [intersection-v0_dqn_vc6] ps0_b3_vote reruns=10
  [intersection-v0_dqn_vc6] ps0_dt reruns=10
/root/Textual-Rule-Explanations-of-Reinforcement-Learning/.venv/lib/python3.12/site-packages/gymnasium/envs/registration.py:512: DeprecationWarning: [33mWARN: The environment intersection-v0 is out of date. You should consider upgrading to version `v1`.[0m
  logger.deprecation(
  [intersection-v0_dqn_vc6] ps1_cbs reruns=10
  [intersection-v0_dqn_vc6] ps1_b3_vote reruns=10
/root/Textual-Rule-Explanations-of-Reinforcement-Learning/.venv/lib/python3.12/site-packages/kneed/knee_locator.py:236: RuntimeWarning: invalid value encountered in divide
  return (a - min(a)) / (max(a) - min(a))
/root/Textual-Rule-Explanations-of-Reinforcement-Learning/.venv/lib/python3.12/site-packages/kneed/knee_locator.py:210: RuntimeWarning: Mean of empty slice
  self.S * np.abs(np.diff(self.x_normalized).mean())
/root/Textual-Rule-Explanations-of-Reinforcement-Learning/.venv/lib/python3.12/site-packages/numpy/_core/_methods.py:142: RuntimeWarning: invalid value encountered in scalar divide
  ret = ret.dtype.type(ret / rcount)
/root/Textual-Rule-Explanations-of-Reinforcement-Learning/.venv/lib/python3.12/site-packages/kneed/knee_locator.py:236: RuntimeWarning: invalid value encountered in divide
  return (a - min(a)) / (max(a) - min(a))
/root/Textual-Rule-Explanations-of-Reinforcement-Learning/.venv/lib/python3.12/site-packages/kneed/knee_locator.py:210: RuntimeWarning: Mean of empty slice
  self.S * np.abs(np.diff(self.x_normalized).mean())
/root/Textual-Rule-Explanations-of-Reinforcement-Learning/.venv/lib/python3.12/site-packages/numpy/_core/_methods.py:142: RuntimeWarning: invalid value encountered in scalar divide
  ret = ret.dtype.type(ret / rcount)
/root/Textual-Rule-Explanations-of-Reinforcement-Learning/.venv/lib/python3.12/site-packages/kneed/knee_locator.py:236: RuntimeWarning: invalid value encountered in divide
  return (a - min(a)) / (max(a) - min(a))
/root/Textual-Rule-Explanations-of-Reinforcement-Learning/.venv/lib/python3.12/site-packages/kneed/knee_locator.py:210: RuntimeWarning: Mean of empty slice
  self.S * np.abs(np.diff(self.x_normalized).mean())
/root/Textual-Rule-Explanations-of-Reinforcement-Learning/.venv/lib/python3.12/site-packages/numpy/_core/_methods.py:142: RuntimeWarning: invalid value encountered in scalar divide
  ret = ret.dtype.type(ret / rcount)
/root/Textual-Rule-Explanations-of-Reinforcement-Learning/.venv/lib/python3.12/site-packages/kneed/knee_locator.py:236: RuntimeWarning: invalid value encountered in divide
  return (a - min(a)) / (max(a) - min(a))
/root/Textual-Rule-Explanations-of-Reinforcement-Learning/.venv/lib/python3.12/site-packages/kneed/knee_locator.py:210: RuntimeWarning: Mean of empty slice
  self.S * np.abs(np.diff(self.x_normalized).mean())
/root/Textual-Rule-Explanations-of-Reinforcement-Learning/.venv/lib/python3.12/site-packages/numpy/_core/_methods.py:142: RuntimeWarning: invalid value encountered in scalar divide
  ret = ret.dtype.type(ret / rcount)
/root/Textual-Rule-Explanations-of-Reinforcement-Learning/.venv/lib/python3.12/site-packages/kneed/knee_locator.py:236: RuntimeWarning: invalid value encountered in divide
  return (a - min(a)) / (max(a) - min(a))
/root/Textual-Rule-Explanations-of-Reinforcement-Learning/.venv/lib/python3.12/site-packages/kneed/knee_locator.py:210: RuntimeWarning: Mean of empty slice
  self.S * np.abs(np.diff(self.x_normalized).mean())
/root/Textual-Rule-Explanations-of-Reinforcement-Learning/.venv/lib/python3.12/site-packages/numpy/_core/_methods.py:142: RuntimeWarning: invalid value encountered in scalar divide
  ret = ret.dtype.type(ret / rcount)
/root/Textual-Rule-Explanations-of-Reinforcement-Learning/.venv/lib/python3.12/site-packages/kneed/knee_locator.py:236: RuntimeWarning: invalid value encountered in divide
  return (a - min(a)) / (max(a) - min(a))
/root/Textual-Rule-Explanations-of-Reinforcement-Learning/.venv/lib/python3.12/site-packages/kneed/knee_locator.py:210: RuntimeWarning: Mean of empty slice
  self.S * np.abs(np.diff(self.x_normalized).mean())
/root/Textual-Rule-Explanations-of-Reinforcement-Learning/.venv/lib/python3.12/site-packages/numpy/_core/_methods.py:142: RuntimeWarning: invalid value encountered in scalar divide
  ret = ret.dtype.type(ret / rcount)
/root/Textual-Rule-Explanations-of-Reinforcement-Learning/.venv/lib/python3.12/site-packages/kneed/knee_locator.py:236: RuntimeWarning: invalid value encountered in divide
  return (a - min(a)) / (max(a) - min(a))
/root/Textual-Rule-Explanations-of-Reinforcement-Learning/.venv/lib/python3.12/site-packages/kneed/knee_locator.py:210: RuntimeWarning: Mean of empty slice
  self.S * np.abs(np.diff(self.x_normalized).mean())
/root/Textual-Rule-Explanations-of-Reinforcement-Learning/.venv/lib/python3.12/site-packages/numpy/_core/_methods.py:142: RuntimeWarning: invalid value encountered in scalar divide
  ret = ret.dtype.type(ret / rcount)
/root/Textual-Rule-Explanations-of-Reinforcement-Learning/.venv/lib/python3.12/site-packages/kneed/knee_locator.py:236: RuntimeWarning: invalid value encountered in divide
  return (a - min(a)) / (max(a) - min(a))
/root/Textual-Rule-Explanations-of-Reinforcement-Learning/.venv/lib/python3.12/site-packages/kneed/knee_locator.py:210: RuntimeWarning: Mean of empty slice
  self.S * np.abs(np.diff(self.x_normalized).mean())
/root/Textual-Rule-Explanations-of-Reinforcement-Learning/.venv/lib/python3.12/site-packages/numpy/_core/_methods.py:142: RuntimeWarning: invalid value encountered in scalar divide
  ret = ret.dtype.type(ret / rcount)
  [intersection-v0_dqn_vc6] ps0_dt reruns=10
/root/Textual-Rule-Explanations-of-Reinforcement-Learning/.venv/lib/python3.12/site-packages/gymnasium/envs/registration.py:512: DeprecationWarning: [33mWARN: The environment intersection-v0 is out of date. You should consider upgrading to version `v1`.[0m
  logger.deprecation(
/root/Textual-Rule-Explanations-of-Reinforcement-Learning/.venv/lib/python3.12/site-packages/kneed/knee_locator.py:236: RuntimeWarning: invalid value encountered in divide
  return (a - min(a)) / (max(a) - min(a))
/root/Textual-Rule-Explanations-of-Reinforcement-Learning/.venv/lib/python3.12/site-packages/kneed/knee_locator.py:210: RuntimeWarning: Mean of empty slice
  self.S * np.abs(np.diff(self.x_normalized).mean())
/root/Textual-Rule-Explanations-of-Reinforcement-Learning/.venv/lib/python3.12/site-packages/numpy/_core/_methods.py:142: RuntimeWarning: invalid value encountered in scalar divide
  ret = ret.dtype.type(ret / rcount)
/root/Textual-Rule-Explanations-of-Reinforcement-Learning/.venv/lib/python3.12/site-packages/kneed/knee_locator.py:236: RuntimeWarning: invalid value encountered in divide
  return (a - min(a)) / (max(a) - min(a))
/root/Textual-Rule-Explanations-of-Reinforcement-Learning/.venv/lib/python3.12/site-packages/kneed/knee_locator.py:210: RuntimeWarning: Mean of empty slice
  self.S * np.abs(np.diff(self.x_normalized).mean())
/root/Textual-Rule-Explanations-of-Reinforcement-Learning/.venv/lib/python3.12/site-packages/numpy/_core/_methods.py:142: RuntimeWarning: invalid value encountered in scalar divide
  ret = ret.dtype.type(ret / rcount)
  [intersection-v0_dqn_vc6] ps1_cbs reruns=10
/root/Textual-Rule-Explanations-of-Reinforcement-Learning/.venv/lib/python3.12/site-packages/kneed/knee_locator.py:236: RuntimeWarning: invalid value encountered in divide
  return (a - min(a)) / (max(a) - min(a))
/root/Textual-Rule-Explanations-of-Reinforcement-Learning/.venv/lib/python3.12/site-packages/kneed/knee_locator.py:210: RuntimeWarning: Mean of empty slice
  self.S * np.abs(np.diff(self.x_normalized).mean())
/root/Textual-Rule-Explanations-of-Reinforcement-Learning/.venv/lib/python3.12/site-packages/numpy/_core/_methods.py:142: RuntimeWarning: invalid value encountered in scalar divide
  ret = ret.dtype.type(ret / rcount)
/root/Textual-Rule-Explanations-of-Reinforcement-Learning/.venv/lib/python3.12/site-packages/kneed/knee_locator.py:236: RuntimeWarning: invalid value encountered in divide
  return (a - min(a)) / (max(a) - min(a))
/root/Textual-Rule-Explanations-of-Reinforcement-Learning/.venv/lib/python3.12/site-packages/kneed/knee_locator.py:210: RuntimeWarning: Mean of empty slice
  self.S * np.abs(np.diff(self.x_normalized).mean())
/root/Textual-Rule-Explanations-of-Reinforcement-Learning/.venv/lib/python3.12/site-packages/numpy/_core/_methods.py:142: RuntimeWarning: invalid value encountered in scalar divide
  ret = ret.dtype.type(ret / rcount)
/root/Textual-Rule-Explanations-of-Reinforcement-Learning/.venv/lib/python3.12/site-packages/kneed/knee_locator.py:236: RuntimeWarning: invalid value encountered in divide
  return (a - min(a)) / (max(a) - min(a))
/root/Textual-Rule-Explanations-of-Reinforcement-Learning/.venv/lib/python3.12/site-packages/kneed/knee_locator.py:210: RuntimeWarning: Mean of empty slice
  self.S * np.abs(np.diff(self.x_normalized).mean())
/root/Textual-Rule-Explanations-of-Reinforcement-Learning/.venv/lib/python3.12/site-packages/numpy/_core/_methods.py:142: RuntimeWarning: invalid value encountered in scalar divide
  ret = ret.dtype.type(ret / rcount)
/root/Textual-Rule-Explanations-of-Reinforcement-Learning/.venv/lib/python3.12/site-packages/kneed/knee_locator.py:236: RuntimeWarning: invalid value encountered in divide
  return (a - min(a)) / (max(a) - min(a))
/root/Textual-Rule-Explanations-of-Reinforcement-Learning/.venv/lib/python3.12/site-packages/kneed/knee_locator.py:210: RuntimeWarning: Mean of empty slice
  self.S * np.abs(np.diff(self.x_normalized).mean())
/root/Textual-Rule-Explanations-of-Reinforcement-Learning/.venv/lib/python3.12/site-packages/numpy/_core/_methods.py:142: RuntimeWarning: invalid value encountered in scalar divide
  ret = ret.dtype.type(ret / rcount)
/root/Textual-Rule-Explanations-of-Reinforcement-Learning/.venv/lib/python3.12/site-packages/kneed/knee_locator.py:236: RuntimeWarning: invalid value encountered in divide
  return (a - min(a)) / (max(a) - min(a))
/root/Textual-Rule-Explanations-of-Reinforcement-Learning/.venv/lib/python3.12/site-packages/kneed/knee_locator.py:210: RuntimeWarning: Mean of empty slice
  self.S * np.abs(np.diff(self.x_normalized).mean())
/root/Textual-Rule-Explanations-of-Reinforcement-Learning/.venv/lib/python3.12/site-packages/numpy/_core/_methods.py:142: RuntimeWarning: invalid value encountered in scalar divide
  ret = ret.dtype.type(ret / rcount)
/root/Textual-Rule-Explanations-of-Reinforcement-Learning/.venv/lib/python3.12/site-packages/kneed/knee_locator.py:236: RuntimeWarning: invalid value encountered in divide
  return (a - min(a)) / (max(a) - min(a))
/root/Textual-Rule-Explanations-of-Reinforcement-Learning/.venv/lib/python3.12/site-packages/kneed/knee_locator.py:210: RuntimeWarning: Mean of empty slice
  self.S * np.abs(np.diff(self.x_normalized).mean())
/root/Textual-Rule-Explanations-of-Reinforcement-Learning/.venv/lib/python3.12/site-packages/numpy/_core/_methods.py:142: RuntimeWarning: invalid value encountered in scalar divide
  ret = ret.dtype.type(ret / rcount)
  [intersection-v0_dqn_vc6] ps1_b3_vote reruns=10
/root/Textual-Rule-Explanations-of-Reinforcement-Learning/.venv/lib/python3.12/site-packages/kneed/knee_locator.py:236: RuntimeWarning: invalid value encountered in divide
  return (a - min(a)) / (max(a) - min(a))
/root/Textual-Rule-Explanations-of-Reinforcement-Learning/.venv/lib/python3.12/site-packages/kneed/knee_locator.py:210: RuntimeWarning: Mean of empty slice
  self.S * np.abs(np.diff(self.x_normalized).mean())
/root/Textual-Rule-Explanations-of-Reinforcement-Learning/.venv/lib/python3.12/site-packages/numpy/_core/_methods.py:142: RuntimeWarning: invalid value encountered in scalar divide
  ret = ret.dtype.type(ret / rcount)
/root/Textual-Rule-Explanations-of-Reinforcement-Learning/.venv/lib/python3.12/site-packages/kneed/knee_locator.py:236: RuntimeWarning: invalid value encountered in divide
  return (a - min(a)) / (max(a) - min(a))
/root/Textual-Rule-Explanations-of-Reinforcement-Learning/.venv/lib/python3.12/site-packages/kneed/knee_locator.py:210: RuntimeWarning: Mean of empty slice
  self.S * np.abs(np.diff(self.x_normalized).mean())
/root/Textual-Rule-Explanations-of-Reinforcement-Learning/.venv/lib/python3.12/site-packages/numpy/_core/_methods.py:142: RuntimeWarning: invalid value encountered in scalar divide
  ret = ret.dtype.type(ret / rcount)
/root/Textual-Rule-Explanations-of-Reinforcement-Learning/.venv/lib/python3.12/site-packages/kneed/knee_locator.py:236: RuntimeWarning: invalid value encountered in divide
  return (a - min(a)) / (max(a) - min(a))
/root/Textual-Rule-Explanations-of-Reinforcement-Learning/.venv/lib/python3.12/site-packages/kneed/knee_locator.py:210: RuntimeWarning: Mean of empty slice
  self.S * np.abs(np.diff(self.x_normalized).mean())
/root/Textual-Rule-Explanations-of-Reinforcement-Learning/.venv/lib/python3.12/site-packages/numpy/_core/_methods.py:142: RuntimeWarning: invalid value encountered in scalar divide
  ret = ret.dtype.type(ret / rcount)
/root/Textual-Rule-Explanations-of-Reinforcement-Learning/.venv/lib/python3.12/site-packages/kneed/knee_locator.py:236: RuntimeWarning: invalid value encountered in divide
  return (a - min(a)) / (max(a) - min(a))
/root/Textual-Rule-Explanations-of-Reinforcement-Learning/.venv/lib/python3.12/site-packages/kneed/knee_locator.py:210: RuntimeWarning: Mean of empty slice
  self.S * np.abs(np.diff(self.x_normalized).mean())
/root/Textual-Rule-Explanations-of-Reinforcement-Learning/.venv/lib/python3.12/site-packages/numpy/_core/_methods.py:142: RuntimeWarning: invalid value encountered in scalar divide
  ret = ret.dtype.type(ret / rcount)
/root/Textual-Rule-Explanations-of-Reinforcement-Learning/.venv/lib/python3.12/site-packages/kneed/knee_locator.py:236: RuntimeWarning: invalid value encountered in divide
  return (a - min(a)) / (max(a) - min(a))
/root/Textual-Rule-Explanations-of-Reinforcement-Learning/.venv/lib/python3.12/site-packages/kneed/knee_locator.py:210: RuntimeWarning: Mean of empty slice
  self.S * np.abs(np.diff(self.x_normalized).mean())
/root/Textual-Rule-Explanations-of-Reinforcement-Learning/.venv/lib/python3.12/site-packages/numpy/_core/_methods.py:142: RuntimeWarning: invalid value encountered in scalar divide
  ret = ret.dtype.type(ret / rcount)
/root/Textual-Rule-Explanations-of-Reinforcement-Learning/.venv/lib/python3.12/site-packages/kneed/knee_locator.py:236: RuntimeWarning: invalid value encountered in divide
  return (a - min(a)) / (max(a) - min(a))
/root/Textual-Rule-Explanations-of-Reinforcement-Learning/.venv/lib/python3.12/site-packages/kneed/knee_locator.py:210: RuntimeWarning: Mean of empty slice
  self.S * np.abs(np.diff(self.x_normalized).mean())
/root/Textual-Rule-Explanations-of-Reinforcement-Learning/.venv/lib/python3.12/site-packages/numpy/_core/_methods.py:142: RuntimeWarning: invalid value encountered in scalar divide
  ret = ret.dtype.type(ret / rcount)
/root/Textual-Rule-Explanations-of-Reinforcement-Learning/.venv/lib/python3.12/site-packages/kneed/knee_locator.py:236: RuntimeWarning: invalid value encountered in divide
  return (a - min(a)) / (max(a) - min(a))
/root/Textual-Rule-Explanations-of-Reinforcement-Learning/.venv/lib/python3.12/site-packages/kneed/knee_locator.py:210: RuntimeWarning: Mean of empty slice
  self.S * np.abs(np.diff(self.x_normalized).mean())
/root/Textual-Rule-Explanations-of-Reinforcement-Learning/.venv/lib/python3.12/site-packages/numpy/_core/_methods.py:142: RuntimeWarning: invalid value encountered in scalar divide
  ret = ret.dtype.type(ret / rcount)
/root/Textual-Rule-Explanations-of-Reinforcement-Learning/.venv/lib/python3.12/site-packages/kneed/knee_locator.py:236: RuntimeWarning: invalid value encountered in divide
  return (a - min(a)) / (max(a) - min(a))
/root/Textual-Rule-Explanations-of-Reinforcement-Learning/.venv/lib/python3.12/site-packages/kneed/knee_locator.py:210: RuntimeWarning: Mean of empty slice
  self.S * np.abs(np.diff(self.x_normalized).mean())
/root/Textual-Rule-Explanations-of-Reinforcement-Learning/.venv/lib/python3.12/site-packages/numpy/_core/_methods.py:142: RuntimeWarning: invalid value encountered in scalar divide
  ret = ret.dtype.type(ret / rcount)
/root/Textual-Rule-Explanations-of-Reinforcement-Learning/.venv/lib/python3.12/site-packages/kneed/knee_locator.py:236: RuntimeWarning: invalid value encountered in divide
  return (a - min(a)) / (max(a) - min(a))
/root/Textual-Rule-Explanations-of-Reinforcement-Learning/.venv/lib/python3.12/site-packages/kneed/knee_locator.py:210: RuntimeWarning: Mean of empty slice
  self.S * np.abs(np.diff(self.x_normalized).mean())
/root/Textual-Rule-Explanations-of-Reinforcement-Learning/.venv/lib/python3.12/site-packages/numpy/_core/_methods.py:142: RuntimeWarning: invalid value encountered in scalar divide
  ret = ret.dtype.type(ret / rcount)
/root/Textual-Rule-Explanations-of-Reinforcement-Learning/.venv/lib/python3.12/site-packages/kneed/knee_locator.py:236: RuntimeWarning: invalid value encountered in divide
  return (a - min(a)) / (max(a) - min(a))
/root/Textual-Rule-Explanations-of-Reinforcement-Learning/.venv/lib/python3.12/site-packages/kneed/knee_locator.py:210: RuntimeWarning: Mean of empty slice
  self.S * np.abs(np.diff(self.x_normalized).mean())
/root/Textual-Rule-Explanations-of-Reinforcement-Learning/.venv/lib/python3.12/site-packages/numpy/_core/_methods.py:142: RuntimeWarning: invalid value encountered in scalar divide
  ret = ret.dtype.type(ret / rcount)
/root/Textual-Rule-Explanations-of-Reinforcement-Learning/.venv/lib/python3.12/site-packages/kneed/knee_locator.py:236: RuntimeWarning: invalid value encountered in divide
  return (a - min(a)) / (max(a) - min(a))
/root/Textual-Rule-Explanations-of-Reinforcement-Learning/.venv/lib/python3.12/site-packages/kneed/knee_locator.py:210: RuntimeWarning: Mean of empty slice
  self.S * np.abs(np.diff(self.x_normalized).mean())
/root/Textual-Rule-Explanations-of-Reinforcement-Learning/.venv/lib/python3.12/site-packages/numpy/_core/_methods.py:142: RuntimeWarning: invalid value encountered in scalar divide
  ret = ret.dtype.type(ret / rcount)
/root/Textual-Rule-Explanations-of-Reinforcement-Learning/.venv/lib/python3.12/site-packages/kneed/knee_locator.py:236: RuntimeWarning: invalid value encountered in divide
  return (a - min(a)) / (max(a) - min(a))
/root/Textual-Rule-Explanations-of-Reinforcement-Learning/.venv/lib/python3.12/site-packages/kneed/knee_locator.py:210: RuntimeWarning: Mean of empty slice
  self.S * np.abs(np.diff(self.x_normalized).mean())
/root/Textual-Rule-Explanations-of-Reinforcement-Learning/.venv/lib/python3.12/site-packages/numpy/_core/_methods.py:142: RuntimeWarning: invalid value encountered in scalar divide
  ret = ret.dtype.type(ret / rcount)
/root/Textual-Rule-Explanations-of-Reinforcement-Learning/.venv/lib/python3.12/site-packages/kneed/knee_locator.py:236: RuntimeWarning: invalid value encountered in divide
  return (a - min(a)) / (max(a) - min(a))
/root/Textual-Rule-Explanations-of-Reinforcement-Learning/.venv/lib/python3.12/site-packages/kneed/knee_locator.py:210: RuntimeWarning: Mean of empty slice
  self.S * np.abs(np.diff(self.x_normalized).mean())
/root/Textual-Rule-Explanations-of-Reinforcement-Learning/.venv/lib/python3.12/site-packages/numpy/_core/_methods.py:142: RuntimeWarning: invalid value encountered in scalar divide
  ret = ret.dtype.type(ret / rcount)
/root/Textual-Rule-Explanations-of-Reinforcement-Learning/.venv/lib/python3.12/site-packages/kneed/knee_locator.py:236: RuntimeWarning: invalid value encountered in divide
  return (a - min(a)) / (max(a) - min(a))
/root/Textual-Rule-Explanations-of-Reinforcement-Learning/.venv/lib/python3.12/site-packages/kneed/knee_locator.py:210: RuntimeWarning: Mean of empty slice
  self.S * np.abs(np.diff(self.x_normalized).mean())
/root/Textual-Rule-Explanations-of-Reinforcement-Learning/.venv/lib/python3.12/site-packages/numpy/_core/_methods.py:142: RuntimeWarning: invalid value encountered in scalar divide
  ret = ret.dtype.type(ret / rcount)
/root/Textual-Rule-Explanations-of-Reinforcement-Learning/.venv/lib/python3.12/site-packages/kneed/knee_locator.py:236: RuntimeWarning: invalid value encountered in divide
  return (a - min(a)) / (max(a) - min(a))
/root/Textual-Rule-Explanations-of-Reinforcement-Learning/.venv/lib/python3.12/site-packages/kneed/knee_locator.py:210: RuntimeWarning: Mean of empty slice
  self.S * np.abs(np.diff(self.x_normalized).mean())
/root/Textual-Rule-Explanations-of-Reinforcement-Learning/.venv/lib/python3.12/site-packages/numpy/_core/_methods.py:142: RuntimeWarning: invalid value encountered in scalar divide
  ret = ret.dtype.type(ret / rcount)
/root/Textual-Rule-Explanations-of-Reinforcement-Learning/.venv/lib/python3.12/site-packages/kneed/knee_locator.py:236: RuntimeWarning: invalid value encountered in divide
  return (a - min(a)) / (max(a) - min(a))
/root/Textual-Rule-Explanations-of-Reinforcement-Learning/.venv/lib/python3.12/site-packages/kneed/knee_locator.py:210: RuntimeWarning: Mean of empty slice
  self.S * np.abs(np.diff(self.x_normalized).mean())
/root/Textual-Rule-Explanations-of-Reinforcement-Learning/.venv/lib/python3.12/site-packages/numpy/_core/_methods.py:142: RuntimeWarning: invalid value encountered in scalar divide
  ret = ret.dtype.type(ret / rcount)
  [intersection-v0_dqn_vc6] ps1_dt reruns=10
/root/Textual-Rule-Explanations-of-Reinforcement-Learning/.venv/lib/python3.12/site-packages/gymnasium/envs/registration.py:512: DeprecationWarning: [33mWARN: The environment intersection-v0 is out of date. You should consider upgrading to version `v1`.[0m
  logger.deprecation(
/root/Textual-Rule-Explanations-of-Reinforcement-Learning/.venv/lib/python3.12/site-packages/kneed/knee_locator.py:236: RuntimeWarning: invalid value encountered in divide
  return (a - min(a)) / (max(a) - min(a))
/root/Textual-Rule-Explanations-of-Reinforcement-Learning/.venv/lib/python3.12/site-packages/kneed/knee_locator.py:210: RuntimeWarning: Mean of empty slice
  self.S * np.abs(np.diff(self.x_normalized).mean())
/root/Textual-Rule-Explanations-of-Reinforcement-Learning/.venv/lib/python3.12/site-packages/numpy/_core/_methods.py:142: RuntimeWarning: invalid value encountered in scalar divide
  ret = ret.dtype.type(ret / rcount)
  [intersection-v0_dqn_vc6] ps2_cbs reruns=10
/root/Textual-Rule-Explanations-of-Reinforcement-Learning/.venv/lib/python3.12/site-packages/kneed/knee_locator.py:236: RuntimeWarning: invalid value encountered in divide
  return (a - min(a)) / (max(a) - min(a))
/root/Textual-Rule-Explanations-of-Reinforcement-Learning/.venv/lib/python3.12/site-packages/kneed/knee_locator.py:210: RuntimeWarning: Mean of empty slice
  self.S * np.abs(np.diff(self.x_normalized).mean())
/root/Textual-Rule-Explanations-of-Reinforcement-Learning/.venv/lib/python3.12/site-packages/numpy/_core/_methods.py:142: RuntimeWarning: invalid value encountered in scalar divide
  ret = ret.dtype.type(ret / rcount)
/root/Textual-Rule-Explanations-of-Reinforcement-Learning/.venv/lib/python3.12/site-packages/kneed/knee_locator.py:236: RuntimeWarning: invalid value encountered in divide
  return (a - min(a)) / (max(a) - min(a))
/root/Textual-Rule-Explanations-of-Reinforcement-Learning/.venv/lib/python3.12/site-packages/kneed/knee_locator.py:210: RuntimeWarning: Mean of empty slice
  self.S * np.abs(np.diff(self.x_normalized).mean())
/root/Textual-Rule-Explanations-of-Reinforcement-Learning/.venv/lib/python3.12/site-packages/numpy/_core/_methods.py:142: RuntimeWarning: invalid value encountered in scalar divide
  ret = ret.dtype.type(ret / rcount)
/root/Textual-Rule-Explanations-of-Reinforcement-Learning/.venv/lib/python3.12/site-packages/kneed/knee_locator.py:236: RuntimeWarning: invalid value encountered in divide
  return (a - min(a)) / (max(a) - min(a))
/root/Textual-Rule-Explanations-of-Reinforcement-Learning/.venv/lib/python3.12/site-packages/kneed/knee_locator.py:210: RuntimeWarning: Mean of empty slice
  self.S * np.abs(np.diff(self.x_normalized).mean())
/root/Textual-Rule-Explanations-of-Reinforcement-Learning/.venv/lib/python3.12/site-packages/numpy/_core/_methods.py:142: RuntimeWarning: invalid value encountered in scalar divide
  ret = ret.dtype.type(ret / rcount)
/root/Textual-Rule-Explanations-of-Reinforcement-Learning/.venv/lib/python3.12/site-packages/kneed/knee_locator.py:236: RuntimeWarning: invalid value encountered in divide
  return (a - min(a)) / (max(a) - min(a))
/root/Textual-Rule-Explanations-of-Reinforcement-Learning/.venv/lib/python3.12/site-packages/kneed/knee_locator.py:210: RuntimeWarning: Mean of empty slice
  self.S * np.abs(np.diff(self.x_normalized).mean())
/root/Textual-Rule-Explanations-of-Reinforcement-Learning/.venv/lib/python3.12/site-packages/numpy/_core/_methods.py:142: RuntimeWarning: invalid value encountered in scalar divide
  ret = ret.dtype.type(ret / rcount)
/root/Textual-Rule-Explanations-of-Reinforcement-Learning/.venv/lib/python3.12/site-packages/kneed/knee_locator.py:236: RuntimeWarning: invalid value encountered in divide
  return (a - min(a)) / (max(a) - min(a))
/root/Textual-Rule-Explanations-of-Reinforcement-Learning/.venv/lib/python3.12/site-packages/kneed/knee_locator.py:210: RuntimeWarning: Mean of empty slice
  self.S * np.abs(np.diff(self.x_normalized).mean())
/root/Textual-Rule-Explanations-of-Reinforcement-Learning/.venv/lib/python3.12/site-packages/numpy/_core/_methods.py:142: RuntimeWarning: invalid value encountered in scalar divide
  ret = ret.dtype.type(ret / rcount)
/root/Textual-Rule-Explanations-of-Reinforcement-Learning/.venv/lib/python3.12/site-packages/kneed/knee_locator.py:236: RuntimeWarning: invalid value encountered in divide
  return (a - min(a)) / (max(a) - min(a))
/root/Textual-Rule-Explanations-of-Reinforcement-Learning/.venv/lib/python3.12/site-packages/kneed/knee_locator.py:210: RuntimeWarning: Mean of empty slice
  self.S * np.abs(np.diff(self.x_normalized).mean())
/root/Textual-Rule-Explanations-of-Reinforcement-Learning/.venv/lib/python3.12/site-packages/numpy/_core/_methods.py:142: RuntimeWarning: invalid value encountered in scalar divide
  ret = ret.dtype.type(ret / rcount)
/root/Textual-Rule-Explanations-of-Reinforcement-Learning/.venv/lib/python3.12/site-packages/kneed/knee_locator.py:236: RuntimeWarning: invalid value encountered in divide
  return (a - min(a)) / (max(a) - min(a))
/root/Textual-Rule-Explanations-of-Reinforcement-Learning/.venv/lib/python3.12/site-packages/kneed/knee_locator.py:210: RuntimeWarning: Mean of empty slice
  self.S * np.abs(np.diff(self.x_normalized).mean())
/root/Textual-Rule-Explanations-of-Reinforcement-Learning/.venv/lib/python3.12/site-packages/numpy/_core/_methods.py:142: RuntimeWarning: invalid value encountered in scalar divide
  ret = ret.dtype.type(ret / rcount)
  [intersection-v0_dqn_vc6] ps2_b3_vote reruns=10
/root/Textual-Rule-Explanations-of-Reinforcement-Learning/.venv/lib/python3.12/site-packages/kneed/knee_locator.py:236: RuntimeWarning: invalid value encountered in divide
  return (a - min(a)) / (max(a) - min(a))
/root/Textual-Rule-Explanations-of-Reinforcement-Learning/.venv/lib/python3.12/site-packages/kneed/knee_locator.py:210: RuntimeWarning: Mean of empty slice
  self.S * np.abs(np.diff(self.x_normalized).mean())
/root/Textual-Rule-Explanations-of-Reinforcement-Learning/.venv/lib/python3.12/site-packages/numpy/_core/_methods.py:142: RuntimeWarning: invalid value encountered in scalar divide
  ret = ret.dtype.type(ret / rcount)
/root/Textual-Rule-Explanations-of-Reinforcement-Learning/.venv/lib/python3.12/site-packages/kneed/knee_locator.py:236: RuntimeWarning: invalid value encountered in divide
  return (a - min(a)) / (max(a) - min(a))
/root/Textual-Rule-Explanations-of-Reinforcement-Learning/.venv/lib/python3.12/site-packages/kneed/knee_locator.py:210: RuntimeWarning: Mean of empty slice
  self.S * np.abs(np.diff(self.x_normalized).mean())
/root/Textual-Rule-Explanations-of-Reinforcement-Learning/.venv/lib/python3.12/site-packages/numpy/_core/_methods.py:142: RuntimeWarning: invalid value encountered in scalar divide
  ret = ret.dtype.type(ret / rcount)
/root/Textual-Rule-Explanations-of-Reinforcement-Learning/.venv/lib/python3.12/site-packages/kneed/knee_locator.py:236: RuntimeWarning: invalid value encountered in divide
  return (a - min(a)) / (max(a) - min(a))
/root/Textual-Rule-Explanations-of-Reinforcement-Learning/.venv/lib/python3.12/site-packages/kneed/knee_locator.py:210: RuntimeWarning: Mean of empty slice
  self.S * np.abs(np.diff(self.x_normalized).mean())
/root/Textual-Rule-Explanations-of-Reinforcement-Learning/.venv/lib/python3.12/site-packages/numpy/_core/_methods.py:142: RuntimeWarning: invalid value encountered in scalar divide
  ret = ret.dtype.type(ret / rcount)
/root/Textual-Rule-Explanations-of-Reinforcement-Learning/.venv/lib/python3.12/site-packages/kneed/knee_locator.py:236: RuntimeWarning: invalid value encountered in divide
  return (a - min(a)) / (max(a) - min(a))
/root/Textual-Rule-Explanations-of-Reinforcement-Learning/.venv/lib/python3.12/site-packages/kneed/knee_locator.py:210: RuntimeWarning: Mean of empty slice
  self.S * np.abs(np.diff(self.x_normalized).mean())
/root/Textual-Rule-Explanations-of-Reinforcement-Learning/.venv/lib/python3.12/site-packages/numpy/_core/_methods.py:142: RuntimeWarning: invalid value encountered in scalar divide
  ret = ret.dtype.type(ret / rcount)
/root/Textual-Rule-Explanations-of-Reinforcement-Learning/.venv/lib/python3.12/site-packages/kneed/knee_locator.py:236: RuntimeWarning: invalid value encountered in divide
  return (a - min(a)) / (max(a) - min(a))
/root/Textual-Rule-Explanations-of-Reinforcement-Learning/.venv/lib/python3.12/site-packages/kneed/knee_locator.py:210: RuntimeWarning: Mean of empty slice
  self.S * np.abs(np.diff(self.x_normalized).mean())
/root/Textual-Rule-Explanations-of-Reinforcement-Learning/.venv/lib/python3.12/site-packages/numpy/_core/_methods.py:142: RuntimeWarning: invalid value encountered in scalar divide
  ret = ret.dtype.type(ret / rcount)
/root/Textual-Rule-Explanations-of-Reinforcement-Learning/.venv/lib/python3.12/site-packages/kneed/knee_locator.py:236: RuntimeWarning: invalid value encountered in divide
  return (a - min(a)) / (max(a) - min(a))
/root/Textual-Rule-Explanations-of-Reinforcement-Learning/.venv/lib/python3.12/site-packages/kneed/knee_locator.py:210: RuntimeWarning: Mean of empty slice
  self.S * np.abs(np.diff(self.x_normalized).mean())
/root/Textual-Rule-Explanations-of-Reinforcement-Learning/.venv/lib/python3.12/site-packages/numpy/_core/_methods.py:142: RuntimeWarning: invalid value encountered in scalar divide
  ret = ret.dtype.type(ret / rcount)
  [intersection-v0_dqn_vc6] ps1_dt reruns=10
/root/Textual-Rule-Explanations-of-Reinforcement-Learning/.venv/lib/python3.12/site-packages/gymnasium/envs/registration.py:512: DeprecationWarning: [33mWARN: The environment intersection-v0 is out of date. You should consider upgrading to version `v1`.[0m
  logger.deprecation(
  [intersection-v0_dqn_vc6] ps2_cbs reruns=10
  [intersection-v0_dqn_vc6] ps2_b3_vote reruns=10
  [intersection-v0_dqn_vc6] ps2_dt reruns=10
/root/Textual-Rule-Explanations-of-Reinforcement-Learning/.venv/lib/python3.12/site-packages/gymnasium/envs/registration.py:512: DeprecationWarning: [33mWARN: The environment intersection-v0 is out of date. You should consider upgrading to version `v1`.[0m
  logger.deprecation(
  [intersection-v0_ppo_vc6] ps0_cbs reruns=10
  [intersection-v0_ppo_vc6] ps0_b3_vote reruns=10
/root/Textual-Rule-Explanations-of-Reinforcement-Learning/.venv/lib/python3.12/site-packages/kneed/knee_locator.py:236: RuntimeWarning: invalid value encountered in divide
  return (a - min(a)) / (max(a) - min(a))
/root/Textual-Rule-Explanations-of-Reinforcement-Learning/.venv/lib/python3.12/site-packages/kneed/knee_locator.py:210: RuntimeWarning: Mean of empty slice
  self.S * np.abs(np.diff(self.x_normalized).mean())
/root/Textual-Rule-Explanations-of-Reinforcement-Learning/.venv/lib/python3.12/site-packages/numpy/_core/_methods.py:142: RuntimeWarning: invalid value encountered in scalar divide
  ret = ret.dtype.type(ret / rcount)
/root/Textual-Rule-Explanations-of-Reinforcement-Learning/.venv/lib/python3.12/site-packages/kneed/knee_locator.py:236: RuntimeWarning: invalid value encountered in divide
  return (a - min(a)) / (max(a) - min(a))
/root/Textual-Rule-Explanations-of-Reinforcement-Learning/.venv/lib/python3.12/site-packages/kneed/knee_locator.py:210: RuntimeWarning: Mean of empty slice
  self.S * np.abs(np.diff(self.x_normalized).mean())
/root/Textual-Rule-Explanations-of-Reinforcement-Learning/.venv/lib/python3.12/site-packages/numpy/_core/_methods.py:142: RuntimeWarning: invalid value encountered in scalar divide
  ret = ret.dtype.type(ret / rcount)
  [intersection-v0_dqn_vc6] ps2_dt reruns=10
/root/Textual-Rule-Explanations-of-Reinforcement-Learning/.venv/lib/python3.12/site-packages/gymnasium/envs/registration.py:512: DeprecationWarning: [33mWARN: The environment intersection-v0 is out of date. You should consider upgrading to version `v1`.[0m
  logger.deprecation(
  [intersection-v0_ppo_vc6] ps0_cbs reruns=10
  [intersection-v0_ppo_vc6] ps0_dt reruns=10
/root/Textual-Rule-Explanations-of-Reinforcement-Learning/.venv/lib/python3.12/site-packages/gymnasium/envs/registration.py:512: DeprecationWarning: [33mWARN: The environment intersection-v0 is out of date. You should consider upgrading to version `v1`.[0m
  logger.deprecation(
  [intersection-v0_ppo_vc6] ps0_b3_vote reruns=10
/root/Textual-Rule-Explanations-of-Reinforcement-Learning/.venv/lib/python3.12/site-packages/kneed/knee_locator.py:236: RuntimeWarning: invalid value encountered in divide
  return (a - min(a)) / (max(a) - min(a))
/root/Textual-Rule-Explanations-of-Reinforcement-Learning/.venv/lib/python3.12/site-packages/kneed/knee_locator.py:210: RuntimeWarning: Mean of empty slice
  self.S * np.abs(np.diff(self.x_normalized).mean())
/root/Textual-Rule-Explanations-of-Reinforcement-Learning/.venv/lib/python3.12/site-packages/numpy/_core/_methods.py:142: RuntimeWarning: invalid value encountered in scalar divide
  ret = ret.dtype.type(ret / rcount)
  [intersection-v0_ppo_vc6] ps1_cbs reruns=10
/root/Textual-Rule-Explanations-of-Reinforcement-Learning/.venv/lib/python3.12/site-packages/kneed/knee_locator.py:236: RuntimeWarning: invalid value encountered in divide
  return (a - min(a)) / (max(a) - min(a))
/root/Textual-Rule-Explanations-of-Reinforcement-Learning/.venv/lib/python3.12/site-packages/kneed/knee_locator.py:210: RuntimeWarning: Mean of empty slice
  self.S * np.abs(np.diff(self.x_normalized).mean())
/root/Textual-Rule-Explanations-of-Reinforcement-Learning/.venv/lib/python3.12/site-packages/numpy/_core/_methods.py:142: RuntimeWarning: invalid value encountered in scalar divide
  ret = ret.dtype.type(ret / rcount)
  [intersection-v0_ppo_vc6] ps1_b3_vote reruns=10
/root/Textual-Rule-Explanations-of-Reinforcement-Learning/.venv/lib/python3.12/site-packages/kneed/knee_locator.py:236: RuntimeWarning: invalid value encountered in divide
  return (a - min(a)) / (max(a) - min(a))
/root/Textual-Rule-Explanations-of-Reinforcement-Learning/.venv/lib/python3.12/site-packages/kneed/knee_locator.py:210: RuntimeWarning: Mean of empty slice
  self.S * np.abs(np.diff(self.x_normalized).mean())
/root/Textual-Rule-Explanations-of-Reinforcement-Learning/.venv/lib/python3.12/site-packages/numpy/_core/_methods.py:142: RuntimeWarning: invalid value encountered in scalar divide
  ret = ret.dtype.type(ret / rcount)
/root/Textual-Rule-Explanations-of-Reinforcement-Learning/.venv/lib/python3.12/site-packages/kneed/knee_locator.py:236: RuntimeWarning: invalid value encountered in divide
  return (a - min(a)) / (max(a) - min(a))
/root/Textual-Rule-Explanations-of-Reinforcement-Learning/.venv/lib/python3.12/site-packages/kneed/knee_locator.py:210: RuntimeWarning: Mean of empty slice
  self.S * np.abs(np.diff(self.x_normalized).mean())
/root/Textual-Rule-Explanations-of-Reinforcement-Learning/.venv/lib/python3.12/site-packages/numpy/_core/_methods.py:142: RuntimeWarning: invalid value encountered in scalar divide
  ret = ret.dtype.type(ret / rcount)
/root/Textual-Rule-Explanations-of-Reinforcement-Learning/.venv/lib/python3.12/site-packages/kneed/knee_locator.py:236: RuntimeWarning: invalid value encountered in divide
  return (a - min(a)) / (max(a) - min(a))
/root/Textual-Rule-Explanations-of-Reinforcement-Learning/.venv/lib/python3.12/site-packages/kneed/knee_locator.py:210: RuntimeWarning: Mean of empty slice
  self.S * np.abs(np.diff(self.x_normalized).mean())
/root/Textual-Rule-Explanations-of-Reinforcement-Learning/.venv/lib/python3.12/site-packages/numpy/_core/_methods.py:142: RuntimeWarning: invalid value encountered in scalar divide
  ret = ret.dtype.type(ret / rcount)
/root/Textual-Rule-Explanations-of-Reinforcement-Learning/.venv/lib/python3.12/site-packages/kneed/knee_locator.py:236: RuntimeWarning: invalid value encountered in divide
  return (a - min(a)) / (max(a) - min(a))
/root/Textual-Rule-Explanations-of-Reinforcement-Learning/.venv/lib/python3.12/site-packages/kneed/knee_locator.py:210: RuntimeWarning: Mean of empty slice
  self.S * np.abs(np.diff(self.x_normalized).mean())
/root/Textual-Rule-Explanations-of-Reinforcement-Learning/.venv/lib/python3.12/site-packages/numpy/_core/_methods.py:142: RuntimeWarning: invalid value encountered in scalar divide
  ret = ret.dtype.type(ret / rcount)
/root/Textual-Rule-Explanations-of-Reinforcement-Learning/.venv/lib/python3.12/site-packages/kneed/knee_locator.py:236: RuntimeWarning: invalid value encountered in divide
  return (a - min(a)) / (max(a) - min(a))
/root/Textual-Rule-Explanations-of-Reinforcement-Learning/.venv/lib/python3.12/site-packages/kneed/knee_locator.py:210: RuntimeWarning: Mean of empty slice
  self.S * np.abs(np.diff(self.x_normalized).mean())
/root/Textual-Rule-Explanations-of-Reinforcement-Learning/.venv/lib/python3.12/site-packages/numpy/_core/_methods.py:142: RuntimeWarning: invalid value encountered in scalar divide
  ret = ret.dtype.type(ret / rcount)
/root/Textual-Rule-Explanations-of-Reinforcement-Learning/.venv/lib/python3.12/site-packages/kneed/knee_locator.py:236: RuntimeWarning: invalid value encountered in divide
  return (a - min(a)) / (max(a) - min(a))
/root/Textual-Rule-Explanations-of-Reinforcement-Learning/.venv/lib/python3.12/site-packages/kneed/knee_locator.py:210: RuntimeWarning: Mean of empty slice
  self.S * np.abs(np.diff(self.x_normalized).mean())
/root/Textual-Rule-Explanations-of-Reinforcement-Learning/.venv/lib/python3.12/site-packages/numpy/_core/_methods.py:142: RuntimeWarning: invalid value encountered in scalar divide
  ret = ret.dtype.type(ret / rcount)
  [intersection-v0_ppo_vc6] ps0_dt reruns=10
/root/Textual-Rule-Explanations-of-Reinforcement-Learning/.venv/lib/python3.12/site-packages/gymnasium/envs/registration.py:512: DeprecationWarning: [33mWARN: The environment intersection-v0 is out of date. You should consider upgrading to version `v1`.[0m
  logger.deprecation(
/root/Textual-Rule-Explanations-of-Reinforcement-Learning/.venv/lib/python3.12/site-packages/kneed/knee_locator.py:236: RuntimeWarning: invalid value encountered in divide
  return (a - min(a)) / (max(a) - min(a))
/root/Textual-Rule-Explanations-of-Reinforcement-Learning/.venv/lib/python3.12/site-packages/kneed/knee_locator.py:210: RuntimeWarning: Mean of empty slice
  self.S * np.abs(np.diff(self.x_normalized).mean())
/root/Textual-Rule-Explanations-of-Reinforcement-Learning/.venv/lib/python3.12/site-packages/numpy/_core/_methods.py:142: RuntimeWarning: invalid value encountered in scalar divide
  ret = ret.dtype.type(ret / rcount)
/root/Textual-Rule-Explanations-of-Reinforcement-Learning/.venv/lib/python3.12/site-packages/kneed/knee_locator.py:236: RuntimeWarning: invalid value encountered in divide
  return (a - min(a)) / (max(a) - min(a))
/root/Textual-Rule-Explanations-of-Reinforcement-Learning/.venv/lib/python3.12/site-packages/kneed/knee_locator.py:210: RuntimeWarning: Mean of empty slice
  self.S * np.abs(np.diff(self.x_normalized).mean())
/root/Textual-Rule-Explanations-of-Reinforcement-Learning/.venv/lib/python3.12/site-packages/numpy/_core/_methods.py:142: RuntimeWarning: invalid value encountered in scalar divide
  ret = ret.dtype.type(ret / rcount)
/root/Textual-Rule-Explanations-of-Reinforcement-Learning/.venv/lib/python3.12/site-packages/kneed/knee_locator.py:236: RuntimeWarning: invalid value encountered in divide
  return (a - min(a)) / (max(a) - min(a))
/root/Textual-Rule-Explanations-of-Reinforcement-Learning/.venv/lib/python3.12/site-packages/kneed/knee_locator.py:210: RuntimeWarning: Mean of empty slice
  self.S * np.abs(np.diff(self.x_normalized).mean())
/root/Textual-Rule-Explanations-of-Reinforcement-Learning/.venv/lib/python3.12/site-packages/numpy/_core/_methods.py:142: RuntimeWarning: invalid value encountered in scalar divide
  ret = ret.dtype.type(ret / rcount)
  [intersection-v0_ppo_vc6] ps1_cbs reruns=10
/root/Textual-Rule-Explanations-of-Reinforcement-Learning/.venv/lib/python3.12/site-packages/kneed/knee_locator.py:236: RuntimeWarning: invalid value encountered in divide
  return (a - min(a)) / (max(a) - min(a))
/root/Textual-Rule-Explanations-of-Reinforcement-Learning/.venv/lib/python3.12/site-packages/kneed/knee_locator.py:210: RuntimeWarning: Mean of empty slice
  self.S * np.abs(np.diff(self.x_normalized).mean())
/root/Textual-Rule-Explanations-of-Reinforcement-Learning/.venv/lib/python3.12/site-packages/numpy/_core/_methods.py:142: RuntimeWarning: invalid value encountered in scalar divide
  ret = ret.dtype.type(ret / rcount)
/root/Textual-Rule-Explanations-of-Reinforcement-Learning/.venv/lib/python3.12/site-packages/kneed/knee_locator.py:236: RuntimeWarning: invalid value encountered in divide
  return (a - min(a)) / (max(a) - min(a))
/root/Textual-Rule-Explanations-of-Reinforcement-Learning/.venv/lib/python3.12/site-packages/kneed/knee_locator.py:210: RuntimeWarning: Mean of empty slice
  self.S * np.abs(np.diff(self.x_normalized).mean())
/root/Textual-Rule-Explanations-of-Reinforcement-Learning/.venv/lib/python3.12/site-packages/numpy/_core/_methods.py:142: RuntimeWarning: invalid value encountered in scalar divide
  ret = ret.dtype.type(ret / rcount)
  [intersection-v0_ppo_vc6] ps1_dt reruns=10
  [intersection-v0_ppo_vc6] ps1_b3_vote reruns=10
/root/Textual-Rule-Explanations-of-Reinforcement-Learning/.venv/lib/python3.12/site-packages/gymnasium/envs/registration.py:512: DeprecationWarning: [33mWARN: The environment intersection-v0 is out of date. You should consider upgrading to version `v1`.[0m
  logger.deprecation(
/root/Textual-Rule-Explanations-of-Reinforcement-Learning/.venv/lib/python3.12/site-packages/kneed/knee_locator.py:236: RuntimeWarning: invalid value encountered in divide
  return (a - min(a)) / (max(a) - min(a))
/root/Textual-Rule-Explanations-of-Reinforcement-Learning/.venv/lib/python3.12/site-packages/kneed/knee_locator.py:210: RuntimeWarning: Mean of empty slice
  self.S * np.abs(np.diff(self.x_normalized).mean())
/root/Textual-Rule-Explanations-of-Reinforcement-Learning/.venv/lib/python3.12/site-packages/numpy/_core/_methods.py:142: RuntimeWarning: invalid value encountered in scalar divide
  ret = ret.dtype.type(ret / rcount)
/root/Textual-Rule-Explanations-of-Reinforcement-Learning/.venv/lib/python3.12/site-packages/kneed/knee_locator.py:236: RuntimeWarning: invalid value encountered in divide
  return (a - min(a)) / (max(a) - min(a))
/root/Textual-Rule-Explanations-of-Reinforcement-Learning/.venv/lib/python3.12/site-packages/kneed/knee_locator.py:210: RuntimeWarning: Mean of empty slice
  self.S * np.abs(np.diff(self.x_normalized).mean())
/root/Textual-Rule-Explanations-of-Reinforcement-Learning/.venv/lib/python3.12/site-packages/numpy/_core/_methods.py:142: RuntimeWarning: invalid value encountered in scalar divide
  ret = ret.dtype.type(ret / rcount)
/root/Textual-Rule-Explanations-of-Reinforcement-Learning/.venv/lib/python3.12/site-packages/kneed/knee_locator.py:236: RuntimeWarning: invalid value encountered in divide
  return (a - min(a)) / (max(a) - min(a))
/root/Textual-Rule-Explanations-of-Reinforcement-Learning/.venv/lib/python3.12/site-packages/kneed/knee_locator.py:210: RuntimeWarning: Mean of empty slice
  self.S * np.abs(np.diff(self.x_normalized).mean())
/root/Textual-Rule-Explanations-of-Reinforcement-Learning/.venv/lib/python3.12/site-packages/numpy/_core/_methods.py:142: RuntimeWarning: invalid value encountered in scalar divide
  ret = ret.dtype.type(ret / rcount)
/root/Textual-Rule-Explanations-of-Reinforcement-Learning/.venv/lib/python3.12/site-packages/kneed/knee_locator.py:236: RuntimeWarning: invalid value encountered in divide
  return (a - min(a)) / (max(a) - min(a))
/root/Textual-Rule-Explanations-of-Reinforcement-Learning/.venv/lib/python3.12/site-packages/kneed/knee_locator.py:210: RuntimeWarning: Mean of empty slice
  self.S * np.abs(np.diff(self.x_normalized).mean())
/root/Textual-Rule-Explanations-of-Reinforcement-Learning/.venv/lib/python3.12/site-packages/numpy/_core/_methods.py:142: RuntimeWarning: invalid value encountered in scalar divide
  ret = ret.dtype.type(ret / rcount)
/root/Textual-Rule-Explanations-of-Reinforcement-Learning/.venv/lib/python3.12/site-packages/kneed/knee_locator.py:236: RuntimeWarning: invalid value encountered in divide
  return (a - min(a)) / (max(a) - min(a))
/root/Textual-Rule-Explanations-of-Reinforcement-Learning/.venv/lib/python3.12/site-packages/kneed/knee_locator.py:210: RuntimeWarning: Mean of empty slice
  self.S * np.abs(np.diff(self.x_normalized).mean())
/root/Textual-Rule-Explanations-of-Reinforcement-Learning/.venv/lib/python3.12/site-packages/numpy/_core/_methods.py:142: RuntimeWarning: invalid value encountered in scalar divide
  ret = ret.dtype.type(ret / rcount)
/root/Textual-Rule-Explanations-of-Reinforcement-Learning/.venv/lib/python3.12/site-packages/kneed/knee_locator.py:236: RuntimeWarning: invalid value encountered in divide
  return (a - min(a)) / (max(a) - min(a))
/root/Textual-Rule-Explanations-of-Reinforcement-Learning/.venv/lib/python3.12/site-packages/kneed/knee_locator.py:210: RuntimeWarning: Mean of empty slice
  self.S * np.abs(np.diff(self.x_normalized).mean())
/root/Textual-Rule-Explanations-of-Reinforcement-Learning/.venv/lib/python3.12/site-packages/numpy/_core/_methods.py:142: RuntimeWarning: invalid value encountered in scalar divide
  ret = ret.dtype.type(ret / rcount)
  [intersection-v0_ppo_vc6] ps2_cbs reruns=10
/root/Textual-Rule-Explanations-of-Reinforcement-Learning/.venv/lib/python3.12/site-packages/kneed/knee_locator.py:236: RuntimeWarning: invalid value encountered in divide
  return (a - min(a)) / (max(a) - min(a))
/root/Textual-Rule-Explanations-of-Reinforcement-Learning/.venv/lib/python3.12/site-packages/kneed/knee_locator.py:210: RuntimeWarning: Mean of empty slice
  self.S * np.abs(np.diff(self.x_normalized).mean())
/root/Textual-Rule-Explanations-of-Reinforcement-Learning/.venv/lib/python3.12/site-packages/numpy/_core/_methods.py:142: RuntimeWarning: invalid value encountered in scalar divide
  ret = ret.dtype.type(ret / rcount)
/root/Textual-Rule-Explanations-of-Reinforcement-Learning/.venv/lib/python3.12/site-packages/kneed/knee_locator.py:236: RuntimeWarning: invalid value encountered in divide
  return (a - min(a)) / (max(a) - min(a))
/root/Textual-Rule-Explanations-of-Reinforcement-Learning/.venv/lib/python3.12/site-packages/kneed/knee_locator.py:210: RuntimeWarning: Mean of empty slice
  self.S * np.abs(np.diff(self.x_normalized).mean())
/root/Textual-Rule-Explanations-of-Reinforcement-Learning/.venv/lib/python3.12/site-packages/numpy/_core/_methods.py:142: RuntimeWarning: invalid value encountered in scalar divide
  ret = ret.dtype.type(ret / rcount)
  [intersection-v0_ppo_vc6] ps2_b3_vote reruns=10
/root/Textual-Rule-Explanations-of-Reinforcement-Learning/.venv/lib/python3.12/site-packages/kneed/knee_locator.py:236: RuntimeWarning: invalid value encountered in divide
  return (a - min(a)) / (max(a) - min(a))
/root/Textual-Rule-Explanations-of-Reinforcement-Learning/.venv/lib/python3.12/site-packages/kneed/knee_locator.py:210: RuntimeWarning: Mean of empty slice
  self.S * np.abs(np.diff(self.x_normalized).mean())
/root/Textual-Rule-Explanations-of-Reinforcement-Learning/.venv/lib/python3.12/site-packages/numpy/_core/_methods.py:142: RuntimeWarning: invalid value encountered in scalar divide
  ret = ret.dtype.type(ret / rcount)
/root/Textual-Rule-Explanations-of-Reinforcement-Learning/.venv/lib/python3.12/site-packages/kneed/knee_locator.py:236: RuntimeWarning: invalid value encountered in divide
  return (a - min(a)) / (max(a) - min(a))
/root/Textual-Rule-Explanations-of-Reinforcement-Learning/.venv/lib/python3.12/site-packages/kneed/knee_locator.py:210: RuntimeWarning: Mean of empty slice
  self.S * np.abs(np.diff(self.x_normalized).mean())
/root/Textual-Rule-Explanations-of-Reinforcement-Learning/.venv/lib/python3.12/site-packages/numpy/_core/_methods.py:142: RuntimeWarning: invalid value encountered in scalar divide
  ret = ret.dtype.type(ret / rcount)
/root/Textual-Rule-Explanations-of-Reinforcement-Learning/.venv/lib/python3.12/site-packages/kneed/knee_locator.py:236: RuntimeWarning: invalid value encountered in divide
  return (a - min(a)) / (max(a) - min(a))
/root/Textual-Rule-Explanations-of-Reinforcement-Learning/.venv/lib/python3.12/site-packages/kneed/knee_locator.py:210: RuntimeWarning: Mean of empty slice
  self.S * np.abs(np.diff(self.x_normalized).mean())
/root/Textual-Rule-Explanations-of-Reinforcement-Learning/.venv/lib/python3.12/site-packages/numpy/_core/_methods.py:142: RuntimeWarning: invalid value encountered in scalar divide
  ret = ret.dtype.type(ret / rcount)
  [intersection-v0_ppo_vc6] ps1_dt reruns=10
/root/Textual-Rule-Explanations-of-Reinforcement-Learning/.venv/lib/python3.12/site-packages/gymnasium/envs/registration.py:512: DeprecationWarning: [33mWARN: The environment intersection-v0 is out of date. You should consider upgrading to version `v1`.[0m
  logger.deprecation(
  [intersection-v0_ppo_vc6] ps2_cbs reruns=10
  [intersection-v0_ppo_vc6] ps2_b3_vote reruns=10
  [intersection-v0_ppo_vc6] ps2_dt reruns=10

============================================================
  Vehicles Count Ablation: vehicles_count = 8
============================================================
  [merge-v0_dqn_vc8] ps0_cbs reruns=10
  [intersection-v0_ppo_vc6] ps2_dt reruns=10

============================================================
  Vehicles Count Ablation: vehicles_count = 8
============================================================
  [merge-v0_dqn_vc8] ps0_b3_vote reruns=10
  [merge-v0_dqn_vc8] ps0_cbs reruns=10
  [merge-v0_dqn_vc8] ps0_b3_vote reruns=10
  [merge-v0_dqn_vc8] ps0_dt reruns=10
  [merge-v0_dqn_vc8] ps1_cbs reruns=10
  [merge-v0_dqn_vc8] ps1_b3_vote reruns=10
  [merge-v0_dqn_vc8] ps0_dt reruns=10
  [merge-v0_dqn_vc8] ps1_cbs reruns=10
  [merge-v0_dqn_vc8] ps1_b3_vote reruns=10
  [merge-v0_dqn_vc8] ps1_dt reruns=10
  [merge-v0_dqn_vc8] ps2_cbs reruns=10
  [merge-v0_dqn_vc8] ps1_dt reruns=10
  [merge-v0_dqn_vc8] ps2_b3_vote reruns=10
  [merge-v0_dqn_vc8] ps2_cbs reruns=10
  [merge-v0_dqn_vc8] ps2_b3_vote reruns=10
  [merge-v0_dqn_vc8] ps2_dt reruns=10
  [merge-v0_ppo_vc8] ps0_cbs reruns=10
  [merge-v0_ppo_vc8] ps0_b3_vote reruns=10
  [merge-v0_dqn_vc8] ps2_dt reruns=10
  [merge-v0_ppo_vc8] ps0_cbs reruns=10
  [merge-v0_ppo_vc8] ps0_b3_vote reruns=10
  [merge-v0_ppo_vc8] ps0_dt reruns=10
  [merge-v0_ppo_vc8] ps1_cbs reruns=10
  [merge-v0_ppo_vc8] ps1_b3_vote reruns=10
  [merge-v0_ppo_vc8] ps0_dt reruns=10
  [merge-v0_ppo_vc8] ps1_cbs reruns=10
  [merge-v0_ppo_vc8] ps1_b3_vote reruns=10
  [merge-v0_ppo_vc8] ps1_dt reruns=10
  [merge-v0_ppo_vc8] ps2_cbs reruns=10
  [merge-v0_ppo_vc8] ps2_b3_vote reruns=10
  [merge-v0_ppo_vc8] ps1_dt reruns=10
  [merge-v0_ppo_vc8] ps2_cbs reruns=10
  [merge-v0_ppo_vc8] ps2_b3_vote reruns=10
  [merge-v0_ppo_vc8] ps2_dt reruns=10
/root/Textual-Rule-Explanations-of-Reinforcement-Learning/.venv/lib/python3.12/site-packages/gymnasium/envs/registration.py:512: DeprecationWarning: [33mWARN: The environment intersection-v0 is out of date. You should consider upgrading to version `v1`.[0m
  logger.deprecation(
  [intersection-v0_dqn_vc8] ps0_cbs reruns=10
  [intersection-v0_dqn_vc8] ps0_b3_vote reruns=10
  [merge-v0_ppo_vc8] ps2_dt reruns=10
/root/Textual-Rule-Explanations-of-Reinforcement-Learning/.venv/lib/python3.12/site-packages/gymnasium/envs/registration.py:512: DeprecationWarning: [33mWARN: The environment intersection-v0 is out of date. You should consider upgrading to version `v1`.[0m
  logger.deprecation(
  [intersection-v0_dqn_vc8] ps0_cbs reruns=10
  [intersection-v0_dqn_vc8] ps0_b3_vote reruns=10
  [intersection-v0_dqn_vc8] ps0_dt reruns=10
/root/Textual-Rule-Explanations-of-Reinforcement-Learning/.venv/lib/python3.12/site-packages/gymnasium/envs/registration.py:512: DeprecationWarning: [33mWARN: The environment intersection-v0 is out of date. You should consider upgrading to version `v1`.[0m
  logger.deprecation(
  [intersection-v0_dqn_vc8] ps1_cbs reruns=10
  [intersection-v0_dqn_vc8] ps1_b3_vote reruns=10
/root/Textual-Rule-Explanations-of-Reinforcement-Learning/.venv/lib/python3.12/site-packages/kneed/knee_locator.py:236: RuntimeWarning: invalid value encountered in divide
  return (a - min(a)) / (max(a) - min(a))
/root/Textual-Rule-Explanations-of-Reinforcement-Learning/.venv/lib/python3.12/site-packages/kneed/knee_locator.py:210: RuntimeWarning: Mean of empty slice
  self.S * np.abs(np.diff(self.x_normalized).mean())
/root/Textual-Rule-Explanations-of-Reinforcement-Learning/.venv/lib/python3.12/site-packages/numpy/_core/_methods.py:142: RuntimeWarning: invalid value encountered in scalar divide
  ret = ret.dtype.type(ret / rcount)
/root/Textual-Rule-Explanations-of-Reinforcement-Learning/.venv/lib/python3.12/site-packages/kneed/knee_locator.py:236: RuntimeWarning: invalid value encountered in divide
  return (a - min(a)) / (max(a) - min(a))
/root/Textual-Rule-Explanations-of-Reinforcement-Learning/.venv/lib/python3.12/site-packages/kneed/knee_locator.py:210: RuntimeWarning: Mean of empty slice
  self.S * np.abs(np.diff(self.x_normalized).mean())
/root/Textual-Rule-Explanations-of-Reinforcement-Learning/.venv/lib/python3.12/site-packages/numpy/_core/_methods.py:142: RuntimeWarning: invalid value encountered in scalar divide
  ret = ret.dtype.type(ret / rcount)
/root/Textual-Rule-Explanations-of-Reinforcement-Learning/.venv/lib/python3.12/site-packages/kneed/knee_locator.py:236: RuntimeWarning: invalid value encountered in divide
  return (a - min(a)) / (max(a) - min(a))
/root/Textual-Rule-Explanations-of-Reinforcement-Learning/.venv/lib/python3.12/site-packages/kneed/knee_locator.py:210: RuntimeWarning: Mean of empty slice
  self.S * np.abs(np.diff(self.x_normalized).mean())
/root/Textual-Rule-Explanations-of-Reinforcement-Learning/.venv/lib/python3.12/site-packages/numpy/_core/_methods.py:142: RuntimeWarning: invalid value encountered in scalar divide
  ret = ret.dtype.type(ret / rcount)
/root/Textual-Rule-Explanations-of-Reinforcement-Learning/.venv/lib/python3.12/site-packages/kneed/knee_locator.py:236: RuntimeWarning: invalid value encountered in divide
  return (a - min(a)) / (max(a) - min(a))
/root/Textual-Rule-Explanations-of-Reinforcement-Learning/.venv/lib/python3.12/site-packages/kneed/knee_locator.py:210: RuntimeWarning: Mean of empty slice
  self.S * np.abs(np.diff(self.x_normalized).mean())
/root/Textual-Rule-Explanations-of-Reinforcement-Learning/.venv/lib/python3.12/site-packages/numpy/_core/_methods.py:142: RuntimeWarning: invalid value encountered in scalar divide
  ret = ret.dtype.type(ret / rcount)
/root/Textual-Rule-Explanations-of-Reinforcement-Learning/.venv/lib/python3.12/site-packages/kneed/knee_locator.py:236: RuntimeWarning: invalid value encountered in divide
  return (a - min(a)) / (max(a) - min(a))
/root/Textual-Rule-Explanations-of-Reinforcement-Learning/.venv/lib/python3.12/site-packages/kneed/knee_locator.py:210: RuntimeWarning: Mean of empty slice
  self.S * np.abs(np.diff(self.x_normalized).mean())
/root/Textual-Rule-Explanations-of-Reinforcement-Learning/.venv/lib/python3.12/site-packages/numpy/_core/_methods.py:142: RuntimeWarning: invalid value encountered in scalar divide
  ret = ret.dtype.type(ret / rcount)
/root/Textual-Rule-Explanations-of-Reinforcement-Learning/.venv/lib/python3.12/site-packages/kneed/knee_locator.py:236: RuntimeWarning: invalid value encountered in divide
  return (a - min(a)) / (max(a) - min(a))
/root/Textual-Rule-Explanations-of-Reinforcement-Learning/.venv/lib/python3.12/site-packages/kneed/knee_locator.py:210: RuntimeWarning: Mean of empty slice
  self.S * np.abs(np.diff(self.x_normalized).mean())
/root/Textual-Rule-Explanations-of-Reinforcement-Learning/.venv/lib/python3.12/site-packages/numpy/_core/_methods.py:142: RuntimeWarning: invalid value encountered in scalar divide
  ret = ret.dtype.type(ret / rcount)
/root/Textual-Rule-Explanations-of-Reinforcement-Learning/.venv/lib/python3.12/site-packages/kneed/knee_locator.py:236: RuntimeWarning: invalid value encountered in divide
  return (a - min(a)) / (max(a) - min(a))
/root/Textual-Rule-Explanations-of-Reinforcement-Learning/.venv/lib/python3.12/site-packages/kneed/knee_locator.py:210: RuntimeWarning: Mean of empty slice
  self.S * np.abs(np.diff(self.x_normalized).mean())
/root/Textual-Rule-Explanations-of-Reinforcement-Learning/.venv/lib/python3.12/site-packages/numpy/_core/_methods.py:142: RuntimeWarning: invalid value encountered in scalar divide
  ret = ret.dtype.type(ret / rcount)
/root/Textual-Rule-Explanations-of-Reinforcement-Learning/.venv/lib/python3.12/site-packages/kneed/knee_locator.py:236: RuntimeWarning: invalid value encountered in divide
  return (a - min(a)) / (max(a) - min(a))
/root/Textual-Rule-Explanations-of-Reinforcement-Learning/.venv/lib/python3.12/site-packages/kneed/knee_locator.py:210: RuntimeWarning: Mean of empty slice
  self.S * np.abs(np.diff(self.x_normalized).mean())
/root/Textual-Rule-Explanations-of-Reinforcement-Learning/.venv/lib/python3.12/site-packages/numpy/_core/_methods.py:142: RuntimeWarning: invalid value encountered in scalar divide
  ret = ret.dtype.type(ret / rcount)
/root/Textual-Rule-Explanations-of-Reinforcement-Learning/.venv/lib/python3.12/site-packages/kneed/knee_locator.py:236: RuntimeWarning: invalid value encountered in divide
  return (a - min(a)) / (max(a) - min(a))
/root/Textual-Rule-Explanations-of-Reinforcement-Learning/.venv/lib/python3.12/site-packages/kneed/knee_locator.py:210: RuntimeWarning: Mean of empty slice
  self.S * np.abs(np.diff(self.x_normalized).mean())
/root/Textual-Rule-Explanations-of-Reinforcement-Learning/.venv/lib/python3.12/site-packages/numpy/_core/_methods.py:142: RuntimeWarning: invalid value encountered in scalar divide
  ret = ret.dtype.type(ret / rcount)
  [intersection-v0_dqn_vc8] ps0_dt reruns=10
/root/Textual-Rule-Explanations-of-Reinforcement-Learning/.venv/lib/python3.12/site-packages/gymnasium/envs/registration.py:512: DeprecationWarning: [33mWARN: The environment intersection-v0 is out of date. You should consider upgrading to version `v1`.[0m
  logger.deprecation(
/root/Textual-Rule-Explanations-of-Reinforcement-Learning/.venv/lib/python3.12/site-packages/kneed/knee_locator.py:236: RuntimeWarning: invalid value encountered in divide
  return (a - min(a)) / (max(a) - min(a))
/root/Textual-Rule-Explanations-of-Reinforcement-Learning/.venv/lib/python3.12/site-packages/kneed/knee_locator.py:210: RuntimeWarning: Mean of empty slice
  self.S * np.abs(np.diff(self.x_normalized).mean())
/root/Textual-Rule-Explanations-of-Reinforcement-Learning/.venv/lib/python3.12/site-packages/numpy/_core/_methods.py:142: RuntimeWarning: invalid value encountered in scalar divide
  ret = ret.dtype.type(ret / rcount)
  [intersection-v0_dqn_vc8] ps1_cbs reruns=10
/root/Textual-Rule-Explanations-of-Reinforcement-Learning/.venv/lib/python3.12/site-packages/kneed/knee_locator.py:236: RuntimeWarning: invalid value encountered in divide
  return (a - min(a)) / (max(a) - min(a))
/root/Textual-Rule-Explanations-of-Reinforcement-Learning/.venv/lib/python3.12/site-packages/kneed/knee_locator.py:210: RuntimeWarning: Mean of empty slice
  self.S * np.abs(np.diff(self.x_normalized).mean())
/root/Textual-Rule-Explanations-of-Reinforcement-Learning/.venv/lib/python3.12/site-packages/numpy/_core/_methods.py:142: RuntimeWarning: invalid value encountered in scalar divide
  ret = ret.dtype.type(ret / rcount)
/root/Textual-Rule-Explanations-of-Reinforcement-Learning/.venv/lib/python3.12/site-packages/kneed/knee_locator.py:236: RuntimeWarning: invalid value encountered in divide
  return (a - min(a)) / (max(a) - min(a))
/root/Textual-Rule-Explanations-of-Reinforcement-Learning/.venv/lib/python3.12/site-packages/kneed/knee_locator.py:210: RuntimeWarning: Mean of empty slice
  self.S * np.abs(np.diff(self.x_normalized).mean())
/root/Textual-Rule-Explanations-of-Reinforcement-Learning/.venv/lib/python3.12/site-packages/numpy/_core/_methods.py:142: RuntimeWarning: invalid value encountered in scalar divide
  ret = ret.dtype.type(ret / rcount)
/root/Textual-Rule-Explanations-of-Reinforcement-Learning/.venv/lib/python3.12/site-packages/kneed/knee_locator.py:236: RuntimeWarning: invalid value encountered in divide
  return (a - min(a)) / (max(a) - min(a))
/root/Textual-Rule-Explanations-of-Reinforcement-Learning/.venv/lib/python3.12/site-packages/kneed/knee_locator.py:210: RuntimeWarning: Mean of empty slice
  self.S * np.abs(np.diff(self.x_normalized).mean())
/root/Textual-Rule-Explanations-of-Reinforcement-Learning/.venv/lib/python3.12/site-packages/numpy/_core/_methods.py:142: RuntimeWarning: invalid value encountered in scalar divide
  ret = ret.dtype.type(ret / rcount)
/root/Textual-Rule-Explanations-of-Reinforcement-Learning/.venv/lib/python3.12/site-packages/kneed/knee_locator.py:236: RuntimeWarning: invalid value encountered in divide
  return (a - min(a)) / (max(a) - min(a))
/root/Textual-Rule-Explanations-of-Reinforcement-Learning/.venv/lib/python3.12/site-packages/kneed/knee_locator.py:210: RuntimeWarning: Mean of empty slice
  self.S * np.abs(np.diff(self.x_normalized).mean())
/root/Textual-Rule-Explanations-of-Reinforcement-Learning/.venv/lib/python3.12/site-packages/numpy/_core/_methods.py:142: RuntimeWarning: invalid value encountered in scalar divide
  ret = ret.dtype.type(ret / rcount)
/root/Textual-Rule-Explanations-of-Reinforcement-Learning/.venv/lib/python3.12/site-packages/kneed/knee_locator.py:236: RuntimeWarning: invalid value encountered in divide
  return (a - min(a)) / (max(a) - min(a))
/root/Textual-Rule-Explanations-of-Reinforcement-Learning/.venv/lib/python3.12/site-packages/kneed/knee_locator.py:210: RuntimeWarning: Mean of empty slice
  self.S * np.abs(np.diff(self.x_normalized).mean())
/root/Textual-Rule-Explanations-of-Reinforcement-Learning/.venv/lib/python3.12/site-packages/numpy/_core/_methods.py:142: RuntimeWarning: invalid value encountered in scalar divide
  ret = ret.dtype.type(ret / rcount)
/root/Textual-Rule-Explanations-of-Reinforcement-Learning/.venv/lib/python3.12/site-packages/kneed/knee_locator.py:236: RuntimeWarning: invalid value encountered in divide
  return (a - min(a)) / (max(a) - min(a))
/root/Textual-Rule-Explanations-of-Reinforcement-Learning/.venv/lib/python3.12/site-packages/kneed/knee_locator.py:210: RuntimeWarning: Mean of empty slice
  self.S * np.abs(np.diff(self.x_normalized).mean())
/root/Textual-Rule-Explanations-of-Reinforcement-Learning/.venv/lib/python3.12/site-packages/numpy/_core/_methods.py:142: RuntimeWarning: invalid value encountered in scalar divide
  ret = ret.dtype.type(ret / rcount)
/root/Textual-Rule-Explanations-of-Reinforcement-Learning/.venv/lib/python3.12/site-packages/kneed/knee_locator.py:236: RuntimeWarning: invalid value encountered in divide
  return (a - min(a)) / (max(a) - min(a))
/root/Textual-Rule-Explanations-of-Reinforcement-Learning/.venv/lib/python3.12/site-packages/kneed/knee_locator.py:210: RuntimeWarning: Mean of empty slice
  self.S * np.abs(np.diff(self.x_normalized).mean())
/root/Textual-Rule-Explanations-of-Reinforcement-Learning/.venv/lib/python3.12/site-packages/numpy/_core/_methods.py:142: RuntimeWarning: invalid value encountered in scalar divide
  ret = ret.dtype.type(ret / rcount)
  [intersection-v0_dqn_vc8] ps1_b3_vote reruns=10
/root/Textual-Rule-Explanations-of-Reinforcement-Learning/.venv/lib/python3.12/site-packages/kneed/knee_locator.py:236: RuntimeWarning: invalid value encountered in divide
  return (a - min(a)) / (max(a) - min(a))
/root/Textual-Rule-Explanations-of-Reinforcement-Learning/.venv/lib/python3.12/site-packages/kneed/knee_locator.py:210: RuntimeWarning: Mean of empty slice
  self.S * np.abs(np.diff(self.x_normalized).mean())
/root/Textual-Rule-Explanations-of-Reinforcement-Learning/.venv/lib/python3.12/site-packages/numpy/_core/_methods.py:142: RuntimeWarning: invalid value encountered in scalar divide
  ret = ret.dtype.type(ret / rcount)
/root/Textual-Rule-Explanations-of-Reinforcement-Learning/.venv/lib/python3.12/site-packages/kneed/knee_locator.py:236: RuntimeWarning: invalid value encountered in divide
  return (a - min(a)) / (max(a) - min(a))
/root/Textual-Rule-Explanations-of-Reinforcement-Learning/.venv/lib/python3.12/site-packages/kneed/knee_locator.py:210: RuntimeWarning: Mean of empty slice
  self.S * np.abs(np.diff(self.x_normalized).mean())
/root/Textual-Rule-Explanations-of-Reinforcement-Learning/.venv/lib/python3.12/site-packages/numpy/_core/_methods.py:142: RuntimeWarning: invalid value encountered in scalar divide
  ret = ret.dtype.type(ret / rcount)
/root/Textual-Rule-Explanations-of-Reinforcement-Learning/.venv/lib/python3.12/site-packages/kneed/knee_locator.py:236: RuntimeWarning: invalid value encountered in divide
  return (a - min(a)) / (max(a) - min(a))
/root/Textual-Rule-Explanations-of-Reinforcement-Learning/.venv/lib/python3.12/site-packages/kneed/knee_locator.py:210: RuntimeWarning: Mean of empty slice
  self.S * np.abs(np.diff(self.x_normalized).mean())
/root/Textual-Rule-Explanations-of-Reinforcement-Learning/.venv/lib/python3.12/site-packages/numpy/_core/_methods.py:142: RuntimeWarning: invalid value encountered in scalar divide
  ret = ret.dtype.type(ret / rcount)
/root/Textual-Rule-Explanations-of-Reinforcement-Learning/.venv/lib/python3.12/site-packages/kneed/knee_locator.py:236: RuntimeWarning: invalid value encountered in divide
  return (a - min(a)) / (max(a) - min(a))
/root/Textual-Rule-Explanations-of-Reinforcement-Learning/.venv/lib/python3.12/site-packages/kneed/knee_locator.py:210: RuntimeWarning: Mean of empty slice
  self.S * np.abs(np.diff(self.x_normalized).mean())
/root/Textual-Rule-Explanations-of-Reinforcement-Learning/.venv/lib/python3.12/site-packages/numpy/_core/_methods.py:142: RuntimeWarning: invalid value encountered in scalar divide
  ret = ret.dtype.type(ret / rcount)
/root/Textual-Rule-Explanations-of-Reinforcement-Learning/.venv/lib/python3.12/site-packages/kneed/knee_locator.py:236: RuntimeWarning: invalid value encountered in divide
  return (a - min(a)) / (max(a) - min(a))
/root/Textual-Rule-Explanations-of-Reinforcement-Learning/.venv/lib/python3.12/site-packages/kneed/knee_locator.py:210: RuntimeWarning: Mean of empty slice
  self.S * np.abs(np.diff(self.x_normalized).mean())
/root/Textual-Rule-Explanations-of-Reinforcement-Learning/.venv/lib/python3.12/site-packages/numpy/_core/_methods.py:142: RuntimeWarning: invalid value encountered in scalar divide
  ret = ret.dtype.type(ret / rcount)
/root/Textual-Rule-Explanations-of-Reinforcement-Learning/.venv/lib/python3.12/site-packages/kneed/knee_locator.py:236: RuntimeWarning: invalid value encountered in divide
  return (a - min(a)) / (max(a) - min(a))
/root/Textual-Rule-Explanations-of-Reinforcement-Learning/.venv/lib/python3.12/site-packages/kneed/knee_locator.py:210: RuntimeWarning: Mean of empty slice
  self.S * np.abs(np.diff(self.x_normalized).mean())
/root/Textual-Rule-Explanations-of-Reinforcement-Learning/.venv/lib/python3.12/site-packages/numpy/_core/_methods.py:142: RuntimeWarning: invalid value encountered in scalar divide
  ret = ret.dtype.type(ret / rcount)
/root/Textual-Rule-Explanations-of-Reinforcement-Learning/.venv/lib/python3.12/site-packages/kneed/knee_locator.py:236: RuntimeWarning: invalid value encountered in divide
  return (a - min(a)) / (max(a) - min(a))
/root/Textual-Rule-Explanations-of-Reinforcement-Learning/.venv/lib/python3.12/site-packages/kneed/knee_locator.py:210: RuntimeWarning: Mean of empty slice
  self.S * np.abs(np.diff(self.x_normalized).mean())
/root/Textual-Rule-Explanations-of-Reinforcement-Learning/.venv/lib/python3.12/site-packages/numpy/_core/_methods.py:142: RuntimeWarning: invalid value encountered in scalar divide
  ret = ret.dtype.type(ret / rcount)
/root/Textual-Rule-Explanations-of-Reinforcement-Learning/.venv/lib/python3.12/site-packages/kneed/knee_locator.py:236: RuntimeWarning: invalid value encountered in divide
  return (a - min(a)) / (max(a) - min(a))
/root/Textual-Rule-Explanations-of-Reinforcement-Learning/.venv/lib/python3.12/site-packages/kneed/knee_locator.py:210: RuntimeWarning: Mean of empty slice
  self.S * np.abs(np.diff(self.x_normalized).mean())
/root/Textual-Rule-Explanations-of-Reinforcement-Learning/.venv/lib/python3.12/site-packages/numpy/_core/_methods.py:142: RuntimeWarning: invalid value encountered in scalar divide
  ret = ret.dtype.type(ret / rcount)
/root/Textual-Rule-Explanations-of-Reinforcement-Learning/.venv/lib/python3.12/site-packages/kneed/knee_locator.py:236: RuntimeWarning: invalid value encountered in divide
  return (a - min(a)) / (max(a) - min(a))
/root/Textual-Rule-Explanations-of-Reinforcement-Learning/.venv/lib/python3.12/site-packages/kneed/knee_locator.py:210: RuntimeWarning: Mean of empty slice
  self.S * np.abs(np.diff(self.x_normalized).mean())
/root/Textual-Rule-Explanations-of-Reinforcement-Learning/.venv/lib/python3.12/site-packages/numpy/_core/_methods.py:142: RuntimeWarning: invalid value encountered in scalar divide
  ret = ret.dtype.type(ret / rcount)
/root/Textual-Rule-Explanations-of-Reinforcement-Learning/.venv/lib/python3.12/site-packages/kneed/knee_locator.py:236: RuntimeWarning: invalid value encountered in divide
  return (a - min(a)) / (max(a) - min(a))
/root/Textual-Rule-Explanations-of-Reinforcement-Learning/.venv/lib/python3.12/site-packages/kneed/knee_locator.py:210: RuntimeWarning: Mean of empty slice
  self.S * np.abs(np.diff(self.x_normalized).mean())
/root/Textual-Rule-Explanations-of-Reinforcement-Learning/.venv/lib/python3.12/site-packages/numpy/_core/_methods.py:142: RuntimeWarning: invalid value encountered in scalar divide
  ret = ret.dtype.type(ret / rcount)
/root/Textual-Rule-Explanations-of-Reinforcement-Learning/.venv/lib/python3.12/site-packages/kneed/knee_locator.py:236: RuntimeWarning: invalid value encountered in divide
  return (a - min(a)) / (max(a) - min(a))
/root/Textual-Rule-Explanations-of-Reinforcement-Learning/.venv/lib/python3.12/site-packages/kneed/knee_locator.py:210: RuntimeWarning: Mean of empty slice
  self.S * np.abs(np.diff(self.x_normalized).mean())
/root/Textual-Rule-Explanations-of-Reinforcement-Learning/.venv/lib/python3.12/site-packages/numpy/_core/_methods.py:142: RuntimeWarning: invalid value encountered in scalar divide
  ret = ret.dtype.type(ret / rcount)
/root/Textual-Rule-Explanations-of-Reinforcement-Learning/.venv/lib/python3.12/site-packages/kneed/knee_locator.py:236: RuntimeWarning: invalid value encountered in divide
  return (a - min(a)) / (max(a) - min(a))
/root/Textual-Rule-Explanations-of-Reinforcement-Learning/.venv/lib/python3.12/site-packages/kneed/knee_locator.py:210: RuntimeWarning: Mean of empty slice
  self.S * np.abs(np.diff(self.x_normalized).mean())
/root/Textual-Rule-Explanations-of-Reinforcement-Learning/.venv/lib/python3.12/site-packages/numpy/_core/_methods.py:142: RuntimeWarning: invalid value encountered in scalar divide
  ret = ret.dtype.type(ret / rcount)
/root/Textual-Rule-Explanations-of-Reinforcement-Learning/.venv/lib/python3.12/site-packages/kneed/knee_locator.py:236: RuntimeWarning: invalid value encountered in divide
  return (a - min(a)) / (max(a) - min(a))
/root/Textual-Rule-Explanations-of-Reinforcement-Learning/.venv/lib/python3.12/site-packages/kneed/knee_locator.py:210: RuntimeWarning: Mean of empty slice
  self.S * np.abs(np.diff(self.x_normalized).mean())
/root/Textual-Rule-Explanations-of-Reinforcement-Learning/.venv/lib/python3.12/site-packages/numpy/_core/_methods.py:142: RuntimeWarning: invalid value encountered in scalar divide
  ret = ret.dtype.type(ret / rcount)
/root/Textual-Rule-Explanations-of-Reinforcement-Learning/.venv/lib/python3.12/site-packages/kneed/knee_locator.py:236: RuntimeWarning: invalid value encountered in divide
  return (a - min(a)) / (max(a) - min(a))
/root/Textual-Rule-Explanations-of-Reinforcement-Learning/.venv/lib/python3.12/site-packages/kneed/knee_locator.py:210: RuntimeWarning: Mean of empty slice
  self.S * np.abs(np.diff(self.x_normalized).mean())
/root/Textual-Rule-Explanations-of-Reinforcement-Learning/.venv/lib/python3.12/site-packages/numpy/_core/_methods.py:142: RuntimeWarning: invalid value encountered in scalar divide
  ret = ret.dtype.type(ret / rcount)
/root/Textual-Rule-Explanations-of-Reinforcement-Learning/.venv/lib/python3.12/site-packages/kneed/knee_locator.py:236: RuntimeWarning: invalid value encountered in divide
  return (a - min(a)) / (max(a) - min(a))
/root/Textual-Rule-Explanations-of-Reinforcement-Learning/.venv/lib/python3.12/site-packages/kneed/knee_locator.py:210: RuntimeWarning: Mean of empty slice
  self.S * np.abs(np.diff(self.x_normalized).mean())
/root/Textual-Rule-Explanations-of-Reinforcement-Learning/.venv/lib/python3.12/site-packages/numpy/_core/_methods.py:142: RuntimeWarning: invalid value encountered in scalar divide
  ret = ret.dtype.type(ret / rcount)
  [intersection-v0_dqn_vc8] ps1_dt reruns=10
/root/Textual-Rule-Explanations-of-Reinforcement-Learning/.venv/lib/python3.12/site-packages/gymnasium/envs/registration.py:512: DeprecationWarning: [33mWARN: The environment intersection-v0 is out of date. You should consider upgrading to version `v1`.[0m
  logger.deprecation(
/root/Textual-Rule-Explanations-of-Reinforcement-Learning/.venv/lib/python3.12/site-packages/kneed/knee_locator.py:236: RuntimeWarning: invalid value encountered in divide
  return (a - min(a)) / (max(a) - min(a))
/root/Textual-Rule-Explanations-of-Reinforcement-Learning/.venv/lib/python3.12/site-packages/kneed/knee_locator.py:210: RuntimeWarning: Mean of empty slice
  self.S * np.abs(np.diff(self.x_normalized).mean())
/root/Textual-Rule-Explanations-of-Reinforcement-Learning/.venv/lib/python3.12/site-packages/numpy/_core/_methods.py:142: RuntimeWarning: invalid value encountered in scalar divide
  ret = ret.dtype.type(ret / rcount)
  [intersection-v0_dqn_vc8] ps2_cbs reruns=10
/root/Textual-Rule-Explanations-of-Reinforcement-Learning/.venv/lib/python3.12/site-packages/kneed/knee_locator.py:236: RuntimeWarning: invalid value encountered in divide
  return (a - min(a)) / (max(a) - min(a))
/root/Textual-Rule-Explanations-of-Reinforcement-Learning/.venv/lib/python3.12/site-packages/kneed/knee_locator.py:210: RuntimeWarning: Mean of empty slice
  self.S * np.abs(np.diff(self.x_normalized).mean())
/root/Textual-Rule-Explanations-of-Reinforcement-Learning/.venv/lib/python3.12/site-packages/numpy/_core/_methods.py:142: RuntimeWarning: invalid value encountered in scalar divide
  ret = ret.dtype.type(ret / rcount)
/root/Textual-Rule-Explanations-of-Reinforcement-Learning/.venv/lib/python3.12/site-packages/kneed/knee_locator.py:236: RuntimeWarning: invalid value encountered in divide
  return (a - min(a)) / (max(a) - min(a))
/root/Textual-Rule-Explanations-of-Reinforcement-Learning/.venv/lib/python3.12/site-packages/kneed/knee_locator.py:210: RuntimeWarning: Mean of empty slice
  self.S * np.abs(np.diff(self.x_normalized).mean())
/root/Textual-Rule-Explanations-of-Reinforcement-Learning/.venv/lib/python3.12/site-packages/numpy/_core/_methods.py:142: RuntimeWarning: invalid value encountered in scalar divide
  ret = ret.dtype.type(ret / rcount)
/root/Textual-Rule-Explanations-of-Reinforcement-Learning/.venv/lib/python3.12/site-packages/kneed/knee_locator.py:236: RuntimeWarning: invalid value encountered in divide
  return (a - min(a)) / (max(a) - min(a))
/root/Textual-Rule-Explanations-of-Reinforcement-Learning/.venv/lib/python3.12/site-packages/kneed/knee_locator.py:210: RuntimeWarning: Mean of empty slice
  self.S * np.abs(np.diff(self.x_normalized).mean())
/root/Textual-Rule-Explanations-of-Reinforcement-Learning/.venv/lib/python3.12/site-packages/numpy/_core/_methods.py:142: RuntimeWarning: invalid value encountered in scalar divide
  ret = ret.dtype.type(ret / rcount)
/root/Textual-Rule-Explanations-of-Reinforcement-Learning/.venv/lib/python3.12/site-packages/kneed/knee_locator.py:236: RuntimeWarning: invalid value encountered in divide
  return (a - min(a)) / (max(a) - min(a))
/root/Textual-Rule-Explanations-of-Reinforcement-Learning/.venv/lib/python3.12/site-packages/kneed/knee_locator.py:210: RuntimeWarning: Mean of empty slice
  self.S * np.abs(np.diff(self.x_normalized).mean())
/root/Textual-Rule-Explanations-of-Reinforcement-Learning/.venv/lib/python3.12/site-packages/numpy/_core/_methods.py:142: RuntimeWarning: invalid value encountered in scalar divide
  ret = ret.dtype.type(ret / rcount)
/root/Textual-Rule-Explanations-of-Reinforcement-Learning/.venv/lib/python3.12/site-packages/kneed/knee_locator.py:236: RuntimeWarning: invalid value encountered in divide
  return (a - min(a)) / (max(a) - min(a))
/root/Textual-Rule-Explanations-of-Reinforcement-Learning/.venv/lib/python3.12/site-packages/kneed/knee_locator.py:210: RuntimeWarning: Mean of empty slice
  self.S * np.abs(np.diff(self.x_normalized).mean())
/root/Textual-Rule-Explanations-of-Reinforcement-Learning/.venv/lib/python3.12/site-packages/numpy/_core/_methods.py:142: RuntimeWarning: invalid value encountered in scalar divide
  ret = ret.dtype.type(ret / rcount)
/root/Textual-Rule-Explanations-of-Reinforcement-Learning/.venv/lib/python3.12/site-packages/kneed/knee_locator.py:236: RuntimeWarning: invalid value encountered in divide
  return (a - min(a)) / (max(a) - min(a))
/root/Textual-Rule-Explanations-of-Reinforcement-Learning/.venv/lib/python3.12/site-packages/kneed/knee_locator.py:210: RuntimeWarning: Mean of empty slice
  self.S * np.abs(np.diff(self.x_normalized).mean())
/root/Textual-Rule-Explanations-of-Reinforcement-Learning/.venv/lib/python3.12/site-packages/numpy/_core/_methods.py:142: RuntimeWarning: invalid value encountered in scalar divide
  ret = ret.dtype.type(ret / rcount)
/root/Textual-Rule-Explanations-of-Reinforcement-Learning/.venv/lib/python3.12/site-packages/kneed/knee_locator.py:236: RuntimeWarning: invalid value encountered in divide
  return (a - min(a)) / (max(a) - min(a))
/root/Textual-Rule-Explanations-of-Reinforcement-Learning/.venv/lib/python3.12/site-packages/kneed/knee_locator.py:210: RuntimeWarning: Mean of empty slice
  self.S * np.abs(np.diff(self.x_normalized).mean())
/root/Textual-Rule-Explanations-of-Reinforcement-Learning/.venv/lib/python3.12/site-packages/numpy/_core/_methods.py:142: RuntimeWarning: invalid value encountered in scalar divide
  ret = ret.dtype.type(ret / rcount)
  [intersection-v0_dqn_vc8] ps2_b3_vote reruns=10
/root/Textual-Rule-Explanations-of-Reinforcement-Learning/.venv/lib/python3.12/site-packages/kneed/knee_locator.py:236: RuntimeWarning: invalid value encountered in divide
  return (a - min(a)) / (max(a) - min(a))
/root/Textual-Rule-Explanations-of-Reinforcement-Learning/.venv/lib/python3.12/site-packages/kneed/knee_locator.py:210: RuntimeWarning: Mean of empty slice
  self.S * np.abs(np.diff(self.x_normalized).mean())
/root/Textual-Rule-Explanations-of-Reinforcement-Learning/.venv/lib/python3.12/site-packages/numpy/_core/_methods.py:142: RuntimeWarning: invalid value encountered in scalar divide
  ret = ret.dtype.type(ret / rcount)
/root/Textual-Rule-Explanations-of-Reinforcement-Learning/.venv/lib/python3.12/site-packages/kneed/knee_locator.py:236: RuntimeWarning: invalid value encountered in divide
  return (a - min(a)) / (max(a) - min(a))
/root/Textual-Rule-Explanations-of-Reinforcement-Learning/.venv/lib/python3.12/site-packages/kneed/knee_locator.py:210: RuntimeWarning: Mean of empty slice
  self.S * np.abs(np.diff(self.x_normalized).mean())
/root/Textual-Rule-Explanations-of-Reinforcement-Learning/.venv/lib/python3.12/site-packages/numpy/_core/_methods.py:142: RuntimeWarning: invalid value encountered in scalar divide
  ret = ret.dtype.type(ret / rcount)
/root/Textual-Rule-Explanations-of-Reinforcement-Learning/.venv/lib/python3.12/site-packages/kneed/knee_locator.py:236: RuntimeWarning: invalid value encountered in divide
  return (a - min(a)) / (max(a) - min(a))
/root/Textual-Rule-Explanations-of-Reinforcement-Learning/.venv/lib/python3.12/site-packages/kneed/knee_locator.py:210: RuntimeWarning: Mean of empty slice
  self.S * np.abs(np.diff(self.x_normalized).mean())
/root/Textual-Rule-Explanations-of-Reinforcement-Learning/.venv/lib/python3.12/site-packages/numpy/_core/_methods.py:142: RuntimeWarning: invalid value encountered in scalar divide
  ret = ret.dtype.type(ret / rcount)
/root/Textual-Rule-Explanations-of-Reinforcement-Learning/.venv/lib/python3.12/site-packages/kneed/knee_locator.py:236: RuntimeWarning: invalid value encountered in divide
  return (a - min(a)) / (max(a) - min(a))
/root/Textual-Rule-Explanations-of-Reinforcement-Learning/.venv/lib/python3.12/site-packages/kneed/knee_locator.py:210: RuntimeWarning: Mean of empty slice
  self.S * np.abs(np.diff(self.x_normalized).mean())
/root/Textual-Rule-Explanations-of-Reinforcement-Learning/.venv/lib/python3.12/site-packages/numpy/_core/_methods.py:142: RuntimeWarning: invalid value encountered in scalar divide
  ret = ret.dtype.type(ret / rcount)
/root/Textual-Rule-Explanations-of-Reinforcement-Learning/.venv/lib/python3.12/site-packages/kneed/knee_locator.py:236: RuntimeWarning: invalid value encountered in divide
  return (a - min(a)) / (max(a) - min(a))
/root/Textual-Rule-Explanations-of-Reinforcement-Learning/.venv/lib/python3.12/site-packages/kneed/knee_locator.py:210: RuntimeWarning: Mean of empty slice
  self.S * np.abs(np.diff(self.x_normalized).mean())
/root/Textual-Rule-Explanations-of-Reinforcement-Learning/.venv/lib/python3.12/site-packages/numpy/_core/_methods.py:142: RuntimeWarning: invalid value encountered in scalar divide
  ret = ret.dtype.type(ret / rcount)
/root/Textual-Rule-Explanations-of-Reinforcement-Learning/.venv/lib/python3.12/site-packages/kneed/knee_locator.py:236: RuntimeWarning: invalid value encountered in divide
  return (a - min(a)) / (max(a) - min(a))
/root/Textual-Rule-Explanations-of-Reinforcement-Learning/.venv/lib/python3.12/site-packages/kneed/knee_locator.py:210: RuntimeWarning: Mean of empty slice
  self.S * np.abs(np.diff(self.x_normalized).mean())
/root/Textual-Rule-Explanations-of-Reinforcement-Learning/.venv/lib/python3.12/site-packages/numpy/_core/_methods.py:142: RuntimeWarning: invalid value encountered in scalar divide
  ret = ret.dtype.type(ret / rcount)
  [intersection-v0_dqn_vc8] ps1_dt reruns=10
/root/Textual-Rule-Explanations-of-Reinforcement-Learning/.venv/lib/python3.12/site-packages/gymnasium/envs/registration.py:512: DeprecationWarning: [33mWARN: The environment intersection-v0 is out of date. You should consider upgrading to version `v1`.[0m
  logger.deprecation(
  [intersection-v0_dqn_vc8] ps2_cbs reruns=10
  [intersection-v0_dqn_vc8] ps2_b3_vote reruns=10
  [intersection-v0_dqn_vc8] ps2_dt reruns=10
/root/Textual-Rule-Explanations-of-Reinforcement-Learning/.venv/lib/python3.12/site-packages/gymnasium/envs/registration.py:512: DeprecationWarning: [33mWARN: The environment intersection-v0 is out of date. You should consider upgrading to version `v1`.[0m
  logger.deprecation(
  [intersection-v0_ppo_vc8] ps0_cbs reruns=10
  [intersection-v0_ppo_vc8] ps0_b3_vote reruns=10
/root/Textual-Rule-Explanations-of-Reinforcement-Learning/.venv/lib/python3.12/site-packages/kneed/knee_locator.py:236: RuntimeWarning: invalid value encountered in divide
  return (a - min(a)) / (max(a) - min(a))
/root/Textual-Rule-Explanations-of-Reinforcement-Learning/.venv/lib/python3.12/site-packages/kneed/knee_locator.py:210: RuntimeWarning: Mean of empty slice
  self.S * np.abs(np.diff(self.x_normalized).mean())
/root/Textual-Rule-Explanations-of-Reinforcement-Learning/.venv/lib/python3.12/site-packages/numpy/_core/_methods.py:142: RuntimeWarning: invalid value encountered in scalar divide
  ret = ret.dtype.type(ret / rcount)
/root/Textual-Rule-Explanations-of-Reinforcement-Learning/.venv/lib/python3.12/site-packages/kneed/knee_locator.py:236: RuntimeWarning: invalid value encountered in divide
  return (a - min(a)) / (max(a) - min(a))
/root/Textual-Rule-Explanations-of-Reinforcement-Learning/.venv/lib/python3.12/site-packages/kneed/knee_locator.py:210: RuntimeWarning: Mean of empty slice
  self.S * np.abs(np.diff(self.x_normalized).mean())
/root/Textual-Rule-Explanations-of-Reinforcement-Learning/.venv/lib/python3.12/site-packages/numpy/_core/_methods.py:142: RuntimeWarning: invalid value encountered in scalar divide
  ret = ret.dtype.type(ret / rcount)
  [intersection-v0_dqn_vc8] ps2_dt reruns=10
/root/Textual-Rule-Explanations-of-Reinforcement-Learning/.venv/lib/python3.12/site-packages/gymnasium/envs/registration.py:512: DeprecationWarning: [33mWARN: The environment intersection-v0 is out of date. You should consider upgrading to version `v1`.[0m
  logger.deprecation(
  [intersection-v0_ppo_vc8] ps0_cbs reruns=10
  [intersection-v0_ppo_vc8] ps0_b3_vote reruns=10
  [intersection-v0_ppo_vc8] ps0_dt reruns=10
/root/Textual-Rule-Explanations-of-Reinforcement-Learning/.venv/lib/python3.12/site-packages/gymnasium/envs/registration.py:512: DeprecationWarning: [33mWARN: The environment intersection-v0 is out of date. You should consider upgrading to version `v1`.[0m
  logger.deprecation(
/root/Textual-Rule-Explanations-of-Reinforcement-Learning/.venv/lib/python3.12/site-packages/kneed/knee_locator.py:236: RuntimeWarning: invalid value encountered in divide
  return (a - min(a)) / (max(a) - min(a))
/root/Textual-Rule-Explanations-of-Reinforcement-Learning/.venv/lib/python3.12/site-packages/kneed/knee_locator.py:210: RuntimeWarning: Mean of empty slice
  self.S * np.abs(np.diff(self.x_normalized).mean())
/root/Textual-Rule-Explanations-of-Reinforcement-Learning/.venv/lib/python3.12/site-packages/numpy/_core/_methods.py:142: RuntimeWarning: invalid value encountered in scalar divide
  ret = ret.dtype.type(ret / rcount)
  [intersection-v0_ppo_vc8] ps1_cbs reruns=10
/root/Textual-Rule-Explanations-of-Reinforcement-Learning/.venv/lib/python3.12/site-packages/kneed/knee_locator.py:236: RuntimeWarning: invalid value encountered in divide
  return (a - min(a)) / (max(a) - min(a))
/root/Textual-Rule-Explanations-of-Reinforcement-Learning/.venv/lib/python3.12/site-packages/kneed/knee_locator.py:210: RuntimeWarning: Mean of empty slice
  self.S * np.abs(np.diff(self.x_normalized).mean())
/root/Textual-Rule-Explanations-of-Reinforcement-Learning/.venv/lib/python3.12/site-packages/numpy/_core/_methods.py:142: RuntimeWarning: invalid value encountered in scalar divide
  ret = ret.dtype.type(ret / rcount)
  [intersection-v0_ppo_vc8] ps1_b3_vote reruns=10
/root/Textual-Rule-Explanations-of-Reinforcement-Learning/.venv/lib/python3.12/site-packages/kneed/knee_locator.py:236: RuntimeWarning: invalid value encountered in divide
  return (a - min(a)) / (max(a) - min(a))
/root/Textual-Rule-Explanations-of-Reinforcement-Learning/.venv/lib/python3.12/site-packages/kneed/knee_locator.py:210: RuntimeWarning: Mean of empty slice
  self.S * np.abs(np.diff(self.x_normalized).mean())
/root/Textual-Rule-Explanations-of-Reinforcement-Learning/.venv/lib/python3.12/site-packages/numpy/_core/_methods.py:142: RuntimeWarning: invalid value encountered in scalar divide
  ret = ret.dtype.type(ret / rcount)
/root/Textual-Rule-Explanations-of-Reinforcement-Learning/.venv/lib/python3.12/site-packages/kneed/knee_locator.py:236: RuntimeWarning: invalid value encountered in divide
  return (a - min(a)) / (max(a) - min(a))
/root/Textual-Rule-Explanations-of-Reinforcement-Learning/.venv/lib/python3.12/site-packages/kneed/knee_locator.py:210: RuntimeWarning: Mean of empty slice
  self.S * np.abs(np.diff(self.x_normalized).mean())
/root/Textual-Rule-Explanations-of-Reinforcement-Learning/.venv/lib/python3.12/site-packages/numpy/_core/_methods.py:142: RuntimeWarning: invalid value encountered in scalar divide
  ret = ret.dtype.type(ret / rcount)
/root/Textual-Rule-Explanations-of-Reinforcement-Learning/.venv/lib/python3.12/site-packages/kneed/knee_locator.py:236: RuntimeWarning: invalid value encountered in divide
  return (a - min(a)) / (max(a) - min(a))
/root/Textual-Rule-Explanations-of-Reinforcement-Learning/.venv/lib/python3.12/site-packages/kneed/knee_locator.py:210: RuntimeWarning: Mean of empty slice
  self.S * np.abs(np.diff(self.x_normalized).mean())
/root/Textual-Rule-Explanations-of-Reinforcement-Learning/.venv/lib/python3.12/site-packages/numpy/_core/_methods.py:142: RuntimeWarning: invalid value encountered in scalar divide
  ret = ret.dtype.type(ret / rcount)
/root/Textual-Rule-Explanations-of-Reinforcement-Learning/.venv/lib/python3.12/site-packages/kneed/knee_locator.py:236: RuntimeWarning: invalid value encountered in divide
  return (a - min(a)) / (max(a) - min(a))
/root/Textual-Rule-Explanations-of-Reinforcement-Learning/.venv/lib/python3.12/site-packages/kneed/knee_locator.py:210: RuntimeWarning: Mean of empty slice
  self.S * np.abs(np.diff(self.x_normalized).mean())
/root/Textual-Rule-Explanations-of-Reinforcement-Learning/.venv/lib/python3.12/site-packages/numpy/_core/_methods.py:142: RuntimeWarning: invalid value encountered in scalar divide
  ret = ret.dtype.type(ret / rcount)
/root/Textual-Rule-Explanations-of-Reinforcement-Learning/.venv/lib/python3.12/site-packages/kneed/knee_locator.py:236: RuntimeWarning: invalid value encountered in divide
  return (a - min(a)) / (max(a) - min(a))
/root/Textual-Rule-Explanations-of-Reinforcement-Learning/.venv/lib/python3.12/site-packages/kneed/knee_locator.py:210: RuntimeWarning: Mean of empty slice
  self.S * np.abs(np.diff(self.x_normalized).mean())
/root/Textual-Rule-Explanations-of-Reinforcement-Learning/.venv/lib/python3.12/site-packages/numpy/_core/_methods.py:142: RuntimeWarning: invalid value encountered in scalar divide
  ret = ret.dtype.type(ret / rcount)
/root/Textual-Rule-Explanations-of-Reinforcement-Learning/.venv/lib/python3.12/site-packages/kneed/knee_locator.py:236: RuntimeWarning: invalid value encountered in divide
  return (a - min(a)) / (max(a) - min(a))
/root/Textual-Rule-Explanations-of-Reinforcement-Learning/.venv/lib/python3.12/site-packages/kneed/knee_locator.py:210: RuntimeWarning: Mean of empty slice
  self.S * np.abs(np.diff(self.x_normalized).mean())
/root/Textual-Rule-Explanations-of-Reinforcement-Learning/.venv/lib/python3.12/site-packages/numpy/_core/_methods.py:142: RuntimeWarning: invalid value encountered in scalar divide
  ret = ret.dtype.type(ret / rcount)
  [intersection-v0_ppo_vc8] ps0_dt reruns=10
/root/Textual-Rule-Explanations-of-Reinforcement-Learning/.venv/lib/python3.12/site-packages/gymnasium/envs/registration.py:512: DeprecationWarning: [33mWARN: The environment intersection-v0 is out of date. You should consider upgrading to version `v1`.[0m
  logger.deprecation(
/root/Textual-Rule-Explanations-of-Reinforcement-Learning/.venv/lib/python3.12/site-packages/kneed/knee_locator.py:236: RuntimeWarning: invalid value encountered in divide
  return (a - min(a)) / (max(a) - min(a))
/root/Textual-Rule-Explanations-of-Reinforcement-Learning/.venv/lib/python3.12/site-packages/kneed/knee_locator.py:210: RuntimeWarning: Mean of empty slice
  self.S * np.abs(np.diff(self.x_normalized).mean())
/root/Textual-Rule-Explanations-of-Reinforcement-Learning/.venv/lib/python3.12/site-packages/numpy/_core/_methods.py:142: RuntimeWarning: invalid value encountered in scalar divide
  ret = ret.dtype.type(ret / rcount)
/root/Textual-Rule-Explanations-of-Reinforcement-Learning/.venv/lib/python3.12/site-packages/kneed/knee_locator.py:236: RuntimeWarning: invalid value encountered in divide
  return (a - min(a)) / (max(a) - min(a))
/root/Textual-Rule-Explanations-of-Reinforcement-Learning/.venv/lib/python3.12/site-packages/kneed/knee_locator.py:210: RuntimeWarning: Mean of empty slice
  self.S * np.abs(np.diff(self.x_normalized).mean())
/root/Textual-Rule-Explanations-of-Reinforcement-Learning/.venv/lib/python3.12/site-packages/numpy/_core/_methods.py:142: RuntimeWarning: invalid value encountered in scalar divide
  ret = ret.dtype.type(ret / rcount)
  [intersection-v0_ppo_vc8] ps1_cbs reruns=10
/root/Textual-Rule-Explanations-of-Reinforcement-Learning/.venv/lib/python3.12/site-packages/kneed/knee_locator.py:236: RuntimeWarning: invalid value encountered in divide
  return (a - min(a)) / (max(a) - min(a))
/root/Textual-Rule-Explanations-of-Reinforcement-Learning/.venv/lib/python3.12/site-packages/kneed/knee_locator.py:210: RuntimeWarning: Mean of empty slice
  self.S * np.abs(np.diff(self.x_normalized).mean())
/root/Textual-Rule-Explanations-of-Reinforcement-Learning/.venv/lib/python3.12/site-packages/numpy/_core/_methods.py:142: RuntimeWarning: invalid value encountered in scalar divide
  ret = ret.dtype.type(ret / rcount)
/root/Textual-Rule-Explanations-of-Reinforcement-Learning/.venv/lib/python3.12/site-packages/kneed/knee_locator.py:236: RuntimeWarning: invalid value encountered in divide
  return (a - min(a)) / (max(a) - min(a))
/root/Textual-Rule-Explanations-of-Reinforcement-Learning/.venv/lib/python3.12/site-packages/kneed/knee_locator.py:210: RuntimeWarning: Mean of empty slice
  self.S * np.abs(np.diff(self.x_normalized).mean())
/root/Textual-Rule-Explanations-of-Reinforcement-Learning/.venv/lib/python3.12/site-packages/numpy/_core/_methods.py:142: RuntimeWarning: invalid value encountered in scalar divide
  ret = ret.dtype.type(ret / rcount)
/root/Textual-Rule-Explanations-of-Reinforcement-Learning/.venv/lib/python3.12/site-packages/kneed/knee_locator.py:236: RuntimeWarning: invalid value encountered in divide
  return (a - min(a)) / (max(a) - min(a))
/root/Textual-Rule-Explanations-of-Reinforcement-Learning/.venv/lib/python3.12/site-packages/kneed/knee_locator.py:210: RuntimeWarning: Mean of empty slice
  self.S * np.abs(np.diff(self.x_normalized).mean())
/root/Textual-Rule-Explanations-of-Reinforcement-Learning/.venv/lib/python3.12/site-packages/numpy/_core/_methods.py:142: RuntimeWarning: invalid value encountered in scalar divide
  ret = ret.dtype.type(ret / rcount)
  [intersection-v0_ppo_vc8] ps1_b3_vote reruns=10
/root/Textual-Rule-Explanations-of-Reinforcement-Learning/.venv/lib/python3.12/site-packages/kneed/knee_locator.py:236: RuntimeWarning: invalid value encountered in divide
  return (a - min(a)) / (max(a) - min(a))
/root/Textual-Rule-Explanations-of-Reinforcement-Learning/.venv/lib/python3.12/site-packages/kneed/knee_locator.py:210: RuntimeWarning: Mean of empty slice
  self.S * np.abs(np.diff(self.x_normalized).mean())
/root/Textual-Rule-Explanations-of-Reinforcement-Learning/.venv/lib/python3.12/site-packages/numpy/_core/_methods.py:142: RuntimeWarning: invalid value encountered in scalar divide
  ret = ret.dtype.type(ret / rcount)
  [intersection-v0_ppo_vc8] ps1_dt reruns=10
/root/Textual-Rule-Explanations-of-Reinforcement-Learning/.venv/lib/python3.12/site-packages/gymnasium/envs/registration.py:512: DeprecationWarning: [33mWARN: The environment intersection-v0 is out of date. You should consider upgrading to version `v1`.[0m
  logger.deprecation(
/root/Textual-Rule-Explanations-of-Reinforcement-Learning/.venv/lib/python3.12/site-packages/kneed/knee_locator.py:236: RuntimeWarning: invalid value encountered in divide
  return (a - min(a)) / (max(a) - min(a))
/root/Textual-Rule-Explanations-of-Reinforcement-Learning/.venv/lib/python3.12/site-packages/kneed/knee_locator.py:210: RuntimeWarning: Mean of empty slice
  self.S * np.abs(np.diff(self.x_normalized).mean())
/root/Textual-Rule-Explanations-of-Reinforcement-Learning/.venv/lib/python3.12/site-packages/numpy/_core/_methods.py:142: RuntimeWarning: invalid value encountered in scalar divide
  ret = ret.dtype.type(ret / rcount)
/root/Textual-Rule-Explanations-of-Reinforcement-Learning/.venv/lib/python3.12/site-packages/kneed/knee_locator.py:236: RuntimeWarning: invalid value encountered in divide
  return (a - min(a)) / (max(a) - min(a))
/root/Textual-Rule-Explanations-of-Reinforcement-Learning/.venv/lib/python3.12/site-packages/kneed/knee_locator.py:210: RuntimeWarning: Mean of empty slice
  self.S * np.abs(np.diff(self.x_normalized).mean())
/root/Textual-Rule-Explanations-of-Reinforcement-Learning/.venv/lib/python3.12/site-packages/numpy/_core/_methods.py:142: RuntimeWarning: invalid value encountered in scalar divide
  ret = ret.dtype.type(ret / rcount)
/root/Textual-Rule-Explanations-of-Reinforcement-Learning/.venv/lib/python3.12/site-packages/kneed/knee_locator.py:236: RuntimeWarning: invalid value encountered in divide
  return (a - min(a)) / (max(a) - min(a))
/root/Textual-Rule-Explanations-of-Reinforcement-Learning/.venv/lib/python3.12/site-packages/kneed/knee_locator.py:210: RuntimeWarning: Mean of empty slice
  self.S * np.abs(np.diff(self.x_normalized).mean())
/root/Textual-Rule-Explanations-of-Reinforcement-Learning/.venv/lib/python3.12/site-packages/numpy/_core/_methods.py:142: RuntimeWarning: invalid value encountered in scalar divide
  ret = ret.dtype.type(ret / rcount)
/root/Textual-Rule-Explanations-of-Reinforcement-Learning/.venv/lib/python3.12/site-packages/kneed/knee_locator.py:236: RuntimeWarning: invalid value encountered in divide
  return (a - min(a)) / (max(a) - min(a))
/root/Textual-Rule-Explanations-of-Reinforcement-Learning/.venv/lib/python3.12/site-packages/kneed/knee_locator.py:210: RuntimeWarning: Mean of empty slice
  self.S * np.abs(np.diff(self.x_normalized).mean())
/root/Textual-Rule-Explanations-of-Reinforcement-Learning/.venv/lib/python3.12/site-packages/numpy/_core/_methods.py:142: RuntimeWarning: invalid value encountered in scalar divide
  ret = ret.dtype.type(ret / rcount)
/root/Textual-Rule-Explanations-of-Reinforcement-Learning/.venv/lib/python3.12/site-packages/kneed/knee_locator.py:236: RuntimeWarning: invalid value encountered in divide
  return (a - min(a)) / (max(a) - min(a))
/root/Textual-Rule-Explanations-of-Reinforcement-Learning/.venv/lib/python3.12/site-packages/kneed/knee_locator.py:210: RuntimeWarning: Mean of empty slice
  self.S * np.abs(np.diff(self.x_normalized).mean())
/root/Textual-Rule-Explanations-of-Reinforcement-Learning/.venv/lib/python3.12/site-packages/numpy/_core/_methods.py:142: RuntimeWarning: invalid value encountered in scalar divide
  ret = ret.dtype.type(ret / rcount)
  [intersection-v0_ppo_vc8] ps2_cbs reruns=10
/root/Textual-Rule-Explanations-of-Reinforcement-Learning/.venv/lib/python3.12/site-packages/kneed/knee_locator.py:236: RuntimeWarning: invalid value encountered in divide
  return (a - min(a)) / (max(a) - min(a))
/root/Textual-Rule-Explanations-of-Reinforcement-Learning/.venv/lib/python3.12/site-packages/kneed/knee_locator.py:210: RuntimeWarning: Mean of empty slice
  self.S * np.abs(np.diff(self.x_normalized).mean())
/root/Textual-Rule-Explanations-of-Reinforcement-Learning/.venv/lib/python3.12/site-packages/numpy/_core/_methods.py:142: RuntimeWarning: invalid value encountered in scalar divide
  ret = ret.dtype.type(ret / rcount)
/root/Textual-Rule-Explanations-of-Reinforcement-Learning/.venv/lib/python3.12/site-packages/kneed/knee_locator.py:236: RuntimeWarning: invalid value encountered in divide
  return (a - min(a)) / (max(a) - min(a))
/root/Textual-Rule-Explanations-of-Reinforcement-Learning/.venv/lib/python3.12/site-packages/kneed/knee_locator.py:210: RuntimeWarning: Mean of empty slice
  self.S * np.abs(np.diff(self.x_normalized).mean())
/root/Textual-Rule-Explanations-of-Reinforcement-Learning/.venv/lib/python3.12/site-packages/numpy/_core/_methods.py:142: RuntimeWarning: invalid value encountered in scalar divide
  ret = ret.dtype.type(ret / rcount)
  [intersection-v0_ppo_vc8] ps2_b3_vote reruns=10
/root/Textual-Rule-Explanations-of-Reinforcement-Learning/.venv/lib/python3.12/site-packages/kneed/knee_locator.py:236: RuntimeWarning: invalid value encountered in divide
  return (a - min(a)) / (max(a) - min(a))
/root/Textual-Rule-Explanations-of-Reinforcement-Learning/.venv/lib/python3.12/site-packages/kneed/knee_locator.py:210: RuntimeWarning: Mean of empty slice
  self.S * np.abs(np.diff(self.x_normalized).mean())
/root/Textual-Rule-Explanations-of-Reinforcement-Learning/.venv/lib/python3.12/site-packages/numpy/_core/_methods.py:142: RuntimeWarning: invalid value encountered in scalar divide
  ret = ret.dtype.type(ret / rcount)
/root/Textual-Rule-Explanations-of-Reinforcement-Learning/.venv/lib/python3.12/site-packages/kneed/knee_locator.py:236: RuntimeWarning: invalid value encountered in divide
  return (a - min(a)) / (max(a) - min(a))
/root/Textual-Rule-Explanations-of-Reinforcement-Learning/.venv/lib/python3.12/site-packages/kneed/knee_locator.py:210: RuntimeWarning: Mean of empty slice
  self.S * np.abs(np.diff(self.x_normalized).mean())
/root/Textual-Rule-Explanations-of-Reinforcement-Learning/.venv/lib/python3.12/site-packages/numpy/_core/_methods.py:142: RuntimeWarning: invalid value encountered in scalar divide
  ret = ret.dtype.type(ret / rcount)
/root/Textual-Rule-Explanations-of-Reinforcement-Learning/.venv/lib/python3.12/site-packages/kneed/knee_locator.py:236: RuntimeWarning: invalid value encountered in divide
  return (a - min(a)) / (max(a) - min(a))
/root/Textual-Rule-Explanations-of-Reinforcement-Learning/.venv/lib/python3.12/site-packages/kneed/knee_locator.py:210: RuntimeWarning: Mean of empty slice
  self.S * np.abs(np.diff(self.x_normalized).mean())
/root/Textual-Rule-Explanations-of-Reinforcement-Learning/.venv/lib/python3.12/site-packages/numpy/_core/_methods.py:142: RuntimeWarning: invalid value encountered in scalar divide
  ret = ret.dtype.type(ret / rcount)
  [intersection-v0_ppo_vc8] ps1_dt reruns=10
/root/Textual-Rule-Explanations-of-Reinforcement-Learning/.venv/lib/python3.12/site-packages/gymnasium/envs/registration.py:512: DeprecationWarning: [33mWARN: The environment intersection-v0 is out of date. You should consider upgrading to version `v1`.[0m
  logger.deprecation(
  [intersection-v0_ppo_vc8] ps2_cbs reruns=10
  [intersection-v0_ppo_vc8] ps2_b3_vote reruns=10
  [intersection-v0_ppo_vc8] ps2_dt reruns=10

============================================================
  Pipeline complete in 2771s (46.2min)
============================================================
/root/Textual-Rule-Explanations-of-Reinforcement-Learning/.venv/lib/python3.12/site-packages/pygame/pkgdata.py:25: UserWarning: pkg_resources is deprecated as an API. See https://setuptools.pypa.io/en/latest/pkg_resources.html. The pkg_resources package is slated for removal as early as 2025-11-30. Refrain from using this package or pin to Setuptools<81.
  from pkg_resources import resource_stream, resource_exists

############################################################
  PHASE: FEATURE_ABLATION
############################################################


============================================================
  Feature Ablation: mode = raw
============================================================
  [intersection-v0_ppo_vc8] ps2_dt reruns=10

============================================================
  Pipeline complete in 2776s (46.3min)
============================================================
  [merge-v0_dqn_raw] ps0_cbs reruns=10
/root/Textual-Rule-Explanations-of-Reinforcement-Learning/.venv/lib/python3.12/site-packages/pygame/pkgdata.py:25: UserWarning: pkg_resources is deprecated as an API. See https://setuptools.pypa.io/en/latest/pkg_resources.html. The pkg_resources package is slated for removal as early as 2025-11-30. Refrain from using this package or pin to Setuptools<81.
  from pkg_resources import resource_stream, resource_exists

############################################################
  PHASE: FEATURE_ABLATION
############################################################


============================================================
  Feature Ablation: mode = raw
============================================================
  [merge-v0_dqn_raw] ps0_b3_vote reruns=10
  [merge-v0_dqn_raw] ps0_cbs reruns=10
  [merge-v0_dqn_raw] ps0_b3_vote reruns=10
  [merge-v0_dqn_raw] ps0_dt reruns=10
  [merge-v0_dqn_raw] ps1_cbs reruns=10
  [merge-v0_dqn_raw] ps0_dt reruns=10
  [merge-v0_dqn_raw] ps1_b3_vote reruns=10
  [merge-v0_dqn_raw] ps1_cbs reruns=10
  [merge-v0_dqn_raw] ps1_b3_vote reruns=10
  [merge-v0_dqn_raw] ps1_dt reruns=10
  [merge-v0_dqn_raw] ps2_cbs reruns=10
  [merge-v0_dqn_raw] ps1_dt reruns=10
  [merge-v0_dqn_raw] ps2_b3_vote reruns=10
  [merge-v0_dqn_raw] ps2_cbs reruns=10
  [merge-v0_dqn_raw] ps2_b3_vote reruns=10
  [merge-v0_dqn_raw] ps2_dt reruns=10
  [merge-v0_ppo_raw] ps0_cbs reruns=10
  [merge-v0_dqn_raw] ps2_dt reruns=10
  [merge-v0_ppo_raw] ps0_b3_vote reruns=10
  [merge-v0_ppo_raw] ps0_cbs reruns=10
  [merge-v0_ppo_raw] ps0_b3_vote reruns=10
  [merge-v0_ppo_raw] ps0_dt reruns=10
  [merge-v0_ppo_raw] ps1_cbs reruns=10
  [merge-v0_ppo_raw] ps0_dt reruns=10
  [merge-v0_ppo_raw] ps1_b3_vote reruns=10
  [merge-v0_ppo_raw] ps1_cbs reruns=10
  [merge-v0_ppo_raw] ps1_b3_vote reruns=10
  [merge-v0_ppo_raw] ps1_dt reruns=10
  [merge-v0_ppo_raw] ps2_cbs reruns=10
  [merge-v0_ppo_raw] ps1_dt reruns=10
  [merge-v0_ppo_raw] ps2_b3_vote reruns=10
  [merge-v0_ppo_raw] ps2_cbs reruns=10
  [merge-v0_ppo_raw] ps2_b3_vote reruns=10
  [merge-v0_ppo_raw] ps2_dt reruns=10
/root/Textual-Rule-Explanations-of-Reinforcement-Learning/.venv/lib/python3.12/site-packages/gymnasium/envs/registration.py:512: DeprecationWarning: [33mWARN: The environment intersection-v0 is out of date. You should consider upgrading to version `v1`.[0m
  logger.deprecation(
  [intersection-v0_dqn_raw] ps0_cbs reruns=10
  [intersection-v0_dqn_raw] ps0_b3_vote reruns=10
  [merge-v0_ppo_raw] ps2_dt reruns=10
/root/Textual-Rule-Explanations-of-Reinforcement-Learning/.venv/lib/python3.12/site-packages/gymnasium/envs/registration.py:512: DeprecationWarning: [33mWARN: The environment intersection-v0 is out of date. You should consider upgrading to version `v1`.[0m
  logger.deprecation(
  [intersection-v0_dqn_raw] ps0_cbs reruns=10
  [intersection-v0_dqn_raw] ps0_b3_vote reruns=10
  [intersection-v0_dqn_raw] ps0_dt reruns=10
/root/Textual-Rule-Explanations-of-Reinforcement-Learning/.venv/lib/python3.12/site-packages/gymnasium/envs/registration.py:512: DeprecationWarning: [33mWARN: The environment intersection-v0 is out of date. You should consider upgrading to version `v1`.[0m
  logger.deprecation(
  [intersection-v0_dqn_raw] ps1_cbs reruns=10
  [intersection-v0_dqn_raw] ps1_b3_vote reruns=10
/root/Textual-Rule-Explanations-of-Reinforcement-Learning/.venv/lib/python3.12/site-packages/kneed/knee_locator.py:236: RuntimeWarning: invalid value encountered in divide
  return (a - min(a)) / (max(a) - min(a))
/root/Textual-Rule-Explanations-of-Reinforcement-Learning/.venv/lib/python3.12/site-packages/kneed/knee_locator.py:210: RuntimeWarning: Mean of empty slice
  self.S * np.abs(np.diff(self.x_normalized).mean())
/root/Textual-Rule-Explanations-of-Reinforcement-Learning/.venv/lib/python3.12/site-packages/numpy/_core/_methods.py:142: RuntimeWarning: invalid value encountered in scalar divide
  ret = ret.dtype.type(ret / rcount)
/root/Textual-Rule-Explanations-of-Reinforcement-Learning/.venv/lib/python3.12/site-packages/kneed/knee_locator.py:236: RuntimeWarning: invalid value encountered in divide
  return (a - min(a)) / (max(a) - min(a))
/root/Textual-Rule-Explanations-of-Reinforcement-Learning/.venv/lib/python3.12/site-packages/kneed/knee_locator.py:210: RuntimeWarning: Mean of empty slice
  self.S * np.abs(np.diff(self.x_normalized).mean())
/root/Textual-Rule-Explanations-of-Reinforcement-Learning/.venv/lib/python3.12/site-packages/numpy/_core/_methods.py:142: RuntimeWarning: invalid value encountered in scalar divide
  ret = ret.dtype.type(ret / rcount)
/root/Textual-Rule-Explanations-of-Reinforcement-Learning/.venv/lib/python3.12/site-packages/kneed/knee_locator.py:236: RuntimeWarning: invalid value encountered in divide
  return (a - min(a)) / (max(a) - min(a))
/root/Textual-Rule-Explanations-of-Reinforcement-Learning/.venv/lib/python3.12/site-packages/kneed/knee_locator.py:210: RuntimeWarning: Mean of empty slice
  self.S * np.abs(np.diff(self.x_normalized).mean())
/root/Textual-Rule-Explanations-of-Reinforcement-Learning/.venv/lib/python3.12/site-packages/numpy/_core/_methods.py:142: RuntimeWarning: invalid value encountered in scalar divide
  ret = ret.dtype.type(ret / rcount)
/root/Textual-Rule-Explanations-of-Reinforcement-Learning/.venv/lib/python3.12/site-packages/kneed/knee_locator.py:236: RuntimeWarning: invalid value encountered in divide
  return (a - min(a)) / (max(a) - min(a))
/root/Textual-Rule-Explanations-of-Reinforcement-Learning/.venv/lib/python3.12/site-packages/kneed/knee_locator.py:210: RuntimeWarning: Mean of empty slice
  self.S * np.abs(np.diff(self.x_normalized).mean())
/root/Textual-Rule-Explanations-of-Reinforcement-Learning/.venv/lib/python3.12/site-packages/numpy/_core/_methods.py:142: RuntimeWarning: invalid value encountered in scalar divide
  ret = ret.dtype.type(ret / rcount)
/root/Textual-Rule-Explanations-of-Reinforcement-Learning/.venv/lib/python3.12/site-packages/kneed/knee_locator.py:236: RuntimeWarning: invalid value encountered in divide
  return (a - min(a)) / (max(a) - min(a))
/root/Textual-Rule-Explanations-of-Reinforcement-Learning/.venv/lib/python3.12/site-packages/kneed/knee_locator.py:210: RuntimeWarning: Mean of empty slice
  self.S * np.abs(np.diff(self.x_normalized).mean())
/root/Textual-Rule-Explanations-of-Reinforcement-Learning/.venv/lib/python3.12/site-packages/numpy/_core/_methods.py:142: RuntimeWarning: invalid value encountered in scalar divide
  ret = ret.dtype.type(ret / rcount)
/root/Textual-Rule-Explanations-of-Reinforcement-Learning/.venv/lib/python3.12/site-packages/kneed/knee_locator.py:236: RuntimeWarning: invalid value encountered in divide
  return (a - min(a)) / (max(a) - min(a))
/root/Textual-Rule-Explanations-of-Reinforcement-Learning/.venv/lib/python3.12/site-packages/kneed/knee_locator.py:210: RuntimeWarning: Mean of empty slice
  self.S * np.abs(np.diff(self.x_normalized).mean())
/root/Textual-Rule-Explanations-of-Reinforcement-Learning/.venv/lib/python3.12/site-packages/numpy/_core/_methods.py:142: RuntimeWarning: invalid value encountered in scalar divide
  ret = ret.dtype.type(ret / rcount)
/root/Textual-Rule-Explanations-of-Reinforcement-Learning/.venv/lib/python3.12/site-packages/kneed/knee_locator.py:236: RuntimeWarning: invalid value encountered in divide
  return (a - min(a)) / (max(a) - min(a))
/root/Textual-Rule-Explanations-of-Reinforcement-Learning/.venv/lib/python3.12/site-packages/kneed/knee_locator.py:210: RuntimeWarning: Mean of empty slice
  self.S * np.abs(np.diff(self.x_normalized).mean())
/root/Textual-Rule-Explanations-of-Reinforcement-Learning/.venv/lib/python3.12/site-packages/numpy/_core/_methods.py:142: RuntimeWarning: invalid value encountered in scalar divide
  ret = ret.dtype.type(ret / rcount)
  [intersection-v0_dqn_raw] ps0_dt reruns=10
/root/Textual-Rule-Explanations-of-Reinforcement-Learning/.venv/lib/python3.12/site-packages/kneed/knee_locator.py:236: RuntimeWarning: invalid value encountered in divide
  return (a - min(a)) / (max(a) - min(a))
/root/Textual-Rule-Explanations-of-Reinforcement-Learning/.venv/lib/python3.12/site-packages/kneed/knee_locator.py:210: RuntimeWarning: Mean of empty slice
  self.S * np.abs(np.diff(self.x_normalized).mean())
/root/Textual-Rule-Explanations-of-Reinforcement-Learning/.venv/lib/python3.12/site-packages/numpy/_core/_methods.py:142: RuntimeWarning: invalid value encountered in scalar divide
  ret = ret.dtype.type(ret / rcount)
/root/Textual-Rule-Explanations-of-Reinforcement-Learning/.venv/lib/python3.12/site-packages/gymnasium/envs/registration.py:512: DeprecationWarning: [33mWARN: The environment intersection-v0 is out of date. You should consider upgrading to version `v1`.[0m
  logger.deprecation(
/root/Textual-Rule-Explanations-of-Reinforcement-Learning/.venv/lib/python3.12/site-packages/kneed/knee_locator.py:236: RuntimeWarning: invalid value encountered in divide
  return (a - min(a)) / (max(a) - min(a))
/root/Textual-Rule-Explanations-of-Reinforcement-Learning/.venv/lib/python3.12/site-packages/kneed/knee_locator.py:210: RuntimeWarning: Mean of empty slice
  self.S * np.abs(np.diff(self.x_normalized).mean())
/root/Textual-Rule-Explanations-of-Reinforcement-Learning/.venv/lib/python3.12/site-packages/numpy/_core/_methods.py:142: RuntimeWarning: invalid value encountered in scalar divide
  ret = ret.dtype.type(ret / rcount)
/root/Textual-Rule-Explanations-of-Reinforcement-Learning/.venv/lib/python3.12/site-packages/kneed/knee_locator.py:236: RuntimeWarning: invalid value encountered in divide
  return (a - min(a)) / (max(a) - min(a))
/root/Textual-Rule-Explanations-of-Reinforcement-Learning/.venv/lib/python3.12/site-packages/kneed/knee_locator.py:210: RuntimeWarning: Mean of empty slice
  self.S * np.abs(np.diff(self.x_normalized).mean())
/root/Textual-Rule-Explanations-of-Reinforcement-Learning/.venv/lib/python3.12/site-packages/numpy/_core/_methods.py:142: RuntimeWarning: invalid value encountered in scalar divide
  ret = ret.dtype.type(ret / rcount)
/root/Textual-Rule-Explanations-of-Reinforcement-Learning/.venv/lib/python3.12/site-packages/kneed/knee_locator.py:236: RuntimeWarning: invalid value encountered in divide
  return (a - min(a)) / (max(a) - min(a))
/root/Textual-Rule-Explanations-of-Reinforcement-Learning/.venv/lib/python3.12/site-packages/kneed/knee_locator.py:210: RuntimeWarning: Mean of empty slice
  self.S * np.abs(np.diff(self.x_normalized).mean())
/root/Textual-Rule-Explanations-of-Reinforcement-Learning/.venv/lib/python3.12/site-packages/numpy/_core/_methods.py:142: RuntimeWarning: invalid value encountered in scalar divide
  ret = ret.dtype.type(ret / rcount)
/root/Textual-Rule-Explanations-of-Reinforcement-Learning/.venv/lib/python3.12/site-packages/kneed/knee_locator.py:236: RuntimeWarning: invalid value encountered in divide
  return (a - min(a)) / (max(a) - min(a))
/root/Textual-Rule-Explanations-of-Reinforcement-Learning/.venv/lib/python3.12/site-packages/kneed/knee_locator.py:210: RuntimeWarning: Mean of empty slice
  self.S * np.abs(np.diff(self.x_normalized).mean())
/root/Textual-Rule-Explanations-of-Reinforcement-Learning/.venv/lib/python3.12/site-packages/numpy/_core/_methods.py:142: RuntimeWarning: invalid value encountered in scalar divide
  ret = ret.dtype.type(ret / rcount)
/root/Textual-Rule-Explanations-of-Reinforcement-Learning/.venv/lib/python3.12/site-packages/kneed/knee_locator.py:236: RuntimeWarning: invalid value encountered in divide
  return (a - min(a)) / (max(a) - min(a))
/root/Textual-Rule-Explanations-of-Reinforcement-Learning/.venv/lib/python3.12/site-packages/kneed/knee_locator.py:210: RuntimeWarning: Mean of empty slice
  self.S * np.abs(np.diff(self.x_normalized).mean())
/root/Textual-Rule-Explanations-of-Reinforcement-Learning/.venv/lib/python3.12/site-packages/numpy/_core/_methods.py:142: RuntimeWarning: invalid value encountered in scalar divide
  ret = ret.dtype.type(ret / rcount)
/root/Textual-Rule-Explanations-of-Reinforcement-Learning/.venv/lib/python3.12/site-packages/kneed/knee_locator.py:236: RuntimeWarning: invalid value encountered in divide
  return (a - min(a)) / (max(a) - min(a))
/root/Textual-Rule-Explanations-of-Reinforcement-Learning/.venv/lib/python3.12/site-packages/kneed/knee_locator.py:210: RuntimeWarning: Mean of empty slice
  self.S * np.abs(np.diff(self.x_normalized).mean())
/root/Textual-Rule-Explanations-of-Reinforcement-Learning/.venv/lib/python3.12/site-packages/numpy/_core/_methods.py:142: RuntimeWarning: invalid value encountered in scalar divide
  ret = ret.dtype.type(ret / rcount)
/root/Textual-Rule-Explanations-of-Reinforcement-Learning/.venv/lib/python3.12/site-packages/kneed/knee_locator.py:236: RuntimeWarning: invalid value encountered in divide
  return (a - min(a)) / (max(a) - min(a))
/root/Textual-Rule-Explanations-of-Reinforcement-Learning/.venv/lib/python3.12/site-packages/kneed/knee_locator.py:210: RuntimeWarning: Mean of empty slice
  self.S * np.abs(np.diff(self.x_normalized).mean())
/root/Textual-Rule-Explanations-of-Reinforcement-Learning/.venv/lib/python3.12/site-packages/numpy/_core/_methods.py:142: RuntimeWarning: invalid value encountered in scalar divide
  ret = ret.dtype.type(ret / rcount)
/root/Textual-Rule-Explanations-of-Reinforcement-Learning/.venv/lib/python3.12/site-packages/kneed/knee_locator.py:236: RuntimeWarning: invalid value encountered in divide
  return (a - min(a)) / (max(a) - min(a))
/root/Textual-Rule-Explanations-of-Reinforcement-Learning/.venv/lib/python3.12/site-packages/kneed/knee_locator.py:210: RuntimeWarning: Mean of empty slice
  self.S * np.abs(np.diff(self.x_normalized).mean())
/root/Textual-Rule-Explanations-of-Reinforcement-Learning/.venv/lib/python3.12/site-packages/numpy/_core/_methods.py:142: RuntimeWarning: invalid value encountered in scalar divide
  ret = ret.dtype.type(ret / rcount)
/root/Textual-Rule-Explanations-of-Reinforcement-Learning/.venv/lib/python3.12/site-packages/kneed/knee_locator.py:236: RuntimeWarning: invalid value encountered in divide
  return (a - min(a)) / (max(a) - min(a))
/root/Textual-Rule-Explanations-of-Reinforcement-Learning/.venv/lib/python3.12/site-packages/kneed/knee_locator.py:210: RuntimeWarning: Mean of empty slice
  self.S * np.abs(np.diff(self.x_normalized).mean())
/root/Textual-Rule-Explanations-of-Reinforcement-Learning/.venv/lib/python3.12/site-packages/numpy/_core/_methods.py:142: RuntimeWarning: invalid value encountered in scalar divide
  ret = ret.dtype.type(ret / rcount)
  [intersection-v0_dqn_raw] ps1_cbs reruns=10
/root/Textual-Rule-Explanations-of-Reinforcement-Learning/.venv/lib/python3.12/site-packages/kneed/knee_locator.py:236: RuntimeWarning: invalid value encountered in divide
  return (a - min(a)) / (max(a) - min(a))
/root/Textual-Rule-Explanations-of-Reinforcement-Learning/.venv/lib/python3.12/site-packages/kneed/knee_locator.py:210: RuntimeWarning: Mean of empty slice
  self.S * np.abs(np.diff(self.x_normalized).mean())
/root/Textual-Rule-Explanations-of-Reinforcement-Learning/.venv/lib/python3.12/site-packages/numpy/_core/_methods.py:142: RuntimeWarning: invalid value encountered in scalar divide
  ret = ret.dtype.type(ret / rcount)
/root/Textual-Rule-Explanations-of-Reinforcement-Learning/.venv/lib/python3.12/site-packages/kneed/knee_locator.py:236: RuntimeWarning: invalid value encountered in divide
  return (a - min(a)) / (max(a) - min(a))
/root/Textual-Rule-Explanations-of-Reinforcement-Learning/.venv/lib/python3.12/site-packages/kneed/knee_locator.py:210: RuntimeWarning: Mean of empty slice
  self.S * np.abs(np.diff(self.x_normalized).mean())
/root/Textual-Rule-Explanations-of-Reinforcement-Learning/.venv/lib/python3.12/site-packages/numpy/_core/_methods.py:142: RuntimeWarning: invalid value encountered in scalar divide
  ret = ret.dtype.type(ret / rcount)
/root/Textual-Rule-Explanations-of-Reinforcement-Learning/.venv/lib/python3.12/site-packages/kneed/knee_locator.py:236: RuntimeWarning: invalid value encountered in divide
  return (a - min(a)) / (max(a) - min(a))
/root/Textual-Rule-Explanations-of-Reinforcement-Learning/.venv/lib/python3.12/site-packages/kneed/knee_locator.py:210: RuntimeWarning: Mean of empty slice
  self.S * np.abs(np.diff(self.x_normalized).mean())
/root/Textual-Rule-Explanations-of-Reinforcement-Learning/.venv/lib/python3.12/site-packages/numpy/_core/_methods.py:142: RuntimeWarning: invalid value encountered in scalar divide
  ret = ret.dtype.type(ret / rcount)
/root/Textual-Rule-Explanations-of-Reinforcement-Learning/.venv/lib/python3.12/site-packages/kneed/knee_locator.py:236: RuntimeWarning: invalid value encountered in divide
  return (a - min(a)) / (max(a) - min(a))
/root/Textual-Rule-Explanations-of-Reinforcement-Learning/.venv/lib/python3.12/site-packages/kneed/knee_locator.py:210: RuntimeWarning: Mean of empty slice
  self.S * np.abs(np.diff(self.x_normalized).mean())
/root/Textual-Rule-Explanations-of-Reinforcement-Learning/.venv/lib/python3.12/site-packages/numpy/_core/_methods.py:142: RuntimeWarning: invalid value encountered in scalar divide
  ret = ret.dtype.type(ret / rcount)
/root/Textual-Rule-Explanations-of-Reinforcement-Learning/.venv/lib/python3.12/site-packages/kneed/knee_locator.py:236: RuntimeWarning: invalid value encountered in divide
  return (a - min(a)) / (max(a) - min(a))
/root/Textual-Rule-Explanations-of-Reinforcement-Learning/.venv/lib/python3.12/site-packages/kneed/knee_locator.py:210: RuntimeWarning: Mean of empty slice
  self.S * np.abs(np.diff(self.x_normalized).mean())
/root/Textual-Rule-Explanations-of-Reinforcement-Learning/.venv/lib/python3.12/site-packages/numpy/_core/_methods.py:142: RuntimeWarning: invalid value encountered in scalar divide
  ret = ret.dtype.type(ret / rcount)
/root/Textual-Rule-Explanations-of-Reinforcement-Learning/.venv/lib/python3.12/site-packages/kneed/knee_locator.py:236: RuntimeWarning: invalid value encountered in divide
  return (a - min(a)) / (max(a) - min(a))
/root/Textual-Rule-Explanations-of-Reinforcement-Learning/.venv/lib/python3.12/site-packages/kneed/knee_locator.py:210: RuntimeWarning: Mean of empty slice
  self.S * np.abs(np.diff(self.x_normalized).mean())
/root/Textual-Rule-Explanations-of-Reinforcement-Learning/.venv/lib/python3.12/site-packages/numpy/_core/_methods.py:142: RuntimeWarning: invalid value encountered in scalar divide
  ret = ret.dtype.type(ret / rcount)
  [intersection-v0_dqn_raw] ps1_dt reruns=10
/root/Textual-Rule-Explanations-of-Reinforcement-Learning/.venv/lib/python3.12/site-packages/gymnasium/envs/registration.py:512: DeprecationWarning: [33mWARN: The environment intersection-v0 is out of date. You should consider upgrading to version `v1`.[0m
  logger.deprecation(
  [intersection-v0_dqn_raw] ps1_b3_vote reruns=10
/root/Textual-Rule-Explanations-of-Reinforcement-Learning/.venv/lib/python3.12/site-packages/kneed/knee_locator.py:236: RuntimeWarning: invalid value encountered in divide
  return (a - min(a)) / (max(a) - min(a))
/root/Textual-Rule-Explanations-of-Reinforcement-Learning/.venv/lib/python3.12/site-packages/kneed/knee_locator.py:210: RuntimeWarning: Mean of empty slice
  self.S * np.abs(np.diff(self.x_normalized).mean())
/root/Textual-Rule-Explanations-of-Reinforcement-Learning/.venv/lib/python3.12/site-packages/numpy/_core/_methods.py:142: RuntimeWarning: invalid value encountered in scalar divide
  ret = ret.dtype.type(ret / rcount)
/root/Textual-Rule-Explanations-of-Reinforcement-Learning/.venv/lib/python3.12/site-packages/kneed/knee_locator.py:236: RuntimeWarning: invalid value encountered in divide
  return (a - min(a)) / (max(a) - min(a))
/root/Textual-Rule-Explanations-of-Reinforcement-Learning/.venv/lib/python3.12/site-packages/kneed/knee_locator.py:210: RuntimeWarning: Mean of empty slice
  self.S * np.abs(np.diff(self.x_normalized).mean())
/root/Textual-Rule-Explanations-of-Reinforcement-Learning/.venv/lib/python3.12/site-packages/numpy/_core/_methods.py:142: RuntimeWarning: invalid value encountered in scalar divide
  ret = ret.dtype.type(ret / rcount)
/root/Textual-Rule-Explanations-of-Reinforcement-Learning/.venv/lib/python3.12/site-packages/kneed/knee_locator.py:236: RuntimeWarning: invalid value encountered in divide
  return (a - min(a)) / (max(a) - min(a))
/root/Textual-Rule-Explanations-of-Reinforcement-Learning/.venv/lib/python3.12/site-packages/kneed/knee_locator.py:210: RuntimeWarning: Mean of empty slice
  self.S * np.abs(np.diff(self.x_normalized).mean())
/root/Textual-Rule-Explanations-of-Reinforcement-Learning/.venv/lib/python3.12/site-packages/numpy/_core/_methods.py:142: RuntimeWarning: invalid value encountered in scalar divide
  ret = ret.dtype.type(ret / rcount)
/root/Textual-Rule-Explanations-of-Reinforcement-Learning/.venv/lib/python3.12/site-packages/kneed/knee_locator.py:236: RuntimeWarning: invalid value encountered in divide
  return (a - min(a)) / (max(a) - min(a))
/root/Textual-Rule-Explanations-of-Reinforcement-Learning/.venv/lib/python3.12/site-packages/kneed/knee_locator.py:210: RuntimeWarning: Mean of empty slice
  self.S * np.abs(np.diff(self.x_normalized).mean())
/root/Textual-Rule-Explanations-of-Reinforcement-Learning/.venv/lib/python3.12/site-packages/numpy/_core/_methods.py:142: RuntimeWarning: invalid value encountered in scalar divide
  ret = ret.dtype.type(ret / rcount)
/root/Textual-Rule-Explanations-of-Reinforcement-Learning/.venv/lib/python3.12/site-packages/kneed/knee_locator.py:236: RuntimeWarning: invalid value encountered in divide
  return (a - min(a)) / (max(a) - min(a))
/root/Textual-Rule-Explanations-of-Reinforcement-Learning/.venv/lib/python3.12/site-packages/kneed/knee_locator.py:210: RuntimeWarning: Mean of empty slice
  self.S * np.abs(np.diff(self.x_normalized).mean())
/root/Textual-Rule-Explanations-of-Reinforcement-Learning/.venv/lib/python3.12/site-packages/numpy/_core/_methods.py:142: RuntimeWarning: invalid value encountered in scalar divide
  ret = ret.dtype.type(ret / rcount)
/root/Textual-Rule-Explanations-of-Reinforcement-Learning/.venv/lib/python3.12/site-packages/kneed/knee_locator.py:236: RuntimeWarning: invalid value encountered in divide
  return (a - min(a)) / (max(a) - min(a))
/root/Textual-Rule-Explanations-of-Reinforcement-Learning/.venv/lib/python3.12/site-packages/kneed/knee_locator.py:210: RuntimeWarning: Mean of empty slice
  self.S * np.abs(np.diff(self.x_normalized).mean())
/root/Textual-Rule-Explanations-of-Reinforcement-Learning/.venv/lib/python3.12/site-packages/numpy/_core/_methods.py:142: RuntimeWarning: invalid value encountered in scalar divide
  ret = ret.dtype.type(ret / rcount)
/root/Textual-Rule-Explanations-of-Reinforcement-Learning/.venv/lib/python3.12/site-packages/kneed/knee_locator.py:236: RuntimeWarning: invalid value encountered in divide
  return (a - min(a)) / (max(a) - min(a))
/root/Textual-Rule-Explanations-of-Reinforcement-Learning/.venv/lib/python3.12/site-packages/kneed/knee_locator.py:210: RuntimeWarning: Mean of empty slice
  self.S * np.abs(np.diff(self.x_normalized).mean())
/root/Textual-Rule-Explanations-of-Reinforcement-Learning/.venv/lib/python3.12/site-packages/numpy/_core/_methods.py:142: RuntimeWarning: invalid value encountered in scalar divide
  ret = ret.dtype.type(ret / rcount)
/root/Textual-Rule-Explanations-of-Reinforcement-Learning/.venv/lib/python3.12/site-packages/kneed/knee_locator.py:236: RuntimeWarning: invalid value encountered in divide
  return (a - min(a)) / (max(a) - min(a))
/root/Textual-Rule-Explanations-of-Reinforcement-Learning/.venv/lib/python3.12/site-packages/kneed/knee_locator.py:210: RuntimeWarning: Mean of empty slice
  self.S * np.abs(np.diff(self.x_normalized).mean())
/root/Textual-Rule-Explanations-of-Reinforcement-Learning/.venv/lib/python3.12/site-packages/numpy/_core/_methods.py:142: RuntimeWarning: invalid value encountered in scalar divide
  ret = ret.dtype.type(ret / rcount)
/root/Textual-Rule-Explanations-of-Reinforcement-Learning/.venv/lib/python3.12/site-packages/kneed/knee_locator.py:236: RuntimeWarning: invalid value encountered in divide
  return (a - min(a)) / (max(a) - min(a))
/root/Textual-Rule-Explanations-of-Reinforcement-Learning/.venv/lib/python3.12/site-packages/kneed/knee_locator.py:210: RuntimeWarning: Mean of empty slice
  self.S * np.abs(np.diff(self.x_normalized).mean())
/root/Textual-Rule-Explanations-of-Reinforcement-Learning/.venv/lib/python3.12/site-packages/numpy/_core/_methods.py:142: RuntimeWarning: invalid value encountered in scalar divide
  ret = ret.dtype.type(ret / rcount)
/root/Textual-Rule-Explanations-of-Reinforcement-Learning/.venv/lib/python3.12/site-packages/kneed/knee_locator.py:236: RuntimeWarning: invalid value encountered in divide
  return (a - min(a)) / (max(a) - min(a))
/root/Textual-Rule-Explanations-of-Reinforcement-Learning/.venv/lib/python3.12/site-packages/kneed/knee_locator.py:210: RuntimeWarning: Mean of empty slice
  self.S * np.abs(np.diff(self.x_normalized).mean())
/root/Textual-Rule-Explanations-of-Reinforcement-Learning/.venv/lib/python3.12/site-packages/numpy/_core/_methods.py:142: RuntimeWarning: invalid value encountered in scalar divide
  ret = ret.dtype.type(ret / rcount)
  [intersection-v0_dqn_raw] ps2_cbs reruns=10
/root/Textual-Rule-Explanations-of-Reinforcement-Learning/.venv/lib/python3.12/site-packages/kneed/knee_locator.py:236: RuntimeWarning: invalid value encountered in divide
  return (a - min(a)) / (max(a) - min(a))
/root/Textual-Rule-Explanations-of-Reinforcement-Learning/.venv/lib/python3.12/site-packages/kneed/knee_locator.py:210: RuntimeWarning: Mean of empty slice
  self.S * np.abs(np.diff(self.x_normalized).mean())
/root/Textual-Rule-Explanations-of-Reinforcement-Learning/.venv/lib/python3.12/site-packages/numpy/_core/_methods.py:142: RuntimeWarning: invalid value encountered in scalar divide
  ret = ret.dtype.type(ret / rcount)
/root/Textual-Rule-Explanations-of-Reinforcement-Learning/.venv/lib/python3.12/site-packages/kneed/knee_locator.py:236: RuntimeWarning: invalid value encountered in divide
  return (a - min(a)) / (max(a) - min(a))
/root/Textual-Rule-Explanations-of-Reinforcement-Learning/.venv/lib/python3.12/site-packages/kneed/knee_locator.py:210: RuntimeWarning: Mean of empty slice
  self.S * np.abs(np.diff(self.x_normalized).mean())
/root/Textual-Rule-Explanations-of-Reinforcement-Learning/.venv/lib/python3.12/site-packages/numpy/_core/_methods.py:142: RuntimeWarning: invalid value encountered in scalar divide
  ret = ret.dtype.type(ret / rcount)
/root/Textual-Rule-Explanations-of-Reinforcement-Learning/.venv/lib/python3.12/site-packages/kneed/knee_locator.py:236: RuntimeWarning: invalid value encountered in divide
  return (a - min(a)) / (max(a) - min(a))
/root/Textual-Rule-Explanations-of-Reinforcement-Learning/.venv/lib/python3.12/site-packages/kneed/knee_locator.py:210: RuntimeWarning: Mean of empty slice
  self.S * np.abs(np.diff(self.x_normalized).mean())
/root/Textual-Rule-Explanations-of-Reinforcement-Learning/.venv/lib/python3.12/site-packages/numpy/_core/_methods.py:142: RuntimeWarning: invalid value encountered in scalar divide
  ret = ret.dtype.type(ret / rcount)
/root/Textual-Rule-Explanations-of-Reinforcement-Learning/.venv/lib/python3.12/site-packages/kneed/knee_locator.py:236: RuntimeWarning: invalid value encountered in divide
  return (a - min(a)) / (max(a) - min(a))
/root/Textual-Rule-Explanations-of-Reinforcement-Learning/.venv/lib/python3.12/site-packages/kneed/knee_locator.py:210: RuntimeWarning: Mean of empty slice
  self.S * np.abs(np.diff(self.x_normalized).mean())
/root/Textual-Rule-Explanations-of-Reinforcement-Learning/.venv/lib/python3.12/site-packages/numpy/_core/_methods.py:142: RuntimeWarning: invalid value encountered in scalar divide
  ret = ret.dtype.type(ret / rcount)
/root/Textual-Rule-Explanations-of-Reinforcement-Learning/.venv/lib/python3.12/site-packages/kneed/knee_locator.py:236: RuntimeWarning: invalid value encountered in divide
  return (a - min(a)) / (max(a) - min(a))
/root/Textual-Rule-Explanations-of-Reinforcement-Learning/.venv/lib/python3.12/site-packages/kneed/knee_locator.py:210: RuntimeWarning: Mean of empty slice
  self.S * np.abs(np.diff(self.x_normalized).mean())
/root/Textual-Rule-Explanations-of-Reinforcement-Learning/.venv/lib/python3.12/site-packages/numpy/_core/_methods.py:142: RuntimeWarning: invalid value encountered in scalar divide
  ret = ret.dtype.type(ret / rcount)
/root/Textual-Rule-Explanations-of-Reinforcement-Learning/.venv/lib/python3.12/site-packages/kneed/knee_locator.py:236: RuntimeWarning: invalid value encountered in divide
  return (a - min(a)) / (max(a) - min(a))
/root/Textual-Rule-Explanations-of-Reinforcement-Learning/.venv/lib/python3.12/site-packages/kneed/knee_locator.py:210: RuntimeWarning: Mean of empty slice
  self.S * np.abs(np.diff(self.x_normalized).mean())
/root/Textual-Rule-Explanations-of-Reinforcement-Learning/.venv/lib/python3.12/site-packages/numpy/_core/_methods.py:142: RuntimeWarning: invalid value encountered in scalar divide
  ret = ret.dtype.type(ret / rcount)
/root/Textual-Rule-Explanations-of-Reinforcement-Learning/.venv/lib/python3.12/site-packages/kneed/knee_locator.py:236: RuntimeWarning: invalid value encountered in divide
  return (a - min(a)) / (max(a) - min(a))
/root/Textual-Rule-Explanations-of-Reinforcement-Learning/.venv/lib/python3.12/site-packages/kneed/knee_locator.py:210: RuntimeWarning: Mean of empty slice
  self.S * np.abs(np.diff(self.x_normalized).mean())
/root/Textual-Rule-Explanations-of-Reinforcement-Learning/.venv/lib/python3.12/site-packages/numpy/_core/_methods.py:142: RuntimeWarning: invalid value encountered in scalar divide
  ret = ret.dtype.type(ret / rcount)
  [intersection-v0_dqn_raw] ps2_b3_vote reruns=10
/root/Textual-Rule-Explanations-of-Reinforcement-Learning/.venv/lib/python3.12/site-packages/kneed/knee_locator.py:236: RuntimeWarning: invalid value encountered in divide
  return (a - min(a)) / (max(a) - min(a))
/root/Textual-Rule-Explanations-of-Reinforcement-Learning/.venv/lib/python3.12/site-packages/kneed/knee_locator.py:210: RuntimeWarning: Mean of empty slice
  self.S * np.abs(np.diff(self.x_normalized).mean())
/root/Textual-Rule-Explanations-of-Reinforcement-Learning/.venv/lib/python3.12/site-packages/numpy/_core/_methods.py:142: RuntimeWarning: invalid value encountered in scalar divide
  ret = ret.dtype.type(ret / rcount)
/root/Textual-Rule-Explanations-of-Reinforcement-Learning/.venv/lib/python3.12/site-packages/kneed/knee_locator.py:236: RuntimeWarning: invalid value encountered in divide
  return (a - min(a)) / (max(a) - min(a))
/root/Textual-Rule-Explanations-of-Reinforcement-Learning/.venv/lib/python3.12/site-packages/kneed/knee_locator.py:210: RuntimeWarning: Mean of empty slice
  self.S * np.abs(np.diff(self.x_normalized).mean())
/root/Textual-Rule-Explanations-of-Reinforcement-Learning/.venv/lib/python3.12/site-packages/numpy/_core/_methods.py:142: RuntimeWarning: invalid value encountered in scalar divide
  ret = ret.dtype.type(ret / rcount)
/root/Textual-Rule-Explanations-of-Reinforcement-Learning/.venv/lib/python3.12/site-packages/kneed/knee_locator.py:236: RuntimeWarning: invalid value encountered in divide
  return (a - min(a)) / (max(a) - min(a))
/root/Textual-Rule-Explanations-of-Reinforcement-Learning/.venv/lib/python3.12/site-packages/kneed/knee_locator.py:210: RuntimeWarning: Mean of empty slice
  self.S * np.abs(np.diff(self.x_normalized).mean())
/root/Textual-Rule-Explanations-of-Reinforcement-Learning/.venv/lib/python3.12/site-packages/numpy/_core/_methods.py:142: RuntimeWarning: invalid value encountered in scalar divide
  ret = ret.dtype.type(ret / rcount)
/root/Textual-Rule-Explanations-of-Reinforcement-Learning/.venv/lib/python3.12/site-packages/kneed/knee_locator.py:236: RuntimeWarning: invalid value encountered in divide
  return (a - min(a)) / (max(a) - min(a))
/root/Textual-Rule-Explanations-of-Reinforcement-Learning/.venv/lib/python3.12/site-packages/kneed/knee_locator.py:210: RuntimeWarning: Mean of empty slice
  self.S * np.abs(np.diff(self.x_normalized).mean())
/root/Textual-Rule-Explanations-of-Reinforcement-Learning/.venv/lib/python3.12/site-packages/numpy/_core/_methods.py:142: RuntimeWarning: invalid value encountered in scalar divide
  ret = ret.dtype.type(ret / rcount)
/root/Textual-Rule-Explanations-of-Reinforcement-Learning/.venv/lib/python3.12/site-packages/kneed/knee_locator.py:236: RuntimeWarning: invalid value encountered in divide
  return (a - min(a)) / (max(a) - min(a))
/root/Textual-Rule-Explanations-of-Reinforcement-Learning/.venv/lib/python3.12/site-packages/kneed/knee_locator.py:210: RuntimeWarning: Mean of empty slice
  self.S * np.abs(np.diff(self.x_normalized).mean())
/root/Textual-Rule-Explanations-of-Reinforcement-Learning/.venv/lib/python3.12/site-packages/numpy/_core/_methods.py:142: RuntimeWarning: invalid value encountered in scalar divide
  ret = ret.dtype.type(ret / rcount)
/root/Textual-Rule-Explanations-of-Reinforcement-Learning/.venv/lib/python3.12/site-packages/kneed/knee_locator.py:236: RuntimeWarning: invalid value encountered in divide
  return (a - min(a)) / (max(a) - min(a))
/root/Textual-Rule-Explanations-of-Reinforcement-Learning/.venv/lib/python3.12/site-packages/kneed/knee_locator.py:210: RuntimeWarning: Mean of empty slice
  self.S * np.abs(np.diff(self.x_normalized).mean())
/root/Textual-Rule-Explanations-of-Reinforcement-Learning/.venv/lib/python3.12/site-packages/numpy/_core/_methods.py:142: RuntimeWarning: invalid value encountered in scalar divide
  ret = ret.dtype.type(ret / rcount)
  [intersection-v0_dqn_raw] ps1_dt reruns=10
/root/Textual-Rule-Explanations-of-Reinforcement-Learning/.venv/lib/python3.12/site-packages/gymnasium/envs/registration.py:512: DeprecationWarning: [33mWARN: The environment intersection-v0 is out of date. You should consider upgrading to version `v1`.[0m
  logger.deprecation(
  [intersection-v0_dqn_raw] ps2_cbs reruns=10
  [intersection-v0_dqn_raw] ps2_b3_vote reruns=10
  [intersection-v0_dqn_raw] ps2_dt reruns=10
/root/Textual-Rule-Explanations-of-Reinforcement-Learning/.venv/lib/python3.12/site-packages/gymnasium/envs/registration.py:512: DeprecationWarning: [33mWARN: The environment intersection-v0 is out of date. You should consider upgrading to version `v1`.[0m
  logger.deprecation(
  [intersection-v0_ppo_raw] ps0_cbs reruns=10
  [intersection-v0_ppo_raw] ps0_b3_vote reruns=10
/root/Textual-Rule-Explanations-of-Reinforcement-Learning/.venv/lib/python3.12/site-packages/kneed/knee_locator.py:236: RuntimeWarning: invalid value encountered in divide
  return (a - min(a)) / (max(a) - min(a))
/root/Textual-Rule-Explanations-of-Reinforcement-Learning/.venv/lib/python3.12/site-packages/kneed/knee_locator.py:210: RuntimeWarning: Mean of empty slice
  self.S * np.abs(np.diff(self.x_normalized).mean())
/root/Textual-Rule-Explanations-of-Reinforcement-Learning/.venv/lib/python3.12/site-packages/numpy/_core/_methods.py:142: RuntimeWarning: invalid value encountered in scalar divide
  ret = ret.dtype.type(ret / rcount)
/root/Textual-Rule-Explanations-of-Reinforcement-Learning/.venv/lib/python3.12/site-packages/kneed/knee_locator.py:236: RuntimeWarning: invalid value encountered in divide
  return (a - min(a)) / (max(a) - min(a))
/root/Textual-Rule-Explanations-of-Reinforcement-Learning/.venv/lib/python3.12/site-packages/kneed/knee_locator.py:210: RuntimeWarning: Mean of empty slice
  self.S * np.abs(np.diff(self.x_normalized).mean())
/root/Textual-Rule-Explanations-of-Reinforcement-Learning/.venv/lib/python3.12/site-packages/numpy/_core/_methods.py:142: RuntimeWarning: invalid value encountered in scalar divide
  ret = ret.dtype.type(ret / rcount)
  [intersection-v0_dqn_raw] ps2_dt reruns=10
/root/Textual-Rule-Explanations-of-Reinforcement-Learning/.venv/lib/python3.12/site-packages/gymnasium/envs/registration.py:512: DeprecationWarning: [33mWARN: The environment intersection-v0 is out of date. You should consider upgrading to version `v1`.[0m
  logger.deprecation(
  [intersection-v0_ppo_raw] ps0_dt reruns=10
/root/Textual-Rule-Explanations-of-Reinforcement-Learning/.venv/lib/python3.12/site-packages/gymnasium/envs/registration.py:512: DeprecationWarning: [33mWARN: The environment intersection-v0 is out of date. You should consider upgrading to version `v1`.[0m
  logger.deprecation(
  [intersection-v0_ppo_raw] ps0_cbs reruns=10
  [intersection-v0_ppo_raw] ps0_b3_vote reruns=10
/root/Textual-Rule-Explanations-of-Reinforcement-Learning/.venv/lib/python3.12/site-packages/kneed/knee_locator.py:236: RuntimeWarning: invalid value encountered in divide
  return (a - min(a)) / (max(a) - min(a))
/root/Textual-Rule-Explanations-of-Reinforcement-Learning/.venv/lib/python3.12/site-packages/kneed/knee_locator.py:210: RuntimeWarning: Mean of empty slice
  self.S * np.abs(np.diff(self.x_normalized).mean())
/root/Textual-Rule-Explanations-of-Reinforcement-Learning/.venv/lib/python3.12/site-packages/numpy/_core/_methods.py:142: RuntimeWarning: invalid value encountered in scalar divide
  ret = ret.dtype.type(ret / rcount)
  [intersection-v0_ppo_raw] ps1_cbs reruns=10
/root/Textual-Rule-Explanations-of-Reinforcement-Learning/.venv/lib/python3.12/site-packages/kneed/knee_locator.py:236: RuntimeWarning: invalid value encountered in divide
  return (a - min(a)) / (max(a) - min(a))
/root/Textual-Rule-Explanations-of-Reinforcement-Learning/.venv/lib/python3.12/site-packages/kneed/knee_locator.py:210: RuntimeWarning: Mean of empty slice
  self.S * np.abs(np.diff(self.x_normalized).mean())
/root/Textual-Rule-Explanations-of-Reinforcement-Learning/.venv/lib/python3.12/site-packages/numpy/_core/_methods.py:142: RuntimeWarning: invalid value encountered in scalar divide
  ret = ret.dtype.type(ret / rcount)
  [intersection-v0_ppo_raw] ps1_b3_vote reruns=10
/root/Textual-Rule-Explanations-of-Reinforcement-Learning/.venv/lib/python3.12/site-packages/kneed/knee_locator.py:236: RuntimeWarning: invalid value encountered in divide
  return (a - min(a)) / (max(a) - min(a))
/root/Textual-Rule-Explanations-of-Reinforcement-Learning/.venv/lib/python3.12/site-packages/kneed/knee_locator.py:210: RuntimeWarning: Mean of empty slice
  self.S * np.abs(np.diff(self.x_normalized).mean())
/root/Textual-Rule-Explanations-of-Reinforcement-Learning/.venv/lib/python3.12/site-packages/numpy/_core/_methods.py:142: RuntimeWarning: invalid value encountered in scalar divide
  ret = ret.dtype.type(ret / rcount)
/root/Textual-Rule-Explanations-of-Reinforcement-Learning/.venv/lib/python3.12/site-packages/kneed/knee_locator.py:236: RuntimeWarning: invalid value encountered in divide
  return (a - min(a)) / (max(a) - min(a))
/root/Textual-Rule-Explanations-of-Reinforcement-Learning/.venv/lib/python3.12/site-packages/kneed/knee_locator.py:210: RuntimeWarning: Mean of empty slice
  self.S * np.abs(np.diff(self.x_normalized).mean())
/root/Textual-Rule-Explanations-of-Reinforcement-Learning/.venv/lib/python3.12/site-packages/numpy/_core/_methods.py:142: RuntimeWarning: invalid value encountered in scalar divide
  ret = ret.dtype.type(ret / rcount)
/root/Textual-Rule-Explanations-of-Reinforcement-Learning/.venv/lib/python3.12/site-packages/kneed/knee_locator.py:236: RuntimeWarning: invalid value encountered in divide
  return (a - min(a)) / (max(a) - min(a))
/root/Textual-Rule-Explanations-of-Reinforcement-Learning/.venv/lib/python3.12/site-packages/kneed/knee_locator.py:210: RuntimeWarning: Mean of empty slice
  self.S * np.abs(np.diff(self.x_normalized).mean())
/root/Textual-Rule-Explanations-of-Reinforcement-Learning/.venv/lib/python3.12/site-packages/numpy/_core/_methods.py:142: RuntimeWarning: invalid value encountered in scalar divide
  ret = ret.dtype.type(ret / rcount)
/root/Textual-Rule-Explanations-of-Reinforcement-Learning/.venv/lib/python3.12/site-packages/kneed/knee_locator.py:236: RuntimeWarning: invalid value encountered in divide
  return (a - min(a)) / (max(a) - min(a))
/root/Textual-Rule-Explanations-of-Reinforcement-Learning/.venv/lib/python3.12/site-packages/kneed/knee_locator.py:210: RuntimeWarning: Mean of empty slice
  self.S * np.abs(np.diff(self.x_normalized).mean())
/root/Textual-Rule-Explanations-of-Reinforcement-Learning/.venv/lib/python3.12/site-packages/numpy/_core/_methods.py:142: RuntimeWarning: invalid value encountered in scalar divide
  ret = ret.dtype.type(ret / rcount)
/root/Textual-Rule-Explanations-of-Reinforcement-Learning/.venv/lib/python3.12/site-packages/kneed/knee_locator.py:236: RuntimeWarning: invalid value encountered in divide
  return (a - min(a)) / (max(a) - min(a))
/root/Textual-Rule-Explanations-of-Reinforcement-Learning/.venv/lib/python3.12/site-packages/kneed/knee_locator.py:210: RuntimeWarning: Mean of empty slice
  self.S * np.abs(np.diff(self.x_normalized).mean())
/root/Textual-Rule-Explanations-of-Reinforcement-Learning/.venv/lib/python3.12/site-packages/numpy/_core/_methods.py:142: RuntimeWarning: invalid value encountered in scalar divide
  ret = ret.dtype.type(ret / rcount)
/root/Textual-Rule-Explanations-of-Reinforcement-Learning/.venv/lib/python3.12/site-packages/kneed/knee_locator.py:236: RuntimeWarning: invalid value encountered in divide
  return (a - min(a)) / (max(a) - min(a))
/root/Textual-Rule-Explanations-of-Reinforcement-Learning/.venv/lib/python3.12/site-packages/kneed/knee_locator.py:210: RuntimeWarning: Mean of empty slice
  self.S * np.abs(np.diff(self.x_normalized).mean())
/root/Textual-Rule-Explanations-of-Reinforcement-Learning/.venv/lib/python3.12/site-packages/numpy/_core/_methods.py:142: RuntimeWarning: invalid value encountered in scalar divide
  ret = ret.dtype.type(ret / rcount)
  [intersection-v0_ppo_raw] ps0_dt reruns=10
/root/Textual-Rule-Explanations-of-Reinforcement-Learning/.venv/lib/python3.12/site-packages/gymnasium/envs/registration.py:512: DeprecationWarning: [33mWARN: The environment intersection-v0 is out of date. You should consider upgrading to version `v1`.[0m
  logger.deprecation(
/root/Textual-Rule-Explanations-of-Reinforcement-Learning/.venv/lib/python3.12/site-packages/kneed/knee_locator.py:236: RuntimeWarning: invalid value encountered in divide
  return (a - min(a)) / (max(a) - min(a))
/root/Textual-Rule-Explanations-of-Reinforcement-Learning/.venv/lib/python3.12/site-packages/kneed/knee_locator.py:210: RuntimeWarning: Mean of empty slice
  self.S * np.abs(np.diff(self.x_normalized).mean())
/root/Textual-Rule-Explanations-of-Reinforcement-Learning/.venv/lib/python3.12/site-packages/numpy/_core/_methods.py:142: RuntimeWarning: invalid value encountered in scalar divide
  ret = ret.dtype.type(ret / rcount)
/root/Textual-Rule-Explanations-of-Reinforcement-Learning/.venv/lib/python3.12/site-packages/kneed/knee_locator.py:236: RuntimeWarning: invalid value encountered in divide
  return (a - min(a)) / (max(a) - min(a))
/root/Textual-Rule-Explanations-of-Reinforcement-Learning/.venv/lib/python3.12/site-packages/kneed/knee_locator.py:210: RuntimeWarning: Mean of empty slice
  self.S * np.abs(np.diff(self.x_normalized).mean())
/root/Textual-Rule-Explanations-of-Reinforcement-Learning/.venv/lib/python3.12/site-packages/numpy/_core/_methods.py:142: RuntimeWarning: invalid value encountered in scalar divide
  ret = ret.dtype.type(ret / rcount)
/root/Textual-Rule-Explanations-of-Reinforcement-Learning/.venv/lib/python3.12/site-packages/kneed/knee_locator.py:236: RuntimeWarning: invalid value encountered in divide
  return (a - min(a)) / (max(a) - min(a))
/root/Textual-Rule-Explanations-of-Reinforcement-Learning/.venv/lib/python3.12/site-packages/kneed/knee_locator.py:210: RuntimeWarning: Mean of empty slice
  self.S * np.abs(np.diff(self.x_normalized).mean())
/root/Textual-Rule-Explanations-of-Reinforcement-Learning/.venv/lib/python3.12/site-packages/numpy/_core/_methods.py:142: RuntimeWarning: invalid value encountered in scalar divide
  ret = ret.dtype.type(ret / rcount)
/root/Textual-Rule-Explanations-of-Reinforcement-Learning/.venv/lib/python3.12/site-packages/kneed/knee_locator.py:236: RuntimeWarning: invalid value encountered in divide
  return (a - min(a)) / (max(a) - min(a))
/root/Textual-Rule-Explanations-of-Reinforcement-Learning/.venv/lib/python3.12/site-packages/kneed/knee_locator.py:210: RuntimeWarning: Mean of empty slice
  self.S * np.abs(np.diff(self.x_normalized).mean())
/root/Textual-Rule-Explanations-of-Reinforcement-Learning/.venv/lib/python3.12/site-packages/numpy/_core/_methods.py:142: RuntimeWarning: invalid value encountered in scalar divide
  ret = ret.dtype.type(ret / rcount)
/root/Textual-Rule-Explanations-of-Reinforcement-Learning/.venv/lib/python3.12/site-packages/kneed/knee_locator.py:236: RuntimeWarning: invalid value encountered in divide
  return (a - min(a)) / (max(a) - min(a))
/root/Textual-Rule-Explanations-of-Reinforcement-Learning/.venv/lib/python3.12/site-packages/kneed/knee_locator.py:210: RuntimeWarning: Mean of empty slice
  self.S * np.abs(np.diff(self.x_normalized).mean())
/root/Textual-Rule-Explanations-of-Reinforcement-Learning/.venv/lib/python3.12/site-packages/numpy/_core/_methods.py:142: RuntimeWarning: invalid value encountered in scalar divide
  ret = ret.dtype.type(ret / rcount)
  [intersection-v0_ppo_raw] ps1_dt reruns=10
/root/Textual-Rule-Explanations-of-Reinforcement-Learning/.venv/lib/python3.12/site-packages/gymnasium/envs/registration.py:512: DeprecationWarning: [33mWARN: The environment intersection-v0 is out of date. You should consider upgrading to version `v1`.[0m
  logger.deprecation(
  [intersection-v0_ppo_raw] ps1_cbs reruns=10
  [intersection-v0_ppo_raw] ps1_b3_vote reruns=10
/root/Textual-Rule-Explanations-of-Reinforcement-Learning/.venv/lib/python3.12/site-packages/kneed/knee_locator.py:236: RuntimeWarning: invalid value encountered in divide
  return (a - min(a)) / (max(a) - min(a))
/root/Textual-Rule-Explanations-of-Reinforcement-Learning/.venv/lib/python3.12/site-packages/kneed/knee_locator.py:210: RuntimeWarning: Mean of empty slice
  self.S * np.abs(np.diff(self.x_normalized).mean())
/root/Textual-Rule-Explanations-of-Reinforcement-Learning/.venv/lib/python3.12/site-packages/numpy/_core/_methods.py:142: RuntimeWarning: invalid value encountered in scalar divide
  ret = ret.dtype.type(ret / rcount)
/root/Textual-Rule-Explanations-of-Reinforcement-Learning/.venv/lib/python3.12/site-packages/kneed/knee_locator.py:236: RuntimeWarning: invalid value encountered in divide
  return (a - min(a)) / (max(a) - min(a))
/root/Textual-Rule-Explanations-of-Reinforcement-Learning/.venv/lib/python3.12/site-packages/kneed/knee_locator.py:210: RuntimeWarning: Mean of empty slice
  self.S * np.abs(np.diff(self.x_normalized).mean())
/root/Textual-Rule-Explanations-of-Reinforcement-Learning/.venv/lib/python3.12/site-packages/numpy/_core/_methods.py:142: RuntimeWarning: invalid value encountered in scalar divide
  ret = ret.dtype.type(ret / rcount)
/root/Textual-Rule-Explanations-of-Reinforcement-Learning/.venv/lib/python3.12/site-packages/kneed/knee_locator.py:236: RuntimeWarning: invalid value encountered in divide
  return (a - min(a)) / (max(a) - min(a))
/root/Textual-Rule-Explanations-of-Reinforcement-Learning/.venv/lib/python3.12/site-packages/kneed/knee_locator.py:210: RuntimeWarning: Mean of empty slice
  self.S * np.abs(np.diff(self.x_normalized).mean())
/root/Textual-Rule-Explanations-of-Reinforcement-Learning/.venv/lib/python3.12/site-packages/numpy/_core/_methods.py:142: RuntimeWarning: invalid value encountered in scalar divide
  ret = ret.dtype.type(ret / rcount)
/root/Textual-Rule-Explanations-of-Reinforcement-Learning/.venv/lib/python3.12/site-packages/kneed/knee_locator.py:236: RuntimeWarning: invalid value encountered in divide
  return (a - min(a)) / (max(a) - min(a))
/root/Textual-Rule-Explanations-of-Reinforcement-Learning/.venv/lib/python3.12/site-packages/kneed/knee_locator.py:210: RuntimeWarning: Mean of empty slice
  self.S * np.abs(np.diff(self.x_normalized).mean())
/root/Textual-Rule-Explanations-of-Reinforcement-Learning/.venv/lib/python3.12/site-packages/numpy/_core/_methods.py:142: RuntimeWarning: invalid value encountered in scalar divide
  ret = ret.dtype.type(ret / rcount)
/root/Textual-Rule-Explanations-of-Reinforcement-Learning/.venv/lib/python3.12/site-packages/kneed/knee_locator.py:236: RuntimeWarning: invalid value encountered in divide
  return (a - min(a)) / (max(a) - min(a))
/root/Textual-Rule-Explanations-of-Reinforcement-Learning/.venv/lib/python3.12/site-packages/kneed/knee_locator.py:210: RuntimeWarning: Mean of empty slice
  self.S * np.abs(np.diff(self.x_normalized).mean())
/root/Textual-Rule-Explanations-of-Reinforcement-Learning/.venv/lib/python3.12/site-packages/numpy/_core/_methods.py:142: RuntimeWarning: invalid value encountered in scalar divide
  ret = ret.dtype.type(ret / rcount)
/root/Textual-Rule-Explanations-of-Reinforcement-Learning/.venv/lib/python3.12/site-packages/kneed/knee_locator.py:236: RuntimeWarning: invalid value encountered in divide
  return (a - min(a)) / (max(a) - min(a))
/root/Textual-Rule-Explanations-of-Reinforcement-Learning/.venv/lib/python3.12/site-packages/kneed/knee_locator.py:210: RuntimeWarning: Mean of empty slice
  self.S * np.abs(np.diff(self.x_normalized).mean())
/root/Textual-Rule-Explanations-of-Reinforcement-Learning/.venv/lib/python3.12/site-packages/numpy/_core/_methods.py:142: RuntimeWarning: invalid value encountered in scalar divide
  ret = ret.dtype.type(ret / rcount)
  [intersection-v0_ppo_raw] ps2_cbs reruns=10
/root/Textual-Rule-Explanations-of-Reinforcement-Learning/.venv/lib/python3.12/site-packages/kneed/knee_locator.py:236: RuntimeWarning: invalid value encountered in divide
  return (a - min(a)) / (max(a) - min(a))
/root/Textual-Rule-Explanations-of-Reinforcement-Learning/.venv/lib/python3.12/site-packages/kneed/knee_locator.py:210: RuntimeWarning: Mean of empty slice
  self.S * np.abs(np.diff(self.x_normalized).mean())
/root/Textual-Rule-Explanations-of-Reinforcement-Learning/.venv/lib/python3.12/site-packages/numpy/_core/_methods.py:142: RuntimeWarning: invalid value encountered in scalar divide
  ret = ret.dtype.type(ret / rcount)
/root/Textual-Rule-Explanations-of-Reinforcement-Learning/.venv/lib/python3.12/site-packages/kneed/knee_locator.py:236: RuntimeWarning: invalid value encountered in divide
  return (a - min(a)) / (max(a) - min(a))
/root/Textual-Rule-Explanations-of-Reinforcement-Learning/.venv/lib/python3.12/site-packages/kneed/knee_locator.py:210: RuntimeWarning: Mean of empty slice
  self.S * np.abs(np.diff(self.x_normalized).mean())
/root/Textual-Rule-Explanations-of-Reinforcement-Learning/.venv/lib/python3.12/site-packages/numpy/_core/_methods.py:142: RuntimeWarning: invalid value encountered in scalar divide
  ret = ret.dtype.type(ret / rcount)
  [intersection-v0_ppo_raw] ps2_b3_vote reruns=10
/root/Textual-Rule-Explanations-of-Reinforcement-Learning/.venv/lib/python3.12/site-packages/kneed/knee_locator.py:236: RuntimeWarning: invalid value encountered in divide
  return (a - min(a)) / (max(a) - min(a))
/root/Textual-Rule-Explanations-of-Reinforcement-Learning/.venv/lib/python3.12/site-packages/kneed/knee_locator.py:210: RuntimeWarning: Mean of empty slice
  self.S * np.abs(np.diff(self.x_normalized).mean())
/root/Textual-Rule-Explanations-of-Reinforcement-Learning/.venv/lib/python3.12/site-packages/numpy/_core/_methods.py:142: RuntimeWarning: invalid value encountered in scalar divide
  ret = ret.dtype.type(ret / rcount)
/root/Textual-Rule-Explanations-of-Reinforcement-Learning/.venv/lib/python3.12/site-packages/kneed/knee_locator.py:236: RuntimeWarning: invalid value encountered in divide
  return (a - min(a)) / (max(a) - min(a))
/root/Textual-Rule-Explanations-of-Reinforcement-Learning/.venv/lib/python3.12/site-packages/kneed/knee_locator.py:210: RuntimeWarning: Mean of empty slice
  self.S * np.abs(np.diff(self.x_normalized).mean())
/root/Textual-Rule-Explanations-of-Reinforcement-Learning/.venv/lib/python3.12/site-packages/numpy/_core/_methods.py:142: RuntimeWarning: invalid value encountered in scalar divide
  ret = ret.dtype.type(ret / rcount)
/root/Textual-Rule-Explanations-of-Reinforcement-Learning/.venv/lib/python3.12/site-packages/kneed/knee_locator.py:236: RuntimeWarning: invalid value encountered in divide
  return (a - min(a)) / (max(a) - min(a))
/root/Textual-Rule-Explanations-of-Reinforcement-Learning/.venv/lib/python3.12/site-packages/kneed/knee_locator.py:210: RuntimeWarning: Mean of empty slice
  self.S * np.abs(np.diff(self.x_normalized).mean())
/root/Textual-Rule-Explanations-of-Reinforcement-Learning/.venv/lib/python3.12/site-packages/numpy/_core/_methods.py:142: RuntimeWarning: invalid value encountered in scalar divide
  ret = ret.dtype.type(ret / rcount)
  [intersection-v0_ppo_raw] ps1_dt reruns=10
/root/Textual-Rule-Explanations-of-Reinforcement-Learning/.venv/lib/python3.12/site-packages/gymnasium/envs/registration.py:512: DeprecationWarning: [33mWARN: The environment intersection-v0 is out of date. You should consider upgrading to version `v1`.[0m
  logger.deprecation(
  [intersection-v0_ppo_raw] ps2_cbs reruns=10
  [intersection-v0_ppo_raw] ps2_b3_vote reruns=10
  [intersection-v0_ppo_raw] ps2_dt reruns=10

============================================================
  Feature Ablation: mode = raw_derived
============================================================

============================================================
  Pipeline complete in 868s (14.5min)
============================================================
/root/Textual-Rule-Explanations-of-Reinforcement-Learning/.venv/lib/python3.12/site-packages/pygame/pkgdata.py:25: UserWarning: pkg_resources is deprecated as an API. See https://setuptools.pypa.io/en/latest/pkg_resources.html. The pkg_resources package is slated for removal as early as 2025-11-30. Refrain from using this package or pin to Setuptools<81.
  from pkg_resources import resource_stream, resource_exists

############################################################
  PHASE: BEHAVIOR_EVAL
############################################################

  [merge-v0_dqn] behavior eval ps0_cbs... /root/Textual-Rule-Explanations-of-Reinforcement-Learning/.venv/lib/python3.12/site-packages/kneed/knee_locator.py:236: RuntimeWarning: invalid value encountered in divide
  return (a - min(a)) / (max(a) - min(a))
/root/Textual-Rule-Explanations-of-Reinforcement-Learning/.venv/lib/python3.12/site-packages/kneed/knee_locator.py:210: RuntimeWarning: Mean of empty slice
  self.S * np.abs(np.diff(self.x_normalized).mean())
/root/Textual-Rule-Explanations-of-Reinforcement-Learning/.venv/lib/python3.12/site-packages/numpy/_core/_methods.py:142: RuntimeWarning: invalid value encountered in scalar divide
  ret = ret.dtype.type(ret / rcount)
return=14.63, collision=0.06
  [merge-v0_dqn] behavior eval ps0_b3_vote... /root/Textual-Rule-Explanations-of-Reinforcement-Learning/.venv/lib/python3.12/site-packages/kneed/knee_locator.py:236: RuntimeWarning: invalid value encountered in divide
  return (a - min(a)) / (max(a) - min(a))
/root/Textual-Rule-Explanations-of-Reinforcement-Learning/.venv/lib/python3.12/site-packages/kneed/knee_locator.py:210: RuntimeWarning: Mean of empty slice
  self.S * np.abs(np.diff(self.x_normalized).mean())
/root/Textual-Rule-Explanations-of-Reinforcement-Learning/.venv/lib/python3.12/site-packages/numpy/_core/_methods.py:142: RuntimeWarning: invalid value encountered in scalar divide
  ret = ret.dtype.type(ret / rcount)
  [intersection-v0_ppo_raw] ps2_dt reruns=10

============================================================
  Feature Ablation: mode = raw_derived
============================================================

============================================================
  Pipeline complete in 880s (14.7min)
============================================================
/root/Textual-Rule-Explanations-of-Reinforcement-Learning/.venv/lib/python3.12/site-packages/pygame/pkgdata.py:25: UserWarning: pkg_resources is deprecated as an API. See https://setuptools.pypa.io/en/latest/pkg_resources.html. The pkg_resources package is slated for removal as early as 2025-11-30. Refrain from using this package or pin to Setuptools<81.
  from pkg_resources import resource_stream, resource_exists

############################################################
  PHASE: BEHAVIOR_EVAL
############################################################

  [merge-v0_dqn] behavior eval ps0_cbs... /root/Textual-Rule-Explanations-of-Reinforcement-Learning/.venv/lib/python3.12/site-packages/kneed/knee_locator.py:236: RuntimeWarning: invalid value encountered in divide
  return (a - min(a)) / (max(a) - min(a))
/root/Textual-Rule-Explanations-of-Reinforcement-Learning/.venv/lib/python3.12/site-packages/kneed/knee_locator.py:210: RuntimeWarning: Mean of empty slice
  self.S * np.abs(np.diff(self.x_normalized).mean())
/root/Textual-Rule-Explanations-of-Reinforcement-Learning/.venv/lib/python3.12/site-packages/numpy/_core/_methods.py:142: RuntimeWarning: invalid value encountered in scalar divide
  ret = ret.dtype.type(ret / rcount)
return=14.70, collision=0.06
  [merge-v0_dqn] behavior eval ps0_dt... return=14.63, collision=0.06
  [merge-v0_dqn] behavior eval ps0_b3_vote... return=14.71, collision=0.06
  [merge-v0_dqn] behavior eval ps1_cbs... /root/Textual-Rule-Explanations-of-Reinforcement-Learning/.venv/lib/python3.12/site-packages/kneed/knee_locator.py:236: RuntimeWarning: invalid value encountered in divide
  return (a - min(a)) / (max(a) - min(a))
/root/Textual-Rule-Explanations-of-Reinforcement-Learning/.venv/lib/python3.12/site-packages/kneed/knee_locator.py:210: RuntimeWarning: Mean of empty slice
  self.S * np.abs(np.diff(self.x_normalized).mean())
/root/Textual-Rule-Explanations-of-Reinforcement-Learning/.venv/lib/python3.12/site-packages/numpy/_core/_methods.py:142: RuntimeWarning: invalid value encountered in scalar divide
  ret = ret.dtype.type(ret / rcount)
return=14.26, collision=0.06
  [merge-v0_dqn] behavior eval ps1_b3_vote... return=14.70, collision=0.06
  [merge-v0_dqn] behavior eval ps0_dt... return=14.71, collision=0.06
  [merge-v0_dqn] behavior eval ps1_cbs... return=14.25, collision=0.06
  [merge-v0_dqn] behavior eval ps1_dt... return=14.26, collision=0.06
  [merge-v0_dqn] behavior eval ps1_b3_vote... return=14.54, collision=0.06
  [merge-v0_dqn] behavior eval ps2_cbs... return=14.71, collision=0.04
  [merge-v0_dqn] behavior eval ps2_b3_vote... return=14.25, collision=0.06
  [merge-v0_dqn] behavior eval ps1_dt... return=14.54, collision=0.06
  [merge-v0_dqn] behavior eval ps2_cbs... return=14.71, collision=0.04
  [merge-v0_dqn] behavior eval ps2_dt... return=14.71, collision=0.04
  [merge-v0_dqn] behavior eval ps2_b3_vote... return=14.73, collision=0.04
  [merge-v0_ppo] behavior eval ps0_cbs... return=14.05, collision=0.06
  [merge-v0_ppo] behavior eval ps0_b3_vote... return=14.71, collision=0.04
  [merge-v0_dqn] behavior eval ps2_dt... return=14.73, collision=0.04
  [merge-v0_ppo] behavior eval ps0_cbs... return=14.05, collision=0.06
  [merge-v0_ppo] behavior eval ps0_dt... return=14.05, collision=0.06
  [merge-v0_ppo] behavior eval ps1_cbs... return=14.05, collision=0.06
  [merge-v0_ppo] behavior eval ps0_b3_vote... return=14.05, collision=0.06
  [merge-v0_ppo] behavior eval ps1_b3_vote... return=14.05, collision=0.06
  [merge-v0_ppo] behavior eval ps0_dt... return=14.05, collision=0.06
  [merge-v0_ppo] behavior eval ps1_dt... return=14.05, collision=0.06
  [merge-v0_ppo] behavior eval ps1_cbs... return=14.05, collision=0.06
  [merge-v0_ppo] behavior eval ps2_cbs... return=14.05, collision=0.06
  [merge-v0_ppo] behavior eval ps1_b3_vote... return=14.05, collision=0.06
  [merge-v0_ppo] behavior eval ps2_b3_vote... return=14.05, collision=0.06
  [merge-v0_ppo] behavior eval ps1_dt... return=14.05, collision=0.06
  [merge-v0_ppo] behavior eval ps2_dt... return=14.05, collision=0.06
  [merge-v0_ppo] behavior eval ps2_cbs... return=14.05, collision=0.06
  [intersection-v0_dqn] behavior eval ps0_cbs... /root/Textual-Rule-Explanations-of-Reinforcement-Learning/.venv/lib/python3.12/site-packages/gymnasium/envs/registration.py:512: DeprecationWarning: [33mWARN: The environment intersection-v0 is out of date. You should consider upgrading to version `v1`.[0m
  logger.deprecation(
return=14.05, collision=0.06
  [merge-v0_ppo] behavior eval ps2_b3_vote... return=1.76, collision=0.44
  [intersection-v0_dqn] behavior eval ps0_b3_vote... /root/Textual-Rule-Explanations-of-Reinforcement-Learning/.venv/lib/python3.12/site-packages/gymnasium/envs/registration.py:512: DeprecationWarning: [33mWARN: The environment intersection-v0 is out of date. You should consider upgrading to version `v1`.[0m
  logger.deprecation(
return=14.05, collision=0.06
  [merge-v0_ppo] behavior eval ps2_dt... return=2.14, collision=0.42
  [intersection-v0_dqn] behavior eval ps0_dt... /root/Textual-Rule-Explanations-of-Reinforcement-Learning/.venv/lib/python3.12/site-packages/gymnasium/envs/registration.py:512: DeprecationWarning: [33mWARN: The environment intersection-v0 is out of date. You should consider upgrading to version `v1`.[0m
  logger.deprecation(
/root/Textual-Rule-Explanations-of-Reinforcement-Learning/.venv/lib/python3.12/site-packages/gymnasium/envs/registration.py:512: DeprecationWarning: [33mWARN: The environment intersection-v0 is out of date. You should consider upgrading to version `v1`.[0m
  logger.deprecation(
/root/Textual-Rule-Explanations-of-Reinforcement-Learning/.venv/lib/python3.12/site-packages/gymnasium/envs/registration.py:512: DeprecationWarning: [33mWARN: The environment intersection-v0 is out of date. You should consider upgrading to version `v1`.[0m
  logger.deprecation(
/root/Textual-Rule-Explanations-of-Reinforcement-Learning/.venv/lib/python3.12/site-packages/gymnasium/envs/registration.py:512: DeprecationWarning: [33mWARN: The environment intersection-v0 is out of date. You should consider upgrading to version `v1`.[0m
  logger.deprecation(
/root/Textual-Rule-Explanations-of-Reinforcement-Learning/.venv/lib/python3.12/site-packages/gymnasium/envs/registration.py:512: DeprecationWarning: [33mWARN: The environment intersection-v0 is out of date. You should consider upgrading to version `v1`.[0m
  logger.deprecation(
/root/Textual-Rule-Explanations-of-Reinforcement-Learning/.venv/lib/python3.12/site-packages/gymnasium/envs/registration.py:512: DeprecationWarning: [33mWARN: The environment intersection-v0 is out of date. You should consider upgrading to version `v1`.[0m
  logger.deprecation(
/root/Textual-Rule-Explanations-of-Reinforcement-Learning/.venv/lib/python3.12/site-packages/gymnasium/envs/registration.py:512: DeprecationWarning: [33mWARN: The environment intersection-v0 is out of date. You should consider upgrading to version `v1`.[0m
  logger.deprecation(
/root/Textual-Rule-Explanations-of-Reinforcement-Learning/.venv/lib/python3.12/site-packages/gymnasium/envs/registration.py:512: DeprecationWarning: [33mWARN: The environment intersection-v0 is out of date. You should consider upgrading to version `v1`.[0m
  logger.deprecation(
/root/Textual-Rule-Explanations-of-Reinforcement-Learning/.venv/lib/python3.12/site-packages/gymnasium/envs/registration.py:512: DeprecationWarning: [33mWARN: The environment intersection-v0 is out of date. You should consider upgrading to version `v1`.[0m
  logger.deprecation(
/root/Textual-Rule-Explanations-of-Reinforcement-Learning/.venv/lib/python3.12/site-packages/gymnasium/envs/registration.py:512: DeprecationWarning: [33mWARN: The environment intersection-v0 is out of date. You should consider upgrading to version `v1`.[0m
  logger.deprecation(
/root/Textual-Rule-Explanations-of-Reinforcement-Learning/.venv/lib/python3.12/site-packages/gymnasium/envs/registration.py:512: DeprecationWarning: [33mWARN: The environment intersection-v0 is out of date. You should consider upgrading to version `v1`.[0m
  logger.deprecation(
/root/Textual-Rule-Explanations-of-Reinforcement-Learning/.venv/lib/python3.12/site-packages/gymnasium/envs/registration.py:512: DeprecationWarning: [33mWARN: The environment intersection-v0 is out of date. You should consider upgrading to version `v1`.[0m
  logger.deprecation(
/root/Textual-Rule-Explanations-of-Reinforcement-Learning/.venv/lib/python3.12/site-packages/gymnasium/envs/registration.py:512: DeprecationWarning: [33mWARN: The environment intersection-v0 is out of date. You should consider upgrading to version `v1`.[0m
  logger.deprecation(
/root/Textual-Rule-Explanations-of-Reinforcement-Learning/.venv/lib/python3.12/site-packages/gymnasium/envs/registration.py:512: DeprecationWarning: [33mWARN: The environment intersection-v0 is out of date. You should consider upgrading to version `v1`.[0m
  logger.deprecation(
/root/Textual-Rule-Explanations-of-Reinforcement-Learning/.venv/lib/python3.12/site-packages/gymnasium/envs/registration.py:512: DeprecationWarning: [33mWARN: The environment intersection-v0 is out of date. You should consider upgrading to version `v1`.[0m
  logger.deprecation(
/root/Textual-Rule-Explanations-of-Reinforcement-Learning/.venv/lib/python3.12/site-packages/gymnasium/envs/registration.py:512: DeprecationWarning: [33mWARN: The environment intersection-v0 is out of date. You should consider upgrading to version `v1`.[0m
  logger.deprecation(
return=14.05, collision=0.06
  [intersection-v0_dqn] behavior eval ps0_cbs... /root/Textual-Rule-Explanations-of-Reinforcement-Learning/.venv/lib/python3.12/site-packages/gymnasium/envs/registration.py:512: DeprecationWarning: [33mWARN: The environment intersection-v0 is out of date. You should consider upgrading to version `v1`.[0m
  logger.deprecation(
/root/Textual-Rule-Explanations-of-Reinforcement-Learning/.venv/lib/python3.12/site-packages/gymnasium/envs/registration.py:512: DeprecationWarning: [33mWARN: The environment intersection-v0 is out of date. You should consider upgrading to version `v1`.[0m
  logger.deprecation(
/root/Textual-Rule-Explanations-of-Reinforcement-Learning/.venv/lib/python3.12/site-packages/gymnasium/envs/registration.py:512: DeprecationWarning: [33mWARN: The environment intersection-v0 is out of date. You should consider upgrading to version `v1`.[0m
  logger.deprecation(
/root/Textual-Rule-Explanations-of-Reinforcement-Learning/.venv/lib/python3.12/site-packages/gymnasium/envs/registration.py:512: DeprecationWarning: [33mWARN: The environment intersection-v0 is out of date. You should consider upgrading to version `v1`.[0m
  logger.deprecation(
/root/Textual-Rule-Explanations-of-Reinforcement-Learning/.venv/lib/python3.12/site-packages/gymnasium/envs/registration.py:512: DeprecationWarning: [33mWARN: The environment intersection-v0 is out of date. You should consider upgrading to version `v1`.[0m
  logger.deprecation(
/root/Textual-Rule-Explanations-of-Reinforcement-Learning/.venv/lib/python3.12/site-packages/gymnasium/envs/registration.py:512: DeprecationWarning: [33mWARN: The environment intersection-v0 is out of date. You should consider upgrading to version `v1`.[0m
  logger.deprecation(
/root/Textual-Rule-Explanations-of-Reinforcement-Learning/.venv/lib/python3.12/site-packages/gymnasium/envs/registration.py:512: DeprecationWarning: [33mWARN: The environment intersection-v0 is out of date. You should consider upgrading to version `v1`.[0m
  logger.deprecation(
/root/Textual-Rule-Explanations-of-Reinforcement-Learning/.venv/lib/python3.12/site-packages/gymnasium/envs/registration.py:512: DeprecationWarning: [33mWARN: The environment intersection-v0 is out of date. You should consider upgrading to version `v1`.[0m
  logger.deprecation(
/root/Textual-Rule-Explanations-of-Reinforcement-Learning/.venv/lib/python3.12/site-packages/gymnasium/envs/registration.py:512: DeprecationWarning: [33mWARN: The environment intersection-v0 is out of date. You should consider upgrading to version `v1`.[0m
  logger.deprecation(
/root/Textual-Rule-Explanations-of-Reinforcement-Learning/.venv/lib/python3.12/site-packages/gymnasium/envs/registration.py:512: DeprecationWarning: [33mWARN: The environment intersection-v0 is out of date. You should consider upgrading to version `v1`.[0m
  logger.deprecation(
/root/Textual-Rule-Explanations-of-Reinforcement-Learning/.venv/lib/python3.12/site-packages/gymnasium/envs/registration.py:512: DeprecationWarning: [33mWARN: The environment intersection-v0 is out of date. You should consider upgrading to version `v1`.[0m
  logger.deprecation(
/root/Textual-Rule-Explanations-of-Reinforcement-Learning/.venv/lib/python3.12/site-packages/gymnasium/envs/registration.py:512: DeprecationWarning: [33mWARN: The environment intersection-v0 is out of date. You should consider upgrading to version `v1`.[0m
  logger.deprecation(
/root/Textual-Rule-Explanations-of-Reinforcement-Learning/.venv/lib/python3.12/site-packages/gymnasium/envs/registration.py:512: DeprecationWarning: [33mWARN: The environment intersection-v0 is out of date. You should consider upgrading to version `v1`.[0m
  logger.deprecation(
/root/Textual-Rule-Explanations-of-Reinforcement-Learning/.venv/lib/python3.12/site-packages/gymnasium/envs/registration.py:512: DeprecationWarning: [33mWARN: The environment intersection-v0 is out of date. You should consider upgrading to version `v1`.[0m
  logger.deprecation(
/root/Textual-Rule-Explanations-of-Reinforcement-Learning/.venv/lib/python3.12/site-packages/gymnasium/envs/registration.py:512: DeprecationWarning: [33mWARN: The environment intersection-v0 is out of date. You should consider upgrading to version `v1`.[0m
  logger.deprecation(
/root/Textual-Rule-Explanations-of-Reinforcement-Learning/.venv/lib/python3.12/site-packages/gymnasium/envs/registration.py:512: DeprecationWarning: [33mWARN: The environment intersection-v0 is out of date. You should consider upgrading to version `v1`.[0m
  logger.deprecation(
/root/Textual-Rule-Explanations-of-Reinforcement-Learning/.venv/lib/python3.12/site-packages/gymnasium/envs/registration.py:512: DeprecationWarning: [33mWARN: The environment intersection-v0 is out of date. You should consider upgrading to version `v1`.[0m
  logger.deprecation(
/root/Textual-Rule-Explanations-of-Reinforcement-Learning/.venv/lib/python3.12/site-packages/gymnasium/envs/registration.py:512: DeprecationWarning: [33mWARN: The environment intersection-v0 is out of date. You should consider upgrading to version `v1`.[0m
  logger.deprecation(
/root/Textual-Rule-Explanations-of-Reinforcement-Learning/.venv/lib/python3.12/site-packages/gymnasium/envs/registration.py:512: DeprecationWarning: [33mWARN: The environment intersection-v0 is out of date. You should consider upgrading to version `v1`.[0m
  logger.deprecation(
/root/Textual-Rule-Explanations-of-Reinforcement-Learning/.venv/lib/python3.12/site-packages/gymnasium/envs/registration.py:512: DeprecationWarning: [33mWARN: The environment intersection-v0 is out of date. You should consider upgrading to version `v1`.[0m
  logger.deprecation(
/root/Textual-Rule-Explanations-of-Reinforcement-Learning/.venv/lib/python3.12/site-packages/gymnasium/envs/registration.py:512: DeprecationWarning: [33mWARN: The environment intersection-v0 is out of date. You should consider upgrading to version `v1`.[0m
  logger.deprecation(
/root/Textual-Rule-Explanations-of-Reinforcement-Learning/.venv/lib/python3.12/site-packages/gymnasium/envs/registration.py:512: DeprecationWarning: [33mWARN: The environment intersection-v0 is out of date. You should consider upgrading to version `v1`.[0m
  logger.deprecation(
/root/Textual-Rule-Explanations-of-Reinforcement-Learning/.venv/lib/python3.12/site-packages/gymnasium/envs/registration.py:512: DeprecationWarning: [33mWARN: The environment intersection-v0 is out of date. You should consider upgrading to version `v1`.[0m
  logger.deprecation(
/root/Textual-Rule-Explanations-of-Reinforcement-Learning/.venv/lib/python3.12/site-packages/gymnasium/envs/registration.py:512: DeprecationWarning: [33mWARN: The environment intersection-v0 is out of date. You should consider upgrading to version `v1`.[0m
  logger.deprecation(
/root/Textual-Rule-Explanations-of-Reinforcement-Learning/.venv/lib/python3.12/site-packages/gymnasium/envs/registration.py:512: DeprecationWarning: [33mWARN: The environment intersection-v0 is out of date. You should consider upgrading to version `v1`.[0m
  logger.deprecation(
/root/Textual-Rule-Explanations-of-Reinforcement-Learning/.venv/lib/python3.12/site-packages/gymnasium/envs/registration.py:512: DeprecationWarning: [33mWARN: The environment intersection-v0 is out of date. You should consider upgrading to version `v1`.[0m
  logger.deprecation(
/root/Textual-Rule-Explanations-of-Reinforcement-Learning/.venv/lib/python3.12/site-packages/gymnasium/envs/registration.py:512: DeprecationWarning: [33mWARN: The environment intersection-v0 is out of date. You should consider upgrading to version `v1`.[0m
  logger.deprecation(
/root/Textual-Rule-Explanations-of-Reinforcement-Learning/.venv/lib/python3.12/site-packages/gymnasium/envs/registration.py:512: DeprecationWarning: [33mWARN: The environment intersection-v0 is out of date. You should consider upgrading to version `v1`.[0m
  logger.deprecation(
/root/Textual-Rule-Explanations-of-Reinforcement-Learning/.venv/lib/python3.12/site-packages/gymnasium/envs/registration.py:512: DeprecationWarning: [33mWARN: The environment intersection-v0 is out of date. You should consider upgrading to version `v1`.[0m
  logger.deprecation(
/root/Textual-Rule-Explanations-of-Reinforcement-Learning/.venv/lib/python3.12/site-packages/gymnasium/envs/registration.py:512: DeprecationWarning: [33mWARN: The environment intersection-v0 is out of date. You should consider upgrading to version `v1`.[0m
  logger.deprecation(
/root/Textual-Rule-Explanations-of-Reinforcement-Learning/.venv/lib/python3.12/site-packages/gymnasium/envs/registration.py:512: DeprecationWarning: [33mWARN: The environment intersection-v0 is out of date. You should consider upgrading to version `v1`.[0m
  logger.deprecation(
/root/Textual-Rule-Explanations-of-Reinforcement-Learning/.venv/lib/python3.12/site-packages/gymnasium/envs/registration.py:512: DeprecationWarning: [33mWARN: The environment intersection-v0 is out of date. You should consider upgrading to version `v1`.[0m
  logger.deprecation(
/root/Textual-Rule-Explanations-of-Reinforcement-Learning/.venv/lib/python3.12/site-packages/gymnasium/envs/registration.py:512: DeprecationWarning: [33mWARN: The environment intersection-v0 is out of date. You should consider upgrading to version `v1`.[0m
  logger.deprecation(
/root/Textual-Rule-Explanations-of-Reinforcement-Learning/.venv/lib/python3.12/site-packages/gymnasium/envs/registration.py:512: DeprecationWarning: [33mWARN: The environment intersection-v0 is out of date. You should consider upgrading to version `v1`.[0m
  logger.deprecation(
/root/Textual-Rule-Explanations-of-Reinforcement-Learning/.venv/lib/python3.12/site-packages/gymnasium/envs/registration.py:512: DeprecationWarning: [33mWARN: The environment intersection-v0 is out of date. You should consider upgrading to version `v1`.[0m
  logger.deprecation(
return=1.90, collision=0.42
  [intersection-v0_dqn] behavior eval ps1_cbs... /root/Textual-Rule-Explanations-of-Reinforcement-Learning/.venv/lib/python3.12/site-packages/gymnasium/envs/registration.py:512: DeprecationWarning: [33mWARN: The environment intersection-v0 is out of date. You should consider upgrading to version `v1`.[0m
  logger.deprecation(
return=1.76, collision=0.44
  [intersection-v0_dqn] behavior eval ps0_b3_vote... /root/Textual-Rule-Explanations-of-Reinforcement-Learning/.venv/lib/python3.12/site-packages/gymnasium/envs/registration.py:512: DeprecationWarning: [33mWARN: The environment intersection-v0 is out of date. You should consider upgrading to version `v1`.[0m
  logger.deprecation(
return=2.06, collision=0.44
  [intersection-v0_dqn] behavior eval ps1_b3_vote... /root/Textual-Rule-Explanations-of-Reinforcement-Learning/.venv/lib/python3.12/site-packages/gymnasium/envs/registration.py:512: DeprecationWarning: [33mWARN: The environment intersection-v0 is out of date. You should consider upgrading to version `v1`.[0m
  logger.deprecation(
return=2.14, collision=0.42
  [intersection-v0_dqn] behavior eval ps0_dt... /root/Textual-Rule-Explanations-of-Reinforcement-Learning/.venv/lib/python3.12/site-packages/gymnasium/envs/registration.py:512: DeprecationWarning: [33mWARN: The environment intersection-v0 is out of date. You should consider upgrading to version `v1`.[0m
  logger.deprecation(
/root/Textual-Rule-Explanations-of-Reinforcement-Learning/.venv/lib/python3.12/site-packages/gymnasium/envs/registration.py:512: DeprecationWarning: [33mWARN: The environment intersection-v0 is out of date. You should consider upgrading to version `v1`.[0m
  logger.deprecation(
/root/Textual-Rule-Explanations-of-Reinforcement-Learning/.venv/lib/python3.12/site-packages/gymnasium/envs/registration.py:512: DeprecationWarning: [33mWARN: The environment intersection-v0 is out of date. You should consider upgrading to version `v1`.[0m
  logger.deprecation(
/root/Textual-Rule-Explanations-of-Reinforcement-Learning/.venv/lib/python3.12/site-packages/gymnasium/envs/registration.py:512: DeprecationWarning: [33mWARN: The environment intersection-v0 is out of date. You should consider upgrading to version `v1`.[0m
  logger.deprecation(
/root/Textual-Rule-Explanations-of-Reinforcement-Learning/.venv/lib/python3.12/site-packages/gymnasium/envs/registration.py:512: DeprecationWarning: [33mWARN: The environment intersection-v0 is out of date. You should consider upgrading to version `v1`.[0m
  logger.deprecation(
/root/Textual-Rule-Explanations-of-Reinforcement-Learning/.venv/lib/python3.12/site-packages/gymnasium/envs/registration.py:512: DeprecationWarning: [33mWARN: The environment intersection-v0 is out of date. You should consider upgrading to version `v1`.[0m
  logger.deprecation(
/root/Textual-Rule-Explanations-of-Reinforcement-Learning/.venv/lib/python3.12/site-packages/gymnasium/envs/registration.py:512: DeprecationWarning: [33mWARN: The environment intersection-v0 is out of date. You should consider upgrading to version `v1`.[0m
  logger.deprecation(
/root/Textual-Rule-Explanations-of-Reinforcement-Learning/.venv/lib/python3.12/site-packages/gymnasium/envs/registration.py:512: DeprecationWarning: [33mWARN: The environment intersection-v0 is out of date. You should consider upgrading to version `v1`.[0m
  logger.deprecation(
/root/Textual-Rule-Explanations-of-Reinforcement-Learning/.venv/lib/python3.12/site-packages/gymnasium/envs/registration.py:512: DeprecationWarning: [33mWARN: The environment intersection-v0 is out of date. You should consider upgrading to version `v1`.[0m
  logger.deprecation(
/root/Textual-Rule-Explanations-of-Reinforcement-Learning/.venv/lib/python3.12/site-packages/gymnasium/envs/registration.py:512: DeprecationWarning: [33mWARN: The environment intersection-v0 is out of date. You should consider upgrading to version `v1`.[0m
  logger.deprecation(
/root/Textual-Rule-Explanations-of-Reinforcement-Learning/.venv/lib/python3.12/site-packages/gymnasium/envs/registration.py:512: DeprecationWarning: [33mWARN: The environment intersection-v0 is out of date. You should consider upgrading to version `v1`.[0m
  logger.deprecation(
/root/Textual-Rule-Explanations-of-Reinforcement-Learning/.venv/lib/python3.12/site-packages/gymnasium/envs/registration.py:512: DeprecationWarning: [33mWARN: The environment intersection-v0 is out of date. You should consider upgrading to version `v1`.[0m
  logger.deprecation(
/root/Textual-Rule-Explanations-of-Reinforcement-Learning/.venv/lib/python3.12/site-packages/gymnasium/envs/registration.py:512: DeprecationWarning: [33mWARN: The environment intersection-v0 is out of date. You should consider upgrading to version `v1`.[0m
  logger.deprecation(
/root/Textual-Rule-Explanations-of-Reinforcement-Learning/.venv/lib/python3.12/site-packages/gymnasium/envs/registration.py:512: DeprecationWarning: [33mWARN: The environment intersection-v0 is out of date. You should consider upgrading to version `v1`.[0m
  logger.deprecation(
/root/Textual-Rule-Explanations-of-Reinforcement-Learning/.venv/lib/python3.12/site-packages/gymnasium/envs/registration.py:512: DeprecationWarning: [33mWARN: The environment intersection-v0 is out of date. You should consider upgrading to version `v1`.[0m
  logger.deprecation(
/root/Textual-Rule-Explanations-of-Reinforcement-Learning/.venv/lib/python3.12/site-packages/gymnasium/envs/registration.py:512: DeprecationWarning: [33mWARN: The environment intersection-v0 is out of date. You should consider upgrading to version `v1`.[0m
  logger.deprecation(
/root/Textual-Rule-Explanations-of-Reinforcement-Learning/.venv/lib/python3.12/site-packages/gymnasium/envs/registration.py:512: DeprecationWarning: [33mWARN: The environment intersection-v0 is out of date. You should consider upgrading to version `v1`.[0m
  logger.deprecation(
/root/Textual-Rule-Explanations-of-Reinforcement-Learning/.venv/lib/python3.12/site-packages/gymnasium/envs/registration.py:512: DeprecationWarning: [33mWARN: The environment intersection-v0 is out of date. You should consider upgrading to version `v1`.[0m
  logger.deprecation(
/root/Textual-Rule-Explanations-of-Reinforcement-Learning/.venv/lib/python3.12/site-packages/gymnasium/envs/registration.py:512: DeprecationWarning: [33mWARN: The environment intersection-v0 is out of date. You should consider upgrading to version `v1`.[0m
  logger.deprecation(
/root/Textual-Rule-Explanations-of-Reinforcement-Learning/.venv/lib/python3.12/site-packages/gymnasium/envs/registration.py:512: DeprecationWarning: [33mWARN: The environment intersection-v0 is out of date. You should consider upgrading to version `v1`.[0m
  logger.deprecation(
/root/Textual-Rule-Explanations-of-Reinforcement-Learning/.venv/lib/python3.12/site-packages/gymnasium/envs/registration.py:512: DeprecationWarning: [33mWARN: The environment intersection-v0 is out of date. You should consider upgrading to version `v1`.[0m
  logger.deprecation(
/root/Textual-Rule-Explanations-of-Reinforcement-Learning/.venv/lib/python3.12/site-packages/gymnasium/envs/registration.py:512: DeprecationWarning: [33mWARN: The environment intersection-v0 is out of date. You should consider upgrading to version `v1`.[0m
  logger.deprecation(
/root/Textual-Rule-Explanations-of-Reinforcement-Learning/.venv/lib/python3.12/site-packages/gymnasium/envs/registration.py:512: DeprecationWarning: [33mWARN: The environment intersection-v0 is out of date. You should consider upgrading to version `v1`.[0m
  logger.deprecation(
/root/Textual-Rule-Explanations-of-Reinforcement-Learning/.venv/lib/python3.12/site-packages/gymnasium/envs/registration.py:512: DeprecationWarning: [33mWARN: The environment intersection-v0 is out of date. You should consider upgrading to version `v1`.[0m
  logger.deprecation(
/root/Textual-Rule-Explanations-of-Reinforcement-Learning/.venv/lib/python3.12/site-packages/gymnasium/envs/registration.py:512: DeprecationWarning: [33mWARN: The environment intersection-v0 is out of date. You should consider upgrading to version `v1`.[0m
  logger.deprecation(
/root/Textual-Rule-Explanations-of-Reinforcement-Learning/.venv/lib/python3.12/site-packages/gymnasium/envs/registration.py:512: DeprecationWarning: [33mWARN: The environment intersection-v0 is out of date. You should consider upgrading to version `v1`.[0m
  logger.deprecation(
/root/Textual-Rule-Explanations-of-Reinforcement-Learning/.venv/lib/python3.12/site-packages/gymnasium/envs/registration.py:512: DeprecationWarning: [33mWARN: The environment intersection-v0 is out of date. You should consider upgrading to version `v1`.[0m
  logger.deprecation(
/root/Textual-Rule-Explanations-of-Reinforcement-Learning/.venv/lib/python3.12/site-packages/gymnasium/envs/registration.py:512: DeprecationWarning: [33mWARN: The environment intersection-v0 is out of date. You should consider upgrading to version `v1`.[0m
  logger.deprecation(
/root/Textual-Rule-Explanations-of-Reinforcement-Learning/.venv/lib/python3.12/site-packages/gymnasium/envs/registration.py:512: DeprecationWarning: [33mWARN: The environment intersection-v0 is out of date. You should consider upgrading to version `v1`.[0m
  logger.deprecation(
/root/Textual-Rule-Explanations-of-Reinforcement-Learning/.venv/lib/python3.12/site-packages/gymnasium/envs/registration.py:512: DeprecationWarning: [33mWARN: The environment intersection-v0 is out of date. You should consider upgrading to version `v1`.[0m
  logger.deprecation(
/root/Textual-Rule-Explanations-of-Reinforcement-Learning/.venv/lib/python3.12/site-packages/gymnasium/envs/registration.py:512: DeprecationWarning: [33mWARN: The environment intersection-v0 is out of date. You should consider upgrading to version `v1`.[0m
  logger.deprecation(
/root/Textual-Rule-Explanations-of-Reinforcement-Learning/.venv/lib/python3.12/site-packages/gymnasium/envs/registration.py:512: DeprecationWarning: [33mWARN: The environment intersection-v0 is out of date. You should consider upgrading to version `v1`.[0m
  logger.deprecation(
/root/Textual-Rule-Explanations-of-Reinforcement-Learning/.venv/lib/python3.12/site-packages/gymnasium/envs/registration.py:512: DeprecationWarning: [33mWARN: The environment intersection-v0 is out of date. You should consider upgrading to version `v1`.[0m
  logger.deprecation(
return=2.01, collision=0.44
  [intersection-v0_dqn] behavior eval ps1_dt... /root/Textual-Rule-Explanations-of-Reinforcement-Learning/.venv/lib/python3.12/site-packages/gymnasium/envs/registration.py:512: DeprecationWarning: [33mWARN: The environment intersection-v0 is out of date. You should consider upgrading to version `v1`.[0m
  logger.deprecation(
/root/Textual-Rule-Explanations-of-Reinforcement-Learning/.venv/lib/python3.12/site-packages/gymnasium/envs/registration.py:512: DeprecationWarning: [33mWARN: The environment intersection-v0 is out of date. You should consider upgrading to version `v1`.[0m
  logger.deprecation(
/root/Textual-Rule-Explanations-of-Reinforcement-Learning/.venv/lib/python3.12/site-packages/gymnasium/envs/registration.py:512: DeprecationWarning: [33mWARN: The environment intersection-v0 is out of date. You should consider upgrading to version `v1`.[0m
  logger.deprecation(
/root/Textual-Rule-Explanations-of-Reinforcement-Learning/.venv/lib/python3.12/site-packages/gymnasium/envs/registration.py:512: DeprecationWarning: [33mWARN: The environment intersection-v0 is out of date. You should consider upgrading to version `v1`.[0m
  logger.deprecation(
/root/Textual-Rule-Explanations-of-Reinforcement-Learning/.venv/lib/python3.12/site-packages/gymnasium/envs/registration.py:512: DeprecationWarning: [33mWARN: The environment intersection-v0 is out of date. You should consider upgrading to version `v1`.[0m
  logger.deprecation(
/root/Textual-Rule-Explanations-of-Reinforcement-Learning/.venv/lib/python3.12/site-packages/gymnasium/envs/registration.py:512: DeprecationWarning: [33mWARN: The environment intersection-v0 is out of date. You should consider upgrading to version `v1`.[0m
  logger.deprecation(
/root/Textual-Rule-Explanations-of-Reinforcement-Learning/.venv/lib/python3.12/site-packages/gymnasium/envs/registration.py:512: DeprecationWarning: [33mWARN: The environment intersection-v0 is out of date. You should consider upgrading to version `v1`.[0m
  logger.deprecation(
/root/Textual-Rule-Explanations-of-Reinforcement-Learning/.venv/lib/python3.12/site-packages/gymnasium/envs/registration.py:512: DeprecationWarning: [33mWARN: The environment intersection-v0 is out of date. You should consider upgrading to version `v1`.[0m
  logger.deprecation(
/root/Textual-Rule-Explanations-of-Reinforcement-Learning/.venv/lib/python3.12/site-packages/gymnasium/envs/registration.py:512: DeprecationWarning: [33mWARN: The environment intersection-v0 is out of date. You should consider upgrading to version `v1`.[0m
  logger.deprecation(
/root/Textual-Rule-Explanations-of-Reinforcement-Learning/.venv/lib/python3.12/site-packages/gymnasium/envs/registration.py:512: DeprecationWarning: [33mWARN: The environment intersection-v0 is out of date. You should consider upgrading to version `v1`.[0m
  logger.deprecation(
/root/Textual-Rule-Explanations-of-Reinforcement-Learning/.venv/lib/python3.12/site-packages/gymnasium/envs/registration.py:512: DeprecationWarning: [33mWARN: The environment intersection-v0 is out of date. You should consider upgrading to version `v1`.[0m
  logger.deprecation(
/root/Textual-Rule-Explanations-of-Reinforcement-Learning/.venv/lib/python3.12/site-packages/gymnasium/envs/registration.py:512: DeprecationWarning: [33mWARN: The environment intersection-v0 is out of date. You should consider upgrading to version `v1`.[0m
  logger.deprecation(
/root/Textual-Rule-Explanations-of-Reinforcement-Learning/.venv/lib/python3.12/site-packages/gymnasium/envs/registration.py:512: DeprecationWarning: [33mWARN: The environment intersection-v0 is out of date. You should consider upgrading to version `v1`.[0m
  logger.deprecation(
/root/Textual-Rule-Explanations-of-Reinforcement-Learning/.venv/lib/python3.12/site-packages/gymnasium/envs/registration.py:512: DeprecationWarning: [33mWARN: The environment intersection-v0 is out of date. You should consider upgrading to version `v1`.[0m
  logger.deprecation(
/root/Textual-Rule-Explanations-of-Reinforcement-Learning/.venv/lib/python3.12/site-packages/gymnasium/envs/registration.py:512: DeprecationWarning: [33mWARN: The environment intersection-v0 is out of date. You should consider upgrading to version `v1`.[0m
  logger.deprecation(
/root/Textual-Rule-Explanations-of-Reinforcement-Learning/.venv/lib/python3.12/site-packages/gymnasium/envs/registration.py:512: DeprecationWarning: [33mWARN: The environment intersection-v0 is out of date. You should consider upgrading to version `v1`.[0m
  logger.deprecation(
/root/Textual-Rule-Explanations-of-Reinforcement-Learning/.venv/lib/python3.12/site-packages/gymnasium/envs/registration.py:512: DeprecationWarning: [33mWARN: The environment intersection-v0 is out of date. You should consider upgrading to version `v1`.[0m
  logger.deprecation(
/root/Textual-Rule-Explanations-of-Reinforcement-Learning/.venv/lib/python3.12/site-packages/gymnasium/envs/registration.py:512: DeprecationWarning: [33mWARN: The environment intersection-v0 is out of date. You should consider upgrading to version `v1`.[0m
  logger.deprecation(
/root/Textual-Rule-Explanations-of-Reinforcement-Learning/.venv/lib/python3.12/site-packages/gymnasium/envs/registration.py:512: DeprecationWarning: [33mWARN: The environment intersection-v0 is out of date. You should consider upgrading to version `v1`.[0m
  logger.deprecation(
/root/Textual-Rule-Explanations-of-Reinforcement-Learning/.venv/lib/python3.12/site-packages/gymnasium/envs/registration.py:512: DeprecationWarning: [33mWARN: The environment intersection-v0 is out of date. You should consider upgrading to version `v1`.[0m
  logger.deprecation(
/root/Textual-Rule-Explanations-of-Reinforcement-Learning/.venv/lib/python3.12/site-packages/gymnasium/envs/registration.py:512: DeprecationWarning: [33mWARN: The environment intersection-v0 is out of date. You should consider upgrading to version `v1`.[0m
  logger.deprecation(
/root/Textual-Rule-Explanations-of-Reinforcement-Learning/.venv/lib/python3.12/site-packages/gymnasium/envs/registration.py:512: DeprecationWarning: [33mWARN: The environment intersection-v0 is out of date. You should consider upgrading to version `v1`.[0m
  logger.deprecation(
/root/Textual-Rule-Explanations-of-Reinforcement-Learning/.venv/lib/python3.12/site-packages/gymnasium/envs/registration.py:512: DeprecationWarning: [33mWARN: The environment intersection-v0 is out of date. You should consider upgrading to version `v1`.[0m
  logger.deprecation(
/root/Textual-Rule-Explanations-of-Reinforcement-Learning/.venv/lib/python3.12/site-packages/gymnasium/envs/registration.py:512: DeprecationWarning: [33mWARN: The environment intersection-v0 is out of date. You should consider upgrading to version `v1`.[0m
  logger.deprecation(
/root/Textual-Rule-Explanations-of-Reinforcement-Learning/.venv/lib/python3.12/site-packages/gymnasium/envs/registration.py:512: DeprecationWarning: [33mWARN: The environment intersection-v0 is out of date. You should consider upgrading to version `v1`.[0m
  logger.deprecation(
/root/Textual-Rule-Explanations-of-Reinforcement-Learning/.venv/lib/python3.12/site-packages/gymnasium/envs/registration.py:512: DeprecationWarning: [33mWARN: The environment intersection-v0 is out of date. You should consider upgrading to version `v1`.[0m
  logger.deprecation(
/root/Textual-Rule-Explanations-of-Reinforcement-Learning/.venv/lib/python3.12/site-packages/gymnasium/envs/registration.py:512: DeprecationWarning: [33mWARN: The environment intersection-v0 is out of date. You should consider upgrading to version `v1`.[0m
  logger.deprecation(
/root/Textual-Rule-Explanations-of-Reinforcement-Learning/.venv/lib/python3.12/site-packages/gymnasium/envs/registration.py:512: DeprecationWarning: [33mWARN: The environment intersection-v0 is out of date. You should consider upgrading to version `v1`.[0m
  logger.deprecation(
/root/Textual-Rule-Explanations-of-Reinforcement-Learning/.venv/lib/python3.12/site-packages/gymnasium/envs/registration.py:512: DeprecationWarning: [33mWARN: The environment intersection-v0 is out of date. You should consider upgrading to version `v1`.[0m
  logger.deprecation(
/root/Textual-Rule-Explanations-of-Reinforcement-Learning/.venv/lib/python3.12/site-packages/gymnasium/envs/registration.py:512: DeprecationWarning: [33mWARN: The environment intersection-v0 is out of date. You should consider upgrading to version `v1`.[0m
  logger.deprecation(
/root/Textual-Rule-Explanations-of-Reinforcement-Learning/.venv/lib/python3.12/site-packages/gymnasium/envs/registration.py:512: DeprecationWarning: [33mWARN: The environment intersection-v0 is out of date. You should consider upgrading to version `v1`.[0m
  logger.deprecation(
/root/Textual-Rule-Explanations-of-Reinforcement-Learning/.venv/lib/python3.12/site-packages/gymnasium/envs/registration.py:512: DeprecationWarning: [33mWARN: The environment intersection-v0 is out of date. You should consider upgrading to version `v1`.[0m
  logger.deprecation(
/root/Textual-Rule-Explanations-of-Reinforcement-Learning/.venv/lib/python3.12/site-packages/gymnasium/envs/registration.py:512: DeprecationWarning: [33mWARN: The environment intersection-v0 is out of date. You should consider upgrading to version `v1`.[0m
  logger.deprecation(
/root/Textual-Rule-Explanations-of-Reinforcement-Learning/.venv/lib/python3.12/site-packages/gymnasium/envs/registration.py:512: DeprecationWarning: [33mWARN: The environment intersection-v0 is out of date. You should consider upgrading to version `v1`.[0m
  logger.deprecation(
return=1.90, collision=0.42
  [intersection-v0_dqn] behavior eval ps1_cbs... /root/Textual-Rule-Explanations-of-Reinforcement-Learning/.venv/lib/python3.12/site-packages/gymnasium/envs/registration.py:512: DeprecationWarning: [33mWARN: The environment intersection-v0 is out of date. You should consider upgrading to version `v1`.[0m
  logger.deprecation(
/root/Textual-Rule-Explanations-of-Reinforcement-Learning/.venv/lib/python3.12/site-packages/gymnasium/envs/registration.py:512: DeprecationWarning: [33mWARN: The environment intersection-v0 is out of date. You should consider upgrading to version `v1`.[0m
  logger.deprecation(
/root/Textual-Rule-Explanations-of-Reinforcement-Learning/.venv/lib/python3.12/site-packages/gymnasium/envs/registration.py:512: DeprecationWarning: [33mWARN: The environment intersection-v0 is out of date. You should consider upgrading to version `v1`.[0m
  logger.deprecation(
/root/Textual-Rule-Explanations-of-Reinforcement-Learning/.venv/lib/python3.12/site-packages/gymnasium/envs/registration.py:512: DeprecationWarning: [33mWARN: The environment intersection-v0 is out of date. You should consider upgrading to version `v1`.[0m
  logger.deprecation(
/root/Textual-Rule-Explanations-of-Reinforcement-Learning/.venv/lib/python3.12/site-packages/gymnasium/envs/registration.py:512: DeprecationWarning: [33mWARN: The environment intersection-v0 is out of date. You should consider upgrading to version `v1`.[0m
  logger.deprecation(
/root/Textual-Rule-Explanations-of-Reinforcement-Learning/.venv/lib/python3.12/site-packages/gymnasium/envs/registration.py:512: DeprecationWarning: [33mWARN: The environment intersection-v0 is out of date. You should consider upgrading to version `v1`.[0m
  logger.deprecation(
/root/Textual-Rule-Explanations-of-Reinforcement-Learning/.venv/lib/python3.12/site-packages/gymnasium/envs/registration.py:512: DeprecationWarning: [33mWARN: The environment intersection-v0 is out of date. You should consider upgrading to version `v1`.[0m
  logger.deprecation(
/root/Textual-Rule-Explanations-of-Reinforcement-Learning/.venv/lib/python3.12/site-packages/gymnasium/envs/registration.py:512: DeprecationWarning: [33mWARN: The environment intersection-v0 is out of date. You should consider upgrading to version `v1`.[0m
  logger.deprecation(
/root/Textual-Rule-Explanations-of-Reinforcement-Learning/.venv/lib/python3.12/site-packages/gymnasium/envs/registration.py:512: DeprecationWarning: [33mWARN: The environment intersection-v0 is out of date. You should consider upgrading to version `v1`.[0m
  logger.deprecation(
/root/Textual-Rule-Explanations-of-Reinforcement-Learning/.venv/lib/python3.12/site-packages/gymnasium/envs/registration.py:512: DeprecationWarning: [33mWARN: The environment intersection-v0 is out of date. You should consider upgrading to version `v1`.[0m
  logger.deprecation(
/root/Textual-Rule-Explanations-of-Reinforcement-Learning/.venv/lib/python3.12/site-packages/gymnasium/envs/registration.py:512: DeprecationWarning: [33mWARN: The environment intersection-v0 is out of date. You should consider upgrading to version `v1`.[0m
  logger.deprecation(
/root/Textual-Rule-Explanations-of-Reinforcement-Learning/.venv/lib/python3.12/site-packages/gymnasium/envs/registration.py:512: DeprecationWarning: [33mWARN: The environment intersection-v0 is out of date. You should consider upgrading to version `v1`.[0m
  logger.deprecation(
/root/Textual-Rule-Explanations-of-Reinforcement-Learning/.venv/lib/python3.12/site-packages/gymnasium/envs/registration.py:512: DeprecationWarning: [33mWARN: The environment intersection-v0 is out of date. You should consider upgrading to version `v1`.[0m
  logger.deprecation(
/root/Textual-Rule-Explanations-of-Reinforcement-Learning/.venv/lib/python3.12/site-packages/gymnasium/envs/registration.py:512: DeprecationWarning: [33mWARN: The environment intersection-v0 is out of date. You should consider upgrading to version `v1`.[0m
  logger.deprecation(
/root/Textual-Rule-Explanations-of-Reinforcement-Learning/.venv/lib/python3.12/site-packages/gymnasium/envs/registration.py:512: DeprecationWarning: [33mWARN: The environment intersection-v0 is out of date. You should consider upgrading to version `v1`.[0m
  logger.deprecation(
/root/Textual-Rule-Explanations-of-Reinforcement-Learning/.venv/lib/python3.12/site-packages/gymnasium/envs/registration.py:512: DeprecationWarning: [33mWARN: The environment intersection-v0 is out of date. You should consider upgrading to version `v1`.[0m
  logger.deprecation(
/root/Textual-Rule-Explanations-of-Reinforcement-Learning/.venv/lib/python3.12/site-packages/gymnasium/envs/registration.py:512: DeprecationWarning: [33mWARN: The environment intersection-v0 is out of date. You should consider upgrading to version `v1`.[0m
  logger.deprecation(
/root/Textual-Rule-Explanations-of-Reinforcement-Learning/.venv/lib/python3.12/site-packages/gymnasium/envs/registration.py:512: DeprecationWarning: [33mWARN: The environment intersection-v0 is out of date. You should consider upgrading to version `v1`.[0m
  logger.deprecation(
/root/Textual-Rule-Explanations-of-Reinforcement-Learning/.venv/lib/python3.12/site-packages/gymnasium/envs/registration.py:512: DeprecationWarning: [33mWARN: The environment intersection-v0 is out of date. You should consider upgrading to version `v1`.[0m
  logger.deprecation(
/root/Textual-Rule-Explanations-of-Reinforcement-Learning/.venv/lib/python3.12/site-packages/gymnasium/envs/registration.py:512: DeprecationWarning: [33mWARN: The environment intersection-v0 is out of date. You should consider upgrading to version `v1`.[0m
  logger.deprecation(
/root/Textual-Rule-Explanations-of-Reinforcement-Learning/.venv/lib/python3.12/site-packages/gymnasium/envs/registration.py:512: DeprecationWarning: [33mWARN: The environment intersection-v0 is out of date. You should consider upgrading to version `v1`.[0m
  logger.deprecation(
/root/Textual-Rule-Explanations-of-Reinforcement-Learning/.venv/lib/python3.12/site-packages/gymnasium/envs/registration.py:512: DeprecationWarning: [33mWARN: The environment intersection-v0 is out of date. You should consider upgrading to version `v1`.[0m
  logger.deprecation(
/root/Textual-Rule-Explanations-of-Reinforcement-Learning/.venv/lib/python3.12/site-packages/gymnasium/envs/registration.py:512: DeprecationWarning: [33mWARN: The environment intersection-v0 is out of date. You should consider upgrading to version `v1`.[0m
  logger.deprecation(
/root/Textual-Rule-Explanations-of-Reinforcement-Learning/.venv/lib/python3.12/site-packages/gymnasium/envs/registration.py:512: DeprecationWarning: [33mWARN: The environment intersection-v0 is out of date. You should consider upgrading to version `v1`.[0m
  logger.deprecation(
/root/Textual-Rule-Explanations-of-Reinforcement-Learning/.venv/lib/python3.12/site-packages/gymnasium/envs/registration.py:512: DeprecationWarning: [33mWARN: The environment intersection-v0 is out of date. You should consider upgrading to version `v1`.[0m
  logger.deprecation(
/root/Textual-Rule-Explanations-of-Reinforcement-Learning/.venv/lib/python3.12/site-packages/gymnasium/envs/registration.py:512: DeprecationWarning: [33mWARN: The environment intersection-v0 is out of date. You should consider upgrading to version `v1`.[0m
  logger.deprecation(
/root/Textual-Rule-Explanations-of-Reinforcement-Learning/.venv/lib/python3.12/site-packages/gymnasium/envs/registration.py:512: DeprecationWarning: [33mWARN: The environment intersection-v0 is out of date. You should consider upgrading to version `v1`.[0m
  logger.deprecation(
/root/Textual-Rule-Explanations-of-Reinforcement-Learning/.venv/lib/python3.12/site-packages/gymnasium/envs/registration.py:512: DeprecationWarning: [33mWARN: The environment intersection-v0 is out of date. You should consider upgrading to version `v1`.[0m
  logger.deprecation(
/root/Textual-Rule-Explanations-of-Reinforcement-Learning/.venv/lib/python3.12/site-packages/gymnasium/envs/registration.py:512: DeprecationWarning: [33mWARN: The environment intersection-v0 is out of date. You should consider upgrading to version `v1`.[0m
  logger.deprecation(
/root/Textual-Rule-Explanations-of-Reinforcement-Learning/.venv/lib/python3.12/site-packages/gymnasium/envs/registration.py:512: DeprecationWarning: [33mWARN: The environment intersection-v0 is out of date. You should consider upgrading to version `v1`.[0m
  logger.deprecation(
/root/Textual-Rule-Explanations-of-Reinforcement-Learning/.venv/lib/python3.12/site-packages/gymnasium/envs/registration.py:512: DeprecationWarning: [33mWARN: The environment intersection-v0 is out of date. You should consider upgrading to version `v1`.[0m
  logger.deprecation(
/root/Textual-Rule-Explanations-of-Reinforcement-Learning/.venv/lib/python3.12/site-packages/gymnasium/envs/registration.py:512: DeprecationWarning: [33mWARN: The environment intersection-v0 is out of date. You should consider upgrading to version `v1`.[0m
  logger.deprecation(
/root/Textual-Rule-Explanations-of-Reinforcement-Learning/.venv/lib/python3.12/site-packages/gymnasium/envs/registration.py:512: DeprecationWarning: [33mWARN: The environment intersection-v0 is out of date. You should consider upgrading to version `v1`.[0m
  logger.deprecation(
/root/Textual-Rule-Explanations-of-Reinforcement-Learning/.venv/lib/python3.12/site-packages/gymnasium/envs/registration.py:512: DeprecationWarning: [33mWARN: The environment intersection-v0 is out of date. You should consider upgrading to version `v1`.[0m
  logger.deprecation(
return=2.01, collision=0.44
  [intersection-v0_dqn] behavior eval ps2_cbs... /root/Textual-Rule-Explanations-of-Reinforcement-Learning/.venv/lib/python3.12/site-packages/gymnasium/envs/registration.py:512: DeprecationWarning: [33mWARN: The environment intersection-v0 is out of date. You should consider upgrading to version `v1`.[0m
  logger.deprecation(
return=2.06, collision=0.44
  [intersection-v0_dqn] behavior eval ps1_b3_vote... /root/Textual-Rule-Explanations-of-Reinforcement-Learning/.venv/lib/python3.12/site-packages/gymnasium/envs/registration.py:512: DeprecationWarning: [33mWARN: The environment intersection-v0 is out of date. You should consider upgrading to version `v1`.[0m
  logger.deprecation(
return=1.88, collision=0.44
  [intersection-v0_dqn] behavior eval ps2_b3_vote... /root/Textual-Rule-Explanations-of-Reinforcement-Learning/.venv/lib/python3.12/site-packages/gymnasium/envs/registration.py:512: DeprecationWarning: [33mWARN: The environment intersection-v0 is out of date. You should consider upgrading to version `v1`.[0m
  logger.deprecation(
return=2.01, collision=0.44
  [intersection-v0_dqn] behavior eval ps1_dt... /root/Textual-Rule-Explanations-of-Reinforcement-Learning/.venv/lib/python3.12/site-packages/gymnasium/envs/registration.py:512: DeprecationWarning: [33mWARN: The environment intersection-v0 is out of date. You should consider upgrading to version `v1`.[0m
  logger.deprecation(
/root/Textual-Rule-Explanations-of-Reinforcement-Learning/.venv/lib/python3.12/site-packages/gymnasium/envs/registration.py:512: DeprecationWarning: [33mWARN: The environment intersection-v0 is out of date. You should consider upgrading to version `v1`.[0m
  logger.deprecation(
/root/Textual-Rule-Explanations-of-Reinforcement-Learning/.venv/lib/python3.12/site-packages/gymnasium/envs/registration.py:512: DeprecationWarning: [33mWARN: The environment intersection-v0 is out of date. You should consider upgrading to version `v1`.[0m
  logger.deprecation(
/root/Textual-Rule-Explanations-of-Reinforcement-Learning/.venv/lib/python3.12/site-packages/gymnasium/envs/registration.py:512: DeprecationWarning: [33mWARN: The environment intersection-v0 is out of date. You should consider upgrading to version `v1`.[0m
  logger.deprecation(
/root/Textual-Rule-Explanations-of-Reinforcement-Learning/.venv/lib/python3.12/site-packages/gymnasium/envs/registration.py:512: DeprecationWarning: [33mWARN: The environment intersection-v0 is out of date. You should consider upgrading to version `v1`.[0m
  logger.deprecation(
/root/Textual-Rule-Explanations-of-Reinforcement-Learning/.venv/lib/python3.12/site-packages/gymnasium/envs/registration.py:512: DeprecationWarning: [33mWARN: The environment intersection-v0 is out of date. You should consider upgrading to version `v1`.[0m
  logger.deprecation(
/root/Textual-Rule-Explanations-of-Reinforcement-Learning/.venv/lib/python3.12/site-packages/gymnasium/envs/registration.py:512: DeprecationWarning: [33mWARN: The environment intersection-v0 is out of date. You should consider upgrading to version `v1`.[0m
  logger.deprecation(
/root/Textual-Rule-Explanations-of-Reinforcement-Learning/.venv/lib/python3.12/site-packages/gymnasium/envs/registration.py:512: DeprecationWarning: [33mWARN: The environment intersection-v0 is out of date. You should consider upgrading to version `v1`.[0m
  logger.deprecation(
/root/Textual-Rule-Explanations-of-Reinforcement-Learning/.venv/lib/python3.12/site-packages/gymnasium/envs/registration.py:512: DeprecationWarning: [33mWARN: The environment intersection-v0 is out of date. You should consider upgrading to version `v1`.[0m
  logger.deprecation(
/root/Textual-Rule-Explanations-of-Reinforcement-Learning/.venv/lib/python3.12/site-packages/gymnasium/envs/registration.py:512: DeprecationWarning: [33mWARN: The environment intersection-v0 is out of date. You should consider upgrading to version `v1`.[0m
  logger.deprecation(
/root/Textual-Rule-Explanations-of-Reinforcement-Learning/.venv/lib/python3.12/site-packages/gymnasium/envs/registration.py:512: DeprecationWarning: [33mWARN: The environment intersection-v0 is out of date. You should consider upgrading to version `v1`.[0m
  logger.deprecation(
/root/Textual-Rule-Explanations-of-Reinforcement-Learning/.venv/lib/python3.12/site-packages/gymnasium/envs/registration.py:512: DeprecationWarning: [33mWARN: The environment intersection-v0 is out of date. You should consider upgrading to version `v1`.[0m
  logger.deprecation(
/root/Textual-Rule-Explanations-of-Reinforcement-Learning/.venv/lib/python3.12/site-packages/gymnasium/envs/registration.py:512: DeprecationWarning: [33mWARN: The environment intersection-v0 is out of date. You should consider upgrading to version `v1`.[0m
  logger.deprecation(
/root/Textual-Rule-Explanations-of-Reinforcement-Learning/.venv/lib/python3.12/site-packages/gymnasium/envs/registration.py:512: DeprecationWarning: [33mWARN: The environment intersection-v0 is out of date. You should consider upgrading to version `v1`.[0m
  logger.deprecation(
/root/Textual-Rule-Explanations-of-Reinforcement-Learning/.venv/lib/python3.12/site-packages/gymnasium/envs/registration.py:512: DeprecationWarning: [33mWARN: The environment intersection-v0 is out of date. You should consider upgrading to version `v1`.[0m
  logger.deprecation(
/root/Textual-Rule-Explanations-of-Reinforcement-Learning/.venv/lib/python3.12/site-packages/gymnasium/envs/registration.py:512: DeprecationWarning: [33mWARN: The environment intersection-v0 is out of date. You should consider upgrading to version `v1`.[0m
  logger.deprecation(
/root/Textual-Rule-Explanations-of-Reinforcement-Learning/.venv/lib/python3.12/site-packages/gymnasium/envs/registration.py:512: DeprecationWarning: [33mWARN: The environment intersection-v0 is out of date. You should consider upgrading to version `v1`.[0m
  logger.deprecation(
/root/Textual-Rule-Explanations-of-Reinforcement-Learning/.venv/lib/python3.12/site-packages/gymnasium/envs/registration.py:512: DeprecationWarning: [33mWARN: The environment intersection-v0 is out of date. You should consider upgrading to version `v1`.[0m
  logger.deprecation(
/root/Textual-Rule-Explanations-of-Reinforcement-Learning/.venv/lib/python3.12/site-packages/gymnasium/envs/registration.py:512: DeprecationWarning: [33mWARN: The environment intersection-v0 is out of date. You should consider upgrading to version `v1`.[0m
  logger.deprecation(
/root/Textual-Rule-Explanations-of-Reinforcement-Learning/.venv/lib/python3.12/site-packages/gymnasium/envs/registration.py:512: DeprecationWarning: [33mWARN: The environment intersection-v0 is out of date. You should consider upgrading to version `v1`.[0m
  logger.deprecation(
/root/Textual-Rule-Explanations-of-Reinforcement-Learning/.venv/lib/python3.12/site-packages/gymnasium/envs/registration.py:512: DeprecationWarning: [33mWARN: The environment intersection-v0 is out of date. You should consider upgrading to version `v1`.[0m
  logger.deprecation(
/root/Textual-Rule-Explanations-of-Reinforcement-Learning/.venv/lib/python3.12/site-packages/gymnasium/envs/registration.py:512: DeprecationWarning: [33mWARN: The environment intersection-v0 is out of date. You should consider upgrading to version `v1`.[0m
  logger.deprecation(
/root/Textual-Rule-Explanations-of-Reinforcement-Learning/.venv/lib/python3.12/site-packages/gymnasium/envs/registration.py:512: DeprecationWarning: [33mWARN: The environment intersection-v0 is out of date. You should consider upgrading to version `v1`.[0m
  logger.deprecation(
/root/Textual-Rule-Explanations-of-Reinforcement-Learning/.venv/lib/python3.12/site-packages/gymnasium/envs/registration.py:512: DeprecationWarning: [33mWARN: The environment intersection-v0 is out of date. You should consider upgrading to version `v1`.[0m
  logger.deprecation(
/root/Textual-Rule-Explanations-of-Reinforcement-Learning/.venv/lib/python3.12/site-packages/gymnasium/envs/registration.py:512: DeprecationWarning: [33mWARN: The environment intersection-v0 is out of date. You should consider upgrading to version `v1`.[0m
  logger.deprecation(
/root/Textual-Rule-Explanations-of-Reinforcement-Learning/.venv/lib/python3.12/site-packages/gymnasium/envs/registration.py:512: DeprecationWarning: [33mWARN: The environment intersection-v0 is out of date. You should consider upgrading to version `v1`.[0m
  logger.deprecation(
/root/Textual-Rule-Explanations-of-Reinforcement-Learning/.venv/lib/python3.12/site-packages/gymnasium/envs/registration.py:512: DeprecationWarning: [33mWARN: The environment intersection-v0 is out of date. You should consider upgrading to version `v1`.[0m
  logger.deprecation(
/root/Textual-Rule-Explanations-of-Reinforcement-Learning/.venv/lib/python3.12/site-packages/gymnasium/envs/registration.py:512: DeprecationWarning: [33mWARN: The environment intersection-v0 is out of date. You should consider upgrading to version `v1`.[0m
  logger.deprecation(
/root/Textual-Rule-Explanations-of-Reinforcement-Learning/.venv/lib/python3.12/site-packages/gymnasium/envs/registration.py:512: DeprecationWarning: [33mWARN: The environment intersection-v0 is out of date. You should consider upgrading to version `v1`.[0m
  logger.deprecation(
/root/Textual-Rule-Explanations-of-Reinforcement-Learning/.venv/lib/python3.12/site-packages/gymnasium/envs/registration.py:512: DeprecationWarning: [33mWARN: The environment intersection-v0 is out of date. You should consider upgrading to version `v1`.[0m
  logger.deprecation(
/root/Textual-Rule-Explanations-of-Reinforcement-Learning/.venv/lib/python3.12/site-packages/gymnasium/envs/registration.py:512: DeprecationWarning: [33mWARN: The environment intersection-v0 is out of date. You should consider upgrading to version `v1`.[0m
  logger.deprecation(
return=1.84, collision=0.44
  [intersection-v0_dqn] behavior eval ps2_dt... /root/Textual-Rule-Explanations-of-Reinforcement-Learning/.venv/lib/python3.12/site-packages/gymnasium/envs/registration.py:512: DeprecationWarning: [33mWARN: The environment intersection-v0 is out of date. You should consider upgrading to version `v1`.[0m
  logger.deprecation(
/root/Textual-Rule-Explanations-of-Reinforcement-Learning/.venv/lib/python3.12/site-packages/gymnasium/envs/registration.py:512: DeprecationWarning: [33mWARN: The environment intersection-v0 is out of date. You should consider upgrading to version `v1`.[0m
  logger.deprecation(
/root/Textual-Rule-Explanations-of-Reinforcement-Learning/.venv/lib/python3.12/site-packages/gymnasium/envs/registration.py:512: DeprecationWarning: [33mWARN: The environment intersection-v0 is out of date. You should consider upgrading to version `v1`.[0m
  logger.deprecation(
/root/Textual-Rule-Explanations-of-Reinforcement-Learning/.venv/lib/python3.12/site-packages/gymnasium/envs/registration.py:512: DeprecationWarning: [33mWARN: The environment intersection-v0 is out of date. You should consider upgrading to version `v1`.[0m
  logger.deprecation(
/root/Textual-Rule-Explanations-of-Reinforcement-Learning/.venv/lib/python3.12/site-packages/gymnasium/envs/registration.py:512: DeprecationWarning: [33mWARN: The environment intersection-v0 is out of date. You should consider upgrading to version `v1`.[0m
  logger.deprecation(
/root/Textual-Rule-Explanations-of-Reinforcement-Learning/.venv/lib/python3.12/site-packages/gymnasium/envs/registration.py:512: DeprecationWarning: [33mWARN: The environment intersection-v0 is out of date. You should consider upgrading to version `v1`.[0m
  logger.deprecation(
/root/Textual-Rule-Explanations-of-Reinforcement-Learning/.venv/lib/python3.12/site-packages/gymnasium/envs/registration.py:512: DeprecationWarning: [33mWARN: The environment intersection-v0 is out of date. You should consider upgrading to version `v1`.[0m
  logger.deprecation(
/root/Textual-Rule-Explanations-of-Reinforcement-Learning/.venv/lib/python3.12/site-packages/gymnasium/envs/registration.py:512: DeprecationWarning: [33mWARN: The environment intersection-v0 is out of date. You should consider upgrading to version `v1`.[0m
  logger.deprecation(
/root/Textual-Rule-Explanations-of-Reinforcement-Learning/.venv/lib/python3.12/site-packages/gymnasium/envs/registration.py:512: DeprecationWarning: [33mWARN: The environment intersection-v0 is out of date. You should consider upgrading to version `v1`.[0m
  logger.deprecation(
/root/Textual-Rule-Explanations-of-Reinforcement-Learning/.venv/lib/python3.12/site-packages/gymnasium/envs/registration.py:512: DeprecationWarning: [33mWARN: The environment intersection-v0 is out of date. You should consider upgrading to version `v1`.[0m
  logger.deprecation(
/root/Textual-Rule-Explanations-of-Reinforcement-Learning/.venv/lib/python3.12/site-packages/gymnasium/envs/registration.py:512: DeprecationWarning: [33mWARN: The environment intersection-v0 is out of date. You should consider upgrading to version `v1`.[0m
  logger.deprecation(
/root/Textual-Rule-Explanations-of-Reinforcement-Learning/.venv/lib/python3.12/site-packages/gymnasium/envs/registration.py:512: DeprecationWarning: [33mWARN: The environment intersection-v0 is out of date. You should consider upgrading to version `v1`.[0m
  logger.deprecation(
/root/Textual-Rule-Explanations-of-Reinforcement-Learning/.venv/lib/python3.12/site-packages/gymnasium/envs/registration.py:512: DeprecationWarning: [33mWARN: The environment intersection-v0 is out of date. You should consider upgrading to version `v1`.[0m
  logger.deprecation(
/root/Textual-Rule-Explanations-of-Reinforcement-Learning/.venv/lib/python3.12/site-packages/gymnasium/envs/registration.py:512: DeprecationWarning: [33mWARN: The environment intersection-v0 is out of date. You should consider upgrading to version `v1`.[0m
  logger.deprecation(
/root/Textual-Rule-Explanations-of-Reinforcement-Learning/.venv/lib/python3.12/site-packages/gymnasium/envs/registration.py:512: DeprecationWarning: [33mWARN: The environment intersection-v0 is out of date. You should consider upgrading to version `v1`.[0m
  logger.deprecation(
/root/Textual-Rule-Explanations-of-Reinforcement-Learning/.venv/lib/python3.12/site-packages/gymnasium/envs/registration.py:512: DeprecationWarning: [33mWARN: The environment intersection-v0 is out of date. You should consider upgrading to version `v1`.[0m
  logger.deprecation(
/root/Textual-Rule-Explanations-of-Reinforcement-Learning/.venv/lib/python3.12/site-packages/gymnasium/envs/registration.py:512: DeprecationWarning: [33mWARN: The environment intersection-v0 is out of date. You should consider upgrading to version `v1`.[0m
  logger.deprecation(
/root/Textual-Rule-Explanations-of-Reinforcement-Learning/.venv/lib/python3.12/site-packages/gymnasium/envs/registration.py:512: DeprecationWarning: [33mWARN: The environment intersection-v0 is out of date. You should consider upgrading to version `v1`.[0m
  logger.deprecation(
/root/Textual-Rule-Explanations-of-Reinforcement-Learning/.venv/lib/python3.12/site-packages/gymnasium/envs/registration.py:512: DeprecationWarning: [33mWARN: The environment intersection-v0 is out of date. You should consider upgrading to version `v1`.[0m
  logger.deprecation(
/root/Textual-Rule-Explanations-of-Reinforcement-Learning/.venv/lib/python3.12/site-packages/gymnasium/envs/registration.py:512: DeprecationWarning: [33mWARN: The environment intersection-v0 is out of date. You should consider upgrading to version `v1`.[0m
  logger.deprecation(
/root/Textual-Rule-Explanations-of-Reinforcement-Learning/.venv/lib/python3.12/site-packages/gymnasium/envs/registration.py:512: DeprecationWarning: [33mWARN: The environment intersection-v0 is out of date. You should consider upgrading to version `v1`.[0m
  logger.deprecation(
/root/Textual-Rule-Explanations-of-Reinforcement-Learning/.venv/lib/python3.12/site-packages/gymnasium/envs/registration.py:512: DeprecationWarning: [33mWARN: The environment intersection-v0 is out of date. You should consider upgrading to version `v1`.[0m
  logger.deprecation(
/root/Textual-Rule-Explanations-of-Reinforcement-Learning/.venv/lib/python3.12/site-packages/gymnasium/envs/registration.py:512: DeprecationWarning: [33mWARN: The environment intersection-v0 is out of date. You should consider upgrading to version `v1`.[0m
  logger.deprecation(
/root/Textual-Rule-Explanations-of-Reinforcement-Learning/.venv/lib/python3.12/site-packages/gymnasium/envs/registration.py:512: DeprecationWarning: [33mWARN: The environment intersection-v0 is out of date. You should consider upgrading to version `v1`.[0m
  logger.deprecation(
/root/Textual-Rule-Explanations-of-Reinforcement-Learning/.venv/lib/python3.12/site-packages/gymnasium/envs/registration.py:512: DeprecationWarning: [33mWARN: The environment intersection-v0 is out of date. You should consider upgrading to version `v1`.[0m
  logger.deprecation(
/root/Textual-Rule-Explanations-of-Reinforcement-Learning/.venv/lib/python3.12/site-packages/gymnasium/envs/registration.py:512: DeprecationWarning: [33mWARN: The environment intersection-v0 is out of date. You should consider upgrading to version `v1`.[0m
  logger.deprecation(
/root/Textual-Rule-Explanations-of-Reinforcement-Learning/.venv/lib/python3.12/site-packages/gymnasium/envs/registration.py:512: DeprecationWarning: [33mWARN: The environment intersection-v0 is out of date. You should consider upgrading to version `v1`.[0m
  logger.deprecation(
/root/Textual-Rule-Explanations-of-Reinforcement-Learning/.venv/lib/python3.12/site-packages/gymnasium/envs/registration.py:512: DeprecationWarning: [33mWARN: The environment intersection-v0 is out of date. You should consider upgrading to version `v1`.[0m
  logger.deprecation(
/root/Textual-Rule-Explanations-of-Reinforcement-Learning/.venv/lib/python3.12/site-packages/gymnasium/envs/registration.py:512: DeprecationWarning: [33mWARN: The environment intersection-v0 is out of date. You should consider upgrading to version `v1`.[0m
  logger.deprecation(
/root/Textual-Rule-Explanations-of-Reinforcement-Learning/.venv/lib/python3.12/site-packages/gymnasium/envs/registration.py:512: DeprecationWarning: [33mWARN: The environment intersection-v0 is out of date. You should consider upgrading to version `v1`.[0m
  logger.deprecation(
/root/Textual-Rule-Explanations-of-Reinforcement-Learning/.venv/lib/python3.12/site-packages/gymnasium/envs/registration.py:512: DeprecationWarning: [33mWARN: The environment intersection-v0 is out of date. You should consider upgrading to version `v1`.[0m
  logger.deprecation(
/root/Textual-Rule-Explanations-of-Reinforcement-Learning/.venv/lib/python3.12/site-packages/gymnasium/envs/registration.py:512: DeprecationWarning: [33mWARN: The environment intersection-v0 is out of date. You should consider upgrading to version `v1`.[0m
  logger.deprecation(
/root/Textual-Rule-Explanations-of-Reinforcement-Learning/.venv/lib/python3.12/site-packages/gymnasium/envs/registration.py:512: DeprecationWarning: [33mWARN: The environment intersection-v0 is out of date. You should consider upgrading to version `v1`.[0m
  logger.deprecation(
/root/Textual-Rule-Explanations-of-Reinforcement-Learning/.venv/lib/python3.12/site-packages/gymnasium/envs/registration.py:512: DeprecationWarning: [33mWARN: The environment intersection-v0 is out of date. You should consider upgrading to version `v1`.[0m
  logger.deprecation(
/root/Textual-Rule-Explanations-of-Reinforcement-Learning/.venv/lib/python3.12/site-packages/gymnasium/envs/registration.py:512: DeprecationWarning: [33mWARN: The environment intersection-v0 is out of date. You should consider upgrading to version `v1`.[0m
  logger.deprecation(
/root/Textual-Rule-Explanations-of-Reinforcement-Learning/.venv/lib/python3.12/site-packages/gymnasium/envs/registration.py:512: DeprecationWarning: [33mWARN: The environment intersection-v0 is out of date. You should consider upgrading to version `v1`.[0m
  logger.deprecation(
/root/Textual-Rule-Explanations-of-Reinforcement-Learning/.venv/lib/python3.12/site-packages/gymnasium/envs/registration.py:512: DeprecationWarning: [33mWARN: The environment intersection-v0 is out of date. You should consider upgrading to version `v1`.[0m
  logger.deprecation(
/root/Textual-Rule-Explanations-of-Reinforcement-Learning/.venv/lib/python3.12/site-packages/gymnasium/envs/registration.py:512: DeprecationWarning: [33mWARN: The environment intersection-v0 is out of date. You should consider upgrading to version `v1`.[0m
  logger.deprecation(
return=2.01, collision=0.44
  [intersection-v0_dqn] behavior eval ps2_cbs... /root/Textual-Rule-Explanations-of-Reinforcement-Learning/.venv/lib/python3.12/site-packages/gymnasium/envs/registration.py:512: DeprecationWarning: [33mWARN: The environment intersection-v0 is out of date. You should consider upgrading to version `v1`.[0m
  logger.deprecation(
/root/Textual-Rule-Explanations-of-Reinforcement-Learning/.venv/lib/python3.12/site-packages/gymnasium/envs/registration.py:512: DeprecationWarning: [33mWARN: The environment intersection-v0 is out of date. You should consider upgrading to version `v1`.[0m
  logger.deprecation(
/root/Textual-Rule-Explanations-of-Reinforcement-Learning/.venv/lib/python3.12/site-packages/gymnasium/envs/registration.py:512: DeprecationWarning: [33mWARN: The environment intersection-v0 is out of date. You should consider upgrading to version `v1`.[0m
  logger.deprecation(
/root/Textual-Rule-Explanations-of-Reinforcement-Learning/.venv/lib/python3.12/site-packages/gymnasium/envs/registration.py:512: DeprecationWarning: [33mWARN: The environment intersection-v0 is out of date. You should consider upgrading to version `v1`.[0m
  logger.deprecation(
/root/Textual-Rule-Explanations-of-Reinforcement-Learning/.venv/lib/python3.12/site-packages/gymnasium/envs/registration.py:512: DeprecationWarning: [33mWARN: The environment intersection-v0 is out of date. You should consider upgrading to version `v1`.[0m
  logger.deprecation(
/root/Textual-Rule-Explanations-of-Reinforcement-Learning/.venv/lib/python3.12/site-packages/gymnasium/envs/registration.py:512: DeprecationWarning: [33mWARN: The environment intersection-v0 is out of date. You should consider upgrading to version `v1`.[0m
  logger.deprecation(
/root/Textual-Rule-Explanations-of-Reinforcement-Learning/.venv/lib/python3.12/site-packages/gymnasium/envs/registration.py:512: DeprecationWarning: [33mWARN: The environment intersection-v0 is out of date. You should consider upgrading to version `v1`.[0m
  logger.deprecation(
/root/Textual-Rule-Explanations-of-Reinforcement-Learning/.venv/lib/python3.12/site-packages/gymnasium/envs/registration.py:512: DeprecationWarning: [33mWARN: The environment intersection-v0 is out of date. You should consider upgrading to version `v1`.[0m
  logger.deprecation(
/root/Textual-Rule-Explanations-of-Reinforcement-Learning/.venv/lib/python3.12/site-packages/gymnasium/envs/registration.py:512: DeprecationWarning: [33mWARN: The environment intersection-v0 is out of date. You should consider upgrading to version `v1`.[0m
  logger.deprecation(
/root/Textual-Rule-Explanations-of-Reinforcement-Learning/.venv/lib/python3.12/site-packages/gymnasium/envs/registration.py:512: DeprecationWarning: [33mWARN: The environment intersection-v0 is out of date. You should consider upgrading to version `v1`.[0m
  logger.deprecation(
/root/Textual-Rule-Explanations-of-Reinforcement-Learning/.venv/lib/python3.12/site-packages/gymnasium/envs/registration.py:512: DeprecationWarning: [33mWARN: The environment intersection-v0 is out of date. You should consider upgrading to version `v1`.[0m
  logger.deprecation(
/root/Textual-Rule-Explanations-of-Reinforcement-Learning/.venv/lib/python3.12/site-packages/gymnasium/envs/registration.py:512: DeprecationWarning: [33mWARN: The environment intersection-v0 is out of date. You should consider upgrading to version `v1`.[0m
  logger.deprecation(
/root/Textual-Rule-Explanations-of-Reinforcement-Learning/.venv/lib/python3.12/site-packages/gymnasium/envs/registration.py:512: DeprecationWarning: [33mWARN: The environment intersection-v0 is out of date. You should consider upgrading to version `v1`.[0m
  logger.deprecation(
/root/Textual-Rule-Explanations-of-Reinforcement-Learning/.venv/lib/python3.12/site-packages/gymnasium/envs/registration.py:512: DeprecationWarning: [33mWARN: The environment intersection-v0 is out of date. You should consider upgrading to version `v1`.[0m
  logger.deprecation(
/root/Textual-Rule-Explanations-of-Reinforcement-Learning/.venv/lib/python3.12/site-packages/gymnasium/envs/registration.py:512: DeprecationWarning: [33mWARN: The environment intersection-v0 is out of date. You should consider upgrading to version `v1`.[0m
  logger.deprecation(
/root/Textual-Rule-Explanations-of-Reinforcement-Learning/.venv/lib/python3.12/site-packages/gymnasium/envs/registration.py:512: DeprecationWarning: [33mWARN: The environment intersection-v0 is out of date. You should consider upgrading to version `v1`.[0m
  logger.deprecation(
/root/Textual-Rule-Explanations-of-Reinforcement-Learning/.venv/lib/python3.12/site-packages/gymnasium/envs/registration.py:512: DeprecationWarning: [33mWARN: The environment intersection-v0 is out of date. You should consider upgrading to version `v1`.[0m
  logger.deprecation(
/root/Textual-Rule-Explanations-of-Reinforcement-Learning/.venv/lib/python3.12/site-packages/gymnasium/envs/registration.py:512: DeprecationWarning: [33mWARN: The environment intersection-v0 is out of date. You should consider upgrading to version `v1`.[0m
  logger.deprecation(
/root/Textual-Rule-Explanations-of-Reinforcement-Learning/.venv/lib/python3.12/site-packages/gymnasium/envs/registration.py:512: DeprecationWarning: [33mWARN: The environment intersection-v0 is out of date. You should consider upgrading to version `v1`.[0m
  logger.deprecation(
/root/Textual-Rule-Explanations-of-Reinforcement-Learning/.venv/lib/python3.12/site-packages/gymnasium/envs/registration.py:512: DeprecationWarning: [33mWARN: The environment intersection-v0 is out of date. You should consider upgrading to version `v1`.[0m
  logger.deprecation(
/root/Textual-Rule-Explanations-of-Reinforcement-Learning/.venv/lib/python3.12/site-packages/gymnasium/envs/registration.py:512: DeprecationWarning: [33mWARN: The environment intersection-v0 is out of date. You should consider upgrading to version `v1`.[0m
  logger.deprecation(
/root/Textual-Rule-Explanations-of-Reinforcement-Learning/.venv/lib/python3.12/site-packages/gymnasium/envs/registration.py:512: DeprecationWarning: [33mWARN: The environment intersection-v0 is out of date. You should consider upgrading to version `v1`.[0m
  logger.deprecation(
/root/Textual-Rule-Explanations-of-Reinforcement-Learning/.venv/lib/python3.12/site-packages/gymnasium/envs/registration.py:512: DeprecationWarning: [33mWARN: The environment intersection-v0 is out of date. You should consider upgrading to version `v1`.[0m
  logger.deprecation(
/root/Textual-Rule-Explanations-of-Reinforcement-Learning/.venv/lib/python3.12/site-packages/gymnasium/envs/registration.py:512: DeprecationWarning: [33mWARN: The environment intersection-v0 is out of date. You should consider upgrading to version `v1`.[0m
  logger.deprecation(
/root/Textual-Rule-Explanations-of-Reinforcement-Learning/.venv/lib/python3.12/site-packages/gymnasium/envs/registration.py:512: DeprecationWarning: [33mWARN: The environment intersection-v0 is out of date. You should consider upgrading to version `v1`.[0m
  logger.deprecation(
/root/Textual-Rule-Explanations-of-Reinforcement-Learning/.venv/lib/python3.12/site-packages/gymnasium/envs/registration.py:512: DeprecationWarning: [33mWARN: The environment intersection-v0 is out of date. You should consider upgrading to version `v1`.[0m
  logger.deprecation(
/root/Textual-Rule-Explanations-of-Reinforcement-Learning/.venv/lib/python3.12/site-packages/gymnasium/envs/registration.py:512: DeprecationWarning: [33mWARN: The environment intersection-v0 is out of date. You should consider upgrading to version `v1`.[0m
  logger.deprecation(
/root/Textual-Rule-Explanations-of-Reinforcement-Learning/.venv/lib/python3.12/site-packages/gymnasium/envs/registration.py:512: DeprecationWarning: [33mWARN: The environment intersection-v0 is out of date. You should consider upgrading to version `v1`.[0m
  logger.deprecation(
/root/Textual-Rule-Explanations-of-Reinforcement-Learning/.venv/lib/python3.12/site-packages/gymnasium/envs/registration.py:512: DeprecationWarning: [33mWARN: The environment intersection-v0 is out of date. You should consider upgrading to version `v1`.[0m
  logger.deprecation(
/root/Textual-Rule-Explanations-of-Reinforcement-Learning/.venv/lib/python3.12/site-packages/gymnasium/envs/registration.py:512: DeprecationWarning: [33mWARN: The environment intersection-v0 is out of date. You should consider upgrading to version `v1`.[0m
  logger.deprecation(
/root/Textual-Rule-Explanations-of-Reinforcement-Learning/.venv/lib/python3.12/site-packages/gymnasium/envs/registration.py:512: DeprecationWarning: [33mWARN: The environment intersection-v0 is out of date. You should consider upgrading to version `v1`.[0m
  logger.deprecation(
/root/Textual-Rule-Explanations-of-Reinforcement-Learning/.venv/lib/python3.12/site-packages/gymnasium/envs/registration.py:512: DeprecationWarning: [33mWARN: The environment intersection-v0 is out of date. You should consider upgrading to version `v1`.[0m
  logger.deprecation(
return=2.02, collision=0.44
  [intersection-v0_ppo] behavior eval ps0_cbs... /root/Textual-Rule-Explanations-of-Reinforcement-Learning/.venv/lib/python3.12/site-packages/gymnasium/envs/registration.py:512: DeprecationWarning: [33mWARN: The environment intersection-v0 is out of date. You should consider upgrading to version `v1`.[0m
  logger.deprecation(
return=1.88, collision=0.44
  [intersection-v0_dqn] behavior eval ps2_b3_vote... /root/Textual-Rule-Explanations-of-Reinforcement-Learning/.venv/lib/python3.12/site-packages/gymnasium/envs/registration.py:512: DeprecationWarning: [33mWARN: The environment intersection-v0 is out of date. You should consider upgrading to version `v1`.[0m
  logger.deprecation(
return=1.87, collision=0.44
  [intersection-v0_ppo] behavior eval ps0_b3_vote... /root/Textual-Rule-Explanations-of-Reinforcement-Learning/.venv/lib/python3.12/site-packages/gymnasium/envs/registration.py:512: DeprecationWarning: [33mWARN: The environment intersection-v0 is out of date. You should consider upgrading to version `v1`.[0m
  logger.deprecation(
return=1.84, collision=0.44
  [intersection-v0_dqn] behavior eval ps2_dt... /root/Textual-Rule-Explanations-of-Reinforcement-Learning/.venv/lib/python3.12/site-packages/gymnasium/envs/registration.py:512: DeprecationWarning: [33mWARN: The environment intersection-v0 is out of date. You should consider upgrading to version `v1`.[0m
  logger.deprecation(
/root/Textual-Rule-Explanations-of-Reinforcement-Learning/.venv/lib/python3.12/site-packages/gymnasium/envs/registration.py:512: DeprecationWarning: [33mWARN: The environment intersection-v0 is out of date. You should consider upgrading to version `v1`.[0m
  logger.deprecation(
/root/Textual-Rule-Explanations-of-Reinforcement-Learning/.venv/lib/python3.12/site-packages/gymnasium/envs/registration.py:512: DeprecationWarning: [33mWARN: The environment intersection-v0 is out of date. You should consider upgrading to version `v1`.[0m
  logger.deprecation(
/root/Textual-Rule-Explanations-of-Reinforcement-Learning/.venv/lib/python3.12/site-packages/gymnasium/envs/registration.py:512: DeprecationWarning: [33mWARN: The environment intersection-v0 is out of date. You should consider upgrading to version `v1`.[0m
  logger.deprecation(
/root/Textual-Rule-Explanations-of-Reinforcement-Learning/.venv/lib/python3.12/site-packages/gymnasium/envs/registration.py:512: DeprecationWarning: [33mWARN: The environment intersection-v0 is out of date. You should consider upgrading to version `v1`.[0m
  logger.deprecation(
/root/Textual-Rule-Explanations-of-Reinforcement-Learning/.venv/lib/python3.12/site-packages/gymnasium/envs/registration.py:512: DeprecationWarning: [33mWARN: The environment intersection-v0 is out of date. You should consider upgrading to version `v1`.[0m
  logger.deprecation(
/root/Textual-Rule-Explanations-of-Reinforcement-Learning/.venv/lib/python3.12/site-packages/gymnasium/envs/registration.py:512: DeprecationWarning: [33mWARN: The environment intersection-v0 is out of date. You should consider upgrading to version `v1`.[0m
  logger.deprecation(
/root/Textual-Rule-Explanations-of-Reinforcement-Learning/.venv/lib/python3.12/site-packages/gymnasium/envs/registration.py:512: DeprecationWarning: [33mWARN: The environment intersection-v0 is out of date. You should consider upgrading to version `v1`.[0m
  logger.deprecation(
/root/Textual-Rule-Explanations-of-Reinforcement-Learning/.venv/lib/python3.12/site-packages/gymnasium/envs/registration.py:512: DeprecationWarning: [33mWARN: The environment intersection-v0 is out of date. You should consider upgrading to version `v1`.[0m
  logger.deprecation(
/root/Textual-Rule-Explanations-of-Reinforcement-Learning/.venv/lib/python3.12/site-packages/gymnasium/envs/registration.py:512: DeprecationWarning: [33mWARN: The environment intersection-v0 is out of date. You should consider upgrading to version `v1`.[0m
  logger.deprecation(
/root/Textual-Rule-Explanations-of-Reinforcement-Learning/.venv/lib/python3.12/site-packages/gymnasium/envs/registration.py:512: DeprecationWarning: [33mWARN: The environment intersection-v0 is out of date. You should consider upgrading to version `v1`.[0m
  logger.deprecation(
/root/Textual-Rule-Explanations-of-Reinforcement-Learning/.venv/lib/python3.12/site-packages/gymnasium/envs/registration.py:512: DeprecationWarning: [33mWARN: The environment intersection-v0 is out of date. You should consider upgrading to version `v1`.[0m
  logger.deprecation(
/root/Textual-Rule-Explanations-of-Reinforcement-Learning/.venv/lib/python3.12/site-packages/gymnasium/envs/registration.py:512: DeprecationWarning: [33mWARN: The environment intersection-v0 is out of date. You should consider upgrading to version `v1`.[0m
  logger.deprecation(
/root/Textual-Rule-Explanations-of-Reinforcement-Learning/.venv/lib/python3.12/site-packages/gymnasium/envs/registration.py:512: DeprecationWarning: [33mWARN: The environment intersection-v0 is out of date. You should consider upgrading to version `v1`.[0m
  logger.deprecation(
/root/Textual-Rule-Explanations-of-Reinforcement-Learning/.venv/lib/python3.12/site-packages/gymnasium/envs/registration.py:512: DeprecationWarning: [33mWARN: The environment intersection-v0 is out of date. You should consider upgrading to version `v1`.[0m
  logger.deprecation(
/root/Textual-Rule-Explanations-of-Reinforcement-Learning/.venv/lib/python3.12/site-packages/gymnasium/envs/registration.py:512: DeprecationWarning: [33mWARN: The environment intersection-v0 is out of date. You should consider upgrading to version `v1`.[0m
  logger.deprecation(
/root/Textual-Rule-Explanations-of-Reinforcement-Learning/.venv/lib/python3.12/site-packages/gymnasium/envs/registration.py:512: DeprecationWarning: [33mWARN: The environment intersection-v0 is out of date. You should consider upgrading to version `v1`.[0m
  logger.deprecation(
/root/Textual-Rule-Explanations-of-Reinforcement-Learning/.venv/lib/python3.12/site-packages/gymnasium/envs/registration.py:512: DeprecationWarning: [33mWARN: The environment intersection-v0 is out of date. You should consider upgrading to version `v1`.[0m
  logger.deprecation(
/root/Textual-Rule-Explanations-of-Reinforcement-Learning/.venv/lib/python3.12/site-packages/gymnasium/envs/registration.py:512: DeprecationWarning: [33mWARN: The environment intersection-v0 is out of date. You should consider upgrading to version `v1`.[0m
  logger.deprecation(
/root/Textual-Rule-Explanations-of-Reinforcement-Learning/.venv/lib/python3.12/site-packages/gymnasium/envs/registration.py:512: DeprecationWarning: [33mWARN: The environment intersection-v0 is out of date. You should consider upgrading to version `v1`.[0m
  logger.deprecation(
/root/Textual-Rule-Explanations-of-Reinforcement-Learning/.venv/lib/python3.12/site-packages/gymnasium/envs/registration.py:512: DeprecationWarning: [33mWARN: The environment intersection-v0 is out of date. You should consider upgrading to version `v1`.[0m
  logger.deprecation(
/root/Textual-Rule-Explanations-of-Reinforcement-Learning/.venv/lib/python3.12/site-packages/gymnasium/envs/registration.py:512: DeprecationWarning: [33mWARN: The environment intersection-v0 is out of date. You should consider upgrading to version `v1`.[0m
  logger.deprecation(
/root/Textual-Rule-Explanations-of-Reinforcement-Learning/.venv/lib/python3.12/site-packages/gymnasium/envs/registration.py:512: DeprecationWarning: [33mWARN: The environment intersection-v0 is out of date. You should consider upgrading to version `v1`.[0m
  logger.deprecation(
return=1.85, collision=0.44
  [intersection-v0_ppo] behavior eval ps0_dt... /root/Textual-Rule-Explanations-of-Reinforcement-Learning/.venv/lib/python3.12/site-packages/gymnasium/envs/registration.py:512: DeprecationWarning: [33mWARN: The environment intersection-v0 is out of date. You should consider upgrading to version `v1`.[0m
  logger.deprecation(
/root/Textual-Rule-Explanations-of-Reinforcement-Learning/.venv/lib/python3.12/site-packages/gymnasium/envs/registration.py:512: DeprecationWarning: [33mWARN: The environment intersection-v0 is out of date. You should consider upgrading to version `v1`.[0m
  logger.deprecation(
/root/Textual-Rule-Explanations-of-Reinforcement-Learning/.venv/lib/python3.12/site-packages/gymnasium/envs/registration.py:512: DeprecationWarning: [33mWARN: The environment intersection-v0 is out of date. You should consider upgrading to version `v1`.[0m
  logger.deprecation(
/root/Textual-Rule-Explanations-of-Reinforcement-Learning/.venv/lib/python3.12/site-packages/gymnasium/envs/registration.py:512: DeprecationWarning: [33mWARN: The environment intersection-v0 is out of date. You should consider upgrading to version `v1`.[0m
  logger.deprecation(
/root/Textual-Rule-Explanations-of-Reinforcement-Learning/.venv/lib/python3.12/site-packages/gymnasium/envs/registration.py:512: DeprecationWarning: [33mWARN: The environment intersection-v0 is out of date. You should consider upgrading to version `v1`.[0m
  logger.deprecation(
/root/Textual-Rule-Explanations-of-Reinforcement-Learning/.venv/lib/python3.12/site-packages/gymnasium/envs/registration.py:512: DeprecationWarning: [33mWARN: The environment intersection-v0 is out of date. You should consider upgrading to version `v1`.[0m
  logger.deprecation(
/root/Textual-Rule-Explanations-of-Reinforcement-Learning/.venv/lib/python3.12/site-packages/gymnasium/envs/registration.py:512: DeprecationWarning: [33mWARN: The environment intersection-v0 is out of date. You should consider upgrading to version `v1`.[0m
  logger.deprecation(
/root/Textual-Rule-Explanations-of-Reinforcement-Learning/.venv/lib/python3.12/site-packages/gymnasium/envs/registration.py:512: DeprecationWarning: [33mWARN: The environment intersection-v0 is out of date. You should consider upgrading to version `v1`.[0m
  logger.deprecation(
/root/Textual-Rule-Explanations-of-Reinforcement-Learning/.venv/lib/python3.12/site-packages/gymnasium/envs/registration.py:512: DeprecationWarning: [33mWARN: The environment intersection-v0 is out of date. You should consider upgrading to version `v1`.[0m
  logger.deprecation(
/root/Textual-Rule-Explanations-of-Reinforcement-Learning/.venv/lib/python3.12/site-packages/gymnasium/envs/registration.py:512: DeprecationWarning: [33mWARN: The environment intersection-v0 is out of date. You should consider upgrading to version `v1`.[0m
  logger.deprecation(
/root/Textual-Rule-Explanations-of-Reinforcement-Learning/.venv/lib/python3.12/site-packages/gymnasium/envs/registration.py:512: DeprecationWarning: [33mWARN: The environment intersection-v0 is out of date. You should consider upgrading to version `v1`.[0m
  logger.deprecation(
/root/Textual-Rule-Explanations-of-Reinforcement-Learning/.venv/lib/python3.12/site-packages/gymnasium/envs/registration.py:512: DeprecationWarning: [33mWARN: The environment intersection-v0 is out of date. You should consider upgrading to version `v1`.[0m
  logger.deprecation(
/root/Textual-Rule-Explanations-of-Reinforcement-Learning/.venv/lib/python3.12/site-packages/gymnasium/envs/registration.py:512: DeprecationWarning: [33mWARN: The environment intersection-v0 is out of date. You should consider upgrading to version `v1`.[0m
  logger.deprecation(
/root/Textual-Rule-Explanations-of-Reinforcement-Learning/.venv/lib/python3.12/site-packages/gymnasium/envs/registration.py:512: DeprecationWarning: [33mWARN: The environment intersection-v0 is out of date. You should consider upgrading to version `v1`.[0m
  logger.deprecation(
/root/Textual-Rule-Explanations-of-Reinforcement-Learning/.venv/lib/python3.12/site-packages/gymnasium/envs/registration.py:512: DeprecationWarning: [33mWARN: The environment intersection-v0 is out of date. You should consider upgrading to version `v1`.[0m
  logger.deprecation(
/root/Textual-Rule-Explanations-of-Reinforcement-Learning/.venv/lib/python3.12/site-packages/gymnasium/envs/registration.py:512: DeprecationWarning: [33mWARN: The environment intersection-v0 is out of date. You should consider upgrading to version `v1`.[0m
  logger.deprecation(
/root/Textual-Rule-Explanations-of-Reinforcement-Learning/.venv/lib/python3.12/site-packages/gymnasium/envs/registration.py:512: DeprecationWarning: [33mWARN: The environment intersection-v0 is out of date. You should consider upgrading to version `v1`.[0m
  logger.deprecation(
/root/Textual-Rule-Explanations-of-Reinforcement-Learning/.venv/lib/python3.12/site-packages/gymnasium/envs/registration.py:512: DeprecationWarning: [33mWARN: The environment intersection-v0 is out of date. You should consider upgrading to version `v1`.[0m
  logger.deprecation(
/root/Textual-Rule-Explanations-of-Reinforcement-Learning/.venv/lib/python3.12/site-packages/gymnasium/envs/registration.py:512: DeprecationWarning: [33mWARN: The environment intersection-v0 is out of date. You should consider upgrading to version `v1`.[0m
  logger.deprecation(
/root/Textual-Rule-Explanations-of-Reinforcement-Learning/.venv/lib/python3.12/site-packages/gymnasium/envs/registration.py:512: DeprecationWarning: [33mWARN: The environment intersection-v0 is out of date. You should consider upgrading to version `v1`.[0m
  logger.deprecation(
/root/Textual-Rule-Explanations-of-Reinforcement-Learning/.venv/lib/python3.12/site-packages/gymnasium/envs/registration.py:512: DeprecationWarning: [33mWARN: The environment intersection-v0 is out of date. You should consider upgrading to version `v1`.[0m
  logger.deprecation(
/root/Textual-Rule-Explanations-of-Reinforcement-Learning/.venv/lib/python3.12/site-packages/gymnasium/envs/registration.py:512: DeprecationWarning: [33mWARN: The environment intersection-v0 is out of date. You should consider upgrading to version `v1`.[0m
  logger.deprecation(
/root/Textual-Rule-Explanations-of-Reinforcement-Learning/.venv/lib/python3.12/site-packages/gymnasium/envs/registration.py:512: DeprecationWarning: [33mWARN: The environment intersection-v0 is out of date. You should consider upgrading to version `v1`.[0m
  logger.deprecation(
/root/Textual-Rule-Explanations-of-Reinforcement-Learning/.venv/lib/python3.12/site-packages/gymnasium/envs/registration.py:512: DeprecationWarning: [33mWARN: The environment intersection-v0 is out of date. You should consider upgrading to version `v1`.[0m
  logger.deprecation(
/root/Textual-Rule-Explanations-of-Reinforcement-Learning/.venv/lib/python3.12/site-packages/gymnasium/envs/registration.py:512: DeprecationWarning: [33mWARN: The environment intersection-v0 is out of date. You should consider upgrading to version `v1`.[0m
  logger.deprecation(
/root/Textual-Rule-Explanations-of-Reinforcement-Learning/.venv/lib/python3.12/site-packages/gymnasium/envs/registration.py:512: DeprecationWarning: [33mWARN: The environment intersection-v0 is out of date. You should consider upgrading to version `v1`.[0m
  logger.deprecation(
/root/Textual-Rule-Explanations-of-Reinforcement-Learning/.venv/lib/python3.12/site-packages/gymnasium/envs/registration.py:512: DeprecationWarning: [33mWARN: The environment intersection-v0 is out of date. You should consider upgrading to version `v1`.[0m
  logger.deprecation(
/root/Textual-Rule-Explanations-of-Reinforcement-Learning/.venv/lib/python3.12/site-packages/gymnasium/envs/registration.py:512: DeprecationWarning: [33mWARN: The environment intersection-v0 is out of date. You should consider upgrading to version `v1`.[0m
  logger.deprecation(
/root/Textual-Rule-Explanations-of-Reinforcement-Learning/.venv/lib/python3.12/site-packages/gymnasium/envs/registration.py:512: DeprecationWarning: [33mWARN: The environment intersection-v0 is out of date. You should consider upgrading to version `v1`.[0m
  logger.deprecation(
/root/Textual-Rule-Explanations-of-Reinforcement-Learning/.venv/lib/python3.12/site-packages/gymnasium/envs/registration.py:512: DeprecationWarning: [33mWARN: The environment intersection-v0 is out of date. You should consider upgrading to version `v1`.[0m
  logger.deprecation(
/root/Textual-Rule-Explanations-of-Reinforcement-Learning/.venv/lib/python3.12/site-packages/gymnasium/envs/registration.py:512: DeprecationWarning: [33mWARN: The environment intersection-v0 is out of date. You should consider upgrading to version `v1`.[0m
  logger.deprecation(
/root/Textual-Rule-Explanations-of-Reinforcement-Learning/.venv/lib/python3.12/site-packages/gymnasium/envs/registration.py:512: DeprecationWarning: [33mWARN: The environment intersection-v0 is out of date. You should consider upgrading to version `v1`.[0m
  logger.deprecation(
/root/Textual-Rule-Explanations-of-Reinforcement-Learning/.venv/lib/python3.12/site-packages/gymnasium/envs/registration.py:512: DeprecationWarning: [33mWARN: The environment intersection-v0 is out of date. You should consider upgrading to version `v1`.[0m
  logger.deprecation(
/root/Textual-Rule-Explanations-of-Reinforcement-Learning/.venv/lib/python3.12/site-packages/gymnasium/envs/registration.py:512: DeprecationWarning: [33mWARN: The environment intersection-v0 is out of date. You should consider upgrading to version `v1`.[0m
  logger.deprecation(
/root/Textual-Rule-Explanations-of-Reinforcement-Learning/.venv/lib/python3.12/site-packages/gymnasium/envs/registration.py:512: DeprecationWarning: [33mWARN: The environment intersection-v0 is out of date. You should consider upgrading to version `v1`.[0m
  logger.deprecation(
/root/Textual-Rule-Explanations-of-Reinforcement-Learning/.venv/lib/python3.12/site-packages/gymnasium/envs/registration.py:512: DeprecationWarning: [33mWARN: The environment intersection-v0 is out of date. You should consider upgrading to version `v1`.[0m
  logger.deprecation(
/root/Textual-Rule-Explanations-of-Reinforcement-Learning/.venv/lib/python3.12/site-packages/gymnasium/envs/registration.py:512: DeprecationWarning: [33mWARN: The environment intersection-v0 is out of date. You should consider upgrading to version `v1`.[0m
  logger.deprecation(
/root/Textual-Rule-Explanations-of-Reinforcement-Learning/.venv/lib/python3.12/site-packages/gymnasium/envs/registration.py:512: DeprecationWarning: [33mWARN: The environment intersection-v0 is out of date. You should consider upgrading to version `v1`.[0m
  logger.deprecation(
/root/Textual-Rule-Explanations-of-Reinforcement-Learning/.venv/lib/python3.12/site-packages/gymnasium/envs/registration.py:512: DeprecationWarning: [33mWARN: The environment intersection-v0 is out of date. You should consider upgrading to version `v1`.[0m
  logger.deprecation(
/root/Textual-Rule-Explanations-of-Reinforcement-Learning/.venv/lib/python3.12/site-packages/gymnasium/envs/registration.py:512: DeprecationWarning: [33mWARN: The environment intersection-v0 is out of date. You should consider upgrading to version `v1`.[0m
  logger.deprecation(
/root/Textual-Rule-Explanations-of-Reinforcement-Learning/.venv/lib/python3.12/site-packages/gymnasium/envs/registration.py:512: DeprecationWarning: [33mWARN: The environment intersection-v0 is out of date. You should consider upgrading to version `v1`.[0m
  logger.deprecation(
/root/Textual-Rule-Explanations-of-Reinforcement-Learning/.venv/lib/python3.12/site-packages/gymnasium/envs/registration.py:512: DeprecationWarning: [33mWARN: The environment intersection-v0 is out of date. You should consider upgrading to version `v1`.[0m
  logger.deprecation(
/root/Textual-Rule-Explanations-of-Reinforcement-Learning/.venv/lib/python3.12/site-packages/gymnasium/envs/registration.py:512: DeprecationWarning: [33mWARN: The environment intersection-v0 is out of date. You should consider upgrading to version `v1`.[0m
  logger.deprecation(
/root/Textual-Rule-Explanations-of-Reinforcement-Learning/.venv/lib/python3.12/site-packages/gymnasium/envs/registration.py:512: DeprecationWarning: [33mWARN: The environment intersection-v0 is out of date. You should consider upgrading to version `v1`.[0m
  logger.deprecation(
/root/Textual-Rule-Explanations-of-Reinforcement-Learning/.venv/lib/python3.12/site-packages/gymnasium/envs/registration.py:512: DeprecationWarning: [33mWARN: The environment intersection-v0 is out of date. You should consider upgrading to version `v1`.[0m
  logger.deprecation(
/root/Textual-Rule-Explanations-of-Reinforcement-Learning/.venv/lib/python3.12/site-packages/gymnasium/envs/registration.py:512: DeprecationWarning: [33mWARN: The environment intersection-v0 is out of date. You should consider upgrading to version `v1`.[0m
  logger.deprecation(
/root/Textual-Rule-Explanations-of-Reinforcement-Learning/.venv/lib/python3.12/site-packages/gymnasium/envs/registration.py:512: DeprecationWarning: [33mWARN: The environment intersection-v0 is out of date. You should consider upgrading to version `v1`.[0m
  logger.deprecation(
/root/Textual-Rule-Explanations-of-Reinforcement-Learning/.venv/lib/python3.12/site-packages/gymnasium/envs/registration.py:512: DeprecationWarning: [33mWARN: The environment intersection-v0 is out of date. You should consider upgrading to version `v1`.[0m
  logger.deprecation(
/root/Textual-Rule-Explanations-of-Reinforcement-Learning/.venv/lib/python3.12/site-packages/gymnasium/envs/registration.py:512: DeprecationWarning: [33mWARN: The environment intersection-v0 is out of date. You should consider upgrading to version `v1`.[0m
  logger.deprecation(
/root/Textual-Rule-Explanations-of-Reinforcement-Learning/.venv/lib/python3.12/site-packages/gymnasium/envs/registration.py:512: DeprecationWarning: [33mWARN: The environment intersection-v0 is out of date. You should consider upgrading to version `v1`.[0m
  logger.deprecation(
/root/Textual-Rule-Explanations-of-Reinforcement-Learning/.venv/lib/python3.12/site-packages/gymnasium/envs/registration.py:512: DeprecationWarning: [33mWARN: The environment intersection-v0 is out of date. You should consider upgrading to version `v1`.[0m
  logger.deprecation(
/root/Textual-Rule-Explanations-of-Reinforcement-Learning/.venv/lib/python3.12/site-packages/gymnasium/envs/registration.py:512: DeprecationWarning: [33mWARN: The environment intersection-v0 is out of date. You should consider upgrading to version `v1`.[0m
  logger.deprecation(
/root/Textual-Rule-Explanations-of-Reinforcement-Learning/.venv/lib/python3.12/site-packages/gymnasium/envs/registration.py:512: DeprecationWarning: [33mWARN: The environment intersection-v0 is out of date. You should consider upgrading to version `v1`.[0m
  logger.deprecation(
/root/Textual-Rule-Explanations-of-Reinforcement-Learning/.venv/lib/python3.12/site-packages/gymnasium/envs/registration.py:512: DeprecationWarning: [33mWARN: The environment intersection-v0 is out of date. You should consider upgrading to version `v1`.[0m
  logger.deprecation(
/root/Textual-Rule-Explanations-of-Reinforcement-Learning/.venv/lib/python3.12/site-packages/gymnasium/envs/registration.py:512: DeprecationWarning: [33mWARN: The environment intersection-v0 is out of date. You should consider upgrading to version `v1`.[0m
  logger.deprecation(
return=2.02, collision=0.44
  [intersection-v0_ppo] behavior eval ps0_cbs... /root/Textual-Rule-Explanations-of-Reinforcement-Learning/.venv/lib/python3.12/site-packages/gymnasium/envs/registration.py:512: DeprecationWarning: [33mWARN: The environment intersection-v0 is out of date. You should consider upgrading to version `v1`.[0m
  logger.deprecation(
/root/Textual-Rule-Explanations-of-Reinforcement-Learning/.venv/lib/python3.12/site-packages/gymnasium/envs/registration.py:512: DeprecationWarning: [33mWARN: The environment intersection-v0 is out of date. You should consider upgrading to version `v1`.[0m
  logger.deprecation(
/root/Textual-Rule-Explanations-of-Reinforcement-Learning/.venv/lib/python3.12/site-packages/gymnasium/envs/registration.py:512: DeprecationWarning: [33mWARN: The environment intersection-v0 is out of date. You should consider upgrading to version `v1`.[0m
  logger.deprecation(
/root/Textual-Rule-Explanations-of-Reinforcement-Learning/.venv/lib/python3.12/site-packages/gymnasium/envs/registration.py:512: DeprecationWarning: [33mWARN: The environment intersection-v0 is out of date. You should consider upgrading to version `v1`.[0m
  logger.deprecation(
/root/Textual-Rule-Explanations-of-Reinforcement-Learning/.venv/lib/python3.12/site-packages/gymnasium/envs/registration.py:512: DeprecationWarning: [33mWARN: The environment intersection-v0 is out of date. You should consider upgrading to version `v1`.[0m
  logger.deprecation(
/root/Textual-Rule-Explanations-of-Reinforcement-Learning/.venv/lib/python3.12/site-packages/gymnasium/envs/registration.py:512: DeprecationWarning: [33mWARN: The environment intersection-v0 is out of date. You should consider upgrading to version `v1`.[0m
  logger.deprecation(
/root/Textual-Rule-Explanations-of-Reinforcement-Learning/.venv/lib/python3.12/site-packages/gymnasium/envs/registration.py:512: DeprecationWarning: [33mWARN: The environment intersection-v0 is out of date. You should consider upgrading to version `v1`.[0m
  logger.deprecation(
/root/Textual-Rule-Explanations-of-Reinforcement-Learning/.venv/lib/python3.12/site-packages/gymnasium/envs/registration.py:512: DeprecationWarning: [33mWARN: The environment intersection-v0 is out of date. You should consider upgrading to version `v1`.[0m
  logger.deprecation(
/root/Textual-Rule-Explanations-of-Reinforcement-Learning/.venv/lib/python3.12/site-packages/gymnasium/envs/registration.py:512: DeprecationWarning: [33mWARN: The environment intersection-v0 is out of date. You should consider upgrading to version `v1`.[0m
  logger.deprecation(
/root/Textual-Rule-Explanations-of-Reinforcement-Learning/.venv/lib/python3.12/site-packages/gymnasium/envs/registration.py:512: DeprecationWarning: [33mWARN: The environment intersection-v0 is out of date. You should consider upgrading to version `v1`.[0m
  logger.deprecation(
/root/Textual-Rule-Explanations-of-Reinforcement-Learning/.venv/lib/python3.12/site-packages/gymnasium/envs/registration.py:512: DeprecationWarning: [33mWARN: The environment intersection-v0 is out of date. You should consider upgrading to version `v1`.[0m
  logger.deprecation(
/root/Textual-Rule-Explanations-of-Reinforcement-Learning/.venv/lib/python3.12/site-packages/gymnasium/envs/registration.py:512: DeprecationWarning: [33mWARN: The environment intersection-v0 is out of date. You should consider upgrading to version `v1`.[0m
  logger.deprecation(
/root/Textual-Rule-Explanations-of-Reinforcement-Learning/.venv/lib/python3.12/site-packages/gymnasium/envs/registration.py:512: DeprecationWarning: [33mWARN: The environment intersection-v0 is out of date. You should consider upgrading to version `v1`.[0m
  logger.deprecation(
/root/Textual-Rule-Explanations-of-Reinforcement-Learning/.venv/lib/python3.12/site-packages/gymnasium/envs/registration.py:512: DeprecationWarning: [33mWARN: The environment intersection-v0 is out of date. You should consider upgrading to version `v1`.[0m
  logger.deprecation(
/root/Textual-Rule-Explanations-of-Reinforcement-Learning/.venv/lib/python3.12/site-packages/gymnasium/envs/registration.py:512: DeprecationWarning: [33mWARN: The environment intersection-v0 is out of date. You should consider upgrading to version `v1`.[0m
  logger.deprecation(
/root/Textual-Rule-Explanations-of-Reinforcement-Learning/.venv/lib/python3.12/site-packages/gymnasium/envs/registration.py:512: DeprecationWarning: [33mWARN: The environment intersection-v0 is out of date. You should consider upgrading to version `v1`.[0m
  logger.deprecation(
/root/Textual-Rule-Explanations-of-Reinforcement-Learning/.venv/lib/python3.12/site-packages/gymnasium/envs/registration.py:512: DeprecationWarning: [33mWARN: The environment intersection-v0 is out of date. You should consider upgrading to version `v1`.[0m
  logger.deprecation(
/root/Textual-Rule-Explanations-of-Reinforcement-Learning/.venv/lib/python3.12/site-packages/gymnasium/envs/registration.py:512: DeprecationWarning: [33mWARN: The environment intersection-v0 is out of date. You should consider upgrading to version `v1`.[0m
  logger.deprecation(
/root/Textual-Rule-Explanations-of-Reinforcement-Learning/.venv/lib/python3.12/site-packages/gymnasium/envs/registration.py:512: DeprecationWarning: [33mWARN: The environment intersection-v0 is out of date. You should consider upgrading to version `v1`.[0m
  logger.deprecation(
/root/Textual-Rule-Explanations-of-Reinforcement-Learning/.venv/lib/python3.12/site-packages/gymnasium/envs/registration.py:512: DeprecationWarning: [33mWARN: The environment intersection-v0 is out of date. You should consider upgrading to version `v1`.[0m
  logger.deprecation(
/root/Textual-Rule-Explanations-of-Reinforcement-Learning/.venv/lib/python3.12/site-packages/gymnasium/envs/registration.py:512: DeprecationWarning: [33mWARN: The environment intersection-v0 is out of date. You should consider upgrading to version `v1`.[0m
  logger.deprecation(
/root/Textual-Rule-Explanations-of-Reinforcement-Learning/.venv/lib/python3.12/site-packages/gymnasium/envs/registration.py:512: DeprecationWarning: [33mWARN: The environment intersection-v0 is out of date. You should consider upgrading to version `v1`.[0m
  logger.deprecation(
/root/Textual-Rule-Explanations-of-Reinforcement-Learning/.venv/lib/python3.12/site-packages/gymnasium/envs/registration.py:512: DeprecationWarning: [33mWARN: The environment intersection-v0 is out of date. You should consider upgrading to version `v1`.[0m
  logger.deprecation(
return=2.00, collision=0.44
  [intersection-v0_ppo] behavior eval ps1_cbs... /root/Textual-Rule-Explanations-of-Reinforcement-Learning/.venv/lib/python3.12/site-packages/gymnasium/envs/registration.py:512: DeprecationWarning: [33mWARN: The environment intersection-v0 is out of date. You should consider upgrading to version `v1`.[0m
  logger.deprecation(
return=1.87, collision=0.44
  [intersection-v0_ppo] behavior eval ps0_b3_vote... /root/Textual-Rule-Explanations-of-Reinforcement-Learning/.venv/lib/python3.12/site-packages/gymnasium/envs/registration.py:512: DeprecationWarning: [33mWARN: The environment intersection-v0 is out of date. You should consider upgrading to version `v1`.[0m
  logger.deprecation(
return=2.05, collision=0.44
  [intersection-v0_ppo] behavior eval ps1_b3_vote... /root/Textual-Rule-Explanations-of-Reinforcement-Learning/.venv/lib/python3.12/site-packages/gymnasium/envs/registration.py:512: DeprecationWarning: [33mWARN: The environment intersection-v0 is out of date. You should consider upgrading to version `v1`.[0m
  logger.deprecation(
return=1.85, collision=0.44
  [intersection-v0_ppo] behavior eval ps0_dt... /root/Textual-Rule-Explanations-of-Reinforcement-Learning/.venv/lib/python3.12/site-packages/gymnasium/envs/registration.py:512: DeprecationWarning: [33mWARN: The environment intersection-v0 is out of date. You should consider upgrading to version `v1`.[0m
  logger.deprecation(
/root/Textual-Rule-Explanations-of-Reinforcement-Learning/.venv/lib/python3.12/site-packages/gymnasium/envs/registration.py:512: DeprecationWarning: [33mWARN: The environment intersection-v0 is out of date. You should consider upgrading to version `v1`.[0m
  logger.deprecation(
/root/Textual-Rule-Explanations-of-Reinforcement-Learning/.venv/lib/python3.12/site-packages/gymnasium/envs/registration.py:512: DeprecationWarning: [33mWARN: The environment intersection-v0 is out of date. You should consider upgrading to version `v1`.[0m
  logger.deprecation(
/root/Textual-Rule-Explanations-of-Reinforcement-Learning/.venv/lib/python3.12/site-packages/gymnasium/envs/registration.py:512: DeprecationWarning: [33mWARN: The environment intersection-v0 is out of date. You should consider upgrading to version `v1`.[0m
  logger.deprecation(
/root/Textual-Rule-Explanations-of-Reinforcement-Learning/.venv/lib/python3.12/site-packages/gymnasium/envs/registration.py:512: DeprecationWarning: [33mWARN: The environment intersection-v0 is out of date. You should consider upgrading to version `v1`.[0m
  logger.deprecation(
/root/Textual-Rule-Explanations-of-Reinforcement-Learning/.venv/lib/python3.12/site-packages/gymnasium/envs/registration.py:512: DeprecationWarning: [33mWARN: The environment intersection-v0 is out of date. You should consider upgrading to version `v1`.[0m
  logger.deprecation(
/root/Textual-Rule-Explanations-of-Reinforcement-Learning/.venv/lib/python3.12/site-packages/gymnasium/envs/registration.py:512: DeprecationWarning: [33mWARN: The environment intersection-v0 is out of date. You should consider upgrading to version `v1`.[0m
  logger.deprecation(
/root/Textual-Rule-Explanations-of-Reinforcement-Learning/.venv/lib/python3.12/site-packages/gymnasium/envs/registration.py:512: DeprecationWarning: [33mWARN: The environment intersection-v0 is out of date. You should consider upgrading to version `v1`.[0m
  logger.deprecation(
/root/Textual-Rule-Explanations-of-Reinforcement-Learning/.venv/lib/python3.12/site-packages/gymnasium/envs/registration.py:512: DeprecationWarning: [33mWARN: The environment intersection-v0 is out of date. You should consider upgrading to version `v1`.[0m
  logger.deprecation(
/root/Textual-Rule-Explanations-of-Reinforcement-Learning/.venv/lib/python3.12/site-packages/gymnasium/envs/registration.py:512: DeprecationWarning: [33mWARN: The environment intersection-v0 is out of date. You should consider upgrading to version `v1`.[0m
  logger.deprecation(
/root/Textual-Rule-Explanations-of-Reinforcement-Learning/.venv/lib/python3.12/site-packages/gymnasium/envs/registration.py:512: DeprecationWarning: [33mWARN: The environment intersection-v0 is out of date. You should consider upgrading to version `v1`.[0m
  logger.deprecation(
/root/Textual-Rule-Explanations-of-Reinforcement-Learning/.venv/lib/python3.12/site-packages/gymnasium/envs/registration.py:512: DeprecationWarning: [33mWARN: The environment intersection-v0 is out of date. You should consider upgrading to version `v1`.[0m
  logger.deprecation(
/root/Textual-Rule-Explanations-of-Reinforcement-Learning/.venv/lib/python3.12/site-packages/gymnasium/envs/registration.py:512: DeprecationWarning: [33mWARN: The environment intersection-v0 is out of date. You should consider upgrading to version `v1`.[0m
  logger.deprecation(
/root/Textual-Rule-Explanations-of-Reinforcement-Learning/.venv/lib/python3.12/site-packages/gymnasium/envs/registration.py:512: DeprecationWarning: [33mWARN: The environment intersection-v0 is out of date. You should consider upgrading to version `v1`.[0m
  logger.deprecation(
/root/Textual-Rule-Explanations-of-Reinforcement-Learning/.venv/lib/python3.12/site-packages/gymnasium/envs/registration.py:512: DeprecationWarning: [33mWARN: The environment intersection-v0 is out of date. You should consider upgrading to version `v1`.[0m
  logger.deprecation(
/root/Textual-Rule-Explanations-of-Reinforcement-Learning/.venv/lib/python3.12/site-packages/gymnasium/envs/registration.py:512: DeprecationWarning: [33mWARN: The environment intersection-v0 is out of date. You should consider upgrading to version `v1`.[0m
  logger.deprecation(
/root/Textual-Rule-Explanations-of-Reinforcement-Learning/.venv/lib/python3.12/site-packages/gymnasium/envs/registration.py:512: DeprecationWarning: [33mWARN: The environment intersection-v0 is out of date. You should consider upgrading to version `v1`.[0m
  logger.deprecation(
/root/Textual-Rule-Explanations-of-Reinforcement-Learning/.venv/lib/python3.12/site-packages/gymnasium/envs/registration.py:512: DeprecationWarning: [33mWARN: The environment intersection-v0 is out of date. You should consider upgrading to version `v1`.[0m
  logger.deprecation(
/root/Textual-Rule-Explanations-of-Reinforcement-Learning/.venv/lib/python3.12/site-packages/gymnasium/envs/registration.py:512: DeprecationWarning: [33mWARN: The environment intersection-v0 is out of date. You should consider upgrading to version `v1`.[0m
  logger.deprecation(
/root/Textual-Rule-Explanations-of-Reinforcement-Learning/.venv/lib/python3.12/site-packages/gymnasium/envs/registration.py:512: DeprecationWarning: [33mWARN: The environment intersection-v0 is out of date. You should consider upgrading to version `v1`.[0m
  logger.deprecation(
/root/Textual-Rule-Explanations-of-Reinforcement-Learning/.venv/lib/python3.12/site-packages/gymnasium/envs/registration.py:512: DeprecationWarning: [33mWARN: The environment intersection-v0 is out of date. You should consider upgrading to version `v1`.[0m
  logger.deprecation(
/root/Textual-Rule-Explanations-of-Reinforcement-Learning/.venv/lib/python3.12/site-packages/gymnasium/envs/registration.py:512: DeprecationWarning: [33mWARN: The environment intersection-v0 is out of date. You should consider upgrading to version `v1`.[0m
  logger.deprecation(
/root/Textual-Rule-Explanations-of-Reinforcement-Learning/.venv/lib/python3.12/site-packages/gymnasium/envs/registration.py:512: DeprecationWarning: [33mWARN: The environment intersection-v0 is out of date. You should consider upgrading to version `v1`.[0m
  logger.deprecation(
/root/Textual-Rule-Explanations-of-Reinforcement-Learning/.venv/lib/python3.12/site-packages/gymnasium/envs/registration.py:512: DeprecationWarning: [33mWARN: The environment intersection-v0 is out of date. You should consider upgrading to version `v1`.[0m
  logger.deprecation(
/root/Textual-Rule-Explanations-of-Reinforcement-Learning/.venv/lib/python3.12/site-packages/gymnasium/envs/registration.py:512: DeprecationWarning: [33mWARN: The environment intersection-v0 is out of date. You should consider upgrading to version `v1`.[0m
  logger.deprecation(
/root/Textual-Rule-Explanations-of-Reinforcement-Learning/.venv/lib/python3.12/site-packages/gymnasium/envs/registration.py:512: DeprecationWarning: [33mWARN: The environment intersection-v0 is out of date. You should consider upgrading to version `v1`.[0m
  logger.deprecation(
/root/Textual-Rule-Explanations-of-Reinforcement-Learning/.venv/lib/python3.12/site-packages/gymnasium/envs/registration.py:512: DeprecationWarning: [33mWARN: The environment intersection-v0 is out of date. You should consider upgrading to version `v1`.[0m
  logger.deprecation(
/root/Textual-Rule-Explanations-of-Reinforcement-Learning/.venv/lib/python3.12/site-packages/gymnasium/envs/registration.py:512: DeprecationWarning: [33mWARN: The environment intersection-v0 is out of date. You should consider upgrading to version `v1`.[0m
  logger.deprecation(
/root/Textual-Rule-Explanations-of-Reinforcement-Learning/.venv/lib/python3.12/site-packages/gymnasium/envs/registration.py:512: DeprecationWarning: [33mWARN: The environment intersection-v0 is out of date. You should consider upgrading to version `v1`.[0m
  logger.deprecation(
/root/Textual-Rule-Explanations-of-Reinforcement-Learning/.venv/lib/python3.12/site-packages/gymnasium/envs/registration.py:512: DeprecationWarning: [33mWARN: The environment intersection-v0 is out of date. You should consider upgrading to version `v1`.[0m
  logger.deprecation(
/root/Textual-Rule-Explanations-of-Reinforcement-Learning/.venv/lib/python3.12/site-packages/gymnasium/envs/registration.py:512: DeprecationWarning: [33mWARN: The environment intersection-v0 is out of date. You should consider upgrading to version `v1`.[0m
  logger.deprecation(
return=1.97, collision=0.44
  [intersection-v0_ppo] behavior eval ps1_dt... /root/Textual-Rule-Explanations-of-Reinforcement-Learning/.venv/lib/python3.12/site-packages/gymnasium/envs/registration.py:512: DeprecationWarning: [33mWARN: The environment intersection-v0 is out of date. You should consider upgrading to version `v1`.[0m
  logger.deprecation(
/root/Textual-Rule-Explanations-of-Reinforcement-Learning/.venv/lib/python3.12/site-packages/gymnasium/envs/registration.py:512: DeprecationWarning: [33mWARN: The environment intersection-v0 is out of date. You should consider upgrading to version `v1`.[0m
  logger.deprecation(
/root/Textual-Rule-Explanations-of-Reinforcement-Learning/.venv/lib/python3.12/site-packages/gymnasium/envs/registration.py:512: DeprecationWarning: [33mWARN: The environment intersection-v0 is out of date. You should consider upgrading to version `v1`.[0m
  logger.deprecation(
/root/Textual-Rule-Explanations-of-Reinforcement-Learning/.venv/lib/python3.12/site-packages/gymnasium/envs/registration.py:512: DeprecationWarning: [33mWARN: The environment intersection-v0 is out of date. You should consider upgrading to version `v1`.[0m
  logger.deprecation(
/root/Textual-Rule-Explanations-of-Reinforcement-Learning/.venv/lib/python3.12/site-packages/gymnasium/envs/registration.py:512: DeprecationWarning: [33mWARN: The environment intersection-v0 is out of date. You should consider upgrading to version `v1`.[0m
  logger.deprecation(
/root/Textual-Rule-Explanations-of-Reinforcement-Learning/.venv/lib/python3.12/site-packages/gymnasium/envs/registration.py:512: DeprecationWarning: [33mWARN: The environment intersection-v0 is out of date. You should consider upgrading to version `v1`.[0m
  logger.deprecation(
/root/Textual-Rule-Explanations-of-Reinforcement-Learning/.venv/lib/python3.12/site-packages/gymnasium/envs/registration.py:512: DeprecationWarning: [33mWARN: The environment intersection-v0 is out of date. You should consider upgrading to version `v1`.[0m
  logger.deprecation(
/root/Textual-Rule-Explanations-of-Reinforcement-Learning/.venv/lib/python3.12/site-packages/gymnasium/envs/registration.py:512: DeprecationWarning: [33mWARN: The environment intersection-v0 is out of date. You should consider upgrading to version `v1`.[0m
  logger.deprecation(
/root/Textual-Rule-Explanations-of-Reinforcement-Learning/.venv/lib/python3.12/site-packages/gymnasium/envs/registration.py:512: DeprecationWarning: [33mWARN: The environment intersection-v0 is out of date. You should consider upgrading to version `v1`.[0m
  logger.deprecation(
/root/Textual-Rule-Explanations-of-Reinforcement-Learning/.venv/lib/python3.12/site-packages/gymnasium/envs/registration.py:512: DeprecationWarning: [33mWARN: The environment intersection-v0 is out of date. You should consider upgrading to version `v1`.[0m
  logger.deprecation(
/root/Textual-Rule-Explanations-of-Reinforcement-Learning/.venv/lib/python3.12/site-packages/gymnasium/envs/registration.py:512: DeprecationWarning: [33mWARN: The environment intersection-v0 is out of date. You should consider upgrading to version `v1`.[0m
  logger.deprecation(
/root/Textual-Rule-Explanations-of-Reinforcement-Learning/.venv/lib/python3.12/site-packages/gymnasium/envs/registration.py:512: DeprecationWarning: [33mWARN: The environment intersection-v0 is out of date. You should consider upgrading to version `v1`.[0m
  logger.deprecation(
/root/Textual-Rule-Explanations-of-Reinforcement-Learning/.venv/lib/python3.12/site-packages/gymnasium/envs/registration.py:512: DeprecationWarning: [33mWARN: The environment intersection-v0 is out of date. You should consider upgrading to version `v1`.[0m
  logger.deprecation(
/root/Textual-Rule-Explanations-of-Reinforcement-Learning/.venv/lib/python3.12/site-packages/gymnasium/envs/registration.py:512: DeprecationWarning: [33mWARN: The environment intersection-v0 is out of date. You should consider upgrading to version `v1`.[0m
  logger.deprecation(
/root/Textual-Rule-Explanations-of-Reinforcement-Learning/.venv/lib/python3.12/site-packages/gymnasium/envs/registration.py:512: DeprecationWarning: [33mWARN: The environment intersection-v0 is out of date. You should consider upgrading to version `v1`.[0m
  logger.deprecation(
/root/Textual-Rule-Explanations-of-Reinforcement-Learning/.venv/lib/python3.12/site-packages/gymnasium/envs/registration.py:512: DeprecationWarning: [33mWARN: The environment intersection-v0 is out of date. You should consider upgrading to version `v1`.[0m
  logger.deprecation(
/root/Textual-Rule-Explanations-of-Reinforcement-Learning/.venv/lib/python3.12/site-packages/gymnasium/envs/registration.py:512: DeprecationWarning: [33mWARN: The environment intersection-v0 is out of date. You should consider upgrading to version `v1`.[0m
  logger.deprecation(
/root/Textual-Rule-Explanations-of-Reinforcement-Learning/.venv/lib/python3.12/site-packages/gymnasium/envs/registration.py:512: DeprecationWarning: [33mWARN: The environment intersection-v0 is out of date. You should consider upgrading to version `v1`.[0m
  logger.deprecation(
/root/Textual-Rule-Explanations-of-Reinforcement-Learning/.venv/lib/python3.12/site-packages/gymnasium/envs/registration.py:512: DeprecationWarning: [33mWARN: The environment intersection-v0 is out of date. You should consider upgrading to version `v1`.[0m
  logger.deprecation(
/root/Textual-Rule-Explanations-of-Reinforcement-Learning/.venv/lib/python3.12/site-packages/gymnasium/envs/registration.py:512: DeprecationWarning: [33mWARN: The environment intersection-v0 is out of date. You should consider upgrading to version `v1`.[0m
  logger.deprecation(
/root/Textual-Rule-Explanations-of-Reinforcement-Learning/.venv/lib/python3.12/site-packages/gymnasium/envs/registration.py:512: DeprecationWarning: [33mWARN: The environment intersection-v0 is out of date. You should consider upgrading to version `v1`.[0m
  logger.deprecation(
/root/Textual-Rule-Explanations-of-Reinforcement-Learning/.venv/lib/python3.12/site-packages/gymnasium/envs/registration.py:512: DeprecationWarning: [33mWARN: The environment intersection-v0 is out of date. You should consider upgrading to version `v1`.[0m
  logger.deprecation(
/root/Textual-Rule-Explanations-of-Reinforcement-Learning/.venv/lib/python3.12/site-packages/gymnasium/envs/registration.py:512: DeprecationWarning: [33mWARN: The environment intersection-v0 is out of date. You should consider upgrading to version `v1`.[0m
  logger.deprecation(
/root/Textual-Rule-Explanations-of-Reinforcement-Learning/.venv/lib/python3.12/site-packages/gymnasium/envs/registration.py:512: DeprecationWarning: [33mWARN: The environment intersection-v0 is out of date. You should consider upgrading to version `v1`.[0m
  logger.deprecation(
/root/Textual-Rule-Explanations-of-Reinforcement-Learning/.venv/lib/python3.12/site-packages/gymnasium/envs/registration.py:512: DeprecationWarning: [33mWARN: The environment intersection-v0 is out of date. You should consider upgrading to version `v1`.[0m
  logger.deprecation(
/root/Textual-Rule-Explanations-of-Reinforcement-Learning/.venv/lib/python3.12/site-packages/gymnasium/envs/registration.py:512: DeprecationWarning: [33mWARN: The environment intersection-v0 is out of date. You should consider upgrading to version `v1`.[0m
  logger.deprecation(
/root/Textual-Rule-Explanations-of-Reinforcement-Learning/.venv/lib/python3.12/site-packages/gymnasium/envs/registration.py:512: DeprecationWarning: [33mWARN: The environment intersection-v0 is out of date. You should consider upgrading to version `v1`.[0m
  logger.deprecation(
/root/Textual-Rule-Explanations-of-Reinforcement-Learning/.venv/lib/python3.12/site-packages/gymnasium/envs/registration.py:512: DeprecationWarning: [33mWARN: The environment intersection-v0 is out of date. You should consider upgrading to version `v1`.[0m
  logger.deprecation(
/root/Textual-Rule-Explanations-of-Reinforcement-Learning/.venv/lib/python3.12/site-packages/gymnasium/envs/registration.py:512: DeprecationWarning: [33mWARN: The environment intersection-v0 is out of date. You should consider upgrading to version `v1`.[0m
  logger.deprecation(
/root/Textual-Rule-Explanations-of-Reinforcement-Learning/.venv/lib/python3.12/site-packages/gymnasium/envs/registration.py:512: DeprecationWarning: [33mWARN: The environment intersection-v0 is out of date. You should consider upgrading to version `v1`.[0m
  logger.deprecation(
/root/Textual-Rule-Explanations-of-Reinforcement-Learning/.venv/lib/python3.12/site-packages/gymnasium/envs/registration.py:512: DeprecationWarning: [33mWARN: The environment intersection-v0 is out of date. You should consider upgrading to version `v1`.[0m
  logger.deprecation(
/root/Textual-Rule-Explanations-of-Reinforcement-Learning/.venv/lib/python3.12/site-packages/gymnasium/envs/registration.py:512: DeprecationWarning: [33mWARN: The environment intersection-v0 is out of date. You should consider upgrading to version `v1`.[0m
  logger.deprecation(
/root/Textual-Rule-Explanations-of-Reinforcement-Learning/.venv/lib/python3.12/site-packages/gymnasium/envs/registration.py:512: DeprecationWarning: [33mWARN: The environment intersection-v0 is out of date. You should consider upgrading to version `v1`.[0m
  logger.deprecation(
/root/Textual-Rule-Explanations-of-Reinforcement-Learning/.venv/lib/python3.12/site-packages/gymnasium/envs/registration.py:512: DeprecationWarning: [33mWARN: The environment intersection-v0 is out of date. You should consider upgrading to version `v1`.[0m
  logger.deprecation(
/root/Textual-Rule-Explanations-of-Reinforcement-Learning/.venv/lib/python3.12/site-packages/gymnasium/envs/registration.py:512: DeprecationWarning: [33mWARN: The environment intersection-v0 is out of date. You should consider upgrading to version `v1`.[0m
  logger.deprecation(
/root/Textual-Rule-Explanations-of-Reinforcement-Learning/.venv/lib/python3.12/site-packages/gymnasium/envs/registration.py:512: DeprecationWarning: [33mWARN: The environment intersection-v0 is out of date. You should consider upgrading to version `v1`.[0m
  logger.deprecation(
/root/Textual-Rule-Explanations-of-Reinforcement-Learning/.venv/lib/python3.12/site-packages/gymnasium/envs/registration.py:512: DeprecationWarning: [33mWARN: The environment intersection-v0 is out of date. You should consider upgrading to version `v1`.[0m
  logger.deprecation(
return=2.00, collision=0.44
  [intersection-v0_ppo] behavior eval ps1_cbs... /root/Textual-Rule-Explanations-of-Reinforcement-Learning/.venv/lib/python3.12/site-packages/gymnasium/envs/registration.py:512: DeprecationWarning: [33mWARN: The environment intersection-v0 is out of date. You should consider upgrading to version `v1`.[0m
  logger.deprecation(
/root/Textual-Rule-Explanations-of-Reinforcement-Learning/.venv/lib/python3.12/site-packages/gymnasium/envs/registration.py:512: DeprecationWarning: [33mWARN: The environment intersection-v0 is out of date. You should consider upgrading to version `v1`.[0m
  logger.deprecation(
/root/Textual-Rule-Explanations-of-Reinforcement-Learning/.venv/lib/python3.12/site-packages/gymnasium/envs/registration.py:512: DeprecationWarning: [33mWARN: The environment intersection-v0 is out of date. You should consider upgrading to version `v1`.[0m
  logger.deprecation(
/root/Textual-Rule-Explanations-of-Reinforcement-Learning/.venv/lib/python3.12/site-packages/gymnasium/envs/registration.py:512: DeprecationWarning: [33mWARN: The environment intersection-v0 is out of date. You should consider upgrading to version `v1`.[0m
  logger.deprecation(
/root/Textual-Rule-Explanations-of-Reinforcement-Learning/.venv/lib/python3.12/site-packages/gymnasium/envs/registration.py:512: DeprecationWarning: [33mWARN: The environment intersection-v0 is out of date. You should consider upgrading to version `v1`.[0m
  logger.deprecation(
/root/Textual-Rule-Explanations-of-Reinforcement-Learning/.venv/lib/python3.12/site-packages/gymnasium/envs/registration.py:512: DeprecationWarning: [33mWARN: The environment intersection-v0 is out of date. You should consider upgrading to version `v1`.[0m
  logger.deprecation(
/root/Textual-Rule-Explanations-of-Reinforcement-Learning/.venv/lib/python3.12/site-packages/gymnasium/envs/registration.py:512: DeprecationWarning: [33mWARN: The environment intersection-v0 is out of date. You should consider upgrading to version `v1`.[0m
  logger.deprecation(
/root/Textual-Rule-Explanations-of-Reinforcement-Learning/.venv/lib/python3.12/site-packages/gymnasium/envs/registration.py:512: DeprecationWarning: [33mWARN: The environment intersection-v0 is out of date. You should consider upgrading to version `v1`.[0m
  logger.deprecation(
/root/Textual-Rule-Explanations-of-Reinforcement-Learning/.venv/lib/python3.12/site-packages/gymnasium/envs/registration.py:512: DeprecationWarning: [33mWARN: The environment intersection-v0 is out of date. You should consider upgrading to version `v1`.[0m
  logger.deprecation(
/root/Textual-Rule-Explanations-of-Reinforcement-Learning/.venv/lib/python3.12/site-packages/gymnasium/envs/registration.py:512: DeprecationWarning: [33mWARN: The environment intersection-v0 is out of date. You should consider upgrading to version `v1`.[0m
  logger.deprecation(
/root/Textual-Rule-Explanations-of-Reinforcement-Learning/.venv/lib/python3.12/site-packages/gymnasium/envs/registration.py:512: DeprecationWarning: [33mWARN: The environment intersection-v0 is out of date. You should consider upgrading to version `v1`.[0m
  logger.deprecation(
/root/Textual-Rule-Explanations-of-Reinforcement-Learning/.venv/lib/python3.12/site-packages/gymnasium/envs/registration.py:512: DeprecationWarning: [33mWARN: The environment intersection-v0 is out of date. You should consider upgrading to version `v1`.[0m
  logger.deprecation(
/root/Textual-Rule-Explanations-of-Reinforcement-Learning/.venv/lib/python3.12/site-packages/gymnasium/envs/registration.py:512: DeprecationWarning: [33mWARN: The environment intersection-v0 is out of date. You should consider upgrading to version `v1`.[0m
  logger.deprecation(
/root/Textual-Rule-Explanations-of-Reinforcement-Learning/.venv/lib/python3.12/site-packages/gymnasium/envs/registration.py:512: DeprecationWarning: [33mWARN: The environment intersection-v0 is out of date. You should consider upgrading to version `v1`.[0m
  logger.deprecation(
/root/Textual-Rule-Explanations-of-Reinforcement-Learning/.venv/lib/python3.12/site-packages/gymnasium/envs/registration.py:512: DeprecationWarning: [33mWARN: The environment intersection-v0 is out of date. You should consider upgrading to version `v1`.[0m
  logger.deprecation(
/root/Textual-Rule-Explanations-of-Reinforcement-Learning/.venv/lib/python3.12/site-packages/gymnasium/envs/registration.py:512: DeprecationWarning: [33mWARN: The environment intersection-v0 is out of date. You should consider upgrading to version `v1`.[0m
  logger.deprecation(
/root/Textual-Rule-Explanations-of-Reinforcement-Learning/.venv/lib/python3.12/site-packages/gymnasium/envs/registration.py:512: DeprecationWarning: [33mWARN: The environment intersection-v0 is out of date. You should consider upgrading to version `v1`.[0m
  logger.deprecation(
/root/Textual-Rule-Explanations-of-Reinforcement-Learning/.venv/lib/python3.12/site-packages/gymnasium/envs/registration.py:512: DeprecationWarning: [33mWARN: The environment intersection-v0 is out of date. You should consider upgrading to version `v1`.[0m
  logger.deprecation(
/root/Textual-Rule-Explanations-of-Reinforcement-Learning/.venv/lib/python3.12/site-packages/gymnasium/envs/registration.py:512: DeprecationWarning: [33mWARN: The environment intersection-v0 is out of date. You should consider upgrading to version `v1`.[0m
  logger.deprecation(
/root/Textual-Rule-Explanations-of-Reinforcement-Learning/.venv/lib/python3.12/site-packages/gymnasium/envs/registration.py:512: DeprecationWarning: [33mWARN: The environment intersection-v0 is out of date. You should consider upgrading to version `v1`.[0m
  logger.deprecation(
/root/Textual-Rule-Explanations-of-Reinforcement-Learning/.venv/lib/python3.12/site-packages/gymnasium/envs/registration.py:512: DeprecationWarning: [33mWARN: The environment intersection-v0 is out of date. You should consider upgrading to version `v1`.[0m
  logger.deprecation(
/root/Textual-Rule-Explanations-of-Reinforcement-Learning/.venv/lib/python3.12/site-packages/gymnasium/envs/registration.py:512: DeprecationWarning: [33mWARN: The environment intersection-v0 is out of date. You should consider upgrading to version `v1`.[0m
  logger.deprecation(
/root/Textual-Rule-Explanations-of-Reinforcement-Learning/.venv/lib/python3.12/site-packages/gymnasium/envs/registration.py:512: DeprecationWarning: [33mWARN: The environment intersection-v0 is out of date. You should consider upgrading to version `v1`.[0m
  logger.deprecation(
/root/Textual-Rule-Explanations-of-Reinforcement-Learning/.venv/lib/python3.12/site-packages/gymnasium/envs/registration.py:512: DeprecationWarning: [33mWARN: The environment intersection-v0 is out of date. You should consider upgrading to version `v1`.[0m
  logger.deprecation(
/root/Textual-Rule-Explanations-of-Reinforcement-Learning/.venv/lib/python3.12/site-packages/gymnasium/envs/registration.py:512: DeprecationWarning: [33mWARN: The environment intersection-v0 is out of date. You should consider upgrading to version `v1`.[0m
  logger.deprecation(
/root/Textual-Rule-Explanations-of-Reinforcement-Learning/.venv/lib/python3.12/site-packages/gymnasium/envs/registration.py:512: DeprecationWarning: [33mWARN: The environment intersection-v0 is out of date. You should consider upgrading to version `v1`.[0m
  logger.deprecation(
/root/Textual-Rule-Explanations-of-Reinforcement-Learning/.venv/lib/python3.12/site-packages/gymnasium/envs/registration.py:512: DeprecationWarning: [33mWARN: The environment intersection-v0 is out of date. You should consider upgrading to version `v1`.[0m
  logger.deprecation(
/root/Textual-Rule-Explanations-of-Reinforcement-Learning/.venv/lib/python3.12/site-packages/gymnasium/envs/registration.py:512: DeprecationWarning: [33mWARN: The environment intersection-v0 is out of date. You should consider upgrading to version `v1`.[0m
  logger.deprecation(
/root/Textual-Rule-Explanations-of-Reinforcement-Learning/.venv/lib/python3.12/site-packages/gymnasium/envs/registration.py:512: DeprecationWarning: [33mWARN: The environment intersection-v0 is out of date. You should consider upgrading to version `v1`.[0m
  logger.deprecation(
/root/Textual-Rule-Explanations-of-Reinforcement-Learning/.venv/lib/python3.12/site-packages/gymnasium/envs/registration.py:512: DeprecationWarning: [33mWARN: The environment intersection-v0 is out of date. You should consider upgrading to version `v1`.[0m
  logger.deprecation(
/root/Textual-Rule-Explanations-of-Reinforcement-Learning/.venv/lib/python3.12/site-packages/gymnasium/envs/registration.py:512: DeprecationWarning: [33mWARN: The environment intersection-v0 is out of date. You should consider upgrading to version `v1`.[0m
  logger.deprecation(
/root/Textual-Rule-Explanations-of-Reinforcement-Learning/.venv/lib/python3.12/site-packages/gymnasium/envs/registration.py:512: DeprecationWarning: [33mWARN: The environment intersection-v0 is out of date. You should consider upgrading to version `v1`.[0m
  logger.deprecation(
/root/Textual-Rule-Explanations-of-Reinforcement-Learning/.venv/lib/python3.12/site-packages/gymnasium/envs/registration.py:512: DeprecationWarning: [33mWARN: The environment intersection-v0 is out of date. You should consider upgrading to version `v1`.[0m
  logger.deprecation(
return=2.01, collision=0.44
  [intersection-v0_ppo] behavior eval ps2_cbs... /root/Textual-Rule-Explanations-of-Reinforcement-Learning/.venv/lib/python3.12/site-packages/gymnasium/envs/registration.py:512: DeprecationWarning: [33mWARN: The environment intersection-v0 is out of date. You should consider upgrading to version `v1`.[0m
  logger.deprecation(
return=2.05, collision=0.44
  [intersection-v0_ppo] behavior eval ps1_b3_vote... /root/Textual-Rule-Explanations-of-Reinforcement-Learning/.venv/lib/python3.12/site-packages/gymnasium/envs/registration.py:512: DeprecationWarning: [33mWARN: The environment intersection-v0 is out of date. You should consider upgrading to version `v1`.[0m
  logger.deprecation(
return=1.69, collision=0.46
  [intersection-v0_ppo] behavior eval ps2_b3_vote... /root/Textual-Rule-Explanations-of-Reinforcement-Learning/.venv/lib/python3.12/site-packages/gymnasium/envs/registration.py:512: DeprecationWarning: [33mWARN: The environment intersection-v0 is out of date. You should consider upgrading to version `v1`.[0m
  logger.deprecation(
return=1.97, collision=0.44
  [intersection-v0_ppo] behavior eval ps1_dt... /root/Textual-Rule-Explanations-of-Reinforcement-Learning/.venv/lib/python3.12/site-packages/gymnasium/envs/registration.py:512: DeprecationWarning: [33mWARN: The environment intersection-v0 is out of date. You should consider upgrading to version `v1`.[0m
  logger.deprecation(
/root/Textual-Rule-Explanations-of-Reinforcement-Learning/.venv/lib/python3.12/site-packages/gymnasium/envs/registration.py:512: DeprecationWarning: [33mWARN: The environment intersection-v0 is out of date. You should consider upgrading to version `v1`.[0m
  logger.deprecation(
/root/Textual-Rule-Explanations-of-Reinforcement-Learning/.venv/lib/python3.12/site-packages/gymnasium/envs/registration.py:512: DeprecationWarning: [33mWARN: The environment intersection-v0 is out of date. You should consider upgrading to version `v1`.[0m
  logger.deprecation(
/root/Textual-Rule-Explanations-of-Reinforcement-Learning/.venv/lib/python3.12/site-packages/gymnasium/envs/registration.py:512: DeprecationWarning: [33mWARN: The environment intersection-v0 is out of date. You should consider upgrading to version `v1`.[0m
  logger.deprecation(
/root/Textual-Rule-Explanations-of-Reinforcement-Learning/.venv/lib/python3.12/site-packages/gymnasium/envs/registration.py:512: DeprecationWarning: [33mWARN: The environment intersection-v0 is out of date. You should consider upgrading to version `v1`.[0m
  logger.deprecation(
/root/Textual-Rule-Explanations-of-Reinforcement-Learning/.venv/lib/python3.12/site-packages/gymnasium/envs/registration.py:512: DeprecationWarning: [33mWARN: The environment intersection-v0 is out of date. You should consider upgrading to version `v1`.[0m
  logger.deprecation(
/root/Textual-Rule-Explanations-of-Reinforcement-Learning/.venv/lib/python3.12/site-packages/gymnasium/envs/registration.py:512: DeprecationWarning: [33mWARN: The environment intersection-v0 is out of date. You should consider upgrading to version `v1`.[0m
  logger.deprecation(
/root/Textual-Rule-Explanations-of-Reinforcement-Learning/.venv/lib/python3.12/site-packages/gymnasium/envs/registration.py:512: DeprecationWarning: [33mWARN: The environment intersection-v0 is out of date. You should consider upgrading to version `v1`.[0m
  logger.deprecation(
/root/Textual-Rule-Explanations-of-Reinforcement-Learning/.venv/lib/python3.12/site-packages/gymnasium/envs/registration.py:512: DeprecationWarning: [33mWARN: The environment intersection-v0 is out of date. You should consider upgrading to version `v1`.[0m
  logger.deprecation(
/root/Textual-Rule-Explanations-of-Reinforcement-Learning/.venv/lib/python3.12/site-packages/gymnasium/envs/registration.py:512: DeprecationWarning: [33mWARN: The environment intersection-v0 is out of date. You should consider upgrading to version `v1`.[0m
  logger.deprecation(
/root/Textual-Rule-Explanations-of-Reinforcement-Learning/.venv/lib/python3.12/site-packages/gymnasium/envs/registration.py:512: DeprecationWarning: [33mWARN: The environment intersection-v0 is out of date. You should consider upgrading to version `v1`.[0m
  logger.deprecation(
/root/Textual-Rule-Explanations-of-Reinforcement-Learning/.venv/lib/python3.12/site-packages/gymnasium/envs/registration.py:512: DeprecationWarning: [33mWARN: The environment intersection-v0 is out of date. You should consider upgrading to version `v1`.[0m
  logger.deprecation(
/root/Textual-Rule-Explanations-of-Reinforcement-Learning/.venv/lib/python3.12/site-packages/gymnasium/envs/registration.py:512: DeprecationWarning: [33mWARN: The environment intersection-v0 is out of date. You should consider upgrading to version `v1`.[0m
  logger.deprecation(
/root/Textual-Rule-Explanations-of-Reinforcement-Learning/.venv/lib/python3.12/site-packages/gymnasium/envs/registration.py:512: DeprecationWarning: [33mWARN: The environment intersection-v0 is out of date. You should consider upgrading to version `v1`.[0m
  logger.deprecation(
/root/Textual-Rule-Explanations-of-Reinforcement-Learning/.venv/lib/python3.12/site-packages/gymnasium/envs/registration.py:512: DeprecationWarning: [33mWARN: The environment intersection-v0 is out of date. You should consider upgrading to version `v1`.[0m
  logger.deprecation(
/root/Textual-Rule-Explanations-of-Reinforcement-Learning/.venv/lib/python3.12/site-packages/gymnasium/envs/registration.py:512: DeprecationWarning: [33mWARN: The environment intersection-v0 is out of date. You should consider upgrading to version `v1`.[0m
  logger.deprecation(
/root/Textual-Rule-Explanations-of-Reinforcement-Learning/.venv/lib/python3.12/site-packages/gymnasium/envs/registration.py:512: DeprecationWarning: [33mWARN: The environment intersection-v0 is out of date. You should consider upgrading to version `v1`.[0m
  logger.deprecation(
/root/Textual-Rule-Explanations-of-Reinforcement-Learning/.venv/lib/python3.12/site-packages/gymnasium/envs/registration.py:512: DeprecationWarning: [33mWARN: The environment intersection-v0 is out of date. You should consider upgrading to version `v1`.[0m
  logger.deprecation(
/root/Textual-Rule-Explanations-of-Reinforcement-Learning/.venv/lib/python3.12/site-packages/gymnasium/envs/registration.py:512: DeprecationWarning: [33mWARN: The environment intersection-v0 is out of date. You should consider upgrading to version `v1`.[0m
  logger.deprecation(
/root/Textual-Rule-Explanations-of-Reinforcement-Learning/.venv/lib/python3.12/site-packages/gymnasium/envs/registration.py:512: DeprecationWarning: [33mWARN: The environment intersection-v0 is out of date. You should consider upgrading to version `v1`.[0m
  logger.deprecation(
/root/Textual-Rule-Explanations-of-Reinforcement-Learning/.venv/lib/python3.12/site-packages/gymnasium/envs/registration.py:512: DeprecationWarning: [33mWARN: The environment intersection-v0 is out of date. You should consider upgrading to version `v1`.[0m
  logger.deprecation(
/root/Textual-Rule-Explanations-of-Reinforcement-Learning/.venv/lib/python3.12/site-packages/gymnasium/envs/registration.py:512: DeprecationWarning: [33mWARN: The environment intersection-v0 is out of date. You should consider upgrading to version `v1`.[0m
  logger.deprecation(
/root/Textual-Rule-Explanations-of-Reinforcement-Learning/.venv/lib/python3.12/site-packages/gymnasium/envs/registration.py:512: DeprecationWarning: [33mWARN: The environment intersection-v0 is out of date. You should consider upgrading to version `v1`.[0m
  logger.deprecation(
/root/Textual-Rule-Explanations-of-Reinforcement-Learning/.venv/lib/python3.12/site-packages/gymnasium/envs/registration.py:512: DeprecationWarning: [33mWARN: The environment intersection-v0 is out of date. You should consider upgrading to version `v1`.[0m
  logger.deprecation(
/root/Textual-Rule-Explanations-of-Reinforcement-Learning/.venv/lib/python3.12/site-packages/gymnasium/envs/registration.py:512: DeprecationWarning: [33mWARN: The environment intersection-v0 is out of date. You should consider upgrading to version `v1`.[0m
  logger.deprecation(
/root/Textual-Rule-Explanations-of-Reinforcement-Learning/.venv/lib/python3.12/site-packages/gymnasium/envs/registration.py:512: DeprecationWarning: [33mWARN: The environment intersection-v0 is out of date. You should consider upgrading to version `v1`.[0m
  logger.deprecation(
/root/Textual-Rule-Explanations-of-Reinforcement-Learning/.venv/lib/python3.12/site-packages/gymnasium/envs/registration.py:512: DeprecationWarning: [33mWARN: The environment intersection-v0 is out of date. You should consider upgrading to version `v1`.[0m
  logger.deprecation(
/root/Textual-Rule-Explanations-of-Reinforcement-Learning/.venv/lib/python3.12/site-packages/gymnasium/envs/registration.py:512: DeprecationWarning: [33mWARN: The environment intersection-v0 is out of date. You should consider upgrading to version `v1`.[0m
  logger.deprecation(
/root/Textual-Rule-Explanations-of-Reinforcement-Learning/.venv/lib/python3.12/site-packages/gymnasium/envs/registration.py:512: DeprecationWarning: [33mWARN: The environment intersection-v0 is out of date. You should consider upgrading to version `v1`.[0m
  logger.deprecation(
/root/Textual-Rule-Explanations-of-Reinforcement-Learning/.venv/lib/python3.12/site-packages/gymnasium/envs/registration.py:512: DeprecationWarning: [33mWARN: The environment intersection-v0 is out of date. You should consider upgrading to version `v1`.[0m
  logger.deprecation(
/root/Textual-Rule-Explanations-of-Reinforcement-Learning/.venv/lib/python3.12/site-packages/gymnasium/envs/registration.py:512: DeprecationWarning: [33mWARN: The environment intersection-v0 is out of date. You should consider upgrading to version `v1`.[0m
  logger.deprecation(
/root/Textual-Rule-Explanations-of-Reinforcement-Learning/.venv/lib/python3.12/site-packages/gymnasium/envs/registration.py:512: DeprecationWarning: [33mWARN: The environment intersection-v0 is out of date. You should consider upgrading to version `v1`.[0m
  logger.deprecation(
/root/Textual-Rule-Explanations-of-Reinforcement-Learning/.venv/lib/python3.12/site-packages/gymnasium/envs/registration.py:512: DeprecationWarning: [33mWARN: The environment intersection-v0 is out of date. You should consider upgrading to version `v1`.[0m
  logger.deprecation(
/root/Textual-Rule-Explanations-of-Reinforcement-Learning/.venv/lib/python3.12/site-packages/gymnasium/envs/registration.py:512: DeprecationWarning: [33mWARN: The environment intersection-v0 is out of date. You should consider upgrading to version `v1`.[0m
  logger.deprecation(
/root/Textual-Rule-Explanations-of-Reinforcement-Learning/.venv/lib/python3.12/site-packages/gymnasium/envs/registration.py:512: DeprecationWarning: [33mWARN: The environment intersection-v0 is out of date. You should consider upgrading to version `v1`.[0m
  logger.deprecation(
return=1.79, collision=0.46
  [intersection-v0_ppo] behavior eval ps2_dt... /root/Textual-Rule-Explanations-of-Reinforcement-Learning/.venv/lib/python3.12/site-packages/gymnasium/envs/registration.py:512: DeprecationWarning: [33mWARN: The environment intersection-v0 is out of date. You should consider upgrading to version `v1`.[0m
  logger.deprecation(
/root/Textual-Rule-Explanations-of-Reinforcement-Learning/.venv/lib/python3.12/site-packages/gymnasium/envs/registration.py:512: DeprecationWarning: [33mWARN: The environment intersection-v0 is out of date. You should consider upgrading to version `v1`.[0m
  logger.deprecation(
/root/Textual-Rule-Explanations-of-Reinforcement-Learning/.venv/lib/python3.12/site-packages/gymnasium/envs/registration.py:512: DeprecationWarning: [33mWARN: The environment intersection-v0 is out of date. You should consider upgrading to version `v1`.[0m
  logger.deprecation(
/root/Textual-Rule-Explanations-of-Reinforcement-Learning/.venv/lib/python3.12/site-packages/gymnasium/envs/registration.py:512: DeprecationWarning: [33mWARN: The environment intersection-v0 is out of date. You should consider upgrading to version `v1`.[0m
  logger.deprecation(
/root/Textual-Rule-Explanations-of-Reinforcement-Learning/.venv/lib/python3.12/site-packages/gymnasium/envs/registration.py:512: DeprecationWarning: [33mWARN: The environment intersection-v0 is out of date. You should consider upgrading to version `v1`.[0m
  logger.deprecation(
/root/Textual-Rule-Explanations-of-Reinforcement-Learning/.venv/lib/python3.12/site-packages/gymnasium/envs/registration.py:512: DeprecationWarning: [33mWARN: The environment intersection-v0 is out of date. You should consider upgrading to version `v1`.[0m
  logger.deprecation(
/root/Textual-Rule-Explanations-of-Reinforcement-Learning/.venv/lib/python3.12/site-packages/gymnasium/envs/registration.py:512: DeprecationWarning: [33mWARN: The environment intersection-v0 is out of date. You should consider upgrading to version `v1`.[0m
  logger.deprecation(
/root/Textual-Rule-Explanations-of-Reinforcement-Learning/.venv/lib/python3.12/site-packages/gymnasium/envs/registration.py:512: DeprecationWarning: [33mWARN: The environment intersection-v0 is out of date. You should consider upgrading to version `v1`.[0m
  logger.deprecation(
/root/Textual-Rule-Explanations-of-Reinforcement-Learning/.venv/lib/python3.12/site-packages/gymnasium/envs/registration.py:512: DeprecationWarning: [33mWARN: The environment intersection-v0 is out of date. You should consider upgrading to version `v1`.[0m
  logger.deprecation(
/root/Textual-Rule-Explanations-of-Reinforcement-Learning/.venv/lib/python3.12/site-packages/gymnasium/envs/registration.py:512: DeprecationWarning: [33mWARN: The environment intersection-v0 is out of date. You should consider upgrading to version `v1`.[0m
  logger.deprecation(
/root/Textual-Rule-Explanations-of-Reinforcement-Learning/.venv/lib/python3.12/site-packages/gymnasium/envs/registration.py:512: DeprecationWarning: [33mWARN: The environment intersection-v0 is out of date. You should consider upgrading to version `v1`.[0m
  logger.deprecation(
/root/Textual-Rule-Explanations-of-Reinforcement-Learning/.venv/lib/python3.12/site-packages/gymnasium/envs/registration.py:512: DeprecationWarning: [33mWARN: The environment intersection-v0 is out of date. You should consider upgrading to version `v1`.[0m
  logger.deprecation(
/root/Textual-Rule-Explanations-of-Reinforcement-Learning/.venv/lib/python3.12/site-packages/gymnasium/envs/registration.py:512: DeprecationWarning: [33mWARN: The environment intersection-v0 is out of date. You should consider upgrading to version `v1`.[0m
  logger.deprecation(
/root/Textual-Rule-Explanations-of-Reinforcement-Learning/.venv/lib/python3.12/site-packages/gymnasium/envs/registration.py:512: DeprecationWarning: [33mWARN: The environment intersection-v0 is out of date. You should consider upgrading to version `v1`.[0m
  logger.deprecation(
/root/Textual-Rule-Explanations-of-Reinforcement-Learning/.venv/lib/python3.12/site-packages/gymnasium/envs/registration.py:512: DeprecationWarning: [33mWARN: The environment intersection-v0 is out of date. You should consider upgrading to version `v1`.[0m
  logger.deprecation(
/root/Textual-Rule-Explanations-of-Reinforcement-Learning/.venv/lib/python3.12/site-packages/gymnasium/envs/registration.py:512: DeprecationWarning: [33mWARN: The environment intersection-v0 is out of date. You should consider upgrading to version `v1`.[0m
  logger.deprecation(
/root/Textual-Rule-Explanations-of-Reinforcement-Learning/.venv/lib/python3.12/site-packages/gymnasium/envs/registration.py:512: DeprecationWarning: [33mWARN: The environment intersection-v0 is out of date. You should consider upgrading to version `v1`.[0m
  logger.deprecation(
/root/Textual-Rule-Explanations-of-Reinforcement-Learning/.venv/lib/python3.12/site-packages/gymnasium/envs/registration.py:512: DeprecationWarning: [33mWARN: The environment intersection-v0 is out of date. You should consider upgrading to version `v1`.[0m
  logger.deprecation(
/root/Textual-Rule-Explanations-of-Reinforcement-Learning/.venv/lib/python3.12/site-packages/gymnasium/envs/registration.py:512: DeprecationWarning: [33mWARN: The environment intersection-v0 is out of date. You should consider upgrading to version `v1`.[0m
  logger.deprecation(
/root/Textual-Rule-Explanations-of-Reinforcement-Learning/.venv/lib/python3.12/site-packages/gymnasium/envs/registration.py:512: DeprecationWarning: [33mWARN: The environment intersection-v0 is out of date. You should consider upgrading to version `v1`.[0m
  logger.deprecation(
/root/Textual-Rule-Explanations-of-Reinforcement-Learning/.venv/lib/python3.12/site-packages/gymnasium/envs/registration.py:512: DeprecationWarning: [33mWARN: The environment intersection-v0 is out of date. You should consider upgrading to version `v1`.[0m
  logger.deprecation(
/root/Textual-Rule-Explanations-of-Reinforcement-Learning/.venv/lib/python3.12/site-packages/gymnasium/envs/registration.py:512: DeprecationWarning: [33mWARN: The environment intersection-v0 is out of date. You should consider upgrading to version `v1`.[0m
  logger.deprecation(
/root/Textual-Rule-Explanations-of-Reinforcement-Learning/.venv/lib/python3.12/site-packages/gymnasium/envs/registration.py:512: DeprecationWarning: [33mWARN: The environment intersection-v0 is out of date. You should consider upgrading to version `v1`.[0m
  logger.deprecation(
/root/Textual-Rule-Explanations-of-Reinforcement-Learning/.venv/lib/python3.12/site-packages/gymnasium/envs/registration.py:512: DeprecationWarning: [33mWARN: The environment intersection-v0 is out of date. You should consider upgrading to version `v1`.[0m
  logger.deprecation(
/root/Textual-Rule-Explanations-of-Reinforcement-Learning/.venv/lib/python3.12/site-packages/gymnasium/envs/registration.py:512: DeprecationWarning: [33mWARN: The environment intersection-v0 is out of date. You should consider upgrading to version `v1`.[0m
  logger.deprecation(
/root/Textual-Rule-Explanations-of-Reinforcement-Learning/.venv/lib/python3.12/site-packages/gymnasium/envs/registration.py:512: DeprecationWarning: [33mWARN: The environment intersection-v0 is out of date. You should consider upgrading to version `v1`.[0m
  logger.deprecation(
/root/Textual-Rule-Explanations-of-Reinforcement-Learning/.venv/lib/python3.12/site-packages/gymnasium/envs/registration.py:512: DeprecationWarning: [33mWARN: The environment intersection-v0 is out of date. You should consider upgrading to version `v1`.[0m
  logger.deprecation(
/root/Textual-Rule-Explanations-of-Reinforcement-Learning/.venv/lib/python3.12/site-packages/gymnasium/envs/registration.py:512: DeprecationWarning: [33mWARN: The environment intersection-v0 is out of date. You should consider upgrading to version `v1`.[0m
  logger.deprecation(
/root/Textual-Rule-Explanations-of-Reinforcement-Learning/.venv/lib/python3.12/site-packages/gymnasium/envs/registration.py:512: DeprecationWarning: [33mWARN: The environment intersection-v0 is out of date. You should consider upgrading to version `v1`.[0m
  logger.deprecation(
/root/Textual-Rule-Explanations-of-Reinforcement-Learning/.venv/lib/python3.12/site-packages/gymnasium/envs/registration.py:512: DeprecationWarning: [33mWARN: The environment intersection-v0 is out of date. You should consider upgrading to version `v1`.[0m
  logger.deprecation(
return=2.01, collision=0.44
  [intersection-v0_ppo] behavior eval ps2_cbs... /root/Textual-Rule-Explanations-of-Reinforcement-Learning/.venv/lib/python3.12/site-packages/gymnasium/envs/registration.py:512: DeprecationWarning: [33mWARN: The environment intersection-v0 is out of date. You should consider upgrading to version `v1`.[0m
  logger.deprecation(
/root/Textual-Rule-Explanations-of-Reinforcement-Learning/.venv/lib/python3.12/site-packages/gymnasium/envs/registration.py:512: DeprecationWarning: [33mWARN: The environment intersection-v0 is out of date. You should consider upgrading to version `v1`.[0m
  logger.deprecation(
/root/Textual-Rule-Explanations-of-Reinforcement-Learning/.venv/lib/python3.12/site-packages/gymnasium/envs/registration.py:512: DeprecationWarning: [33mWARN: The environment intersection-v0 is out of date. You should consider upgrading to version `v1`.[0m
  logger.deprecation(
/root/Textual-Rule-Explanations-of-Reinforcement-Learning/.venv/lib/python3.12/site-packages/gymnasium/envs/registration.py:512: DeprecationWarning: [33mWARN: The environment intersection-v0 is out of date. You should consider upgrading to version `v1`.[0m
  logger.deprecation(
/root/Textual-Rule-Explanations-of-Reinforcement-Learning/.venv/lib/python3.12/site-packages/gymnasium/envs/registration.py:512: DeprecationWarning: [33mWARN: The environment intersection-v0 is out of date. You should consider upgrading to version `v1`.[0m
  logger.deprecation(
/root/Textual-Rule-Explanations-of-Reinforcement-Learning/.venv/lib/python3.12/site-packages/gymnasium/envs/registration.py:512: DeprecationWarning: [33mWARN: The environment intersection-v0 is out of date. You should consider upgrading to version `v1`.[0m
  logger.deprecation(
/root/Textual-Rule-Explanations-of-Reinforcement-Learning/.venv/lib/python3.12/site-packages/gymnasium/envs/registration.py:512: DeprecationWarning: [33mWARN: The environment intersection-v0 is out of date. You should consider upgrading to version `v1`.[0m
  logger.deprecation(
/root/Textual-Rule-Explanations-of-Reinforcement-Learning/.venv/lib/python3.12/site-packages/gymnasium/envs/registration.py:512: DeprecationWarning: [33mWARN: The environment intersection-v0 is out of date. You should consider upgrading to version `v1`.[0m
  logger.deprecation(
/root/Textual-Rule-Explanations-of-Reinforcement-Learning/.venv/lib/python3.12/site-packages/gymnasium/envs/registration.py:512: DeprecationWarning: [33mWARN: The environment intersection-v0 is out of date. You should consider upgrading to version `v1`.[0m
  logger.deprecation(
/root/Textual-Rule-Explanations-of-Reinforcement-Learning/.venv/lib/python3.12/site-packages/gymnasium/envs/registration.py:512: DeprecationWarning: [33mWARN: The environment intersection-v0 is out of date. You should consider upgrading to version `v1`.[0m
  logger.deprecation(
/root/Textual-Rule-Explanations-of-Reinforcement-Learning/.venv/lib/python3.12/site-packages/gymnasium/envs/registration.py:512: DeprecationWarning: [33mWARN: The environment intersection-v0 is out of date. You should consider upgrading to version `v1`.[0m
  logger.deprecation(
/root/Textual-Rule-Explanations-of-Reinforcement-Learning/.venv/lib/python3.12/site-packages/gymnasium/envs/registration.py:512: DeprecationWarning: [33mWARN: The environment intersection-v0 is out of date. You should consider upgrading to version `v1`.[0m
  logger.deprecation(
/root/Textual-Rule-Explanations-of-Reinforcement-Learning/.venv/lib/python3.12/site-packages/gymnasium/envs/registration.py:512: DeprecationWarning: [33mWARN: The environment intersection-v0 is out of date. You should consider upgrading to version `v1`.[0m
  logger.deprecation(
/root/Textual-Rule-Explanations-of-Reinforcement-Learning/.venv/lib/python3.12/site-packages/gymnasium/envs/registration.py:512: DeprecationWarning: [33mWARN: The environment intersection-v0 is out of date. You should consider upgrading to version `v1`.[0m
  logger.deprecation(
/root/Textual-Rule-Explanations-of-Reinforcement-Learning/.venv/lib/python3.12/site-packages/gymnasium/envs/registration.py:512: DeprecationWarning: [33mWARN: The environment intersection-v0 is out of date. You should consider upgrading to version `v1`.[0m
  logger.deprecation(
/root/Textual-Rule-Explanations-of-Reinforcement-Learning/.venv/lib/python3.12/site-packages/gymnasium/envs/registration.py:512: DeprecationWarning: [33mWARN: The environment intersection-v0 is out of date. You should consider upgrading to version `v1`.[0m
  logger.deprecation(
/root/Textual-Rule-Explanations-of-Reinforcement-Learning/.venv/lib/python3.12/site-packages/gymnasium/envs/registration.py:512: DeprecationWarning: [33mWARN: The environment intersection-v0 is out of date. You should consider upgrading to version `v1`.[0m
  logger.deprecation(
/root/Textual-Rule-Explanations-of-Reinforcement-Learning/.venv/lib/python3.12/site-packages/gymnasium/envs/registration.py:512: DeprecationWarning: [33mWARN: The environment intersection-v0 is out of date. You should consider upgrading to version `v1`.[0m
  logger.deprecation(
/root/Textual-Rule-Explanations-of-Reinforcement-Learning/.venv/lib/python3.12/site-packages/gymnasium/envs/registration.py:512: DeprecationWarning: [33mWARN: The environment intersection-v0 is out of date. You should consider upgrading to version `v1`.[0m
  logger.deprecation(
/root/Textual-Rule-Explanations-of-Reinforcement-Learning/.venv/lib/python3.12/site-packages/gymnasium/envs/registration.py:512: DeprecationWarning: [33mWARN: The environment intersection-v0 is out of date. You should consider upgrading to version `v1`.[0m
  logger.deprecation(
/root/Textual-Rule-Explanations-of-Reinforcement-Learning/.venv/lib/python3.12/site-packages/gymnasium/envs/registration.py:512: DeprecationWarning: [33mWARN: The environment intersection-v0 is out of date. You should consider upgrading to version `v1`.[0m
  logger.deprecation(
/root/Textual-Rule-Explanations-of-Reinforcement-Learning/.venv/lib/python3.12/site-packages/gymnasium/envs/registration.py:512: DeprecationWarning: [33mWARN: The environment intersection-v0 is out of date. You should consider upgrading to version `v1`.[0m
  logger.deprecation(
/root/Textual-Rule-Explanations-of-Reinforcement-Learning/.venv/lib/python3.12/site-packages/gymnasium/envs/registration.py:512: DeprecationWarning: [33mWARN: The environment intersection-v0 is out of date. You should consider upgrading to version `v1`.[0m
  logger.deprecation(
/root/Textual-Rule-Explanations-of-Reinforcement-Learning/.venv/lib/python3.12/site-packages/gymnasium/envs/registration.py:512: DeprecationWarning: [33mWARN: The environment intersection-v0 is out of date. You should consider upgrading to version `v1`.[0m
  logger.deprecation(
/root/Textual-Rule-Explanations-of-Reinforcement-Learning/.venv/lib/python3.12/site-packages/gymnasium/envs/registration.py:512: DeprecationWarning: [33mWARN: The environment intersection-v0 is out of date. You should consider upgrading to version `v1`.[0m
  logger.deprecation(
/root/Textual-Rule-Explanations-of-Reinforcement-Learning/.venv/lib/python3.12/site-packages/gymnasium/envs/registration.py:512: DeprecationWarning: [33mWARN: The environment intersection-v0 is out of date. You should consider upgrading to version `v1`.[0m
  logger.deprecation(
/root/Textual-Rule-Explanations-of-Reinforcement-Learning/.venv/lib/python3.12/site-packages/gymnasium/envs/registration.py:512: DeprecationWarning: [33mWARN: The environment intersection-v0 is out of date. You should consider upgrading to version `v1`.[0m
  logger.deprecation(
/root/Textual-Rule-Explanations-of-Reinforcement-Learning/.venv/lib/python3.12/site-packages/gymnasium/envs/registration.py:512: DeprecationWarning: [33mWARN: The environment intersection-v0 is out of date. You should consider upgrading to version `v1`.[0m
  logger.deprecation(
/root/Textual-Rule-Explanations-of-Reinforcement-Learning/.venv/lib/python3.12/site-packages/gymnasium/envs/registration.py:512: DeprecationWarning: [33mWARN: The environment intersection-v0 is out of date. You should consider upgrading to version `v1`.[0m
  logger.deprecation(
/root/Textual-Rule-Explanations-of-Reinforcement-Learning/.venv/lib/python3.12/site-packages/gymnasium/envs/registration.py:512: DeprecationWarning: [33mWARN: The environment intersection-v0 is out of date. You should consider upgrading to version `v1`.[0m
  logger.deprecation(
/root/Textual-Rule-Explanations-of-Reinforcement-Learning/.venv/lib/python3.12/site-packages/gymnasium/envs/registration.py:512: DeprecationWarning: [33mWARN: The environment intersection-v0 is out of date. You should consider upgrading to version `v1`.[0m
  logger.deprecation(
/root/Textual-Rule-Explanations-of-Reinforcement-Learning/.venv/lib/python3.12/site-packages/gymnasium/envs/registration.py:512: DeprecationWarning: [33mWARN: The environment intersection-v0 is out of date. You should consider upgrading to version `v1`.[0m
  logger.deprecation(
/root/Textual-Rule-Explanations-of-Reinforcement-Learning/.venv/lib/python3.12/site-packages/gymnasium/envs/registration.py:512: DeprecationWarning: [33mWARN: The environment intersection-v0 is out of date. You should consider upgrading to version `v1`.[0m
  logger.deprecation(
/root/Textual-Rule-Explanations-of-Reinforcement-Learning/.venv/lib/python3.12/site-packages/gymnasium/envs/registration.py:512: DeprecationWarning: [33mWARN: The environment intersection-v0 is out of date. You should consider upgrading to version `v1`.[0m
  logger.deprecation(
/root/Textual-Rule-Explanations-of-Reinforcement-Learning/.venv/lib/python3.12/site-packages/gymnasium/envs/registration.py:512: DeprecationWarning: [33mWARN: The environment intersection-v0 is out of date. You should consider upgrading to version `v1`.[0m
  logger.deprecation(
/root/Textual-Rule-Explanations-of-Reinforcement-Learning/.venv/lib/python3.12/site-packages/gymnasium/envs/registration.py:512: DeprecationWarning: [33mWARN: The environment intersection-v0 is out of date. You should consider upgrading to version `v1`.[0m
  logger.deprecation(
return=1.85, collision=0.44

============================================================
  Pipeline complete in 403s (6.7min)
============================================================
/root/Textual-Rule-Explanations-of-Reinforcement-Learning/.venv/lib/python3.12/site-packages/pygame/pkgdata.py:25: UserWarning: pkg_resources is deprecated as an API. See https://setuptools.pypa.io/en/latest/pkg_resources.html. The pkg_resources package is slated for removal as early as 2025-11-30. Refrain from using this package or pin to Setuptools<81.
  from pkg_resources import resource_stream, resource_exists

############################################################
  PHASE: STATISTICS
############################################################

/root/Textual-Rule-Explanations-of-Reinforcement-Learning/.venv/lib/python3.12/site-packages/scipy/stats/_wilcoxon.py:181: RuntimeWarning: invalid value encountered in scalar divide
  z = (r_plus - mn) / se
return=1.69, collision=0.46
  [intersection-v0_ppo] behavior eval ps2_b3_vote... Statistical analysis complete: 4 combo comparisons.

============================================================
  Pipeline complete in 2s (0.0min)
============================================================
/root/Textual-Rule-Explanations-of-Reinforcement-Learning/.venv/lib/python3.12/site-packages/pygame/pkgdata.py:25: UserWarning: pkg_resources is deprecated as an API. See https://setuptools.pypa.io/en/latest/pkg_resources.html. The pkg_resources package is slated for removal as early as 2025-11-30. Refrain from using this package or pin to Setuptools<81.
  from pkg_resources import resource_stream, resource_exists

############################################################
  PHASE: TABLES
############################################################

Traceback (most recent call last):
  File "/root/Textual-Rule-Explanations-of-Reinforcement-Learning/.venv/lib/python3.12/site-packages/pandas/compat/_optional.py", line 158, in import_optional_dependency
    module = importlib.import_module(name)
             ^^^^^^^^^^^^^^^^^^^^^^^^^^^^^
  File "/root/miniconda3/lib/python3.12/importlib/__init__.py", line 90, in import_module
    return _bootstrap._gcd_import(name[level:], package, level)
           ^^^^^^^^^^^^^^^^^^^^^^^^^^^^^^^^^^^^^^^^^^^^^^^^^^^^
  File "<frozen importlib._bootstrap>", line 1387, in _gcd_import
  File "<frozen importlib._bootstrap>", line 1360, in _find_and_load
  File "<frozen importlib._bootstrap>", line 1324, in _find_and_load_unlocked
ModuleNotFoundError: No module named 'tabulate'

The above exception was the direct cause of the following exception:

Traceback (most recent call last):
  File "/root/Textual-Rule-Explanations-of-Reinforcement-Learning/experiments/run_highway_experiments.py", line 2635, in <module>
    main()
  File "/root/Textual-Rule-Explanations-of-Reinforcement-Learning/experiments/run_highway_experiments.py", line 2622, in main
    generate_main_table()
  File "/root/Textual-Rule-Explanations-of-Reinforcement-Learning/experiments/run_highway_experiments.py", line 2056, in generate_main_table
    df.to_markdown(md_path, index=False)
  File "/root/Textual-Rule-Explanations-of-Reinforcement-Learning/.venv/lib/python3.12/site-packages/pandas/core/frame.py", line 2983, in to_markdown
    tabulate = import_optional_dependency("tabulate")
               ^^^^^^^^^^^^^^^^^^^^^^^^^^^^^^^^^^^^^^
  File "/root/Textual-Rule-Explanations-of-Reinforcement-Learning/.venv/lib/python3.12/site-packages/pandas/compat/_optional.py", line 161, in import_optional_dependency
    raise ImportError(msg) from err
ImportError: `Import tabulate` failed.  Use pip or conda to install the tabulate package.
/root/Textual-Rule-Explanations-of-Reinforcement-Learning/.venv/lib/python3.12/site-packages/gymnasium/envs/registration.py:512: DeprecationWarning: [33mWARN: The environment intersection-v0 is out of date. You should consider upgrading to version `v1`.[0m
  logger.deprecation(
return=1.79, collision=0.46
  [intersection-v0_ppo] behavior eval ps2_dt... /root/Textual-Rule-Explanations-of-Reinforcement-Learning/.venv/lib/python3.12/site-packages/gymnasium/envs/registration.py:512: DeprecationWarning: [33mWARN: The environment intersection-v0 is out of date. You should consider upgrading to version `v1`.[0m
  logger.deprecation(
/root/Textual-Rule-Explanations-of-Reinforcement-Learning/.venv/lib/python3.12/site-packages/gymnasium/envs/registration.py:512: DeprecationWarning: [33mWARN: The environment intersection-v0 is out of date. You should consider upgrading to version `v1`.[0m
  logger.deprecation(
/root/Textual-Rule-Explanations-of-Reinforcement-Learning/.venv/lib/python3.12/site-packages/gymnasium/envs/registration.py:512: DeprecationWarning: [33mWARN: The environment intersection-v0 is out of date. You should consider upgrading to version `v1`.[0m
  logger.deprecation(
/root/Textual-Rule-Explanations-of-Reinforcement-Learning/.venv/lib/python3.12/site-packages/gymnasium/envs/registration.py:512: DeprecationWarning: [33mWARN: The environment intersection-v0 is out of date. You should consider upgrading to version `v1`.[0m
  logger.deprecation(
/root/Textual-Rule-Explanations-of-Reinforcement-Learning/.venv/lib/python3.12/site-packages/gymnasium/envs/registration.py:512: DeprecationWarning: [33mWARN: The environment intersection-v0 is out of date. You should consider upgrading to version `v1`.[0m
  logger.deprecation(
/root/Textual-Rule-Explanations-of-Reinforcement-Learning/.venv/lib/python3.12/site-packages/gymnasium/envs/registration.py:512: DeprecationWarning: [33mWARN: The environment intersection-v0 is out of date. You should consider upgrading to version `v1`.[0m
  logger.deprecation(
/root/Textual-Rule-Explanations-of-Reinforcement-Learning/.venv/lib/python3.12/site-packages/gymnasium/envs/registration.py:512: DeprecationWarning: [33mWARN: The environment intersection-v0 is out of date. You should consider upgrading to version `v1`.[0m
  logger.deprecation(
/root/Textual-Rule-Explanations-of-Reinforcement-Learning/.venv/lib/python3.12/site-packages/gymnasium/envs/registration.py:512: DeprecationWarning: [33mWARN: The environment intersection-v0 is out of date. You should consider upgrading to version `v1`.[0m
  logger.deprecation(
/root/Textual-Rule-Explanations-of-Reinforcement-Learning/.venv/lib/python3.12/site-packages/gymnasium/envs/registration.py:512: DeprecationWarning: [33mWARN: The environment intersection-v0 is out of date. You should consider upgrading to version `v1`.[0m
  logger.deprecation(
/root/Textual-Rule-Explanations-of-Reinforcement-Learning/.venv/lib/python3.12/site-packages/gymnasium/envs/registration.py:512: DeprecationWarning: [33mWARN: The environment intersection-v0 is out of date. You should consider upgrading to version `v1`.[0m
  logger.deprecation(
/root/Textual-Rule-Explanations-of-Reinforcement-Learning/.venv/lib/python3.12/site-packages/gymnasium/envs/registration.py:512: DeprecationWarning: [33mWARN: The environment intersection-v0 is out of date. You should consider upgrading to version `v1`.[0m
  logger.deprecation(
/root/Textual-Rule-Explanations-of-Reinforcement-Learning/.venv/lib/python3.12/site-packages/gymnasium/envs/registration.py:512: DeprecationWarning: [33mWARN: The environment intersection-v0 is out of date. You should consider upgrading to version `v1`.[0m
  logger.deprecation(
/root/Textual-Rule-Explanations-of-Reinforcement-Learning/.venv/lib/python3.12/site-packages/gymnasium/envs/registration.py:512: DeprecationWarning: [33mWARN: The environment intersection-v0 is out of date. You should consider upgrading to version `v1`.[0m
  logger.deprecation(
/root/Textual-Rule-Explanations-of-Reinforcement-Learning/.venv/lib/python3.12/site-packages/gymnasium/envs/registration.py:512: DeprecationWarning: [33mWARN: The environment intersection-v0 is out of date. You should consider upgrading to version `v1`.[0m
  logger.deprecation(
/root/Textual-Rule-Explanations-of-Reinforcement-Learning/.venv/lib/python3.12/site-packages/gymnasium/envs/registration.py:512: DeprecationWarning: [33mWARN: The environment intersection-v0 is out of date. You should consider upgrading to version `v1`.[0m
  logger.deprecation(
/root/Textual-Rule-Explanations-of-Reinforcement-Learning/.venv/lib/python3.12/site-packages/gymnasium/envs/registration.py:512: DeprecationWarning: [33mWARN: The environment intersection-v0 is out of date. You should consider upgrading to version `v1`.[0m
  logger.deprecation(
/root/Textual-Rule-Explanations-of-Reinforcement-Learning/.venv/lib/python3.12/site-packages/gymnasium/envs/registration.py:512: DeprecationWarning: [33mWARN: The environment intersection-v0 is out of date. You should consider upgrading to version `v1`.[0m
  logger.deprecation(
/root/Textual-Rule-Explanations-of-Reinforcement-Learning/.venv/lib/python3.12/site-packages/gymnasium/envs/registration.py:512: DeprecationWarning: [33mWARN: The environment intersection-v0 is out of date. You should consider upgrading to version `v1`.[0m
  logger.deprecation(
/root/Textual-Rule-Explanations-of-Reinforcement-Learning/.venv/lib/python3.12/site-packages/gymnasium/envs/registration.py:512: DeprecationWarning: [33mWARN: The environment intersection-v0 is out of date. You should consider upgrading to version `v1`.[0m
  logger.deprecation(
/root/Textual-Rule-Explanations-of-Reinforcement-Learning/.venv/lib/python3.12/site-packages/gymnasium/envs/registration.py:512: DeprecationWarning: [33mWARN: The environment intersection-v0 is out of date. You should consider upgrading to version `v1`.[0m
  logger.deprecation(
/root/Textual-Rule-Explanations-of-Reinforcement-Learning/.venv/lib/python3.12/site-packages/gymnasium/envs/registration.py:512: DeprecationWarning: [33mWARN: The environment intersection-v0 is out of date. You should consider upgrading to version `v1`.[0m
  logger.deprecation(
/root/Textual-Rule-Explanations-of-Reinforcement-Learning/.venv/lib/python3.12/site-packages/gymnasium/envs/registration.py:512: DeprecationWarning: [33mWARN: The environment intersection-v0 is out of date. You should consider upgrading to version `v1`.[0m
  logger.deprecation(
/root/Textual-Rule-Explanations-of-Reinforcement-Learning/.venv/lib/python3.12/site-packages/gymnasium/envs/registration.py:512: DeprecationWarning: [33mWARN: The environment intersection-v0 is out of date. You should consider upgrading to version `v1`.[0m
  logger.deprecation(
/root/Textual-Rule-Explanations-of-Reinforcement-Learning/.venv/lib/python3.12/site-packages/gymnasium/envs/registration.py:512: DeprecationWarning: [33mWARN: The environment intersection-v0 is out of date. You should consider upgrading to version `v1`.[0m
  logger.deprecation(
/root/Textual-Rule-Explanations-of-Reinforcement-Learning/.venv/lib/python3.12/site-packages/gymnasium/envs/registration.py:512: DeprecationWarning: [33mWARN: The environment intersection-v0 is out of date. You should consider upgrading to version `v1`.[0m
  logger.deprecation(
/root/Textual-Rule-Explanations-of-Reinforcement-Learning/.venv/lib/python3.12/site-packages/gymnasium/envs/registration.py:512: DeprecationWarning: [33mWARN: The environment intersection-v0 is out of date. You should consider upgrading to version `v1`.[0m
  logger.deprecation(
/root/Textual-Rule-Explanations-of-Reinforcement-Learning/.venv/lib/python3.12/site-packages/gymnasium/envs/registration.py:512: DeprecationWarning: [33mWARN: The environment intersection-v0 is out of date. You should consider upgrading to version `v1`.[0m
  logger.deprecation(
/root/Textual-Rule-Explanations-of-Reinforcement-Learning/.venv/lib/python3.12/site-packages/gymnasium/envs/registration.py:512: DeprecationWarning: [33mWARN: The environment intersection-v0 is out of date. You should consider upgrading to version `v1`.[0m
  logger.deprecation(
/root/Textual-Rule-Explanations-of-Reinforcement-Learning/.venv/lib/python3.12/site-packages/gymnasium/envs/registration.py:512: DeprecationWarning: [33mWARN: The environment intersection-v0 is out of date. You should consider upgrading to version `v1`.[0m
  logger.deprecation(
/root/Textual-Rule-Explanations-of-Reinforcement-Learning/.venv/lib/python3.12/site-packages/gymnasium/envs/registration.py:512: DeprecationWarning: [33mWARN: The environment intersection-v0 is out of date. You should consider upgrading to version `v1`.[0m
  logger.deprecation(
/root/Textual-Rule-Explanations-of-Reinforcement-Learning/.venv/lib/python3.12/site-packages/gymnasium/envs/registration.py:512: DeprecationWarning: [33mWARN: The environment intersection-v0 is out of date. You should consider upgrading to version `v1`.[0m
  logger.deprecation(
/root/Textual-Rule-Explanations-of-Reinforcement-Learning/.venv/lib/python3.12/site-packages/gymnasium/envs/registration.py:512: DeprecationWarning: [33mWARN: The environment intersection-v0 is out of date. You should consider upgrading to version `v1`.[0m
  logger.deprecation(
/root/Textual-Rule-Explanations-of-Reinforcement-Learning/.venv/lib/python3.12/site-packages/gymnasium/envs/registration.py:512: DeprecationWarning: [33mWARN: The environment intersection-v0 is out of date. You should consider upgrading to version `v1`.[0m
  logger.deprecation(
/root/Textual-Rule-Explanations-of-Reinforcement-Learning/.venv/lib/python3.12/site-packages/gymnasium/envs/registration.py:512: DeprecationWarning: [33mWARN: The environment intersection-v0 is out of date. You should consider upgrading to version `v1`.[0m
  logger.deprecation(
/root/Textual-Rule-Explanations-of-Reinforcement-Learning/.venv/lib/python3.12/site-packages/gymnasium/envs/registration.py:512: DeprecationWarning: [33mWARN: The environment intersection-v0 is out of date. You should consider upgrading to version `v1`.[0m
  logger.deprecation(
/root/Textual-Rule-Explanations-of-Reinforcement-Learning/.venv/lib/python3.12/site-packages/gymnasium/envs/registration.py:512: DeprecationWarning: [33mWARN: The environment intersection-v0 is out of date. You should consider upgrading to version `v1`.[0m
  logger.deprecation(
/root/Textual-Rule-Explanations-of-Reinforcement-Learning/.venv/lib/python3.12/site-packages/gymnasium/envs/registration.py:512: DeprecationWarning: [33mWARN: The environment intersection-v0 is out of date. You should consider upgrading to version `v1`.[0m
  logger.deprecation(
/root/Textual-Rule-Explanations-of-Reinforcement-Learning/.venv/lib/python3.12/site-packages/gymnasium/envs/registration.py:512: DeprecationWarning: [33mWARN: The environment intersection-v0 is out of date. You should consider upgrading to version `v1`.[0m
  logger.deprecation(
/root/Textual-Rule-Explanations-of-Reinforcement-Learning/.venv/lib/python3.12/site-packages/gymnasium/envs/registration.py:512: DeprecationWarning: [33mWARN: The environment intersection-v0 is out of date. You should consider upgrading to version `v1`.[0m
  logger.deprecation(
/root/Textual-Rule-Explanations-of-Reinforcement-Learning/.venv/lib/python3.12/site-packages/gymnasium/envs/registration.py:512: DeprecationWarning: [33mWARN: The environment intersection-v0 is out of date. You should consider upgrading to version `v1`.[0m
  logger.deprecation(
/root/Textual-Rule-Explanations-of-Reinforcement-Learning/.venv/lib/python3.12/site-packages/gymnasium/envs/registration.py:512: DeprecationWarning: [33mWARN: The environment intersection-v0 is out of date. You should consider upgrading to version `v1`.[0m
  logger.deprecation(
/root/Textual-Rule-Explanations-of-Reinforcement-Learning/.venv/lib/python3.12/site-packages/gymnasium/envs/registration.py:512: DeprecationWarning: [33mWARN: The environment intersection-v0 is out of date. You should consider upgrading to version `v1`.[0m
  logger.deprecation(
/root/Textual-Rule-Explanations-of-Reinforcement-Learning/.venv/lib/python3.12/site-packages/gymnasium/envs/registration.py:512: DeprecationWarning: [33mWARN: The environment intersection-v0 is out of date. You should consider upgrading to version `v1`.[0m
  logger.deprecation(
/root/Textual-Rule-Explanations-of-Reinforcement-Learning/.venv/lib/python3.12/site-packages/gymnasium/envs/registration.py:512: DeprecationWarning: [33mWARN: The environment intersection-v0 is out of date. You should consider upgrading to version `v1`.[0m
  logger.deprecation(
/root/Textual-Rule-Explanations-of-Reinforcement-Learning/.venv/lib/python3.12/site-packages/gymnasium/envs/registration.py:512: DeprecationWarning: [33mWARN: The environment intersection-v0 is out of date. You should consider upgrading to version `v1`.[0m
  logger.deprecation(
/root/Textual-Rule-Explanations-of-Reinforcement-Learning/.venv/lib/python3.12/site-packages/gymnasium/envs/registration.py:512: DeprecationWarning: [33mWARN: The environment intersection-v0 is out of date. You should consider upgrading to version `v1`.[0m
  logger.deprecation(
/root/Textual-Rule-Explanations-of-Reinforcement-Learning/.venv/lib/python3.12/site-packages/gymnasium/envs/registration.py:512: DeprecationWarning: [33mWARN: The environment intersection-v0 is out of date. You should consider upgrading to version `v1`.[0m
  logger.deprecation(
/root/Textual-Rule-Explanations-of-Reinforcement-Learning/.venv/lib/python3.12/site-packages/gymnasium/envs/registration.py:512: DeprecationWarning: [33mWARN: The environment intersection-v0 is out of date. You should consider upgrading to version `v1`.[0m
  logger.deprecation(
/root/Textual-Rule-Explanations-of-Reinforcement-Learning/.venv/lib/python3.12/site-packages/gymnasium/envs/registration.py:512: DeprecationWarning: [33mWARN: The environment intersection-v0 is out of date. You should consider upgrading to version `v1`.[0m
  logger.deprecation(
/root/Textual-Rule-Explanations-of-Reinforcement-Learning/.venv/lib/python3.12/site-packages/gymnasium/envs/registration.py:512: DeprecationWarning: [33mWARN: The environment intersection-v0 is out of date. You should consider upgrading to version `v1`.[0m
  logger.deprecation(
return=1.85, collision=0.44

============================================================
  Pipeline complete in 393s (6.6min)
============================================================
/root/Textual-Rule-Explanations-of-Reinforcement-Learning/.venv/lib/python3.12/site-packages/pygame/pkgdata.py:25: UserWarning: pkg_resources is deprecated as an API. See https://setuptools.pypa.io/en/latest/pkg_resources.html. The pkg_resources package is slated for removal as early as 2025-11-30. Refrain from using this package or pin to Setuptools<81.
  from pkg_resources import resource_stream, resource_exists

############################################################
  PHASE: STATISTICS
############################################################

/root/Textual-Rule-Explanations-of-Reinforcement-Learning/.venv/lib/python3.12/site-packages/scipy/stats/_wilcoxon.py:181: RuntimeWarning: invalid value encountered in scalar divide
  z = (r_plus - mn) / se
Statistical analysis complete: 4 combo comparisons.

============================================================
  Pipeline complete in 2s (0.0min)
============================================================
/root/Textual-Rule-Explanations-of-Reinforcement-Learning/.venv/lib/python3.12/site-packages/pygame/pkgdata.py:25: UserWarning: pkg_resources is deprecated as an API. See https://setuptools.pypa.io/en/latest/pkg_resources.html. The pkg_resources package is slated for removal as early as 2025-11-30. Refrain from using this package or pin to Setuptools<81.
  from pkg_resources import resource_stream, resource_exists

############################################################
  PHASE: TABLES
############################################################

Traceback (most recent call last):
  File "/root/Textual-Rule-Explanations-of-Reinforcement-Learning/.venv/lib/python3.12/site-packages/pandas/compat/_optional.py", line 158, in import_optional_dependency
    module = importlib.import_module(name)
             ^^^^^^^^^^^^^^^^^^^^^^^^^^^^^
  File "/root/miniconda3/lib/python3.12/importlib/__init__.py", line 90, in import_module
    return _bootstrap._gcd_import(name[level:], package, level)
           ^^^^^^^^^^^^^^^^^^^^^^^^^^^^^^^^^^^^^^^^^^^^^^^^^^^^
  File "<frozen importlib._bootstrap>", line 1387, in _gcd_import
  File "<frozen importlib._bootstrap>", line 1360, in _find_and_load
  File "<frozen importlib._bootstrap>", line 1324, in _find_and_load_unlocked
ModuleNotFoundError: No module named 'tabulate'

The above exception was the direct cause of the following exception:

Traceback (most recent call last):
  File "/root/Textual-Rule-Explanations-of-Reinforcement-Learning/experiments/run_highway_experiments.py", line 2635, in <module>
    main()
  File "/root/Textual-Rule-Explanations-of-Reinforcement-Learning/experiments/run_highway_experiments.py", line 2622, in main
    generate_main_table()
  File "/root/Textual-Rule-Explanations-of-Reinforcement-Learning/experiments/run_highway_experiments.py", line 2056, in generate_main_table
    df.to_markdown(md_path, index=False)
  File "/root/Textual-Rule-Explanations-of-Reinforcement-Learning/.venv/lib/python3.12/site-packages/pandas/core/frame.py", line 2983, in to_markdown
    tabulate = import_optional_dependency("tabulate")
               ^^^^^^^^^^^^^^^^^^^^^^^^^^^^^^^^^^^^^^
  File "/root/Textual-Rule-Explanations-of-Reinforcement-Learning/.venv/lib/python3.12/site-packages/pandas/compat/_optional.py", line 161, in import_optional_dependency
    raise ImportError(msg) from err
ImportError: `Import tabulate` failed.  Use pip or conda to install the tabulate package.
