car_position,car_velocity,action,reward,done,episode_id
-0.4452088,0.0,2,-1.0,False,0
-0.44479132,0.00041747934,2,-1.0,False,0
-0.4439594,0.0008319142,2,-1.0,False,0
-0.4427191,0.0012402851,2,-1.0,False,0
-0.4410795,0.0016396223,2,-1.0,False,0
-0.43905246,0.0020270296,2,-1.0,False,0
-0.43665275,0.0023997093,2,-1.0,False,0
-0.43389776,0.0027549835,2,-1.0,False,0
-0.43080744,0.0030903164,0,-1.0,False,0
-0.4294041,0.0014033349,0,-1.0,False,0
-0.42969787,-0.00029376027,0,-1.0,False,0
-0.4316866,-0.0019887395,0,-1.0,False,0
-0.435356,-0.0036693786,0,-1.0,False,0
-0.4406795,-0.005323496,0,-1.0,False,0
-0.44761848,-0.0069389967,0,-1.0,False,0
-0.45612243,-0.008503927,0,-1.0,False,0
-0.46612898,-0.010006551,0,-1.0,False,0
-0.4775644,-0.011435442,0,-1.0,False,0
-0.49034402,-0.012779604,0,-1.0,False,0
-0.5043726,-0.0140286,0,-1.0,False,0
-0.5195453,-0.015172717,0,-1.0,False,0
-0.5357484,-0.016203117,0,-1.0,False,0
-0.55286044,-0.017112015,0,-1.0,False,0
-0.5707533,-0.017892834,0,-1.0,False,0
-0.58929366,-0.018540353,0,-1.0,False,0
-0.6083445,-0.019050825,0,-1.0,False,0
-0.62776655,-0.019422058,0,-1.0,False,0
-0.64742,-0.019653454,0,-1.0,False,0
-0.667166,-0.019746004,0,-1.0,False,0
-0.68686825,-0.019702233,0,-1.0,False,0
-0.7063943,-0.01952609,0,-1.0,False,0
-0.7256171,-0.019222813,0,-1.0,False,0
-0.7444159,-0.01879874,0,-1.0,False,0
-0.76267695,-0.01826111,0,-1.0,False,0
-0.78029484,-0.017617853,0,-1.0,False,0
-0.7971722,-0.016877357,0,-1.0,False,0
-0.81322044,-0.016048264,0,-1.0,False,0
-0.8283597,-0.015139273,0,-1.0,False,0
-0.8425187,-0.01415896,0,-1.0,False,0
-0.85563433,-0.013115638,0,-1.0,False,0
-0.8676516,-0.012017235,0,-1.0,False,0
-0.87852275,-0.010871215,0,-1.0,False,0
-0.8882073,-0.009684519,0,-1.0,False,0
-0.8966708,-0.008463545,2,-1.0,False,0
-0.901885,-0.005214148,2,-1.0,False,0
-0.903833,-0.0019479619,2,-1.0,False,0
-0.9025086,0.0013243547,2,-1.0,False,0
-0.8979161,0.004592512,2,-1.0,False,0
-0.89007014,0.007845968,2,-1.0,False,0
-0.8789968,0.011073322,2,-1.0,False,0
-0.86473507,0.014261739,2,-1.0,False,0
-0.8473386,0.017396457,2,-1.0,False,0
-0.8268782,0.020460393,2,-1.0,False,0
-0.8034443,0.023433903,2,-1.0,False,0
-0.77714956,0.026294738,2,-1.0,False,0
-0.74813133,0.029018223,2,-1.0,False,0
-0.7165536,0.03157773,2,-1.0,False,0
-0.6826082,0.03394541,2,-1.0,False,0
-0.64651495,0.036093265,2,-1.0,False,0
-0.60852057,0.03799439,2,-1.0,False,0
-0.5688961,0.039624434,2,-1.0,False,0
-0.527933,0.040963117,2,-1.0,False,0
-0.48593736,0.041995622,2,-1.0,False,0
-0.4432236,0.042713765,2,-1.0,False,0
-0.40010682,0.043116774,2,-1.0,False,0
-0.3568952,0.043211628,2,-1.0,False,0
-0.31388238,0.04301282,2,-1.0,False,0
-0.2713407,0.04254168,2,-1.0,False,0
-0.22951548,0.041825227,2,-1.0,False,0
-0.18862067,0.040894803,2,-1.0,False,0
-0.1488362,0.039784484,2,-1.0,False,0
-0.110306606,0.038529586,2,-1.0,False,0
-0.07314138,0.037165225,2,-1.0,False,0
-0.037416216,0.03572517,2,-1.0,False,0
-0.0031753138,0.0342409,2,-1.0,False,0
0.0295657,0.032741014,2,-1.0,False,0
0.06081654,0.031250842,2,-1.0,False,0
0.09060888,0.029792337,2,-1.0,False,0
0.11899301,0.02838413,2,-1.0,False,0
0.14603475,0.027041739,2,-1.0,False,0
0.1718126,0.025777845,2,-1.0,False,0
0.19641525,0.024602653,2,-1.0,False,0
0.2199395,0.023524253,2,-1.0,False,0
0.24248849,0.022548994,2,-1.0,False,0
0.26417032,0.021681838,2,-1.0,False,0
0.28509703,0.02092669,2,-1.0,False,0
0.3053837,0.020286692,2,-1.0,False,0
0.3251482,0.019764498,2,-1.0,False,0
0.3445107,0.019362498,2,-1.0,False,0
0.36359373,0.019083029,2,-1.0,False,0
0.38252228,0.018928548,2,-1.0,False,0
0.40142405,0.01890178,2,-1.0,False,0
0.42042992,0.019005848,2,-1.0,False,0
0.4396743,0.019244377,2,-1.0,False,0
0.45929587,0.019621572,2,-1.0,False,0
0.47943816,0.020142285,2,-1.0,True,0
-0.46954015,0.0,2,-1.0,False,1
-0.4689438,0.0005963352,2,-1.0,False,1
-0.46775556,0.0011882572,2,-1.0,False,1
-0.46598417,0.0017713895,2,-1.0,False,1
-0.46364275,0.0023414283,2,-1.0,False,1
-0.46074855,0.0028941787,2,-1.0,False,1
-0.45732296,0.00342559,2,-1.0,False,1
-0.45339116,0.00393179,2,-1.0,False,1
-0.44898206,0.0044091176,2,-1.0,False,1
-0.44412792,0.0048541543,2,-1.0,False,1
-0.43886414,0.0052637532,2,-1.0,False,1
-0.4332291,0.005635066,2,-1.0,False,1
-0.42726353,0.0059655653,0,-1.0,False,1
-0.42301047,0.004253067,0,-1.0,False,1
-0.4205004,0.0025100524,0,-1.0,False,1
-0.41975132,0.0007490842,0,-1.0,False,1
-0.42076856,-0.0010172336,0,-1.0,False,1
-0.42354482,-0.0027762859,0,-1.0,False,1
-0.42806032,-0.004515473,0,-1.0,False,1
-0.43428254,-0.006222241,0,-1.0,False,1
-0.4421667,-0.007884126,0,-1.0,False,1
-0.45165548,-0.00948881,0,-1.0,False,1
-0.46267968,-0.011024205,0,-1.0,False,1
-0.47515824,-0.012478559,0,-1.0,False,1
-0.48899883,-0.013840586,0,-1.0,False,1
-0.5040985,-0.0150996195,0,-1.0,False,1
-0.52034426,-0.016245788,0,-1.0,False,1
-0.53761446,-0.017270196,0,-1.0,False,1
-0.5557796,-0.01816511,0,-1.0,False,1
-0.5747037,-0.01892413,0,-1.0,False,1
-0.59424603,-0.019542342,0,-1.0,False,1
-0.61426246,-0.020016447,0,-1.0,False,1
-0.6346073,-0.020344822,0,-1.0,False,1
-0.65513486,-0.020527562,0,-1.0,False,1
-0.6757013,-0.020566445,0,-1.0,False,1
-0.69616616,-0.020464854,0,-1.0,False,1
-0.71639377,-0.020227643,0,-1.0,False,1
-0.73625475,-0.01986096,0,-1.0,False,1
-0.7556268,-0.01937205,0,-1.0,False,1
-0.7743958,-0.018769007,0,-1.0,False,1
-0.7924563,-0.01806054,0,-1.0,False,1
-0.8097121,-0.01725574,0,-1.0,False,1
-0.8260759,-0.016363844,0,-1.0,False,1
-0.84146994,-0.015394033,0,-1.0,False,1
-0.85582525,-0.0143552525,0,-1.0,False,1
-0.8690813,-0.013256072,0,-1.0,False,1
-0.8811859,-0.012104571,0,-1.0,False,1
-0.89209414,-0.010908264,0,-1.0,False,1
-0.9017682,-0.009674057,2,-1.0,False,1
-0.9081764,-0.0064082416,2,-1.0,False,1
-0.911299,-0.0031225353,2,-1.0,False,1
-0.91112643,0.00017255681,2,-1.0,False,1
-0.9076593,0.0034671356,2,-1.0,False,1
-0.900908,0.0067512677,2,-1.0,False,1
-0.89089364,0.0100143505,2,-1.0,False,1
-0.8776491,0.013244502,2,-1.0,False,1
-0.86122113,0.016428014,2,-1.0,False,1
-0.84167224,0.019548899,2,-1.0,False,1
-0.8190837,0.022588555,2,-1.0,False,1
-0.79355806,0.025525644,2,-1.0,False,1
-0.7652219,0.028336152,2,-1.0,False,1
-0.73422813,0.030993745,2,-1.0,False,1
-0.70075774,0.03347042,2,-1.0,False,1
-0.6650203,0.035737436,2,-1.0,False,1
-0.6272537,0.037766565,2,-1.0,False,1
-0.58772224,0.039531507,2,-1.0,False,1
-0.54671276,0.04100947,2,-1.0,False,1
-0.5045301,0.042182688,2,-1.0,False,1
-0.4614903,0.04303975,2,-1.0,False,1
-0.41791368,0.043576628,2,-1.0,False,1
-0.37411648,0.043797202,2,-1.0,False,1
-0.3304032,0.043713287,2,-1.0,False,1
-0.2870591,0.04334409,2,-1.0,False,1
-0.24434388,0.04271523,2,-1.0,False,1
-0.20248652,0.041857354,2,-1.0,False,1
-0.16168192,0.040804602,2,-1.0,False,1
-0.12208895,0.03959297,2,-1.0,False,1
-0.083830155,0.03825879,2,-1.0,False,1
-0.04699272,0.036837436,2,-1.0,False,1
-0.01163048,0.03536224,2,-1.0,False,1
0.02223328,0.03386376,2,-1.0,False,1
0.0546026,0.03236932,2,-1.0,False,1
0.08550538,0.030902786,2,-1.0,False,1
0.11498997,0.029484587,2,-1.0,False,1
0.14312184,0.028131872,2,-1.0,False,1
0.16998065,0.026858797,2,-1.0,False,1
0.1956575,0.025676865,2,-1.0,False,1
0.22025281,0.02459531,2,-1.0,False,1
0.24387431,0.023621494,2,-1.0,False,1
0.26663557,0.022761267,2,-1.0,False,1
0.2886549,0.022019332,2,-1.0,False,1
0.31005448,0.021399569,2,-1.0,False,1
0.3309598,0.02090531,2,-1.0,False,1
0.3514994,0.02053961,2,-1.0,False,1
0.37180483,0.02030545,2,-1.0,False,1
0.39201078,0.020205935,2,-1.0,False,1
0.41225523,0.02024446,2,-1.0,False,1
0.43268007,0.020424826,2,-1.0,False,1
0.45343143,0.02075136,2,-1.0,False,1
0.4746604,0.021228982,2,-1.0,False,1
0.49652368,0.021863261,2,-1.0,True,1
-0.5754869,0.0,0,-1.0,False,2
-0.57609934,-0.00061240885,0,-1.0,False,2
-0.57731956,-0.0012202808,0,-1.0,False,2
-0.5791387,-0.0018191165,0,-1.0,False,2
-0.5815432,-0.0024044919,0,-1.0,False,2
-0.5845153,-0.002972094,0,-1.0,False,2
-0.588033,-0.003517759,0,-1.0,False,2
-0.5920706,-0.004037506,0,-1.0,False,2
-0.59659815,-0.0045275716,0,-1.0,False,2
-0.6015826,-0.004984442,0,-1.0,False,2
-0.6069875,-0.0054048845,0,-1.0,False,2
-0.6127734,-0.0057859723,0,-1.0,False,2
-0.6188985,-0.0061251116,0,-1.0,False,2
-0.6253186,-0.006420061,0,-1.0,False,2
-0.6319876,-0.0066689476,0,-1.0,False,2
-0.63885784,-0.006870282,0,-1.0,False,2
-0.6458808,-0.007022962,0,-1.0,False,2
-0.6530071,-0.007126279,0,-1.0,False,2
-0.660187,-0.007179914,0,-1.0,False,2
-0.6673709,-0.0071839304,0,-1.0,False,2
-0.6745097,-0.007138763,0,-1.0,False,2
-0.68155485,-0.0070452015,0,-1.0,False,2
-0.6884593,-0.006904372,0,-1.0,False,2
-0.69517696,-0.006717714,0,-1.0,False,2
-0.7016639,-0.0064869546,0,-1.0,False,2
-0.707878,-0.0062140827,0,-1.0,False,2
-0.71377933,-0.005901322,0,-1.0,False,2
-0.71933043,-0.005551102,0,-1.0,False,2
-0.7244965,-0.005166032,0,-1.0,False,2
-0.7292453,-0.0047488743,0,-1.0,False,2
-0.73354787,-0.00430252,0,-1.0,False,2
-0.7373778,-0.0038299665,0,-1.0,False,2
-0.7407121,-0.003334298,0,-1.0,False,2
-0.7435308,-0.0028186666,0,-1.0,False,2
-0.74581707,-0.0022862772,0,-1.0,False,2
-0.74755746,-0.001740376,0,-1.0,False,2
-0.7487417,-0.0011842377,0,-1.0,False,2
-0.7493628,-0.0006211578,0,-1.0,False,2
-0.7494173,-5.4444874e-05,0,-1.0,False,2
-0.7489047,0.00051258627,0,-1.0,False,2
-0.74782807,0.0010766201,0,-1.0,False,2
-0.7461937,0.0016343466,2,-1.0,False,2
-0.74201125,0.004182467,2,-1.0,False,2
-0.7353054,0.006705836,2,-1.0,False,2
-0.7261164,0.009189021,2,-1.0,False,2
-0.71450025,0.01161617,2,-1.0,False,2
-0.7005293,0.013970938,2,-1.0,False,2
-0.6842928,0.016236478,2,-1.0,False,2
-0.66589725,0.018395541,2,-1.0,False,2
-0.6454666,0.020430658,2,-1.0,False,2
-0.6231422,0.022324441,2,-1.0,False,2
-0.59908223,0.024059968,2,-1.0,False,2
-0.57346094,0.025621269,2,-1.0,False,2
-0.54646707,0.026993841,2,-1.0,False,2
-0.51830184,0.02816522,2,-1.0,False,2
-0.4891764,0.029125495,0,-1.0,False,2
-0.4613086,0.027867785,0,-1.0,False,2
-0.43490526,0.026403323,2,-1.0,False,2
-0.40815932,0.026745943,2,-1.0,False,2
-0.38126197,0.02689735,2,-1.0,False,2
-0.3544,0.026861971,2,-1.0,False,2
-0.32775322,0.026646776,2,-1.0,False,2
-0.30149224,0.026260996,2,-1.0,False,2
-0.27577648,0.025715753,2,-1.0,False,2
-0.25075284,0.025023643,2,-1.0,False,2
-0.22655456,0.024198275,2,-1.0,False,2
-0.20330074,0.023253813,2,-1.0,False,2
-0.1810962,0.022204554,1,-1.0,False,2
-0.16103168,0.02006452,0,-1.0,False,2
-0.14418106,0.016850617,0,-1.0,False,2
-0.1306002,0.013580861,0,-1.0,False,2
-0.120329894,0.010270303,0,-1.0,False,2
-0.11339846,0.0069314335,0,-1.0,False,2
-0.10982375,0.0035747099,0,-1.0,False,2
-0.10961457,0.00020917603,0,-1.0,False,2
-0.112771444,-0.003156865,2,-1.0,False,2
-0.11728659,-0.004515154,2,-1.0,False,2
-0.12314858,-0.005861987,2,-1.0,False,2
-0.13034189,-0.007193306,2,-1.0,False,2
-0.13884649,-0.008504603,2,-1.0,False,2
-0.14863732,-0.009790839,2,-1.0,False,2
-0.15968372,-0.0110463835,2,-1.0,False,2
-0.17194867,-0.012264965,0,-1.0,False,2
-0.18738833,-0.015439655,0,-1.0,False,2
-0.20594324,-0.018554913,0,-1.0,False,2
-0.22753601,-0.021592757,0,-1.0,False,2
-0.25206858,-0.02453258,0,-1.0,False,2
-0.27941978,-0.027351193,0,-1.0,False,2
-0.30944288,-0.030023089,0,-1.0,False,2
-0.3419639,-0.03252102,0,-1.0,False,2
-0.37678075,-0.03481686,0,-1.0,False,2
-0.41366348,-0.03688274,0,-1.0,False,2
-0.45235586,-0.038692385,2,-1.0,False,2
-0.49057853,-0.03822265,2,-1.0,False,2
-0.5280484,-0.037469897,2,-1.0,False,2
-0.56448495,-0.036436524,0,-1.0,False,2
-0.6016156,-0.037130646,0,-1.0,False,2
-0.6391664,-0.037550848,0,-1.0,False,2
-0.6768678,-0.037701353,0,-1.0,False,2
-0.7144597,-0.03759191,0,-1.0,False,2
-0.7516971,-0.037237402,0,-1.0,False,2
-0.7883542,-0.036657084,0,-1.0,False,2
-0.8242279,-0.03587371,0,-1.0,False,2
-0.85914034,-0.034912463,0,-1.0,False,2
-0.8929402,-0.033799883,0,-1.0,False,2
-0.9255031,-0.032562837,0,-1.0,False,2
-0.95673066,-0.031227604,0,-1.0,False,2
-0.9865498,-0.029819112,0,-1.0,False,2
-1.0149102,-0.028360378,0,-1.0,False,2
-1.0417823,-0.026872097,0,-1.0,False,2
-1.0671546,-0.025372425,2,-1.0,False,2
-1.0890316,-0.021876905,0,-1.0,False,2
-1.1094282,-0.020396568,0,-1.0,False,2
-1.1283681,-0.01894001,0,-1.0,False,2
-1.1458819,-0.017513765,0,-1.0,False,2
-1.1620045,-0.016122527,0,-1.0,False,2
-1.1767738,-0.014769349,0,-1.0,False,2
-1.1902297,-0.013455871,0,-1.0,False,2
-1.2,0.0,2,-1.0,False,2
-1.1967582,0.003241896,2,-1.0,False,2
-1.1902636,0.0064944453,2,-1.0,False,2
-1.180496,0.009767694,2,-1.0,False,2
-1.1674255,0.013070449,2,-1.0,False,2
-1.1510159,0.016409589,2,-1.0,False,2
-1.1312267,0.01978931,2,-1.0,False,2
-1.1080164,0.023210295,2,-1.0,False,2
-1.0813475,0.026668796,2,-1.0,False,2
-1.0511918,0.030155689,2,-1.0,False,2
-1.0175363,0.03365551,2,-1.0,False,2
-0.9803907,0.03714562,2,-1.0,False,2
-0.93979514,0.040595576,2,-1.0,False,2
-0.8958282,0.043966923,2,-1.0,False,2
-0.84861463,0.047213554,2,-1.0,False,2
-0.7983318,0.050282877,2,-1.0,False,2
-0.74521387,0.053117886,2,-1.0,False,2
-0.6895537,0.05566023,2,-1.0,False,2
-0.63169956,0.057854105,2,-1.0,False,2
-0.57204884,0.059650723,2,-1.0,False,2
-0.51103604,0.061012823,2,-1.0,False,2
-0.4491174,0.061918624,2,-1.0,False,2
-0.38675275,0.06236465,2,-1.0,False,2
-0.32438585,0.06236689,2,-1.0,False,2
-0.2624257,0.061960164,2,-1.0,False,2
-0.20122996,0.06119572,2,-1.0,False,2
-0.14109236,0.060137603,2,-1.0,False,2
-0.08223413,0.058858234,2,-1.0,False,2
-0.0248002,0.057433926,2,-1.0,False,2
0.031140642,0.055940844,2,-1.0,False,2
0.08559239,0.054451745,2,-1.0,False,2
0.1386261,0.05303371,2,-1.0,False,2
0.1903729,0.051746808,2,-1.0,False,2
0.24101646,0.050643563,2,-1.0,False,2
0.29078555,0.049769085,2,-1.0,False,2
0.33994707,0.049161527,2,-1.0,False,2
0.38879985,0.048852775,2,-1.0,False,2
0.43766898,0.048869114,2,-1.0,False,2
0.48690072,0.049231753,2,-1.0,True,2
-0.48537385,0.0,2,-1.0,False,3
-0.48465994,0.0007139411,2,-1.0,False,3
-0.48323736,0.0014225636,2,-1.0,False,3
-0.48111677,0.0021205922,2,-1.0,False,3
-0.47831392,0.0028028388,2,-1.0,False,3
-0.4748497,0.0034642464,2,-1.0,False,3
-0.47074977,0.00409993,2,-1.0,False,3
-0.46604455,0.004705221,2,-1.0,False,3
-0.46076882,0.005275706,2,-1.0,False,3
-0.45496157,0.0058072666,2,-1.0,False,3
-0.44866544,0.0062961173,2,-1.0,False,3
-0.4419266,0.006738839,2,-1.0,False,3
-0.4347942,0.007132408,2,-1.0,False,3
-0.42731997,0.0074742245,0,-1.0,False,3
-0.42155784,0.0057621324,0,-1.0,False,3
-0.41754913,0.004008722,0,-1.0,False,3
-0.41532242,0.0022266998,0,-1.0,False,3
-0.4148936,0.00042883283,0,-1.0,False,3
-0.41626567,-0.0013720816,0,-1.0,False,3
-0.4194289,-0.0031632408,0,-1.0,False,3
-0.42436078,-0.00493186,0,-1.0,False,3
-0.43102598,-0.006665199,0,-1.0,False,3
-0.43937656,-0.008350604,0,-1.0,False,3
-0.44935215,-0.009975571,0,-1.0,False,3
-0.46087998,-0.011527828,0,-1.0,False,3
-0.47387543,-0.012995449,0,-1.0,False,3
-0.48824242,-0.014366992,0,-1.0,False,3
-0.50387406,-0.015631668,0,-1.0,False,3
-0.5206536,-0.016779516,0,-1.0,False,3
-0.5384552,-0.017801605,0,-1.0,False,3
-0.5571454,-0.01869022,0,-1.0,False,3
-0.57658446,-0.019439043,0,-1.0,False,3
-0.5966278,-0.020043323,0,-1.0,False,3
-0.6171278,-0.020499976,0,-1.0,False,3
-0.63793546,-0.020807676,0,-1.0,False,3
-0.6589023,-0.020966869,0,-1.0,False,3
-0.67988205,-0.02097973,0,-1.0,False,3
-0.7007321,-0.02085008,0,-1.0,False,3
-0.7213153,-0.020583227,0,-1.0,False,3
-0.74150115,-0.020185787,0,-1.0,False,3
-0.7611666,-0.019665454,0,-1.0,False,3
-0.7801973,-0.01903075,0,-1.0,False,3
-0.79848814,-0.018290779,0,-1.0,False,3
-0.81594306,-0.017454972,0,-1.0,False,3
-0.83247596,-0.01653286,0,-1.0,False,3
-0.8480098,-0.015533856,0,-1.0,False,3
-0.8624769,-0.014467084,0,-1.0,False,3
-0.87581813,-0.013341229,0,-1.0,False,3
-0.88798255,-0.012164437,0,-1.0,False,3
-0.8989268,-0.010944237,0,-1.0,False,3
-0.9086143,-0.009687508,2,-1.0,False,3
-0.9150148,-0.0064004743,2,-1.0,False,3
-0.91810924,-0.0030944753,2,-1.0,False,3
-0.9178889,0.00022038845,2,-1.0,False,3
-0.91435426,0.0035346274,2,-1.0,False,3
-0.9075155,0.0068387087,2,-1.0,False,3
-0.8973931,0.010122403,2,-1.0,False,3
-0.88401896,0.013374157,2,-1.0,False,3
-0.86743844,0.016580535,2,-1.0,False,3
-0.8477127,0.019725736,2,-1.0,False,3
-0.8249214,0.022791253,2,-1.0,False,3
-0.7991657,0.025755722,2,-1.0,False,3
-0.77057076,0.028594974,2,-1.0,False,3
-0.7392884,0.031282384,2,-1.0,False,3
-0.7054989,0.033789508,2,-1.0,False,3
-0.6694118,0.03608705,2,-1.0,False,3
-0.6312657,0.038146105,2,-1.0,False,3
-0.59132606,0.03993964,2,-1.0,False,3
-0.54988194,0.041444104,2,-1.0,False,3
-0.50724095,0.042641025,2,-1.0,False,3
-0.46372253,0.04351839,2,-1.0,False,3
-0.4196508,0.04407173,2,-1.0,False,3
-0.37534612,0.044304695,2,-1.0,False,3
-0.331117,0.044229094,2,-1.0,False,3
-0.28725263,0.043864384,2,-1.0,False,3
-0.244016,0.04323662,2,-1.0,False,3
-0.2016389,0.042377103,2,-1.0,False,3
-0.16031818,0.04132073,2,-1.0,False,3
-0.12021383,0.040104344,2,-1.0,False,3
-0.08144866,0.03876517,2,-1.0,False,3
-0.044109233,0.03733943,2,-1.0,False,3
-0.008247945,0.035861287,2,-1.0,False,3
0.026114106,0.03436205,2,-1.0,False,3
0.058983825,0.03286972,2,-1.0,False,3
0.09039258,0.031408757,2,-1.0,False,3
0.1203927,0.030000117,2,-1.0,False,3
0.14905411,0.028661415,2,-1.0,False,3
0.17646134,0.02740722,2,-1.0,False,3
0.20271076,0.026249424,2,-1.0,False,3
0.22790839,0.025197633,2,-1.0,False,3
0.25216797,0.024259571,2,-1.0,False,3
0.27560943,0.023441471,2,-1.0,False,3
0.29835787,0.022748439,2,-1.0,False,3
0.32054266,0.022184785,2,-1.0,False,3
0.342297,0.02175432,2,-1.0,False,3
0.36375758,0.021460617,2,-1.0,False,3
0.3850648,0.021307224,2,-1.0,False,3
0.40636268,0.021297874,2,-1.0,False,3
0.4277993,0.021436619,2,-1.0,False,3
0.4495273,0.021727974,2,-1.0,False,3
0.47170427,0.022176998,2,-1.0,False,3
0.49449363,0.02278936,2,-1.0,True,3
-0.41887915,0.0,0,-1.0,False,4
-0.42065167,-0.0017725416,0,-1.0,False,4
-0.4241841,-0.003532429,0,-1.0,False,4
-0.42945114,-0.0052670343,0,-1.0,False,4
-0.43641493,-0.006963791,0,-1.0,False,4
-0.44502518,-0.00861024,0,-1.0,False,4
-0.45521927,-0.0101940995,0,-1.0,False,4
-0.46692264,-0.011703356,0,-1.0,False,4
-0.480049,-0.013126383,0,-1.0,False,4
-0.49450108,-0.014452077,0,-1.0,False,4
-0.5101711,-0.015670033,0,-1.0,False,4
-0.52694184,-0.016770713,0,-1.0,False,4
-0.5446875,-0.01774564,0,-1.0,False,4
-0.56327504,-0.01858758,0,-1.0,False,4
-0.5825658,-0.01929071,0,-1.0,False,4
-0.6024165,-0.01985076,0,-1.0,False,4
-0.6226817,-0.020265121,0,-1.0,False,4
-0.6432145,-0.020532895,0,-1.0,False,4
-0.66386944,-0.020654906,0,-1.0,False,4
-0.6845031,-0.020633651,0,-1.0,False,4
-0.7049763,-0.020473192,0,-1.0,False,4
-0.7251553,-0.020179002,0,-1.0,False,4
-0.7449131,-0.019757776,0,-1.0,False,4
-0.7641303,-0.019217208,0,-1.0,False,4
-0.782696,-0.018565752,0,-1.0,False,4
-0.8005084,-0.017812373,0,-1.0,False,4
-0.8174747,-0.016966315,0,-1.0,False,4
-0.8335116,-0.016036877,0,-1.0,False,4
-0.84854484,-0.015033219,0,-1.0,False,4
-0.862509,-0.013964191,0,-1.0,False,4
-0.8753472,-0.01283821,0,-1.0,False,4
-0.8870104,-0.0116631575,0,-1.0,False,4
-0.8974567,-0.010446318,0,-1.0,False,4
-0.9066511,-0.009194356,2,-1.0,False,4
-0.91256434,-0.0059133084,2,-1.0,False,4
-0.91517884,-0.0026144695,2,-1.0,False,4
-0.9144868,0.0006920045,2,-1.0,False,4
-0.91049033,0.0039964714,2,-1.0,False,4
-0.9032012,0.007289152,2,-1.0,False,4
-0.8926417,0.010559489,2,-1.0,False,4
-0.87884617,0.013795535,2,-1.0,False,4
-0.8618628,0.016983407,2,-1.0,False,4
-0.8417559,0.020106833,2,-1.0,False,4
-0.8186091,0.023146853,2,-1.0,False,4
-0.7925274,0.02608169,2,-1.0,False,4
-0.7636405,0.028886858,2,-1.0,False,4
-0.73210496,0.031535555,2,-1.0,False,4
-0.69810563,0.03399935,2,-1.0,False,4
-0.6618565,0.03624918,2,-1.0,False,4
-0.6235998,0.038256638,2,-1.0,False,4
-0.5836044,0.039995443,2,-1.0,False,4
-0.54216135,0.04144306,2,-1.0,False,4
-0.4995791,0.042582206,2,-1.0,False,4
-0.4561769,0.043402214,2,-1.0,False,4
-0.4122769,0.04389999,2,-1.0,False,4
-0.3681964,0.04408051,2,-1.0,False,4
-0.32423964,0.043956757,2,-1.0,False,4
-0.28069052,0.04354912,2,-1.0,False,4
-0.23780619,0.042884324,2,-1.0,False,4
-0.19581218,0.041994,2,-1.0,False,4
-0.15489909,0.04091309,2,-1.0,False,4
-0.1152209,0.039678197,2,-1.0,False,4
-0.07689483,0.03832607,2,-1.0,False,4
-0.040002536,0.036892295,2,-1.0,False,4
-0.004592259,0.035410274,2,-1.0,False,4
0.029318253,0.033910513,2,-1.0,False,4
0.06173843,0.032420177,2,-1.0,False,4
0.09270137,0.030962935,2,-1.0,False,4
0.122260354,0.02955899,2,-1.0,False,4
0.15048563,0.028225275,2,-1.0,False,4
0.17746137,0.026975743,2,-1.0,False,4
0.20328312,0.025821745,2,-1.0,False,4
0.22805552,0.02477241,2,-1.0,False,4
0.25189057,0.023835044,2,-1.0,False,4
0.2749061,0.023015516,2,-1.0,False,4
0.2972247,0.022318607,2,-1.0,False,4
0.31897303,0.02174833,2,-1.0,False,4
0.34028125,0.021308228,2,-1.0,False,4
0.36128286,0.02100161,2,-1.0,False,4
0.38211465,0.020831784,2,-1.0,False,4
0.40291688,0.02080223,2,-1.0,False,4
0.42383364,0.02091676,2,-1.0,False,4
0.44501328,0.021179643,2,-1.0,False,4
0.46660897,0.021595696,2,-1.0,False,4
0.48877934,0.022170352,2,-1.0,True,4
-0.4516396,0.0,2,-1.0,False,5
-0.45117512,0.00046448834,2,-1.0,False,5
-0.45024955,0.0009255744,2,-1.0,False,5
-0.44886965,0.001379884,2,-1.0,False,5
-0.44704556,0.0018240986,2,-1.0,False,5
-0.44479057,0.0022549832,2,-1.0,False,5
-0.44212115,0.0026694126,2,-1.0,False,5
-0.43905675,0.0030643975,2,-1.0,False,5
-0.43561965,0.0034371086,2,-1.0,False,5
-0.43183476,0.0037848996,2,-1.0,False,5
-0.42772943,0.0041053295,0,-1.0,False,5
-0.42533323,0.0023961812,0,-1.0,False,5
-0.42466342,0.0006698181,0,-1.0,False,5
-0.42572477,-0.0010613505,0,-1.0,False,5
-0.42850968,-0.0027849032,0,-1.0,False,5
-0.43299812,-0.004488438,0,-1.0,False,5
-0.43915772,-0.0061596073,0,-1.0,False,5
-0.44694388,-0.0077861636,0,-1.0,False,5
-0.4562999,-0.009356021,0,-1.0,False,5
-0.46715724,-0.010857341,0,-1.0,False,5
-0.4794359,-0.012278632,0,-1.0,False,5
-0.49304476,-0.013608886,0,-1.0,False,5
-0.5078825,-0.01483772,0,-1.0,False,5
-0.52383804,-0.015955549,0,-1.0,False,5
-0.5407918,-0.016953753,0,-1.0,False,5
-0.55861664,-0.017824864,0,-1.0,False,5
-0.5771794,-0.018562712,0,-1.0,False,5
-0.59634197,-0.019162586,0,-1.0,False,5
-0.6159633,-0.019621333,0,-1.0,False,5
-0.63590074,-0.01993743,0,-1.0,False,5
-0.6560117,-0.020111008,0,-1.0,False,5
-0.67615557,-0.020143824,0,-1.0,False,5
-0.6961947,-0.020039177,0,-1.0,False,5
-0.7159965,-0.019801779,0,-1.0,False,5
-0.7354341,-0.019437592,0,-1.0,False,5
-0.75438774,-0.01895363,0,-1.0,False,5
-0.77274543,-0.01835773,0,-1.0,False,5
-0.7904038,-0.017658321,0,-1.0,False,5
-0.80726796,-0.016864207,0,-1.0,False,5
-0.8232523,-0.015984345,0,-1.0,False,5
-0.83827996,-0.015027644,0,-1.0,False,5
-0.85228276,-0.014002803,0,-1.0,False,5
-0.86520094,-0.01291817,0,-1.0,False,5
-0.87698257,-0.011781636,0,-1.0,False,5
-0.88758314,-0.010600562,0,-1.0,False,5
-0.8969649,-0.00938174,2,-1.0,False,5
-0.90309626,-0.006131382,2,-1.0,False,5
-0.90595764,-0.002861375,2,-1.0,False,5
-0.9055401,0.0004175396,2,-1.0,False,5
-0.9018449,0.0036951648,2,-1.0,False,5
-0.8948837,0.006961224,2,-1.0,False,5
-0.88467896,0.01020474,2,-1.0,False,5
-0.87126553,0.013413441,2,-1.0,False,5
-0.8546923,0.01657324,2,-1.0,False,5
-0.8350245,0.019667793,2,-1.0,False,5
-0.8123463,0.022678217,2,-1.0,False,5
-0.7867633,0.025582967,2,-1.0,False,5
-0.7584053,0.02835796,2,-1.0,False,5
-0.72742844,0.03097694,2,-1.0,False,5
-0.6940163,0.03341216,2,-1.0,False,5
-0.6583809,0.035635334,2,-1.0,False,5
-0.62076205,0.037618876,2,-1.0,False,5
-0.5814247,0.039337326,2,-1.0,False,5
-0.54065585,0.040768847,2,-1.0,False,5
-0.49875915,0.04189672,2,-1.0,False,5
-0.45604855,0.042710595,2,-1.0,False,5
-0.4128411,0.04320743,2,-1.0,False,5
-0.36944917,0.04339195,2,-1.0,False,5
-0.3261726,0.043276597,2,-1.0,False,5
-0.2832916,0.042880964,2,-1.0,False,5
-0.24106084,0.04223077,2,-1.0,False,5
-0.19970433,0.04135651,2,-1.0,False,5
-0.15941241,0.04029192,2,-1.0,False,5
-0.120340005,0.0390724,2,-1.0,False,5
-0.08260645,0.037733562,2,-1.0,False,5
-0.04629651,0.036309935,2,-1.0,False,5
-0.011462499,0.034834012,2,-1.0,False,5
0.02187299,0.03333549,2,-1.0,False,5
0.053713858,0.03184087,2,-1.0,False,5
0.08408712,0.030373257,2,-1.0,False,5
0.11303949,0.02895238,2,-1.0,False,5
0.14063425,0.02759476,2,-1.0,False,5
0.16694824,0.026313981,2,-1.0,False,5
0.19206928,0.025121039,2,-1.0,False,5
0.21609397,0.0240247,2,-1.0,False,5
0.23912588,0.023031896,2,-1.0,False,5
0.26127395,0.022148065,2,-1.0,False,5
0.28265145,0.021377513,2,-1.0,False,5
0.30337518,0.020723717,2,-1.0,False,5
0.32356477,0.0201896,2,-1.0,False,5
0.34334254,0.019777784,2,-1.0,False,5
0.36283335,0.019490795,2,-1.0,False,5
0.3821646,0.01933126,2,-1.0,False,5
0.40146667,0.019302046,2,-1.0,False,5
0.42087308,0.019406412,2,-1.0,False,5
0.44052118,0.019648107,2,-1.0,False,5
0.46055263,0.020031456,2,-1.0,False,5
0.48111406,0.020561423,2,-1.0,True,5
-0.52246004,0.0,0,-1.0,False,6
-0.52346855,-0.0010085406,0,-1.0,False,6
-0.52547807,-0.0020095173,0,-1.0,False,6
-0.5284735,-0.0029954223,0,-1.0,False,6
-0.5324324,-0.003958863,0,-1.0,False,6
-0.53732497,-0.004892619,0,-1.0,False,6
-0.54311466,-0.0057897014,0,-1.0,False,6
-0.5497581,-0.006643416,0,-1.0,False,6
-0.5572055,-0.007447422,0,-1.0,False,6
-0.5654013,-0.008195798,0,-1.0,False,6
-0.57428443,-0.0088831,0,-1.0,False,6
-0.5837889,-0.009504422,0,-1.0,False,6
-0.5938443,-0.010055445,0,-1.0,False,6
-0.6043768,-0.010532495,0,-1.0,False,6
-0.61530936,-0.010932571,0,-1.0,False,6
-0.6265628,-0.011253387,0,-1.0,False,6
-0.6380561,-0.011493379,0,-1.0,False,6
-0.64970785,-0.011651719,0,-1.0,False,6
-0.66143614,-0.011728303,0,-1.0,False,6
-0.6731599,-0.011723733,0,-1.0,False,6
-0.68479913,-0.011639284,0,-1.0,False,6
-0.696276,-0.011476858,0,-1.0,False,6
-0.70751494,-0.01123893,0,-1.0,False,6
-0.71844345,-0.010928487,0,-1.0,False,6
-0.7289924,-0.01054896,0,-1.0,False,6
-0.7390966,-0.010104154,0,-1.0,False,6
-0.7486947,-0.009598176,0,-1.0,False,6
-0.7577301,-0.009035371,0,-1.0,False,6
-0.76615036,-0.008420254,0,-1.0,False,6
-0.7739078,-0.0077574537,0,-1.0,False,6
-0.7809595,-0.0070516616,0,-1.0,False,6
-0.7872671,-0.0063075903,0,-1.0,False,6
-0.792797,-0.00552994,0,-1.0,False,6
-0.7975204,-0.0047233733,0,-1.0,False,6
-0.8014129,-0.0038925018,0,-1.0,False,6
-0.80445474,-0.0030418765,0,-1.0,False,6
-0.80663073,-0.0021759898,0,-1.0,False,6
-0.80793,-0.0012992813,0,-1.0,False,6
-0.80834615,-0.00041614918,0,-1.0,False,6
-0.8078771,0.00046903433,0,-1.0,False,6
-0.80652523,0.0013519055,0,-1.0,False,6
-0.80429715,0.0022280912,2,-1.0,False,6
-0.79920393,0.005093191,2,-1.0,False,6
-0.7912713,0.007932637,2,-1.0,False,6
-0.78054005,0.010731275,2,-1.0,False,6
-0.76706696,0.013473092,2,-1.0,False,6
-0.7509259,0.016141018,2,-1.0,False,6
-0.7322091,0.01871685,2,-1.0,False,6
-0.7110278,0.021181278,2,-1.0,False,6
-0.6875137,0.023514085,2,-1.0,False,6
-0.6618192,0.025694495,2,-1.0,False,6
-0.63411754,0.027701695,2,-1.0,False,6
-0.60460204,0.029515482,2,-1.0,False,6
-0.573485,0.031117044,2,-1.0,False,6
-0.5409952,0.032489795,1,-1.0,False,6
-0.508375,0.03262021,1,-1.0,False,6
-0.4758689,0.03250607,0,-1.0,False,6
-0.44471958,0.03114932,2,-1.0,False,6
-0.41315636,0.031563234,2,-1.0,False,6
-0.38140637,0.031749986,2,-1.0,False,6
-0.3496908,0.031715594,2,-1.0,False,6
-0.31822112,0.031469654,2,-1.0,False,6
-0.2871962,0.031024946,2,-1.0,False,6
-0.2567993,0.030396864,2,-1.0,False,6
-0.22719654,0.029602781,2,-1.0,False,6
-0.19853519,0.02866135,2,-1.0,False,6
-0.17094336,0.027591826,2,-1.0,False,6
-0.14452994,0.02641343,1,-1.0,False,6
-0.12038516,0.02414477,0,-1.0,False,6
-0.09957912,0.020806048,0,-1.0,False,6
-0.08216234,0.017416775,0,-1.0,False,6
-0.06817,0.013992337,0,-1.0,False,6
-0.057625573,0.010544435,0,-1.0,False,6
-0.05054387,0.0070816996,0,-1.0,False,6
-0.046933487,0.0036103849,0,-1.0,False,6
-0.046798363,0.00013512495,1,-1.0,False,6
-0.04913864,-0.002340277,2,-1.0,False,6
-0.0529518,-0.0038131617,2,-1.0,False,6
-0.058233485,-0.0052816845,2,-1.0,False,6
-0.06497712,-0.006743631,2,-1.0,False,6
-0.0731734,-0.008196283,2,-1.0,False,6
-0.08280969,-0.0096362885,2,-1.0,False,6
-0.093869224,-0.011059538,2,-1.0,False,6
-0.10633029,-0.0124610625,0,-1.0,False,6
-0.12216523,-0.015834944,0,-1.0,False,6
-0.14133415,-0.019168915,0,-1.0,False,6
-0.16378169,-0.02244754,0,-1.0,False,6
-0.18943347,-0.025651788,0,-1.0,False,6
-0.21819231,-0.02875883,0,-1.0,False,6
-0.2499344,-0.031742092,0,-1.0,False,6
-0.28450605,-0.03457165,0,-1.0,False,6
-0.32172105,-0.03721499,0,-1.0,False,6
-0.36135924,-0.0396382,2,-1.0,False,6
-0.40116677,-0.039807517,2,-1.0,False,6
-0.440872,-0.03970525,2,-1.0,False,6
-0.48019135,-0.03931935,2,-1.0,False,6
-0.51883537,-0.03864399,2,-1.0,False,6
-0.55651504,-0.037679713,2,-1.0,False,6
-0.5929483,-0.036433242,0,-1.0,False,6
-0.62986517,-0.036916863,0,-1.0,False,6
-0.66699845,-0.0371333,0,-1.0,False,6
-0.70408916,-0.03709067,0,-1.0,False,6
-0.74089134,-0.036802176,0,-1.0,False,6
-0.7771768,-0.036285475,0,-1.0,False,6
-0.81273866,-0.03556184,0,-1.0,False,6
-0.8473938,-0.034655187,0,-1.0,False,6
-0.88098484,-0.033591017,0,-1.0,False,6
-0.91338027,-0.03239543,0,-1.0,False,6
-0.94447446,-0.031094193,0,-1.0,False,6
-0.9741864,-0.029711967,0,-1.0,False,6
-1.0024581,-0.028271697,0,-1.0,False,6
-1.0292523,-0.026794182,0,-1.0,False,6
-1.05455,-0.025297804,2,-1.0,False,6
-1.0763485,-0.021798411,0,-1.0,False,6
-1.0966564,-0.020307966,0,-1.0,False,6
-1.1154919,-0.018835435,0,-1.0,False,6
-1.1328796,-0.017387724,0,-1.0,False,6
-1.1488495,-0.01596986,0,-1.0,False,6
-1.1634347,-0.01458521,0,-1.0,False,6
-1.1766704,-0.013235675,0,-1.0,False,6
-1.1885923,-0.011921902,0,-1.0,False,6
-1.1992358,-0.010643465,0,-1.0,False,6
-1.2,0.0,2,-1.0,False,6
-1.1967582,0.003241896,2,-1.0,False,6
-1.1902636,0.0064944453,2,-1.0,False,6
-1.180496,0.009767694,2,-1.0,False,6
-1.1674255,0.013070449,2,-1.0,False,6
-1.1510159,0.016409589,2,-1.0,False,6
-1.1312267,0.01978931,2,-1.0,False,6
-1.1080164,0.023210295,2,-1.0,False,6
-1.0813475,0.026668796,2,-1.0,False,6
-1.0511918,0.030155689,2,-1.0,False,6
-1.0175363,0.03365551,2,-1.0,False,6
-0.9803907,0.03714562,2,-1.0,False,6
-0.93979514,0.040595576,2,-1.0,False,6
-0.8958282,0.043966923,2,-1.0,False,6
-0.84861463,0.047213554,2,-1.0,False,6
-0.7983318,0.050282877,2,-1.0,False,6
-0.74521387,0.053117886,2,-1.0,False,6
-0.6895537,0.05566023,2,-1.0,False,6
-0.63169956,0.057854105,2,-1.0,False,6
-0.57204884,0.059650723,2,-1.0,False,6
-0.51103604,0.061012823,2,-1.0,False,6
-0.4491174,0.061918624,2,-1.0,False,6
-0.38675275,0.06236465,2,-1.0,False,6
-0.32438585,0.06236689,2,-1.0,False,6
-0.2624257,0.061960164,2,-1.0,False,6
-0.20122996,0.06119572,2,-1.0,False,6
-0.14109236,0.060137603,2,-1.0,False,6
-0.08223413,0.058858234,2,-1.0,False,6
-0.0248002,0.057433926,2,-1.0,False,6
0.031140642,0.055940844,2,-1.0,False,6
0.08559239,0.054451745,2,-1.0,False,6
0.1386261,0.05303371,2,-1.0,False,6
0.1903729,0.051746808,2,-1.0,False,6
0.24101646,0.050643563,2,-1.0,False,6
0.29078555,0.049769085,2,-1.0,False,6
0.33994707,0.049161527,2,-1.0,False,6
0.38879985,0.048852775,2,-1.0,False,6
0.43766898,0.048869114,2,-1.0,False,6
0.48690072,0.049231753,2,-1.0,True,6
-0.52742916,0.0,0,-1.0,False,7
-0.5284004,-0.00097127276,0,-1.0,False,7
-0.5303357,-0.0019352615,0,-1.0,False,7
-0.5332204,-0.0028847381,0,-1.0,False,7
-0.537033,-0.0038125857,0,-1.0,False,7
-0.5417449,-0.004711856,0,-1.0,False,7
-0.5473207,-0.005575828,0,-1.0,False,7
-0.55371875,-0.006398063,0,-1.0,False,7
-0.5608912,-0.0071724704,0,-1.0,False,7
-0.5687846,-0.00789336,0,-1.0,False,7
-0.5773401,-0.008555504,0,-1.0,False,7
-0.58649427,-0.0091541875,0,-1.0,False,7
-0.59617954,-0.009685265,0,-1.0,False,7
-0.60632473,-0.0101452,0,-1.0,False,7
-0.61685586,-0.010531105,0,-1.0,False,7
-0.62769663,-0.010840766,0,-1.0,False,7
-0.63876927,-0.011072661,0,-1.0,False,7
-0.64999527,-0.011225966,0,-1.0,False,7
-0.6612958,-0.011300547,0,-1.0,False,7
-0.67259276,-0.011296941,0,-1.0,False,7
-0.68380904,-0.011216326,0,-1.0,False,7
-0.6948695,-0.011060479,0,-1.0,False,7
-0.7057013,-0.010831728,0,-1.0,False,7
-0.71623415,-0.010532888,0,-1.0,False,7
-0.7264014,-0.010167209,0,-1.0,False,7
-0.73613966,-0.009738306,0,-1.0,False,7
-0.74538976,-0.009250089,0,-1.0,False,7
-0.75409645,-0.008706707,0,-1.0,False,7
-0.76220894,-0.008112486,0,-1.0,False,7
-0.76968086,-0.0074718758,0,-1.0,False,7
-0.77647024,-0.0067893965,0,-1.0,False,7
-0.78253984,-0.0060696057,0,-1.0,False,7
-0.7878569,-0.005317062,0,-1.0,False,7
-0.7923932,-0.0045363037,0,-1.0,False,7
-0.79612505,-0.003731832,0,-1.0,False,7
-0.7990331,-0.0029081022,0,-1.0,False,7
-0.80110264,-0.0020695238,0,-1.0,False,7
-0.8023231,-0.0012204637,0,-1.0,False,7
-0.80268836,-0.00036525537,0,-1.0,False,7
-0.80219656,0.0004917881,0,-1.0,False,7
-0.8008502,0.0013463601,0,-1.0,False,7
-0.7986561,0.0021941457,2,-1.0,False,7
-0.7936253,0.0050308066,2,-1.0,False,7
-0.7857836,0.007841662,2,-1.0,False,7
-0.7751721,0.010611472,2,-1.0,False,7
-0.761848,0.013324183,2,-1.0,False,7
-0.7458852,0.01596275,2,-1.0,False,7
-0.72737616,0.018509053,2,-1.0,False,7
-0.7064322,0.02094395,2,-1.0,False,7
-0.68318474,0.023247471,2,-1.0,False,7
-0.6577856,0.025399163,2,-1.0,False,7
-0.630407,0.027378602,2,-1.0,False,7
-0.60124093,0.029166026,2,-1.0,False,7
-0.5704979,0.03074309,2,-1.0,False,7
-0.53840417,0.032093674,1,-1.0,False,7
-0.5061995,0.03220468,1,-1.0,False,7
-0.47412527,0.032074243,0,-1.0,False,7
-0.4434207,0.030704552,2,-1.0,False,7
-0.4123117,0.031109,2,-1.0,False,7
-0.38102195,0.031289764,2,-1.0,False,7
-0.3497692,0.03125275,2,-1.0,False,7
-0.3187619,0.03100732,2,-1.0,False,7
-0.28819594,0.030565921,2,-1.0,False,7
-0.2582524,0.029943537,2,-1.0,False,7
-0.22909535,0.029157061,2,-1.0,False,7
-0.20087072,0.028224634,2,-1.0,False,7
-0.17370573,0.02716499,2,-1.0,False,7
-0.1477089,0.02599683,1,-1.0,False,7
-0.123970605,0.023738291,0,-1.0,False,7
-0.1035614,0.020409206,0,-1.0,False,7
-0.0865325,0.017028894,0,-1.0,False,7
-0.072919846,0.013612661,0,-1.0,False,7
-0.062747605,0.010172242,0,-1.0,False,7
-0.056031197,0.006716406,0,-1.0,False,7
-0.052779555,0.0032516422,0,-1.0,False,7
-0.05299664,-0.00021708426,2,-1.0,False,7
-0.05468219,-0.0016855535,2,-1.0,False,7
-0.057834182,-0.0031519898,2,-1.0,False,7
-0.06244864,-0.004614455,2,-1.0,False,7
-0.06851935,-0.0060707103,2,-1.0,False,7
-0.07603743,-0.007518078,2,-1.0,False,7
-0.08499074,-0.008953316,2,-1.0,False,7
-0.09536324,-0.010372492,2,-1.0,False,7
-0.10713411,-0.011770878,2,-1.0,False,7
-0.12027697,-0.013142861,0,-1.0,False,7
-0.13675885,-0.01648187,0,-1.0,False,7
-0.15653324,-0.019774398,0,-1.0,False,7
-0.17953701,-0.023003772,0,-1.0,False,7
-0.20568684,-0.026149826,0,-1.0,False,7
-0.23487562,-0.029188784,0,-1.0,False,7
-0.26696905,-0.032093417,0,-1.0,False,7
-0.3018026,-0.034833554,0,-1.0,False,7
-0.33917958,-0.037376966,0,-1.0,False,7
-0.3788702,-0.03969062,2,-1.0,False,7
-0.41861248,-0.039742302,2,-1.0,False,7
-0.45812923,-0.039516747,2,-1.0,False,7
-0.49713385,-0.039004616,2,-1.0,False,7
-0.53533673,-0.038202893,2,-1.0,False,7
-0.57245165,-0.037114877,0,-1.0,False,7
-0.6102014,-0.037749793,0,-1.0,False,7
-0.648309,-0.038107555,0,-1.0,False,7
-0.6865029,-0.038193896,0,-1.0,False,7
-0.724523,-0.03802017,0,-1.0,False,7
-0.7621259,-0.03760285,0,-1.0,False,7
-0.7990886,-0.03696271,0,-1.0,False,7
-0.83521247,-0.03612385,0,-1.0,False,7
-0.870325,-0.03511259,0,-1.0,False,7
-0.9042814,-0.033956353,0,-1.0,False,7
-0.93696404,-0.032682635,0,-1.0,False,7
-0.9682821,-0.0313181,0,-1.0,False,7
-0.99816996,-0.02988783,0,-1.0,False,7
-1.0265847,-0.028414825,0,-1.0,False,7
-1.0535043,-0.026919603,2,-1.0,False,7
-1.0769244,-0.02342005,0,-1.0,False,7
-1.0988544,-0.021929985,0,-1.0,False,7
-1.1193143,-0.020459944,0,-1.0,False,7
-1.1383326,-0.019018225,0,-1.0,False,7
-1.1559436,-0.017611085,0,-1.0,False,7
-1.1721866,-0.016242947,0,-1.0,False,7
-1.1871033,-0.014916648,0,-1.0,False,7
-1.2,0.0,2,-1.0,False,7
-1.1967582,0.003241896,2,-1.0,False,7
-1.1902636,0.0064944453,2,-1.0,False,7
-1.180496,0.009767694,2,-1.0,False,7
-1.1674255,0.013070449,2,-1.0,False,7
-1.1510159,0.016409589,2,-1.0,False,7
-1.1312267,0.01978931,2,-1.0,False,7
-1.1080164,0.023210295,2,-1.0,False,7
-1.0813475,0.026668796,2,-1.0,False,7
-1.0511918,0.030155689,2,-1.0,False,7
-1.0175363,0.03365551,2,-1.0,False,7
-0.9803907,0.03714562,2,-1.0,False,7
-0.93979514,0.040595576,2,-1.0,False,7
-0.8958282,0.043966923,2,-1.0,False,7
-0.84861463,0.047213554,2,-1.0,False,7
-0.7983318,0.050282877,2,-1.0,False,7
-0.74521387,0.053117886,2,-1.0,False,7
-0.6895537,0.05566023,2,-1.0,False,7
-0.63169956,0.057854105,2,-1.0,False,7
-0.57204884,0.059650723,2,-1.0,False,7
-0.51103604,0.061012823,2,-1.0,False,7
-0.4491174,0.061918624,2,-1.0,False,7
-0.38675275,0.06236465,2,-1.0,False,7
-0.32438585,0.06236689,2,-1.0,False,7
-0.2624257,0.061960164,2,-1.0,False,7
-0.20122996,0.06119572,2,-1.0,False,7
-0.14109236,0.060137603,2,-1.0,False,7
-0.08223413,0.058858234,2,-1.0,False,7
-0.0248002,0.057433926,2,-1.0,False,7
0.031140642,0.055940844,2,-1.0,False,7
0.08559239,0.054451745,2,-1.0,False,7
0.1386261,0.05303371,2,-1.0,False,7
0.1903729,0.051746808,2,-1.0,False,7
0.24101646,0.050643563,2,-1.0,False,7
0.29078555,0.049769085,2,-1.0,False,7
0.33994707,0.049161527,2,-1.0,False,7
0.38879985,0.048852775,2,-1.0,False,7
0.43766898,0.048869114,2,-1.0,False,7
0.48690072,0.049231753,2,-1.0,True,7
-0.44251546,0.0,2,-1.0,False,8
-0.4421176,0.0003978546,2,-1.0,False,8
-0.4413248,0.0007928136,2,-1.0,False,8
-0.44014278,0.0011820049,2,-1.0,False,8
-0.4385802,0.0015626037,2,-1.0,False,8
-0.43664834,0.0019318553,2,-1.0,False,8
-0.43436122,0.0022870973,2,-1.0,False,8
-0.43173546,0.0026257818,0,-1.0,False,8
-0.43078995,0.00094549503,0,-1.0,False,8
-0.43153158,-0.00074161263,0,-1.0,False,8
-0.43395492,-0.0024233707,0,-1.0,False,8
-0.43804255,-0.0040876246,0,-1.0,False,8
-0.44376484,-0.0057222736,0,-1.0,False,8
-0.45108014,-0.0073153204,0,-1.0,False,8
-0.4599351,-0.008854929,0,-1.0,False,8
-0.47026458,-0.01032951,0,-1.0,False,8
-0.4819924,-0.011727812,0,-1.0,False,8
-0.49503145,-0.01303905,0,-1.0,False,8
-0.5092845,-0.014253043,0,-1.0,False,8
-0.52464485,-0.015360367,0,-1.0,False,8
-0.5409974,-0.016352521,0,-1.0,False,8
-0.5582195,-0.01722209,0,-1.0,False,8
-0.57618237,-0.0179629,0,-1.0,False,8
-0.59475255,-0.018570159,0,-1.0,False,8
-0.6137931,-0.01904055,0,-1.0,False,8
-0.6331654,-0.019372316,0,-1.0,False,8
-0.6527307,-0.019565284,0,-1.0,False,8
-0.67235154,-0.019620838,0,-1.0,False,8
-0.6918934,-0.019541854,0,-1.0,False,8
-0.711226,-0.01933259,0,-1.0,False,8
-0.7302245,-0.018998526,0,-1.0,False,8
-0.7487707,-0.018546188,0,-1.0,False,8
-0.7667536,-0.01798294,0,-1.0,False,8
-0.7840704,-0.017316762,0,-1.0,False,8
-0.80062646,-0.01655605,0,-1.0,False,8
-0.81633586,-0.015709396,0,-1.0,False,8
-0.83112127,-0.014785402,0,-1.0,False,8
-0.8449138,-0.013792516,0,-1.0,False,8
-0.85765266,-0.0127388965,0,-1.0,False,8
-0.8692849,-0.011632305,0,-1.0,False,8
-0.879765,-0.010480026,0,-1.0,False,8
-0.8890538,-0.009288829,0,-1.0,False,8
-0.89711875,-0.008064947,2,-1.0,False,8
-0.90193284,-0.004814087,2,-1.0,False,8
-0.9034806,-0.001547749,2,-1.0,False,8
-0.9017571,0.0017234645,2,-1.0,False,8
-0.89676785,0.0049892454,2,-1.0,False,8
-0.88852894,0.00823896,2,-1.0,False,8
-0.87706786,0.01146104,2,-1.0,False,8
-0.86242545,0.014642427,2,-1.0,False,8
-0.84465736,0.017768078,2,-1.0,False,8
-0.8238368,0.0208206,2,-1.0,False,8
-0.80005676,0.023780026,2,-1.0,False,8
-0.77343297,0.026623799,2,-1.0,False,8
-0.744106,0.029326985,2,-1.0,False,8
-0.7122432,0.03186278,2,-1.0,False,8
-0.6780399,0.03420329,2,-1.0,False,8
-0.6417193,0.036320597,2,-1.0,False,8
-0.60353124,0.038188078,2,-1.0,False,8
-0.5637494,0.039781842,2,-1.0,False,8
-0.5226671,0.041082244,2,-1.0,False,8
-0.48059186,0.042075258,2,-1.0,False,8
-0.4378383,0.0427536,2,-1.0,False,8
-0.39472082,0.043117467,2,-1.0,False,8
-0.35154602,0.043174785,2,-1.0,False,8
-0.3086051,0.04294093,2,-1.0,False,8
-0.26616713,0.04243797,2,-1.0,False,8
-0.22447361,0.04169352,2,-1.0,False,8
-0.18373431,0.040739287,2,-1.0,False,8
-0.14412478,0.039609548,2,-1.0,False,8
-0.105785154,0.038339615,2,-1.0,False,8
-0.0688207,0.036964454,2,-1.0,False,8
-0.03330315,0.03551755,2,-1.0,False,8
0.00072686805,0.034030017,2,-1.0,False,8
0.033256892,0.03253002,2,-1.0,False,8
0.064299345,0.031042455,2,-1.0,False,8
0.09388817,0.029588822,2,-1.0,False,8
0.122075506,0.028187338,2,-1.0,False,8
0.14892863,0.026853126,2,-1.0,False,8
0.17452715,0.025598524,2,-1.0,False,8
0.19896059,0.024433438,2,-1.0,False,8
0.22232631,0.023365708,2,-1.0,False,8
0.24472778,0.022401473,2,-1.0,False,8
0.2662733,0.021545528,2,-1.0,False,8
0.28707495,0.020801645,2,-1.0,False,8
0.30724782,0.020172874,2,-1.0,False,8
0.3269096,0.019661793,2,-1.0,False,8
0.34618035,0.01927075,2,-1.0,False,8
0.36518243,0.019002056,2,-1.0,False,8
0.38404056,0.018858155,2,-1.0,False,8
0.40288237,0.01884178,2,-1.0,False,8
0.42183843,0.018956069,2,-1.0,False,8
0.44104308,0.019204665,2,-1.0,False,8
0.4606349,0.019591808,2,-1.0,False,8
0.48075727,0.020122383,2,-1.0,True,8
-0.41151175,0.0,0,-1.0,False,9
-0.41333666,-0.0018248996,0,-1.0,False,9
-0.41697353,-0.0036368668,0,-1.0,False,9
-0.4223965,-0.0054229884,0,-1.0,False,9
-0.42956692,-0.0071703983,0,-1.0,False,9
-0.43843323,-0.00886632,0,-1.0,False,9
-0.44893137,-0.010498135,0,-1.0,False,9
-0.46098483,-0.012053469,0,-1.0,False,9
-0.47450516,-0.013520317,0,-1.0,False,9
-0.48939234,-0.0148871895,0,-1.0,False,9
-0.50553566,-0.016143288,0,-1.0,False,9
-0.52281433,-0.017278695,0,-1.0,False,9
-0.5410989,-0.018284578,0,-1.0,False,9
-0.5602523,-0.019153388,0,-1.0,False,9
-0.58013135,-0.01987904,0,-1.0,False,9
-0.60058844,-0.020457076,0,-1.0,False,9
-0.6214732,-0.020884773,0,-1.0,False,9
-0.6426344,-0.021161217,0,-1.0,False,9
-0.6639217,-0.021287305,0,-1.0,False,9
-0.6851874,-0.021265693,0,-1.0,False,9
-0.7062881,-0.02110069,0,-1.0,False,9
-0.7270862,-0.020798093,0,-1.0,False,9
-0.7474512,-0.020364976,0,-1.0,False,9
-0.7672606,-0.019809462,0,-1.0,False,9
-0.7864011,-0.019140452,0,-1.0,False,9
-0.80476844,-0.018367374,0,-1.0,False,9
-0.82226837,-0.017499924,0,-1.0,False,9
-0.8388162,-0.016547823,0,-1.0,False,9
-0.8543368,-0.015520627,0,-1.0,False,9
-0.86876434,-0.01442753,0,-1.0,False,9
-0.8820416,-0.01327724,0,-1.0,False,9
-0.89411944,-0.0120778745,0,-1.0,False,9
-0.90495634,-0.010836894,2,-1.0,False,9
-0.9125174,-0.0075610774,2,-1.0,False,9
-0.9167798,-0.004262377,2,-1.0,False,9
-0.9177311,-0.0009512973,2,-1.0,False,9
-0.9153686,0.002362494,2,-1.0,False,9
-0.9096991,0.0056695165,2,-1.0,False,9
-0.90073925,0.008959825,2,-1.0,False,9
-0.8885169,0.012222369,2,-1.0,False,9
-0.8730725,0.015444409,2,-1.0,False,9
-0.8544615,0.018611,2,-1.0,False,9
-0.8327569,0.021704609,2,-1.0,False,9
-0.808052,0.024704877,2,-1.0,False,9
-0.7804634,0.027588611,2,-1.0,False,9
-0.7501334,0.030330015,2,-1.0,False,9
-0.71723217,0.032901227,2,-1.0,False,9
-0.681959,0.03527317,2,-1.0,False,9
-0.6445423,0.037416693,2,-1.0,False,9
-0.6052383,0.039304,2,-1.0,False,9
-0.56432813,0.04091019,2,-1.0,False,9
-0.5221132,0.042214904,2,-1.0,False,9
-0.47890943,0.04320376,2,-1.0,False,9
-0.43503985,0.043869592,2,-1.0,False,9
-0.39082667,0.044213187,2,-1.0,False,9
-0.34658316,0.044243522,2,-1.0,False,9
-0.30260572,0.04397743,2,-1.0,False,9
-0.25916696,0.043438762,2,-1.0,False,9
-0.21650986,0.04265709,2,-1.0,False,9
-0.1748437,0.04166617,2,-1.0,False,9
-0.13434143,0.04050227,2,-1.0,False,9
-0.095138855,0.03920257,2,-1.0,False,9
-0.057335146,0.037803713,2,-1.0,False,9
-0.020994542,0.0363406,2,-1.0,False,9
0.013851019,0.03484556,2,-1.0,False,9
0.047198735,0.03334772,2,-1.0,False,9
0.07907148,0.03187274,2,-1.0,False,9
0.10951422,0.030442746,2,-1.0,False,9
0.13859068,0.029076463,2,-1.0,False,9
0.16638014,0.027789451,2,-1.0,False,9
0.1929746,0.026594466,2,-1.0,False,9
0.21847643,0.025501836,2,-1.0,False,9
0.2429963,0.02451987,2,-1.0,False,9
0.26665154,0.023655249,2,-1.0,False,9
0.28956497,0.0229134,2,-1.0,False,9
0.3118638,0.02229884,2,-1.0,False,9
0.3336793,0.021815486,2,-1.0,False,9
0.3551462,0.021466915,2,-1.0,False,9
0.3764028,0.021256613,2,-1.0,False,9
0.397591,0.021188173,2,-1.0,False,9
0.41885644,0.021265464,2,-1.0,False,9
0.4403492,0.021492759,2,-1.0,False,9
0.46222407,0.021874858,2,-1.0,False,9
0.4846412,0.022417145,2,-1.0,True,9
-0.4768474,0.0,2,-1.0,False,10
-0.4761969,0.0006505132,2,-1.0,False,10
-0.4749007,0.0012961961,2,-1.0,False,10
-0.47296843,0.0019322584,2,-1.0,False,10
-0.47041446,0.0025539894,2,-1.0,False,10
-0.46725765,0.003156797,2,-1.0,False,10
-0.46352142,0.0037362478,2,-1.0,False,10
-0.4592333,0.004288103,2,-1.0,False,10
-0.45442495,0.0048083565,2,-1.0,False,10
-0.44913167,0.0052932682,2,-1.0,False,10
-0.44339228,0.005739399,2,-1.0,False,10
-0.43724865,0.0061436384,2,-1.0,False,10
-0.43074542,0.0065032314,0,-1.0,False,10
-0.4259296,0.004815803,0,-1.0,False,10
-0.4228359,0.0030937206,0,-1.0,False,10
-0.42148644,0.0013494559,0,-1.0,False,10
-0.42189088,-0.0004044647,0,-1.0,False,10
-0.4240464,-0.0021554925,0,-1.0,False,10
-0.42793748,-0.0038910853,0,-1.0,False,10
-0.4335362,-0.005598737,0,-1.0,False,10
-0.44080222,-0.007266018,0,-1.0,False,10
-0.44968286,-0.008880626,0,-1.0,False,10
-0.46011332,-0.010430464,0,-1.0,False,10
-0.47201705,-0.011903731,0,-1.0,False,10
-0.4853061,-0.013289052,0,-1.0,False,10
-0.4998817,-0.0145756155,0,-1.0,False,10
-0.5156351,-0.015753344,0,-1.0,False,10
-0.5324481,-0.016813066,0,-1.0,False,10
-0.55019486,-0.017746704,0,-1.0,False,10
-0.5687423,-0.018547446,0,-1.0,False,10
-0.5879522,-0.019209903,0,-1.0,False,10
-0.6076824,-0.019730244,0,-1.0,False,10
-0.6277887,-0.020106284,0,-1.0,False,10
-0.64812624,-0.020337522,0,-1.0,False,10
-0.6685514,-0.020425139,0,-1.0,False,10
-0.6889233,-0.020371936,0,-1.0,False,10
-0.7091055,-0.020182215,0,-1.0,False,10
-0.72896713,-0.019861627,0,-1.0,False,10
-0.7483841,-0.019416977,0,-1.0,False,10
-0.7672401,-0.01885599,0,-1.0,False,10
-0.7854272,-0.018187096,0,-1.0,False,10
-0.8028464,-0.017419174,0,-1.0,False,10
-0.8194077,-0.016561339,0,-1.0,False,10
-0.83503044,-0.015622714,0,-1.0,False,10
-0.8496427,-0.014612263,0,-1.0,False,10
-0.8631813,-0.013538625,0,-1.0,False,10
-0.87559134,-0.012409995,0,-1.0,False,10
-0.8868254,-0.01123404,0,-1.0,False,10
-0.8968432,-0.010017844,0,-1.0,False,10
-0.9056111,-0.008767883,2,-1.0,False,10
-0.9111011,-0.005490038,2,-1.0,False,10
-0.91329664,-0.0021955348,2,-1.0,False,10
-0.9121912,0.0011054567,2,-1.0,False,10
-0.907788,0.004403194,2,-1.0,False,10
-0.9001003,0.0076877186,2,-1.0,False,10
-0.88915205,0.01094822,2,-1.0,False,10
-0.8749796,0.0141724385,2,-1.0,False,10
-0.8576335,0.01734613,2,-1.0,False,10
-0.83718085,0.020452647,2,-1.0,False,10
-0.8137082,0.02347264,2,-1.0,False,10
-0.7873242,0.026383992,2,-1.0,False,10
-0.75816226,0.029161945,2,-1.0,False,10
-0.72638273,0.031779535,2,-1.0,False,10
-0.69217443,0.034208324,2,-1.0,False,10
-0.655755,0.036419433,2,-1.0,False,10
-0.6173701,0.03838484,2,-1.0,False,10
-0.57729125,0.040078886,2,-1.0,False,10
-0.5358114,0.04147984,2,-1.0,False,10
-0.49324,0.042571414,2,-1.0,False,10
-0.44989595,0.04334404,2,-1.0,False,10
-0.4061002,0.04379576,2,-1.0,False,10
-0.36216754,0.043932658,2,-1.0,False,10
-0.31839883,0.0437687,2,-1.0,False,10
-0.27507377,0.043325078,2,-1.0,False,10
-0.23244467,0.042629093,2,-1.0,False,10
-0.19073197,0.0417127,2,-1.0,False,10
-0.15012105,0.040610917,2,-1.0,False,10
-0.11076086,0.03936019,2,-1.0,False,10
-0.07276392,0.037996944,2,-1.0,False,10
-0.036207646,0.03655627,2,-1.0,False,10
-0.0011366429,0.035071004,2,-1.0,False,10
0.032434378,0.03357102,2,-1.0,False,10
0.06451722,0.032082845,2,-1.0,False,10
0.095146745,0.030629527,2,-1.0,False,10
0.12437743,0.029230682,2,-1.0,False,10
0.15228014,0.027902707,2,-1.0,False,10
0.17893922,0.02665908,2,-1.0,False,10
0.20444995,0.025510728,2,-1.0,False,10
0.22891636,0.024466418,2,-1.0,False,10
0.2524495,0.02353314,2,-1.0,False,10
0.275166,0.022716489,2,-1.0,False,10
0.297187,0.022021012,2,-1.0,False,10
0.31863752,0.021450516,2,-1.0,False,10
0.33964586,0.021008357,2,-1.0,False,10
0.36034355,0.02069768,2,-1.0,False,10
0.3808652,0.020521631,2,-1.0,False,10
0.40134874,0.020483546,2,-1.0,False,10
0.42193583,0.020587087,2,-1.0,False,10
0.4427722,0.02083638,2,-1.0,False,10
0.4640083,0.021236103,2,-1.0,False,10
0.48579985,0.021791551,2,-1.0,True,10
-0.5977746,0.0,0,-1.0,False,11
-0.59822285,-0.0004482613,0,-1.0,False,11
-0.5991161,-0.00089324405,0,-1.0,False,11
-0.6004478,-0.0013316966,0,-1.0,False,11
-0.6022082,-0.0017604212,0,-1.0,False,11
-0.60438454,-0.0021763,0,-1.0,False,11
-0.60696083,-0.002576321,0,-1.0,False,11
-0.6099185,-0.0029576023,0,-1.0,False,11
-0.6132359,-0.0033174162,0,-1.0,False,11
-0.61688906,-0.003653211,0,-1.0,False,11
-0.6208517,-0.0039626323,0,-1.0,False,11
-0.62509525,-0.004243539,0,-1.0,False,11
-0.62958926,-0.004494024,0,-1.0,False,11
-0.6343017,-0.0047124233,0,-1.0,False,11
-0.639199,-0.00489733,0,-1.0,False,11
-0.64424664,-0.005047603,0,-1.0,False,11
-0.649409,-0.005162372,0,-1.0,False,11
-0.65465003,-0.0052410387,0,-1.0,False,11
-0.6599333,-0.00528328,0,-1.0,False,11
-0.66522235,-0.005289042,0,-1.0,False,11
-0.6704809,-0.005258534,0,-1.0,False,11
-0.6756731,-0.005192224,0,-1.0,False,11
-0.68076396,-0.0050908225,0,-1.0,False,11
-0.6857192,-0.0049552745,0,-1.0,False,11
-0.690506,-0.004786744,0,-1.0,False,11
-0.69509256,-0.0045865974,0,-1.0,False,11
-0.69944894,-0.004356389,0,-1.0,False,11
-0.70354676,-0.004097843,0,-1.0,False,11
-0.7073596,-0.0038128374,0,-1.0,False,11
-0.710863,-0.0035033869,0,-1.0,False,11
-0.7140346,-0.0031716262,0,-1.0,False,11
-0.71685445,-0.0028197952,0,-1.0,False,11
-0.7193047,-0.0024502226,0,-1.0,False,11
-0.72137,-0.0020653135,0,-1.0,False,11
-0.7230375,-0.0016675352,0,-1.0,False,11
-0.7242969,-0.0012594053,0,-1.0,False,11
-0.7251404,-0.00084348075,0,-1.0,False,11
-0.72556275,-0.0004223471,0,-1.0,False,11
-0.7255613,1.3914685e-06,0,-1.0,False,11
-0.7251362,0.00042512146,0,-1.0,False,11
-0.72429,0.00084622944,0,-1.0,False,11
-0.7230279,0.0012621112,2,-1.0,False,11
-0.7193577,0.0036701816,2,-1.0,False,11
-0.71330225,0.0060554217,2,-1.0,False,11
-0.70489967,0.008402629,2,-1.0,False,11
-0.6942033,0.010696327,2,-1.0,False,11
-0.6812826,0.012920726,2,-1.0,False,11
-0.6662229,0.0150597375,2,-1.0,False,11
-0.64912575,0.017097078,2,-1.0,False,11
-0.63010937,0.019016435,2,-1.0,False,11
-0.6093076,0.02080174,2,-1.0,False,11
-0.58687013,0.022437496,2,-1.0,False,11
-0.5629609,0.023909187,2,-1.0,False,11
-0.5377572,0.025203718,2,-1.0,False,11
-0.5114473,0.026309874,2,-1.0,False,11
-0.48422858,0.027218759,1,-1.0,False,11
-0.4573044,0.026924169,0,-1.0,False,11
-0.4318742,0.025430232,2,-1.0,False,11
-0.40612322,0.025750946,2,-1.0,False,11
-0.38023522,0.025888005,2,-1.0,False,11
-0.3543896,0.025845623,2,-1.0,False,11
-0.32875925,0.025630359,2,-1.0,False,11
-0.30350837,0.025250863,2,-1.0,False,11
-0.27879083,0.024717536,2,-1.0,False,11
-0.2547487,0.024042137,2,-1.0,False,11
-0.23151132,0.023237377,2,-1.0,False,11
-0.20919482,0.022316497,2,-1.0,False,11
-0.18790196,0.021292876,1,-1.0,False,11
-0.16872227,0.019179674,0,-1.0,False,11
-0.15272912,0.01599315,0,-1.0,False,11
-0.13997811,0.012751011,0,-1.0,False,11
-0.1305099,0.009468222,0,-1.0,False,11
-0.12435249,0.0061574057,0,-1.0,False,11
-0.12152313,0.0028293624,0,-1.0,False,11
-0.12202946,-0.000506331,2,-1.0,False,11
-0.12387013,-0.0018406678,2,-1.0,False,11
-0.12704015,-0.0031700274,2,-1.0,False,11
-0.1315308,-0.0044906484,2,-1.0,False,11
-0.13732934,-0.0057985317,2,-1.0,False,11
-0.14441869,-0.007089348,2,-1.0,False,11
-0.15277703,-0.0083583575,2,-1.0,False,11
-0.16237737,-0.009600338,2,-1.0,False,11
-0.17318691,-0.010809535,2,-1.0,False,11
-0.18516654,-0.011979628,0,-1.0,False,11
-0.20027027,-0.015103721,0,-1.0,False,11
-0.21843618,-0.018165914,0,-1.0,False,11
-0.23958424,-0.021148065,0,-1.0,False,11
-0.26361388,-0.024029633,0,-1.0,False,11
-0.29040164,-0.026787752,0,-1.0,False,11
-0.31979913,-0.029397514,0,-1.0,False,11
-0.3516317,-0.03183255,0,-1.0,False,11
-0.38569754,-0.034065846,0,-1.0,False,11
-0.4217684,-0.036070853,0,-1.0,False,11
-0.45959115,-0.037822757,2,-1.0,False,11
-0.49689102,-0.03729987,2,-1.0,False,11
-0.533391,-0.036499966,0,-1.0,False,11
-0.57081753,-0.037426535,2,-1.0,False,11
-0.6068911,-0.036073577,0,-1.0,False,11
-0.6433464,-0.036455363,0,-1.0,False,11
-0.6799229,-0.03657645,0,-1.0,False,11
-0.71636945,-0.036446527,0,-1.0,False,11
-0.75244945,-0.03608,0,-1.0,False,11
-0.78794473,-0.03549531,0,-1.0,False,11
-0.82265884,-0.03471409,0,-1.0,False,11
-0.856419,-0.033760164,0,-1.0,False,11
-0.88907754,-0.03265857,0,-1.0,False,11
-0.9205122,-0.031434607,0,-1.0,False,11
-0.9506252,-0.030112997,0,-1.0,False,11
-0.97934234,-0.028717184,0,-1.0,False,11
-1.0066111,-0.027268805,0,-1.0,False,11
-1.0323985,-0.025787313,0,-1.0,False,11
-1.0566882,-0.024289778,2,-1.0,False,11
-1.077479,-0.02079079,0,-1.0,False,11
-1.0967802,-0.019301098,0,-1.0,False,11
-1.1146089,-0.017828705,0,-1.0,False,11
-1.1309885,-0.016379654,0,-1.0,False,11
-1.1459467,-0.014958224,0,-1.0,False,11
-1.1595138,-0.013567128,0,-1.0,False,11
-1.1717216,-0.012207708,0,-1.0,False,11
-1.1826017,-0.010880134,0,-1.0,False,11
-1.1921853,-0.009583574,0,-1.0,False,11
-1.2,0.0,2,-1.0,False,11
-1.1967582,0.003241896,2,-1.0,False,11
-1.1902636,0.0064944453,2,-1.0,False,11
-1.180496,0.009767694,2,-1.0,False,11
-1.1674255,0.013070449,2,-1.0,False,11
-1.1510159,0.016409589,2,-1.0,False,11
-1.1312267,0.01978931,2,-1.0,False,11
-1.1080164,0.023210295,2,-1.0,False,11
-1.0813475,0.026668796,2,-1.0,False,11
-1.0511918,0.030155689,2,-1.0,False,11
-1.0175363,0.03365551,2,-1.0,False,11
-0.9803907,0.03714562,2,-1.0,False,11
-0.93979514,0.040595576,2,-1.0,False,11
-0.8958282,0.043966923,2,-1.0,False,11
-0.84861463,0.047213554,2,-1.0,False,11
-0.7983318,0.050282877,2,-1.0,False,11
-0.74521387,0.053117886,2,-1.0,False,11
-0.6895537,0.05566023,2,-1.0,False,11
-0.63169956,0.057854105,2,-1.0,False,11
-0.57204884,0.059650723,2,-1.0,False,11
-0.51103604,0.061012823,2,-1.0,False,11
-0.4491174,0.061918624,2,-1.0,False,11
-0.38675275,0.06236465,2,-1.0,False,11
-0.32438585,0.06236689,2,-1.0,False,11
-0.2624257,0.061960164,2,-1.0,False,11
-0.20122996,0.06119572,2,-1.0,False,11
-0.14109236,0.060137603,2,-1.0,False,11
-0.08223413,0.058858234,2,-1.0,False,11
-0.0248002,0.057433926,2,-1.0,False,11
0.031140642,0.055940844,2,-1.0,False,11
0.08559239,0.054451745,2,-1.0,False,11
0.1386261,0.05303371,2,-1.0,False,11
0.1903729,0.051746808,2,-1.0,False,11
0.24101646,0.050643563,2,-1.0,False,11
0.29078555,0.049769085,2,-1.0,False,11
0.33994707,0.049161527,2,-1.0,False,11
0.38879985,0.048852775,2,-1.0,False,11
0.43766898,0.048869114,2,-1.0,False,11
0.48690072,0.049231753,2,-1.0,True,11
-0.5555097,0.0,0,-1.0,False,12
-0.5562707,-0.00076103356,0,-1.0,False,12
-0.5577871,-0.001516386,0,-1.0,False,12
-0.5600475,-0.0022604228,0,-1.0,False,12
-0.56303513,-0.0029876016,0,-1.0,False,12
-0.56672764,-0.0036925185,0,-1.0,False,12
-0.5710976,-0.0043699536,0,-1.0,False,12
-0.5761125,-0.005014917,0,-1.0,False,12
-0.5817352,-0.005622691,0,-1.0,False,12
-0.58792406,-0.0061888746,0,-1.0,False,12
-0.5946335,-0.0067094234,0,-1.0,False,12
-0.6018142,-0.007180686,0,-1.0,False,12
-0.6094136,-0.007599439,0,-1.0,False,12
-0.61737657,-0.007962913,0,-1.0,False,12
-0.6256454,-0.008268821,0,-1.0,False,12
-0.63416076,-0.008515371,0,-1.0,False,12
-0.642862,-0.008701277,0,-1.0,False,12
-0.6516878,-0.008825765,0,-1.0,False,12
-0.66057634,-0.008888566,0,-1.0,False,12
-0.66946626,-0.008889904,0,-1.0,False,12
-0.67829674,-0.008830482,0,-1.0,False,12
-0.6870082,-0.00871145,0,-1.0,False,12
-0.6955426,-0.008534382,0,-1.0,False,12
-0.70384383,-0.008301237,0,-1.0,False,12
-0.71185815,-0.00801432,0,-1.0,False,12
-0.7195344,-0.0076762494,0,-1.0,False,12
-0.7268243,-0.0072899065,0,-1.0,False,12
-0.7336827,-0.0068584005,0,-1.0,False,12
-0.7400677,-0.00638503,0,-1.0,False,12
-0.745941,-0.005873245,0,-1.0,False,12
-0.75126755,-0.005326614,0,-1.0,False,12
-0.7560164,-0.004748794,0,-1.0,False,12
-0.76015985,-0.0041435086,0,-1.0,False,12
-0.7636744,-0.0035145248,0,-1.0,False,12
-0.76654005,-0.0028656367,0,-1.0,False,12
-0.7687407,-0.0022006552,0,-1.0,False,12
-0.7702641,-0.0015233977,0,-1.0,False,12
-0.7711018,-0.0008376855,0,-1.0,False,12
-0.7712491,-0.00014733897,0,-1.0,False,12
-0.7707053,0.00054382154,0,-1.0,False,12
-0.7694733,0.001231976,0,-1.0,False,12
-0.76756,0.0019133039,2,-1.0,False,12
-0.76297605,0.004583984,2,-1.0,False,12
-0.7557471,0.0072289314,2,-1.0,False,12
-0.74591446,0.009832668,2,-1.0,False,12
-0.7335353,0.012379143,2,-1.0,False,12
-0.71868366,0.01485162,2,-1.0,False,12
-0.701451,0.017232649,2,-1.0,False,12
-0.6819469,0.019504147,2,-1.0,False,12
-0.6602993,0.021647591,2,-1.0,False,12
-0.6366549,0.023644347,2,-1.0,False,12
-0.6111788,0.025476106,2,-1.0,False,12
-0.5840534,0.027125424,2,-1.0,False,12
-0.555477,0.028576352,2,-1.0,False,12
-0.52566195,0.029815076,1,-1.0,False,12
-0.49583143,0.029830549,1,-1.0,False,12
-0.4662089,0.029622534,0,-1.0,False,12
-0.43801466,0.028194234,2,-1.0,False,12
-0.40945527,0.028559381,2,-1.0,False,12
-0.38073534,0.028719937,2,-1.0,False,12
-0.35205436,0.028680965,2,-1.0,False,12
-0.32360396,0.028450428,2,-1.0,False,12
-0.2955651,0.028038852,2,-1.0,False,12
-0.2681062,0.027458912,2,-1.0,False,12
-0.24138127,0.026724905,2,-1.0,False,12
-0.21552904,0.025852239,2,-1.0,False,12
-0.19067216,0.024856877,2,-1.0,False,12
-0.16691731,0.023754848,1,-1.0,False,12
-0.14535552,0.021561794,0,-1.0,False,12
-0.12705977,0.018295744,0,-1.0,False,12
-0.1120846,0.014975178,0,-1.0,False,12
-0.10046941,0.011615184,0,-1.0,False,12
-0.092241526,0.008227886,0,-1.0,False,12
-0.08741853,0.0048229974,0,-1.0,False,12
-0.086010054,0.0014084781,0,-1.0,False,12
-0.088018805,-0.0020087583,2,-1.0,False,12
-0.091440916,-0.0034221062,2,-1.0,False,12
-0.09626954,-0.0048286286,2,-1.0,False,12
-0.102494635,-0.006225088,2,-1.0,False,12
-0.11010247,-0.0076078335,2,-1.0,False,12
-0.11907516,-0.00897269,2,-1.0,False,12
-0.12939002,-0.010314867,2,-1.0,False,12
-0.1410189,-0.011628875,2,-1.0,False,12
-0.15392737,-0.012908471,0,-1.0,False,12
-0.17007399,-0.01614662,0,-1.0,False,12
-0.1894022,-0.01932821,0,-1.0,False,12
-0.21183757,-0.022435378,0,-1.0,False,12
-0.23728487,-0.025447298,0,-1.0,False,12
-0.26562506,-0.028340178,0,-1.0,False,12
-0.29671258,-0.031087538,0,-1.0,False,12
-0.33037338,-0.033660803,0,-1.0,False,12
-0.36640358,-0.036030184,0,-1.0,False,12
-0.4045695,-0.038165934,0,-1.0,False,12
-0.4446093,-0.0400398,2,-1.0,False,12
-0.484236,-0.03962669,2,-1.0,False,12
-0.52315724,-0.03892123,2,-1.0,False,12
-0.56108177,-0.03792454,2,-1.0,False,12
-0.59772575,-0.036644008,0,-1.0,False,12
-0.63481843,-0.037092626,0,-1.0,False,12
-0.67209226,-0.037273873,0,-1.0,False,12
-0.7092889,-0.037196644,0,-1.0,False,12
-0.7461638,-0.036874887,0,-1.0,False,12
-0.78249073,-0.036326945,0,-1.0,False,12
-0.8180654,-0.035574663,0,-1.0,False,12
-0.8527078,-0.03464241,0,-1.0,False,12
-0.88626385,-0.03355602,0,-1.0,False,12
-0.9186056,-0.032341775,0,-1.0,False,12
-0.94963115,-0.031025508,0,-1.0,False,12
-0.97926295,-0.029631836,0,-1.0,False,12
-1.0074465,-0.028183578,0,-1.0,False,12
-1.0341479,-0.026701333,0,-1.0,False,12
-1.0593511,-0.025203248,2,-1.0,False,12
-1.081056,-0.02170491,0,-1.0,False,12
-1.1012738,-0.020217797,0,-1.0,False,12
-1.1200244,-0.018750621,0,-1.0,False,12
-1.1373345,-0.017310051,0,-1.0,False,12
-1.1532354,-0.015900899,0,-1.0,False,12
-1.1677617,-0.014526331,0,-1.0,False,12
-1.1809498,-0.013188083,0,-1.0,False,12
-1.1928365,-0.011886656,0,-1.0,False,12
-1.2,0.0,2,-1.0,False,12
-1.1967582,0.003241896,2,-1.0,False,12
-1.1902636,0.0064944453,2,-1.0,False,12
-1.180496,0.009767694,2,-1.0,False,12
-1.1674255,0.013070449,2,-1.0,False,12
-1.1510159,0.016409589,2,-1.0,False,12
-1.1312267,0.01978931,2,-1.0,False,12
-1.1080164,0.023210295,2,-1.0,False,12
-1.0813475,0.026668796,2,-1.0,False,12
-1.0511918,0.030155689,2,-1.0,False,12
-1.0175363,0.03365551,2,-1.0,False,12
-0.9803907,0.03714562,2,-1.0,False,12
-0.93979514,0.040595576,2,-1.0,False,12
-0.8958282,0.043966923,2,-1.0,False,12
-0.84861463,0.047213554,2,-1.0,False,12
-0.7983318,0.050282877,2,-1.0,False,12
-0.74521387,0.053117886,2,-1.0,False,12
-0.6895537,0.05566023,2,-1.0,False,12
-0.63169956,0.057854105,2,-1.0,False,12
-0.57204884,0.059650723,2,-1.0,False,12
-0.51103604,0.061012823,2,-1.0,False,12
-0.4491174,0.061918624,2,-1.0,False,12
-0.38675275,0.06236465,2,-1.0,False,12
-0.32438585,0.06236689,2,-1.0,False,12
-0.2624257,0.061960164,2,-1.0,False,12
-0.20122996,0.06119572,2,-1.0,False,12
-0.14109236,0.060137603,2,-1.0,False,12
-0.08223413,0.058858234,2,-1.0,False,12
-0.0248002,0.057433926,2,-1.0,False,12
0.031140642,0.055940844,2,-1.0,False,12
0.08559239,0.054451745,2,-1.0,False,12
0.1386261,0.05303371,2,-1.0,False,12
0.1903729,0.051746808,2,-1.0,False,12
0.24101646,0.050643563,2,-1.0,False,12
0.29078555,0.049769085,2,-1.0,False,12
0.33994707,0.049161527,2,-1.0,False,12
0.38879985,0.048852775,2,-1.0,False,12
0.43766898,0.048869114,2,-1.0,False,12
0.48690072,0.049231753,2,-1.0,True,12
-0.43354955,0.0,0,-1.0,False,13
-0.43521675,-0.0016671843,0,-1.0,False,13
-0.43853906,-0.0033223098,0,-1.0,False,13
-0.4434924,-0.004953357,0,-1.0,False,13
-0.45004082,-0.0065483884,0,-1.0,False,13
-0.4581364,-0.008095606,0,-1.0,False,13
-0.46771982,-0.009583424,0,-1.0,False,13
-0.4787204,-0.011000556,0,-1.0,False,13
-0.49105653,-0.012336128,0,-1.0,False,13
-0.50463635,-0.013579807,0,-1.0,False,13
-0.5193583,-0.01472195,0,-1.0,False,13
-0.535112,-0.015753752,0,-1.0,False,13
-0.55177945,-0.01666742,0,-1.0,False,13
-0.56923574,-0.017456317,0,-1.0,False,13
-0.58735085,-0.018115107,0,-1.0,False,13
-0.60599077,-0.018639876,0,-1.0,False,13
-0.62501895,-0.01902821,0,-1.0,False,13
-0.6442982,-0.01927924,0,-1.0,False,13
-0.6636918,-0.019393647,0,-1.0,False,13
-0.6830655,-0.019373609,0,-1.0,False,13
-0.70228815,-0.01922271,0,-1.0,False,13
-0.72123396,-0.018945811,0,-1.0,False,13
-0.73978287,-0.018548878,0,-1.0,False,13
-0.7578216,-0.018038796,0,-1.0,False,13
-0.77524483,-0.017423155,0,-1.0,False,13
-0.7919549,-0.016710045,0,-1.0,False,13
-0.8078627,-0.01590785,0,-1.0,False,13
-0.8228878,-0.01502505,0,-1.0,False,13
-0.8369578,-0.014070053,0,-1.0,False,13
-0.85000885,-0.013051043,0,-1.0,False,13
-0.8619847,-0.011975873,0,-1.0,False,13
-0.8728367,-0.010851963,0,-1.0,False,13
-0.88252294,-0.009686255,0,-1.0,False,13
-0.89100814,-0.008485175,0,-1.0,False,13
-0.89826274,-0.0072546354,2,-1.0,False,13
-0.9022628,-0.004000054,2,-1.0,False,13
-0.90299547,-0.00073267304,2,-1.0,False,13
-0.90045846,0.0025370175,2,-1.0,False,13
-0.8946598,0.0057986653,2,-1.0,False,13
-0.8856183,0.009041439,2,-1.0,False,13
-0.8733649,0.012253433,2,-1.0,False,13
-0.85794383,0.015421117,2,-1.0,False,13
-0.8394149,0.018528884,2,-1.0,False,13
-0.8178562,0.021558706,2,-1.0,False,13
-0.79336625,0.024489962,2,-1.0,False,13
-0.7660668,0.027299477,2,-1.0,False,13
-0.73610497,0.02996181,2,-1.0,False,13
-0.7036551,0.032449815,2,-1.0,False,13
-0.6689196,0.03473552,2,-1.0,False,13
-0.6321284,0.036791228,2,-1.0,False,13
-0.5935375,0.038590893,2,-1.0,False,13
-0.5534259,0.040111594,2,-1.0,False,13
-0.5120909,0.041335,2,-1.0,False,13
-0.4698422,0.042248707,2,-1.0,False,13
-0.42699492,0.04284728,2,-1.0,False,13
-0.38386208,0.04313285,2,-1.0,False,13
-0.34074682,0.04311525,2,-1.0,False,13
-0.29793522,0.042811614,2,-1.0,False,13
-0.2556897,0.04224549,2,-1.0,False,13
-0.2142441,0.041445617,2,-1.0,False,13
-0.17379963,0.040444467,2,-1.0,False,13
-0.13452297,0.03927666,2,-1.0,False,13
-0.09654548,0.037977494,2,-1.0,False,13
-0.05996386,0.036581624,2,-1.0,False,13
-0.024841892,0.035121966,2,-1.0,False,13
0.008787015,0.033628907,2,-1.0,False,13
0.04091679,0.032129776,2,-1.0,False,13
0.071565375,0.030648585,2,-1.0,False,13
0.10077136,0.029205984,2,-1.0,False,13
0.12859072,0.027819358,2,-1.0,False,13
0.1550938,0.026503088,2,-1.0,False,13
0.18036266,0.025268849,2,-1.0,False,13
0.20448864,0.024125976,2,-1.0,False,13
0.22757046,0.023081833,2,-1.0,False,13
0.24971263,0.02214217,2,-1.0,False,13
0.2710241,0.02131148,2,-1.0,False,13
0.29161742,0.020593306,2,-1.0,False,13
0.31160796,0.01999053,2,-1.0,False,13
0.33111358,0.01950563,2,-1.0,False,13
0.35025448,0.019140895,2,-1.0,False,13
0.3691531,0.018898623,2,-1.0,False,13
0.3879344,0.018781284,2,-1.0,False,13
0.40672603,0.018791659,2,-1.0,False,13
0.425659,0.018932963,2,-1.0,False,13
0.44486794,0.019208938,2,-1.0,False,13
0.46449187,0.019623931,2,-1.0,False,13
0.4846748,0.020182949,2,-1.0,True,13
-0.4547748,0.0,2,-1.0,False,14
-0.45428732,0.00048747982,2,-1.0,False,14
-0.4533159,0.0009713817,2,-1.0,False,14
-0.45186776,0.0014481575,2,-1.0,False,14
-0.44995347,0.0019143175,2,-1.0,False,14
-0.44758698,0.0023664602,2,-1.0,False,14
-0.44478568,0.0028012998,2,-1.0,False,14
-0.44157,0.0032156936,2,-1.0,False,14
-0.43796334,0.0036066684,2,-1.0,False,14
-0.43399188,0.0039714444,2,-1.0,False,14
-0.42968443,0.0043074577,0,-1.0,False,14
-0.42707205,0.0026123817,0,-1.0,False,14
-0.42617354,0.000898507,0,-1.0,False,14
-0.42699537,-0.0008218234,0,-1.0,False,14
-0.4295316,-0.0025362493,0,-1.0,False,14
-0.43376404,-0.004232426,0,-1.0,False,14
-0.4396621,-0.0058980603,0,-1.0,False,14
-0.44718304,-0.007520953,0,-1.0,False,14
-0.45627213,-0.009089065,0,-1.0,False,14
-0.4668627,-0.010590588,0,-1.0,False,14
-0.47887677,-0.012014057,0,-1.0,False,14
-0.49222523,-0.013348467,0,-1.0,False,14
-0.50680864,-0.014583421,0,-1.0,False,14
-0.5225179,-0.015709294,0,-1.0,False,14
-0.53923535,-0.0167174,0,-1.0,False,14
-0.55683553,-0.01760017,0,-1.0,False,14
-0.57518685,-0.018351305,0,-1.0,False,14
-0.59415275,-0.018965939,0,-1.0,False,14
-0.61359346,-0.019440725,0,-1.0,False,14
-0.6333674,-0.019773936,0,-1.0,False,14
-0.6533329,-0.01996547,0,-1.0,False,14
-0.67334974,-0.020016843,0,-1.0,False,14
-0.6932808,-0.019931111,0,-1.0,False,14
-0.7129936,-0.01971275,0,-1.0,False,14
-0.7323611,-0.019367494,0,-1.0,False,14
-0.7512632,-0.018902142,0,-1.0,False,14
-0.7695876,-0.018324347,0,-1.0,False,14
-0.78722996,-0.017642386,0,-1.0,False,14
-0.8040949,-0.016864931,0,-1.0,False,14
-0.8200957,-0.016000843,0,-1.0,False,14
-0.8351547,-0.015058964,0,-1.0,False,14
-0.84920263,-0.01404796,0,-1.0,False,14
-0.8621788,-0.012976167,0,-1.0,False,14
-0.8740303,-0.01185149,0,-1.0,False,14
-0.8847116,-0.010681323,0,-1.0,False,14
-0.8941842,-0.009472507,0,-1.0,False,14
-0.90241545,-0.008231311,2,-1.0,False,14
-0.9073789,-0.004963448,2,-1.0,False,14
-0.90905905,-0.0016801714,2,-1.0,False,14
-0.90745085,0.0016082083,2,-1.0,False,14
-0.90255916,0.004891705,2,-1.0,False,14
-0.89439917,0.008160021,2,-1.0,False,14
-0.8829972,0.011401931,2,-1.0,False,14
-0.8683925,0.014604695,2,-1.0,False,14
-0.8506389,0.01775356,2,-1.0,False,14
-0.8298076,0.020831363,2,-1.0,False,14
-0.8059893,0.023818286,2,-1.0,False,14
-0.7792975,0.026691813,2,-1.0,False,14
-0.74987054,0.02942693,2,-1.0,False,14
-0.71787393,0.03199661,2,-1.0,False,14
-0.68350136,0.03437257,2,-1.0,False,14
-0.646975,0.036526375,2,-1.0,False,14
-0.6085443,0.038430713,2,-1.0,False,14
-0.56848335,0.04006093,2,-1.0,False,14
-0.5270868,0.041396547,2,-1.0,False,14
-0.4846641,0.042422708,2,-1.0,False,14
-0.44153276,0.043131363,2,-1.0,False,14
-0.3980107,0.043522064,2,-1.0,False,14
-0.3544084,0.04360228,2,-1.0,False,14
-0.31102127,0.04338714,2,-1.0,False,14
-0.26812255,0.042898703,2,-1.0,False,14
-0.22595778,0.042164784,2,-1.0,False,14
-0.18474026,0.041217513,2,-1.0,False,14
-0.14464852,0.040091738,2,-1.0,False,14
-0.105825074,0.03882345,2,-1.0,False,14
-0.06837668,0.037448388,2,-1.0,False,14
-0.032375883,0.0360008,2,-1.0,False,14
0.0021367003,0.034512583,2,-1.0,False,14
0.035149336,0.033012636,2,-1.0,False,14
0.06667586,0.03152652,2,-1.0,False,14
0.09675223,0.030076368,2,-1.0,False,14
0.12543316,0.028680943,2,-1.0,False,14
0.15278903,0.027355865,2,-1.0,False,14
0.17890295,0.026113924,2,-1.0,False,14
0.20386839,0.024965433,2,-1.0,False,14
0.227787,0.023918616,2,-1.0,False,14
0.250767,0.022979978,2,-1.0,False,14
0.27292168,0.022154681,2,-1.0,False,14
0.29436854,0.021446873,2,-1.0,False,14
0.31522852,0.020859987,2,-1.0,False,14
0.33562556,0.020397019,2,-1.0,False,14
0.3556863,0.02006076,2,-1.0,False,14
0.37554032,0.019854005,2,-1.0,False,14
0.39532003,0.019779723,2,-1.0,False,14
0.41516125,0.019841203,2,-1.0,False,14
0.43520343,0.020042192,2,-1.0,False,14
0.4555904,0.02038697,2,-1.0,False,14
0.47647083,0.020880438,2,-1.0,False,14
0.49799898,0.021528155,2,-1.0,True,14
-0.46316665,0.0,2,-1.0,False,15
-0.46261743,0.00054923794,2,-1.0,False,15
-0.461523,0.0010944247,2,-1.0,False,15
-0.45989147,0.0016315427,2,-1.0,False,15
-0.45773482,0.0021566413,2,-1.0,False,15
-0.45506895,0.0026658697,2,-1.0,False,15
-0.45191345,0.003155509,2,-1.0,False,15
-0.44829142,0.0036220036,2,-1.0,False,15
-0.44422945,0.004061991,2,-1.0,False,15
-0.4397571,0.0044723297,2,-1.0,False,15
-0.434907,0.004850127,2,-1.0,False,15
-0.42971423,0.0051927594,0,-1.0,False,15
-0.42621633,0.003497898,0,-1.0,False,15
-0.42443845,0.0017778749,0,-1.0,False,15
-0.42439336,4.5093006e-05,0,-1.0,False,15
-0.42608136,-0.0016880123,0,-1.0,False,15
-0.4294904,-0.0034090045,0,-1.0,False,15
-0.43459585,-0.005105478,0,-1.0,False,15
-0.44136095,-0.006765097,0,-1.0,False,15
-0.4497366,-0.008375643,0,-1.0,False,15
-0.4596617,-0.009925087,0,-1.0,False,15
-0.47106335,-0.01140168,0,-1.0,False,15
-0.48385742,-0.012794066,0,-1.0,False,15
-0.49794886,-0.014091421,0,-1.0,False,15
-0.51323247,-0.015283606,0,-1.0,False,15
-0.52959377,-0.01636134,0,-1.0,False,15
-0.54691017,-0.01731638,0,-1.0,False,15
-0.56505185,-0.018141687,0,-1.0,False,15
-0.58388346,-0.01883159,0,-1.0,False,15
-0.60326535,-0.019381916,0,-1.0,False,15
-0.62305546,-0.019790089,0,-1.0,False,15
-0.64311063,-0.020055182,0,-1.0,False,15
-0.66328853,-0.020177923,0,-1.0,False,15
-0.6834492,-0.020160647,0,-1.0,False,15
-0.7034564,-0.020007195,0,-1.0,False,15
-0.72317916,-0.01972277,0,-1.0,False,15
-0.7424929,-0.019313762,0,-1.0,False,15
-0.7612805,-0.018787531,0,-1.0,False,15
-0.77943265,-0.018152181,0,-1.0,False,15
-0.79684895,-0.017416332,0,-1.0,False,15
-0.8134379,-0.016588893,0,-1.0,False,15
-0.8291167,-0.01567885,0,-1.0,False,15
-0.8438118,-0.014695076,0,-1.0,False,15
-0.857458,-0.013646182,0,-1.0,False,15
-0.86999834,-0.012540376,0,-1.0,False,15
-0.8813837,-0.01138538,0,-1.0,False,15
-0.8915721,-0.010188364,0,-1.0,False,15
-0.900528,-0.008955917,2,-1.0,False,15
-0.90622205,-0.0056940475,2,-1.0,False,15
-0.9086364,-0.0024143183,2,-1.0,False,15
-0.9077636,0.00087278296,2,-1.0,False,15
-0.90360636,0.004157233,2,-1.0,False,15
-0.89617753,0.0074288407,2,-1.0,False,15
-0.8855009,0.0106766205,2,-1.0,False,15
-0.8716127,0.013888203,2,-1.0,False,15
-0.8545634,0.01704931,2,-1.0,False,15
-0.83442,0.020143336,2,-1.0,False,15
-0.811269,0.023151062,2,-1.0,False,15
-0.7852184,0.026050571,2,-1.0,False,15
-0.75640106,0.028817385,2,-1.0,False,15
-0.7249762,0.03142488,2,-1.0,False,15
-0.6911312,0.033845,2,-1.0,False,15
-0.65508187,0.036049258,2,-1.0,False,15
-0.61707187,0.03801001,2,-1.0,False,15
-0.57737,0.039701905,2,-1.0,False,15
-0.53626657,0.04110344,2,-1.0,False,15
-0.49406812,0.042198427,2,-1.0,False,15
-0.45109087,0.042977236,2,-1.0,False,15
-0.40765318,0.043437704,2,-1.0,False,15
-0.3640676,0.043585543,2,-1.0,False,15
-0.3206334,0.043434218,2,-1.0,False,15
-0.2776291,0.04300431,2,-1.0,False,15
-0.23530665,0.042322453,2,-1.0,False,15
-0.19388673,0.041419916,2,-1.0,False,15
-0.15355569,0.040331036,2,-1.0,False,15
-0.114464045,0.039091647,2,-1.0,False,15
-0.076726444,0.0377376,2,-1.0,False,15
-0.040422905,0.03630354,2,-1.0,False,15
-0.005601007,0.034821898,2,-1.0,False,15
0.027721245,0.033322252,2,-1.0,False,15
0.059552137,0.031830892,2,-1.0,False,15
0.089922816,0.030370682,2,-1.0,False,15
0.11888392,0.028961102,2,-1.0,False,15
0.14650235,0.027618423,2,-1.0,False,15
0.17285836,0.026356021,2,-1.0,False,15
0.19804306,0.025184704,2,-1.0,False,15
0.22215618,0.024113113,2,-1.0,False,15
0.24530427,0.02314809,2,-1.0,False,15
0.2675993,0.022295043,2,-1.0,False,15
0.28915763,0.021558302,2,-1.0,False,15
0.31009904,0.02094141,2,-1.0,False,15
0.33054644,0.020447422,2,-1.0,False,15
0.35062557,0.020079125,2,-1.0,False,15
0.37046483,0.01983927,2,-1.0,False,15
0.39019558,0.01973074,2,-1.0,False,15
0.40995228,0.01975671,2,-1.0,False,15
0.42987308,0.01992078,2,-1.0,False,15
0.45010012,0.020227063,2,-1.0,False,15
0.4707804,0.020680279,2,-1.0,False,15
0.4920662,0.021285797,2,-1.0,True,15
-0.53819764,0.0,0,-1.0,False,16
-0.5390882,-0.0008905435,0,-1.0,False,16
-0.5408626,-0.0017744148,0,-1.0,False,16
-0.5435076,-0.002644994,0,-1.0,False,16
-0.5470034,-0.0034957665,0,-1.0,False,16
-0.5513237,-0.0043203766,0,-1.0,False,16
-0.5564364,-0.0051126787,0,-1.0,False,16
-0.5623032,-0.005866795,0,-1.0,False,16
-0.5688804,-0.0065771635,0,-1.0,False,16
-0.57611895,-0.007238595,0,-1.0,False,16
-0.5839653,-0.007846321,0,-1.0,False,16
-0.59236133,-0.008396043,0,-1.0,False,16
-0.6012453,-0.008883974,0,-1.0,False,16
-0.6105522,-0.009306877,0,-1.0,False,16
-0.6202143,-0.009662097,0,-1.0,False,16
-0.6301619,-0.009947585,0,-1.0,False,16
-0.64032376,-0.010161906,0,-1.0,False,16
-0.65062803,-0.010304251,0,-1.0,False,16
-0.66100246,-0.010374424,0,-1.0,False,16
-0.6713753,-0.010372834,0,-1.0,False,16
-0.68167573,-0.01030046,0,-1.0,False,16
-0.69183457,-0.010158825,0,-1.0,False,16
-0.7017845,-0.009949946,0,-1.0,False,16
-0.7114608,-0.009676296,0,-1.0,False,16
-0.72080153,-0.0093407435,0,-1.0,False,16
-0.7297481,-0.008946502,0,-1.0,False,16
-0.7382451,-0.008497073,0,-1.0,False,16
-0.74624133,-0.007996198,0,-1.0,False,16
-0.7536891,-0.007447797,0,-1.0,False,16
-0.7605451,-0.0068559316,0,-1.0,False,16
-0.7667698,-0.0062247575,0,-1.0,False,16
-0.7723283,-0.0055584908,0,-1.0,False,16
-0.7771897,-0.004861378,0,-1.0,False,16
-0.78132737,-0.004137675,0,-1.0,False,16
-0.784719,-0.0033916277,0,-1.0,False,16
-0.7873464,-0.0026274663,0,-1.0,False,16
-0.78919584,-0.0018493973,0,-1.0,False,16
-0.79025745,-0.0010616053,0,-1.0,False,16
-0.79052573,-0.0002682568,0,-1.0,False,16
-0.7899992,0.00052649283,0,-1.0,False,16
-0.78868073,0.0013184914,0,-1.0,False,16
-0.78657717,0.0021035806,2,-1.0,False,16
-0.78169954,0.004877589,2,-1.0,False,16
-0.7740739,0.007625633,2,-1.0,False,16
-0.7637416,0.010332336,2,-1.0,False,16
-0.75075996,0.012981602,2,-1.0,False,16
-0.7352035,0.015556467,2,-1.0,False,16
-0.71716446,0.018039037,2,-1.0,False,16
-0.6967539,0.020410554,2,-1.0,False,16
-0.6741023,0.022651594,2,-1.0,False,16
-0.64935994,0.024742408,2,-1.0,False,16
-0.6226965,0.026663398,2,-1.0,False,16
-0.5943008,0.028395731,2,-1.0,False,16
-0.56437874,0.029922029,2,-1.0,False,16
-0.5331516,0.031227117,1,-1.0,False,16
-0.50185287,0.031298753,1,-1.0,False,16
-0.4707171,0.031135775,0,-1.0,False,16
-0.4409763,0.029740825,2,-1.0,False,16
-0.4108488,0.030127482,2,-1.0,False,16
-0.38055092,0.03029789,2,-1.0,False,16
-0.35029325,0.030257659,2,-1.0,False,16
-0.32027763,0.03001564,2,-1.0,False,16
-0.29069406,0.029583547,2,-1.0,False,16
-0.2617186,0.028975463,2,-1.0,False,16
-0.23351134,0.028207267,2,-1.0,False,16
-0.20621532,0.027296022,2,-1.0,False,16
-0.17995596,0.02625936,2,-1.0,False,16
-0.15484104,0.02511492,1,-1.0,False,16
-0.13196121,0.022879831,0,-1.0,False,16
-0.112388015,0.019573191,0,-1.0,False,16
-0.09617407,0.01621395,0,-1.0,False,16
-0.08335678,0.012817286,0,-1.0,False,16
-0.073961735,0.009395048,0,-1.0,False,16
-0.0680054,0.0059563373,0,-1.0,False,16
-0.06549721,0.0025081853,0,-1.0,False,16
-0.06644092,-0.0009437085,2,-1.0,False,16
-0.06883513,-0.0023942108,2,-1.0,False,16
-0.07267623,-0.0038410944,2,-1.0,False,16
-0.07795814,-0.005281909,2,-1.0,False,16
-0.08467198,-0.006713848,2,-1.0,False,16
-0.09280561,-0.008133626,2,-1.0,False,16
-0.10234296,-0.009537355,2,-1.0,False,16
-0.113263406,-0.0109204445,2,-1.0,False,16
-0.12554091,-0.012277506,0,-1.0,False,16
-0.1411432,-0.015602286,0,-1.0,False,16
-0.1600247,-0.0188815,0,-1.0,False,16
-0.1821236,-0.0220989,0,-1.0,False,16
-0.20735854,-0.02523494,0,-1.0,False,16
-0.23562516,-0.028266616,0,-1.0,False,16
-0.26679277,-0.031167604,0,-1.0,False,16
-0.30070147,-0.03390869,0,-1.0,False,16
-0.33716005,-0.036458593,0,-1.0,False,16
-0.37594515,-0.03878511,0,-1.0,False,16
-0.4168018,-0.040856652,2,-1.0,False,16
-0.4574458,-0.040643994,2,-1.0,False,16
-0.4975827,-0.040136892,2,-1.0,False,16
-0.5369145,-0.039331812,2,-1.0,False,16
-0.5751465,-0.038231973,0,-1.0,False,16
-0.6139934,-0.038846903,0,-1.0,False,16
-0.6531706,-0.039177224,0,-1.0,False,16
-0.69240034,-0.039229725,0,-1.0,False,16
-0.7314175,-0.039017133,0,-1.0,False,16
-0.769975,-0.038557522,0,-1.0,False,16
-0.8078484,-0.03787341,0,-1.0,False,16
-0.8448391,-0.03699068,0,-1.0,False,16
-0.88077646,-0.03593738,0,-1.0,False,16
-0.915519,-0.03474254,0,-1.0,False,16
-0.9489541,-0.033435088,0,-1.0,False,16
-0.98099697,-0.032042883,0,-1.0,False,16
-1.011589,-0.030592026,0,-1.0,False,16
-1.0406953,-0.029106278,0,-1.0,False,16
-1.068302,-0.027606754,2,-1.0,False,16
-1.0924138,-0.024111763,2,-1.0,False,16
-1.1130486,-0.020634728,0,-1.0,False,16
-1.1322318,-0.019183353,0,-1.0,False,16
-1.1499962,-0.01776426,0,-1.0,False,16
-1.1663784,-0.016382204,0,-1.0,False,16
-1.1814187,-0.015040305,0,-1.0,False,16
-1.1951588,-0.013740255,0,-1.0,False,16
-1.2,0.0,2,-1.0,False,16
-1.1967582,0.003241896,2,-1.0,False,16
-1.1902636,0.0064944453,2,-1.0,False,16
-1.180496,0.009767694,2,-1.0,False,16
-1.1674255,0.013070449,2,-1.0,False,16
-1.1510159,0.016409589,2,-1.0,False,16
-1.1312267,0.01978931,2,-1.0,False,16
-1.1080164,0.023210295,2,-1.0,False,16
-1.0813475,0.026668796,2,-1.0,False,16
-1.0511918,0.030155689,2,-1.0,False,16
-1.0175363,0.03365551,2,-1.0,False,16
-0.9803907,0.03714562,2,-1.0,False,16
-0.93979514,0.040595576,2,-1.0,False,16
-0.8958282,0.043966923,2,-1.0,False,16
-0.84861463,0.047213554,2,-1.0,False,16
-0.7983318,0.050282877,2,-1.0,False,16
-0.74521387,0.053117886,2,-1.0,False,16
-0.6895537,0.05566023,2,-1.0,False,16
-0.63169956,0.057854105,2,-1.0,False,16
-0.57204884,0.059650723,2,-1.0,False,16
-0.51103604,0.061012823,2,-1.0,False,16
-0.4491174,0.061918624,2,-1.0,False,16
-0.38675275,0.06236465,2,-1.0,False,16
-0.32438585,0.06236689,2,-1.0,False,16
-0.2624257,0.061960164,2,-1.0,False,16
-0.20122996,0.06119572,2,-1.0,False,16
-0.14109236,0.060137603,2,-1.0,False,16
-0.08223413,0.058858234,2,-1.0,False,16
-0.0248002,0.057433926,2,-1.0,False,16
0.031140642,0.055940844,2,-1.0,False,16
0.08559239,0.054451745,2,-1.0,False,16
0.1386261,0.05303371,2,-1.0,False,16
0.1903729,0.051746808,2,-1.0,False,16
0.24101646,0.050643563,2,-1.0,False,16
0.29078555,0.049769085,2,-1.0,False,16
0.33994707,0.049161527,2,-1.0,False,16
0.38879985,0.048852775,2,-1.0,False,16
0.43766898,0.048869114,2,-1.0,False,16
0.48690072,0.049231753,2,-1.0,True,16
-0.48245057,0.0,2,-1.0,False,17
-0.4817584,0.0006921716,2,-1.0,False,17
-0.4803792,0.0013791922,2,-1.0,False,17
-0.47832325,0.0020559528,2,-1.0,False,17
-0.47560582,0.0027174295,2,-1.0,False,17
-0.4722471,0.0033587248,2,-1.0,False,17
-0.468272,0.0039751087,2,-1.0,False,17
-0.46370992,0.0045620603,2,-1.0,False,17
-0.45859462,0.005115307,2,-1.0,False,17
-0.45296377,0.0056308596,2,-1.0,False,17
-0.4468587,0.0061050532,2,-1.0,False,17
-0.44032413,0.006534573,2,-1.0,False,17
-0.43340763,0.00691649,2,-1.0,False,17
-0.42615935,0.00724828,0,-1.0,False,17
-0.42063153,0.0055278474,0,-1.0,False,17
-0.4168637,0.0037678161,0,-1.0,False,17
-0.41488278,0.0019809129,0,-1.0,False,17
-0.41470286,0.00017992173,0,-1.0,False,17
-0.4163252,-0.0016223475,0,-1.0,False,17
-0.4197383,-0.0034130833,0,-1.0,False,17
-0.4249178,-0.005179494,0,-1.0,False,17
-0.43182662,-0.006908838,0,-1.0,False,17
-0.44041508,-0.008588467,0,-1.0,False,17
-0.45062098,-0.010205889,0,-1.0,False,17
-0.46236986,-0.011748861,0,-1.0,False,17
-0.47557536,-0.013205499,0,-1.0,False,17
-0.49013978,-0.01456443,0,-1.0,False,17
-0.50595474,-0.015814953,0,-1.0,False,17
-0.52290195,-0.016947221,0,-1.0,False,17
-0.5408544,-0.017952446,0,-1.0,False,17
-0.5596775,-0.018823087,0,-1.0,False,17
-0.5792305,-0.019553024,0,-1.0,False,17
-0.5993682,-0.020137722,0,-1.0,False,17
-0.61994255,-0.020574331,0,-1.0,False,17
-0.64080435,-0.020861771,0,-1.0,False,17
-0.66180503,-0.021000732,0,-1.0,False,17
-0.6827987,-0.02099363,0,-1.0,False,17
-0.7036432,-0.020844506,0,-1.0,False,17
-0.7242021,-0.02055888,0,-1.0,False,17
-0.7443456,-0.020143542,0,-1.0,False,17
-0.76395196,-0.01960633,0,-1.0,False,17
-0.78290784,-0.018955877,0,-1.0,False,17
-0.8011092,-0.018201366,0,-1.0,False,17
-0.8184615,-0.017352274,0,-1.0,False,17
-0.8348796,-0.016418139,0,-1.0,False,17
-0.850288,-0.01540836,0,-1.0,False,17
-0.86462,-0.0143320225,0,-1.0,False,17
-0.87781775,-0.0131977545,0,-1.0,False,17
-0.88983136,-0.012013626,0,-1.0,False,17
-0.90061843,-0.010787086,2,-1.0,False,17
-0.9081434,-0.007524927,2,-1.0,False,17
-0.9123827,-0.0042393217,2,-1.0,False,17
-0.9133237,-0.00094101875,2,-1.0,False,17
-0.91096365,0.0023600522,2,-1.0,False,17
-0.9053095,0.005654146,2,-1.0,False,17
-0.89637846,0.0089310575,2,-1.0,False,17
-0.88419896,0.012179497,2,-1.0,False,17
-0.86881244,0.01538651,2,-1.0,False,17
-0.85027546,0.018536983,2,-1.0,False,17
-0.8286622,0.021613268,2,-1.0,False,17
-0.80406725,0.024594964,2,-1.0,False,17
-0.77660835,0.027458915,2,-1.0,False,17
-0.74642885,0.030179458,2,-1.0,False,17
-0.7136999,0.032728963,2,-1.0,False,17
-0.67862123,0.035078682,2,-1.0,False,17
-0.6414213,0.03719989,2,-1.0,False,17
-0.6023561,0.03906527,2,-1.0,False,17
-0.5617056,0.040650472,2,-1.0,False,17
-0.51976997,0.041935652,2,-1.0,False,17
-0.476863,0.042906936,2,-1.0,False,17
-0.43330544,0.043557566,2,-1.0,False,17
-0.3894168,0.043888617,2,-1.0,False,17
-0.34550762,0.04390921,2,-1.0,False,17
-0.30187145,0.04363617,2,-1.0,False,17
-0.25877827,0.043093164,2,-1.0,False,17
-0.21646883,0.042309448,2,-1.0,False,17
-0.17515048,0.041318342,2,-1.0,False,17
-0.1349949,0.040155597,2,-1.0,False,17
-0.09613706,0.038857825,2,-1.0,False,17
-0.05867598,0.037461083,2,-1.0,False,17
-0.022676261,0.035999715,2,-1.0,False,17
0.011829238,0.034505498,2,-1.0,False,17
0.044836313,0.033007074,2,-1.0,False,17
0.07636597,0.031529654,2,-1.0,False,17
0.106460944,0.030094976,2,-1.0,False,17
0.13518235,0.028721403,2,-1.0,False,17
0.16260654,0.027424186,2,-1.0,False,17
0.18882233,0.026215794,2,-1.0,False,17
0.21392861,0.025106288,2,-1.0,False,17
0.23803233,0.024103718,2,-1.0,False,17
0.26124683,0.023214506,2,-1.0,False,17
0.28369063,0.02244381,2,-1.0,False,17
0.3054865,0.021795867,2,-1.0,False,17
0.3267608,0.021274284,2,-1.0,False,17
0.3476431,0.020882314,2,-1.0,False,17
0.3682662,0.020623084,2,-1.0,False,17
0.388766,0.0204998,2,-1.0,False,17
0.4092819,0.020515904,2,-1.0,False,17
0.42995712,0.020675236,2,-1.0,False,17
0.45093927,0.020982126,2,-1.0,False,17
0.47238076,0.021441484,2,-1.0,False,17
0.4944396,0.022058858,2,-1.0,True,17
-0.53514326,0.0,0,-1.0,False,18
-0.5360567,-0.00091343385,0,-1.0,False,18
-0.53787667,-0.0018200214,0,-1.0,False,18
-0.5405897,-0.0027129697,0,-1.0,False,18
-0.54417527,-0.0035855933,0,-1.0,False,18
-0.54860663,-0.004431368,0,-1.0,False,18
-0.5538506,-0.0052439845,0,-1.0,False,18
-0.55986804,-0.0060174074,0,-1.0,False,18
-0.5666139,-0.0067459242,0,-1.0,False,18
-0.57403815,-0.0074242055,0,-1.0,False,18
-0.5820855,-0.008047352,0,-1.0,False,18
-0.59069645,-0.008610949,0,-1.0,False,18
-0.59980756,-0.009111108,0,-1.0,False,18
-0.60935205,-0.0095445085,0,-1.0,False,18
-0.6192605,-0.009908429,0,-1.0,False,18
-0.6294613,-0.010200774,0,-1.0,False,18
-0.6398814,-0.010420086,0,-1.0,False,18
-0.6504469,-0.010565547,0,-1.0,False,18
-0.6610839,-0.0106369825,0,-1.0,False,18
-0.6717187,-0.010634833,0,-1.0,False,18
-0.6822789,-0.0105601335,0,-1.0,False,18
-0.69269335,-0.010414475,0,-1.0,False,18
-0.70289326,-0.010199963,0,-1.0,False,18
-0.7128124,-0.009919164,0,-1.0,False,18
-0.7223875,-0.009575053,0,-1.0,False,18
-0.73155844,-0.009170954,0,-1.0,False,18
-0.74026895,-0.008710484,0,-1.0,False,18
-0.74846643,-0.008197498,0,-1.0,False,18
-0.75610244,-0.007636029,0,-1.0,False,18
-0.7631327,-0.0070302486,0,-1.0,False,18
-0.7695171,-0.0063844165,0,-1.0,False,18
-0.77522,-0.0057028458,0,-1.0,False,18
-0.78020984,-0.004989872,0,-1.0,False,18
-0.7844597,-0.0042498335,0,-1.0,False,18
-0.78794676,-0.0034870505,0,-1.0,False,18
-0.7906526,-0.0027058197,0,-1.0,False,18
-0.79256296,-0.0019104078,0,-1.0,False,18
-0.79366803,-0.0011050551,0,-1.0,False,18
-0.793962,-0.00029397907,0,-1.0,False,18
-0.7934434,0.00051861606,0,-1.0,False,18
-0.79211485,0.0013285303,0,-1.0,False,18
-0.7899833,0.0021315566,2,-1.0,False,18
-0.7850598,0.0049234717,2,-1.0,False,18
-0.7773704,0.0076894434,2,-1.0,False,18
-0.76695627,0.010414128,2,-1.0,False,18
-0.75387484,0.013081437,2,-1.0,False,18
-0.7382004,0.015674377,2,-1.0,False,18
-0.7200255,0.018174984,2,-1.0,False,18
-0.69946104,0.02056439,2,-1.0,False,18
-0.67663807,0.022823015,2,-1.0,False,18
-0.6517071,0.02493091,2,-1.0,False,18
-0.6248389,0.026868243,2,-1.0,False,18
-0.596223,0.028615924,2,-1.0,False,18
-0.5660667,0.030156305,2,-1.0,False,18
-0.5345927,0.031473953,1,-1.0,False,18
-0.5030363,0.031556394,1,-1.0,False,18
-0.47163406,0.03140227,0,-1.0,False,18
-0.44161993,0.030014114,2,-1.0,False,18
-0.41121447,0.030405452,2,-1.0,False,18
-0.38063604,0.030578448,2,-1.0,False,18
-0.35009724,0.0305388,2,-1.0,False,18
-0.31980172,0.030295502,2,-1.0,False,18
-0.28994125,0.029860485,2,-1.0,False,18
-0.26069316,0.029248083,2,-1.0,False,18
-0.2322187,0.028474458,2,-1.0,False,18
-0.20466173,0.027556978,2,-1.0,False,18
-0.17814815,0.026513582,2,-1.0,False,18
-0.15278594,0.025362203,1,-1.0,False,18
-0.12966569,0.023120252,0,-1.0,False,18
-0.10985866,0.019807028,0,-1.0,False,18
-0.093417086,0.016441578,0,-1.0,False,18
-0.08037797,0.013039113,0,-1.0,False,18
-0.07076653,0.009611444,0,-1.0,False,18
-0.064598955,0.006167571,0,-1.0,False,18
-0.061884586,0.0027143706,0,-1.0,False,18
-0.062627256,-0.0007426688,2,-1.0,False,18
-0.06482593,-0.002198674,2,-1.0,False,18
-0.068477474,-0.0036515458,2,-1.0,False,18
-0.07357645,-0.005098978,2,-1.0,False,18
-0.080114774,-0.006538323,2,-1.0,False,18
-0.08808124,-0.007966463,2,-1.0,False,18
-0.097460926,-0.009379689,2,-1.0,False,18
-0.10823452,-0.010773588,2,-1.0,False,18
-0.120377466,-0.012142952,0,-1.0,False,18
-0.13585916,-0.015481695,0,-1.0,False,18
-0.15463607,-0.018776905,0,-1.0,False,18
-0.17664875,-0.02201268,0,-1.0,False,18
-0.20181851,-0.025169767,0,-1.0,False,18
-0.23004389,-0.028225373,0,-1.0,False,18
-0.26119718,-0.03115328,0,-1.0,False,18
-0.2951214,-0.033924237,0,-1.0,False,18
-0.33162817,-0.036506757,0,-1.0,False,18
-0.37049642,-0.038868256,0,-1.0,False,18
-0.411473,-0.040976573,2,-1.0,False,18
-0.45227474,-0.04080175,2,-1.0,False,18
-0.49260736,-0.040332604,2,-1.0,False,18
-0.532172,-0.039564706,2,-1.0,False,18
-0.57067245,-0.038500413,2,-1.0,False,18
-0.607821,-0.037148535,0,-1.0,False,18
-0.64534456,-0.037523568,0,-1.0,False,18
-0.6829752,-0.03763064,0,-1.0,False,18
-0.7204555,-0.03748034,0,-1.0,False,18
-0.7575438,-0.037088253,0,-1.0,False,18
-0.79401803,-0.036474206,0,-1.0,False,18
-0.8296793,-0.03566132,0,-1.0,False,18
-0.8643543,-0.03467498,0,-1.0,False,18
-0.89789605,-0.03354175,0,-1.0,False,18
-0.9301844,-0.03228836,0,-1.0,False,18
-0.96112525,-0.03094082,0,-1.0,False,18
-0.9906489,-0.029523702,0,-1.0,False,18
-1.0187086,-0.028059592,0,-1.0,False,18
-1.0452772,-0.026568716,2,-1.0,False,18
-1.068346,-0.023068758,0,-1.0,False,18
-1.0899198,-0.021573788,0,-1.0,False,18
-1.1100141,-0.020094294,0,-1.0,False,18
-1.1286527,-0.018638553,0,-1.0,False,18
-1.1458654,-0.017212827,0,-1.0,False,18
-1.161687,-0.015821552,0,-1.0,False,18
-1.1761546,-0.014467571,0,-1.0,False,18
-1.189307,-0.013152336,0,-1.0,False,18
-1.2,0.0,2,-1.0,False,18
-1.1967582,0.003241896,2,-1.0,False,18
-1.1902636,0.0064944453,2,-1.0,False,18
-1.180496,0.009767694,2,-1.0,False,18
-1.1674255,0.013070449,2,-1.0,False,18
-1.1510159,0.016409589,2,-1.0,False,18
-1.1312267,0.01978931,2,-1.0,False,18
-1.1080164,0.023210295,2,-1.0,False,18
-1.0813475,0.026668796,2,-1.0,False,18
-1.0511918,0.030155689,2,-1.0,False,18
-1.0175363,0.03365551,2,-1.0,False,18
-0.9803907,0.03714562,2,-1.0,False,18
-0.93979514,0.040595576,2,-1.0,False,18
-0.8958282,0.043966923,2,-1.0,False,18
-0.84861463,0.047213554,2,-1.0,False,18
-0.7983318,0.050282877,2,-1.0,False,18
-0.74521387,0.053117886,2,-1.0,False,18
-0.6895537,0.05566023,2,-1.0,False,18
-0.63169956,0.057854105,2,-1.0,False,18
-0.57204884,0.059650723,2,-1.0,False,18
-0.51103604,0.061012823,2,-1.0,False,18
-0.4491174,0.061918624,2,-1.0,False,18
-0.38675275,0.06236465,2,-1.0,False,18
-0.32438585,0.06236689,2,-1.0,False,18
-0.2624257,0.061960164,2,-1.0,False,18
-0.20122996,0.06119572,2,-1.0,False,18
-0.14109236,0.060137603,2,-1.0,False,18
-0.08223413,0.058858234,2,-1.0,False,18
-0.0248002,0.057433926,2,-1.0,False,18
0.031140642,0.055940844,2,-1.0,False,18
0.08559239,0.054451745,2,-1.0,False,18
0.1386261,0.05303371,2,-1.0,False,18
0.1903729,0.051746808,2,-1.0,False,18
0.24101646,0.050643563,2,-1.0,False,18
0.29078555,0.049769085,2,-1.0,False,18
0.33994707,0.049161527,2,-1.0,False,18
0.38879985,0.048852775,2,-1.0,False,18
0.43766898,0.048869114,2,-1.0,False,18
0.48690072,0.049231753,2,-1.0,True,18
-0.52512515,0.0,0,-1.0,False,19
-0.5261137,-0.0009885522,0,-1.0,False,19
-0.5280834,-0.0019696907,0,-1.0,False,19
-0.53101945,-0.002936057,0,-1.0,False,19
-0.53489983,-0.0038804065,0,-1.0,False,19
-0.5396955,-0.004795665,0,-1.0,False,19
-0.5453705,-0.005674986,0,-1.0,False,19
-0.5518823,-0.0065118144,0,-1.0,False,19
-0.5591823,-0.007299942,0,-1.0,False,19
-0.5672158,-0.008033573,0,-1.0,False,19
-0.5759232,-0.008707377,0,-1.0,False,19
-0.58523977,-0.009316554,0,-1.0,False,19
-0.59509665,-0.009856877,0,-1.0,False,19
-0.60542136,-0.010324745,0,-1.0,False,19
-0.6161386,-0.01071722,0,-1.0,False,19
-0.6271707,-0.011032052,0,-1.0,False,19
-0.63843834,-0.011267702,0,-1.0,False,19
-0.6498617,-0.011423343,0,-1.0,False,19
-0.66136056,-0.0114988545,0,-1.0,False,19
-0.6728554,-0.011494803,0,-1.0,False,19
-0.68426776,-0.011412413,0,-1.0,False,19
-0.6955213,-0.011253517,0,-1.0,False,19
-0.7065418,-0.01102051,0,-1.0,False,19
-0.7172581,-0.010716288,0,-1.0,False,19
-0.72760224,-0.010344185,0,-1.0,False,19
-0.73751014,-0.009907899,0,-1.0,False,19
-0.7469216,-0.009411436,0,-1.0,False,19
-0.75578064,-0.008859032,0,-1.0,False,19
-0.76403576,-0.008255103,0,-1.0,False,19
-0.77163994,-0.0076041785,0,-1.0,False,19
-0.7785508,-0.0069108605,0,-1.0,False,19
-0.78473055,-0.006179778,0,-1.0,False,19
-0.7901461,-0.0054155546,0,-1.0,False,19
-0.7947689,-0.004622788,0,-1.0,False,19
-0.7985749,-0.0038060304,0,-1.0,False,19
-0.8015447,-0.0029697823,0,-1.0,False,19
-0.8036632,-0.0021184925,0,-1.0,False,19
-0.8049198,-0.0012565622,0,-1.0,False,19
-0.8053081,-0.00038835613,0,-1.0,False,19
-0.8048263,0.0004817841,0,-1.0,False,19
-0.8034768,0.0013495244,0,-1.0,False,19
-0.8012663,0.0022105216,2,-1.0,False,19
-0.7962059,0.0050604073,2,-1.0,False,19
-0.7883213,0.007884552,2,-1.0,False,19
-0.7776536,0.010667753,2,-1.0,False,19
-0.7642596,0.013393975,2,-1.0,False,19
-0.74821347,0.016046159,2,-1.0,False,19
-0.7296073,0.018606145,2,-1.0,False,19
-0.7085526,0.021054713,2,-1.0,False,19
-0.6851808,0.023371777,2,-1.0,False,19
-0.65964407,0.025536736,2,-1.0,False,19
-0.63211507,0.027528984,2,-1.0,False,19
-0.60278654,0.029328557,2,-1.0,False,19
-0.5718696,0.030916894,2,-1.0,False,19
-0.53959197,0.032277662,1,-1.0,False,19
-0.5071944,0.032397565,1,-1.0,False,19
-0.47491983,0.03227458,0,-1.0,False,19
-0.44400904,0.030910786,2,-1.0,False,19
-0.41268954,0.031319518,2,-1.0,False,19
-0.38118657,0.031502962,2,-1.0,False,19
-0.3497195,0.03146707,2,-1.0,False,19
-0.3184982,0.031221317,2,-1.0,False,19
-0.28771988,0.030778304,2,-1.0,False,19
-0.25756666,0.030153206,2,-1.0,False,19
-0.22820354,0.029363133,2,-1.0,False,19
-0.19977707,0.02842647,2,-1.0,False,19
-0.17241488,0.027362188,2,-1.0,False,19
-0.14622566,0.026189225,1,-1.0,False,19
-0.122299716,0.02392594,0,-1.0,False,19
-0.101707384,0.020592328,0,-1.0,False,19
-0.08449958,0.017207803,0,-1.0,False,19
-0.07071188,0.013787701,0,-1.0,False,19
-0.06036814,0.010343743,0,-1.0,False,19
-0.05348351,0.006884629,0,-1.0,False,19
-0.05006677,0.0034167406,0,-1.0,False,19
-0.05012188,-5.5112338e-05,1,-1.0,False,19
-0.052648786,-0.0025269033,2,-1.0,False,19
-0.05664457,-0.003995784,2,-1.0,False,19
-0.062104344,-0.0054597743,2,-1.0,False,19
-0.06902085,-0.006916509,2,-1.0,False,19
-0.07738396,-0.008363106,2,-1.0,False,19
-0.087179996,-0.00979604,2,-1.0,False,19
-0.09839102,-0.011211023,2,-1.0,False,19
-0.11099392,-0.012602902,0,-1.0,False,19
-0.1269595,-0.015965583,0,-1.0,False,19
-0.14624593,-0.019286428,0,-1.0,False,19
-0.16879559,-0.02254965,0,-1.0,False,19
-0.19453149,-0.025735905,0,-1.0,False,19
-0.22335361,-0.028822124,0,-1.0,False,19
-0.2551352,-0.031781584,0,-1.0,False,19
-0.28971952,-0.03458434,0,-1.0,False,19
-0.32691756,-0.03719801,0,-1.0,False,19
-0.36650655,-0.039589006,2,-1.0,False,19
-0.40623063,-0.039724067,2,-1.0,False,19
-0.44581687,-0.03958625,2,-1.0,False,19
-0.4849812,-0.039164335,2,-1.0,False,19
-0.5234345,-0.03845332,2,-1.0,False,19
-0.56088907,-0.03745455,2,-1.0,False,19
-0.59706455,-0.036175456,0,-1.0,False,19
-0.63369346,-0.036628913,0,-1.0,False,19
-0.6705116,-0.036818136,0,-1.0,False,19
-0.7072632,-0.036751617,0,-1.0,False,19
-0.743706,-0.036442783,0,-1.0,False,19
-0.77961534,-0.035909355,0,-1.0,False,19
-0.81478786,-0.03517252,0,-1.0,False,19
-0.8490438,-0.03425596,0,-1.0,False,19
-0.8822286,-0.033184834,0,-1.0,False,19
-0.9142134,-0.031984802,0,-1.0,False,19
-0.94489455,-0.03068113,0,-1.0,False,19
-0.9741925,-0.02929795,0,-1.0,False,19
-1.0020502,-0.02785767,0,-1.0,False,19
-1.0284307,-0.026380565,0,-1.0,False,19
-1.0533153,-0.024884526,2,-1.0,False,19
-1.0747002,-0.021384947,0,-1.0,False,19
-1.0945936,-0.019893453,0,-1.0,False,19
-1.1130123,-0.01841868,0,-1.0,False,19
-1.1299796,-0.016967254,0,-1.0,False,19
-1.1455235,-0.0155439535,0,-1.0,False,19
-1.1596755,-0.014151932,0,-1.0,False,19
-1.1724684,-0.012792913,0,-1.0,False,19
-1.1839358,-0.011467389,0,-1.0,False,19
-1.1941106,-0.010174802,0,-1.0,False,19
-1.2,0.0,2,-1.0,False,19
-1.1967582,0.003241896,2,-1.0,False,19
-1.1902636,0.0064944453,2,-1.0,False,19
-1.180496,0.009767694,2,-1.0,False,19
-1.1674255,0.013070449,2,-1.0,False,19
-1.1510159,0.016409589,2,-1.0,False,19
-1.1312267,0.01978931,2,-1.0,False,19
-1.1080164,0.023210295,2,-1.0,False,19
-1.0813475,0.026668796,2,-1.0,False,19
-1.0511918,0.030155689,2,-1.0,False,19
-1.0175363,0.03365551,2,-1.0,False,19
-0.9803907,0.03714562,2,-1.0,False,19
-0.93979514,0.040595576,2,-1.0,False,19
-0.8958282,0.043966923,2,-1.0,False,19
-0.84861463,0.047213554,2,-1.0,False,19
-0.7983318,0.050282877,2,-1.0,False,19
-0.74521387,0.053117886,2,-1.0,False,19
-0.6895537,0.05566023,2,-1.0,False,19
-0.63169956,0.057854105,2,-1.0,False,19
-0.57204884,0.059650723,2,-1.0,False,19
-0.51103604,0.061012823,2,-1.0,False,19
-0.4491174,0.061918624,2,-1.0,False,19
-0.38675275,0.06236465,2,-1.0,False,19
-0.32438585,0.06236689,2,-1.0,False,19
-0.2624257,0.061960164,2,-1.0,False,19
-0.20122996,0.06119572,2,-1.0,False,19
-0.14109236,0.060137603,2,-1.0,False,19
-0.08223413,0.058858234,2,-1.0,False,19
-0.0248002,0.057433926,2,-1.0,False,19
0.031140642,0.055940844,2,-1.0,False,19
0.08559239,0.054451745,2,-1.0,False,19
0.1386261,0.05303371,2,-1.0,False,19
0.1903729,0.051746808,2,-1.0,False,19
0.24101646,0.050643563,2,-1.0,False,19
0.29078555,0.049769085,2,-1.0,False,19
0.33994707,0.049161527,2,-1.0,False,19
0.38879985,0.048852775,2,-1.0,False,19
0.43766898,0.048869114,2,-1.0,False,19
0.48690072,0.049231753,2,-1.0,True,19
-0.47813597,0.0,2,-1.0,False,20
-0.47747588,0.00066008506,2,-1.0,False,20
-0.47616062,0.0013152661,2,-1.0,False,20
-0.47419992,0.0019606797,2,-1.0,False,20
-0.4716084,0.0025915431,2,-1.0,False,20
-0.4684052,0.0032031941,2,-1.0,False,20
-0.46461406,0.0037911313,2,-1.0,False,20
-0.460263,0.004351051,2,-1.0,False,20
-0.45538414,0.004878886,2,-1.0,False,20
-0.45001328,0.0053708395,2,-1.0,False,20
-0.44418988,0.0058234204,2,-1.0,False,20
-0.4379564,0.0062334705,2,-1.0,False,20
-0.4313582,0.0065981965,0,-1.0,False,20
-0.426443,0.0049151876,0,-1.0,False,20
-0.42324623,0.0031967927,0,-1.0,False,20
-0.42179075,0.0014554665,0,-1.0,False,20
-0.42208704,-0.0002962776,0,-1.0,False,20
-0.42413294,-0.0020459022,0,-1.0,False,20
-0.4279138,-0.0037808744,0,-1.0,False,20
-0.4334025,-0.0054886965,0,-1.0,False,20
-0.44055945,-0.007156944,0,-1.0,False,20
-0.44933277,-0.008773317,0,-1.0,False,20
-0.45965847,-0.010325715,0,-1.0,False,20
-0.47146082,-0.011802332,0,-1.0,False,20
-0.48465258,-0.0131917745,0,-1.0,False,20
-0.4991358,-0.014483207,0,-1.0,False,20
-0.51480234,-0.015666515,0,-1.0,False,20
-0.5315348,-0.01673248,0,-1.0,False,20
-0.54920775,-0.017672965,0,-1.0,False,20
-0.5676888,-0.018481087,0,-1.0,False,20
-0.5868402,-0.019151375,0,-1.0,False,20
-0.6065201,-0.019679904,0,-1.0,False,20
-0.62658453,-0.02006439,0,-1.0,False,20
-0.64688873,-0.020304225,0,-1.0,False,20
-0.6672892,-0.02040049,0,-1.0,False,20
-0.6876451,-0.020355878,0,-1.0,False,20
-0.7078197,-0.020174598,0,-1.0,False,20
-0.72768193,-0.01986221,0,-1.0,False,20
-0.7471073,-0.019425435,0,-1.0,False,20
-0.7659793,-0.01887194,0,-1.0,False,20
-0.7841894,-0.018210098,0,-1.0,False,20
-0.8016381,-0.017448753,0,-1.0,False,20
-0.81823516,-0.016596993,0,-1.0,False,20
-0.8338991,-0.015663935,0,-1.0,False,20
-0.8485576,-0.014658539,0,-1.0,False,20
-0.8621471,-0.013589457,0,-1.0,False,20
-0.874612,-0.012464905,0,-1.0,False,20
-0.88590455,-0.011292577,0,-1.0,False,20
-0.8959841,-0.010079584,0,-1.0,False,20
-0.90481657,-0.00883244,2,-1.0,False,20
-0.9103736,-0.005557057,2,-1.0,False,20
-0.91263837,-0.0022647253,2,-1.0,False,20
-0.91160405,0.0010343314,2,-1.0,False,20
-0.9072737,0.00433033,2,-1.0,False,20
-0.8996604,0.007613285,2,-1.0,False,20
-0.88878804,0.010872375,2,-1.0,False,20
-0.8746927,0.014095346,2,-1.0,False,20
-0.85742474,0.017267974,2,-1.0,False,20
-0.8370511,0.020373646,2,-1.0,False,20
-0.813658,0.023393067,2,-1.0,False,20
-0.7873538,0.026304176,2,-1.0,False,20
-0.7582715,0.029082283,2,-1.0,False,20
-0.726571,0.0317005,2,-1.0,False,20
-0.69244057,0.034130447,2,-1.0,False,20
-0.6560973,0.036343303,2,-1.0,False,20
-0.6177862,0.03831108,2,-1.0,False,20
-0.5777781,0.04000812,2,-1.0,False,20
-0.5363654,0.041412678,2,-1.0,False,20
-0.493857,0.042508405,2,-1.0,False,20
-0.45057136,0.043285638,2,-1.0,False,20
-0.40682906,0.043742303,2,-1.0,False,20
-0.36294472,0.043884333,2,-1.0,False,20
-0.3192192,0.043725535,2,-1.0,False,20
-0.27593225,0.043286942,2,-1.0,False,20
-0.23333657,0.042595692,2,-1.0,False,20
-0.19165297,0.041683603,2,-1.0,False,20
-0.15106739,0.040585566,2,-1.0,False,20
-0.11172945,0.03933794,2,-1.0,False,20
-0.07375238,0.03797707,2,-1.0,False,20
-0.037214365,0.036538016,2,-1.0,False,20
-0.0021607871,0.03505358,2,-1.0,False,20
0.031392846,0.033553634,2,-1.0,False,20
0.063457556,0.03206471,2,-1.0,False,20
0.09406743,0.030609876,2,-1.0,False,20
0.1232762,0.029208764,2,-1.0,False,20
0.151154,0.027877793,2,-1.0,False,20
0.17778444,0.026630452,2,-1.0,False,20
0.20326212,0.025477685,2,-1.0,False,20
0.22769038,0.02442826,2,-1.0,False,20
0.25117955,0.023489164,2,-1.0,False,20
0.27384552,0.022665983,2,-1.0,False,20
0.29580876,0.02196324,2,-1.0,False,20
0.31719348,0.021384716,2,-1.0,False,20
0.33812723,0.020933725,2,-1.0,False,20
0.35874057,0.020613361,2,-1.0,False,20
0.3791673,0.020426719,2,-1.0,False,20
0.39954436,0.02037706,2,-1.0,False,20
0.42001233,0.020467982,2,-1.0,False,20
0.44071588,0.020703528,2,-1.0,False,20
0.46180415,0.021088291,2,-1.0,False,20
0.48343164,0.021627482,2,-1.0,True,20
-0.48798412,0.0,2,-1.0,False,21
-0.48725072,0.000733398,2,-1.0,False,21
-0.4857894,0.0014613277,2,-1.0,False,21
-0.48361105,0.002178365,2,-1.0,False,21
-0.48073184,0.0028791758,2,-1.0,False,21
-0.4771733,0.0035585593,2,-1.0,False,21
-0.4729618,0.004211493,2,-1.0,False,21
-0.46812862,0.0048331744,2,-1.0,False,21
-0.46270958,0.005419066,2,-1.0,False,21
-0.45674464,0.0059649325,2,-1.0,False,21
-0.45027775,0.006466881,2,-1.0,False,21
-0.44335636,0.006921397,2,-1.0,False,21
-0.43603098,0.0073253745,2,-1.0,False,21
-0.42835483,0.007676144,0,-1.0,False,21
-0.42238334,0.005971495,0,-1.0,False,21
-0.41815937,0.0042239907,0,-1.0,False,21
-0.41571304,0.0024463169,0,-1.0,False,21
-0.4150618,0.0006512269,0,-1.0,False,21
-0.4162103,-0.0011484922,0,-1.0,False,21
-0.41915035,-0.0029400457,0,-1.0,False,21
-0.423861,-0.0047106524,0,-1.0,False,21
-0.43030858,-0.006447574,0,-1.0,False,21
-0.43844673,-0.008138152,0,-1.0,False,21
-0.4482166,-0.009769869,0,-1.0,False,21
-0.459547,-0.0113304285,0,-1.0,False,21
-0.4723549,-0.012807867,0,-1.0,False,21
-0.48654556,-0.014190683,0,-1.0,False,21
-0.50201356,-0.015468011,0,-1.0,False,21
-0.5186434,-0.016629785,0,-1.0,False,21
-0.5363103,-0.01766695,0,-1.0,False,21
-0.55488193,-0.018571638,0,-1.0,False,21
-0.5742193,-0.019337358,0,-1.0,False,21
-0.5941785,-0.019959161,0,-1.0,False,21
-0.6146122,-0.02043376,0,-1.0,False,21
-0.63537186,-0.020759609,0,-1.0,False,21
-0.65630877,-0.020936932,0,-1.0,False,21
-0.6772765,-0.020967694,0,-1.0,False,21
-0.698132,-0.02085551,0,-1.0,False,21
-0.7187375,-0.020605508,0,-1.0,False,21
-0.73896164,-0.020224143,0,-1.0,False,21
-0.7586806,-0.019718973,0,-1.0,False,21
-0.77777904,-0.019098422,0,-1.0,False,21
-0.79615057,-0.018371519,0,-1.0,False,21
-0.8136982,-0.017547658,0,-1.0,False,21
-0.83033454,-0.016636355,0,-1.0,False,21
-0.8459816,-0.015647037,0,-1.0,False,21
-0.86057043,-0.014588861,0,-1.0,False,21
-0.874041,-0.013470566,0,-1.0,False,21
-0.8863414,-0.012300359,0,-1.0,False,21
-0.8974272,-0.011085845,0,-1.0,False,21
-0.9072612,-0.009833978,2,-1.0,False,21
-0.9138123,-0.006551061,2,-1.0,False,21
-0.9170608,-0.0032485602,2,-1.0,False,21
-0.9169975,6.332225e-05,2,-1.0,False,21
-0.9136225,0.003375024,2,-1.0,False,21
-0.9069455,0.00667697,2,-1.0,False,21
-0.8969866,0.009958921,2,-1.0,False,21
-0.88377726,0.0132093495,2,-1.0,False,21
-0.8673624,0.016414875,2,-1.0,False,21
-0.8478026,0.019559782,2,-1.0,False,21
-0.8251769,0.02262568,2,-1.0,False,21
-0.7995856,0.025591332,2,-1.0,False,21
-0.77115285,0.028432716,2,-1.0,False,21
-0.7400295,0.031123344,2,-1.0,False,21
-0.7063946,0.0336349,2,-1.0,False,21
-0.6704564,0.03593818,2,-1.0,False,21
-0.6324521,0.038004324,2,-1.0,False,21
-0.5926458,0.03980629,2,-1.0,False,21
-0.5513254,0.04132045,2,-1.0,False,21
-0.50879717,0.04252816,2,-1.0,False,21
-0.46538,0.043417186,2,-1.0,False,21
-0.42139724,0.04398276,2,-1.0,False,21
-0.37716904,0.0442282,2,-1.0,False,21
-0.3330041,0.04416496,2,-1.0,False,21
-0.28919196,0.043812126,2,-1.0,False,21
-0.24599653,0.043195434,2,-1.0,False,21
-0.20365065,0.042345878,2,-1.0,False,21
-0.16235253,0.04129812,2,-1.0,False,21
-0.12226369,0.040088836,2,-1.0,False,21
-0.083508566,0.03875513,2,-1.0,False,21
-0.04617539,0.037333176,2,-1.0,False,21
-0.010318267,0.035857122,2,-1.0,False,21
0.024040053,0.03435832,2,-1.0,False,21
0.05690487,0.03286482,2,-1.0,False,21
0.08830603,0.03140116,2,-1.0,False,21
0.11829441,0.029988375,2,-1.0,False,21
0.14693856,0.028644158,2,-1.0,False,21
0.17432171,0.027383149,2,-1.0,False,21
0.20053901,0.026217293,2,-1.0,False,21
0.22569525,0.025156239,2,-1.0,False,21
0.24990298,0.024207734,2,-1.0,False,21
0.273281,0.023378016,2,-1.0,False,21
0.29595318,0.022672176,2,-1.0,False,21
0.31804767,0.022094492,2,-1.0,False,21
0.33969638,0.021648722,2,-1.0,False,21
0.36103475,0.021338366,2,-1.0,False,21
0.38220164,0.021166896,2,-1.0,False,21
0.4033396,0.021137936,2,-1.0,False,21
0.42459503,0.021255432,2,-1.0,False,21
0.44611877,0.021523772,2,-1.0,False,21
0.46806666,0.02194789,2,-1.0,False,21
0.4906,0.022533324,2,-1.0,True,21
-0.4113013,0.0,0,-1.0,False,22
-0.4131277,-0.0018263895,0,-1.0,False,22
-0.41676754,-0.0036398387,0,-1.0,False,22
-0.42219496,-0.0054274267,0,-1.0,False,22
-0.42937124,-0.007176279,0,-1.0,False,22
-0.43824485,-0.008873611,0,-1.0,False,22
-0.44875166,-0.010506793,0,-1.0,False,22
-0.4608151,-0.012063441,0,-1.0,False,22
-0.47434664,-0.01353154,0,-1.0,False,22
-0.48924622,-0.014899587,0,-1.0,False,22
-0.505403,-0.016156776,0,-1.0,False,22
-0.52269614,-0.017293178,0,-1.0,False,22
-0.54099613,-0.018299947,0,-1.0,False,22
-0.56016564,-0.019169526,0,-1.0,False,22
-0.58006144,-0.019895824,0,-1.0,False,22
-0.6005358,-0.020474376,0,-1.0,False,22
-0.6214383,-0.020902457,0,-1.0,False,22
-0.64261746,-0.021179153,0,-1.0,False,22
-0.6639228,-0.021305358,0,-1.0,False,22
-0.68520653,-0.021283738,0,-1.0,False,22
-0.7063252,-0.02111861,0,-1.0,False,22
-0.7271409,-0.020815775,0,-1.0,False,22
-0.74752325,-0.020382322,0,-1.0,False,22
-0.76734966,-0.019826384,0,-1.0,False,22
-0.78650653,-0.019156879,0,-1.0,False,22
-0.80488974,-0.018383242,0,-1.0,False,22
-0.8224049,-0.017515186,0,-1.0,False,22
-0.8389674,-0.016562447,0,-1.0,False,22
-0.85450196,-0.015534587,0,-1.0,False,22
-0.8689428,-0.014440813,0,-1.0,False,22
-0.8822326,-0.013289841,0,-1.0,False,22
-0.8943224,-0.0120897945,0,-1.0,False,22
-0.90517056,-0.010848139,2,-1.0,False,22
-0.9127422,-0.007571658,2,-1.0,False,22
-0.91701454,-0.0042722956,2,-1.0,False,22
-0.91797507,-0.00096054527,2,-1.0,False,22
-0.9156211,0.002353938,2,-1.0,False,22
-0.90995944,0.0056616897,2,-1.0,False,22
-0.90100664,0.00895278,2,-1.0,False,22
-0.8887905,0.012216177,2,-1.0,False,22
-0.87335134,0.0154391555,2,-1.0,False,22
-0.85474455,0.01860679,2,-1.0,False,22
-0.833043,0.021701558,2,-1.0,False,22
-0.80833983,0.024703111,2,-1.0,False,22
-0.7807516,0.027588265,2,-1.0,False,22
-0.7504204,0.030331219,2,-1.0,False,22
-0.7175163,0.032904103,2,-1.0,False,22
-0.68223846,0.03527783,2,-1.0,False,22
-0.6448152,0.037423216,2,-1.0,False,22
-0.6055028,0.039312433,2,-1.0,False,22
-0.5645822,0.040920552,2,-1.0,False,22
-0.5223551,0.042227153,2,-1.0,False,22
-0.47913727,0.043217827,2,-1.0,False,22
-0.43525192,0.043885354,2,-1.0,False,22
-0.39102143,0.044230483,2,-1.0,False,22
-0.34675926,0.04426216,2,-1.0,False,22
-0.30276206,0.04399721,2,-1.0,False,22
-0.2593026,0.043459464,2,-1.0,False,22
-0.2166241,0.042678505,2,-1.0,False,22
-0.17493598,0.041688103,2,-1.0,False,22
-0.13441144,0.040524554,2,-1.0,False,22
-0.095186375,0.03922506,2,-1.0,False,22
-0.05736007,0.0378263,2,-1.0,False,22
-0.02099685,0.036363225,2,-1.0,False,22
0.013871333,0.03486818,2,-1.0,False,22
0.04724168,0.033370346,2,-1.0,False,22
0.07913709,0.03189541,2,-1.0,False,22
0.10960262,0.030465536,2,-1.0,False,22
0.1387021,0.029099466,2,-1.0,False,22
0.16651489,0.027812792,2,-1.0,False,22
0.19313318,0.02661829,2,-1.0,False,22
0.21865949,0.025526311,2,-1.0,False,22
0.24320467,0.024545183,2,-1.0,False,22
0.26688626,0.023681603,2,-1.0,False,22
0.2898273,0.022941018,2,-1.0,False,22
0.31215525,0.022327961,2,-1.0,False,22
0.33400163,0.021846365,2,-1.0,False,22
0.35550144,0.021499831,2,-1.0,False,22
0.3767933,0.021291861,2,-1.0,False,22
0.39801937,0.02122607,2,-1.0,False,22
0.41932574,0.021306347,2,-1.0,False,22
0.44086272,0.021536993,2,-1.0,False,22
0.46278554,0.021922823,2,-1.0,False,22
0.4852548,0.02246925,2,-1.0,True,22
-0.5905217,0.0,0,-1.0,False,23
-0.59102315,-0.00050144317,0,-1.0,False,23
-0.59202236,-0.0009992017,0,-1.0,False,23
-0.593512,-0.0014896211,0,-1.0,False,23
-0.5954811,-0.0019691081,0,-1.0,False,23
-0.59791523,-0.0024341596,0,-1.0,False,23
-0.60079664,-0.0028813921,0,-1.0,False,23
-0.6041042,-0.0033075702,0,-1.0,False,23
-0.60781384,-0.0037096322,0,-1.0,False,23
-0.61189854,-0.004084717,0,-1.0,False,23
-0.6163287,-0.004430187,0,-1.0,False,23
-0.6210724,-0.004743648,0,-1.0,False,23
-0.62609535,-0.00502297,0,-1.0,False,23
-0.63136166,-0.0052663027,0,-1.0,False,23
-0.6368337,-0.0054720864,0,-1.0,False,23
-0.6424728,-0.005639064,0,-1.0,False,23
-0.6482391,-0.005766287,0,-1.0,False,23
-0.6540922,-0.005853116,0,-1.0,False,23
-0.65999144,-0.0058992235,0,-1.0,False,23
-0.665896,-0.005904585,0,-1.0,False,23
-0.6717655,-0.0058694766,0,-1.0,False,23
-0.67756,-0.00579446,0,-1.0,False,23
-0.68324035,-0.005680372,0,-1.0,False,23
-0.6887686,-0.0055283094,0,-1.0,False,23
-0.69410825,-0.0053396095,0,-1.0,False,23
-0.69922405,-0.005115833,0,-1.0,False,23
-0.70408285,-0.0048587443,0,-1.0,False,23
-0.7086531,-0.004570292,0,-1.0,False,23
-0.7129057,-0.0042525874,0,-1.0,False,23
-0.71681356,-0.0039078863,0,-1.0,False,23
-0.7203522,-0.0035385704,0,-1.0,False,23
-0.7234993,-0.0031471273,0,-1.0,False,23
-0.72623545,-0.002736137,0,-1.0,False,23
-0.7285437,-0.0023082544,0,-1.0,False,23
-0.73040986,-0.0018661956,0,-1.0,False,23
-0.7318226,-0.0014127261,0,-1.0,False,23
-0.73277324,-0.0009506491,0,-1.0,False,23
-0.73325604,-0.0004827946,0,-1.0,False,23
-0.7332681,-1.201051e-05,0,-1.0,False,23
-0.7328092,0.00045884642,0,-1.0,False,23
-0.7318823,0.0009269192,0,-1.0,False,23
-0.73049295,0.0013893594,2,-1.0,False,23
-0.7266496,0.0038433354,2,-1.0,False,23
-0.72037584,0.006273767,2,-1.0,False,23
-0.71171045,0.008665358,2,-1.0,False,23
-0.700708,0.011002492,2,-1.0,False,23
-0.6874388,0.013269189,2,-1.0,False,23
-0.6719897,0.015449105,2,-1.0,False,23
-0.65446407,0.01752564,2,-1.0,False,23
-0.63498193,0.01948211,2,-1.0,False,23
-0.6136799,0.021302024,2,-1.0,False,23
-0.59071046,0.02296944,2,-1.0,False,23
-0.5662411,0.024469383,2,-1.0,False,23
-0.5404528,0.02578833,2,-1.0,False,23
-0.51353806,0.02691468,2,-1.0,False,23
-0.48569885,0.027839236,0,-1.0,False,23
-0.45914325,0.026555598,0,-1.0,False,23
-0.43406805,0.02507519,2,-1.0,False,23
-0.4086563,0.025411753,2,-1.0,False,23
-0.38308963,0.025566667,2,-1.0,False,23
-0.35754585,0.025543781,2,-1.0,False,23
-0.3321966,0.02534926,2,-1.0,False,23
-0.30720526,0.024991337,2,-1.0,False,23
-0.28272524,0.024480002,2,-1.0,False,23
-0.25889865,0.023826621,2,-1.0,False,23
-0.2358551,0.023043538,2,-1.0,False,23
-0.21371143,0.022143671,2,-1.0,False,23
-0.1925713,0.021140127,1,-1.0,False,23
-0.17352547,0.019045843,0,-1.0,False,23
-0.15764844,0.015877012,0,-1.0,False,23
-0.14499702,0.012651435,0,-1.0,False,23
-0.13561277,0.00938425,0,-1.0,False,23
-0.12952445,0.006088309,0,-1.0,False,23
-0.12674977,0.0027746828,0,-1.0,False,23
-0.12729652,-0.00054674747,2,-1.0,False,23
-0.12916318,-0.0018666527,2,-1.0,False,23
-0.13234447,-0.0031813043,2,-1.0,False,23
-0.13683131,-0.0044868346,2,-1.0,False,23
-0.14261046,-0.0057791444,2,-1.0,False,23
-0.14966427,-0.0070538134,2,-1.0,False,23
-0.1579703,-0.0083060255,2,-1.0,False,23
-0.1675008,-0.0095305005,2,-1.0,False,23
-0.17822224,-0.010721452,2,-1.0,False,23
-0.1900948,-0.011872548,0,-1.0,False,23
-0.2050717,-0.014976916,0,-1.0,False,23
-0.22309025,-0.01801854,0,-1.0,False,23
-0.24406947,-0.020979226,0,-1.0,False,23
-0.26790795,-0.023838475,0,-1.0,False,23
-0.2944815,-0.026573552,0,-1.0,False,23
-0.32364127,-0.029159782,0,-1.0,False,23
-0.35521242,-0.031571127,0,-1.0,False,23
-0.3889934,-0.033780992,0,-1.0,False,23
-0.4247567,-0.03576332,0,-1.0,False,23
-0.46225053,-0.037493818,2,-1.0,False,23
-0.49920186,-0.036951337,0,-1.0,False,23
-0.53733605,-0.03813415,2,-1.0,False,23
-0.57436717,-0.03703115,0,-1.0,False,23
-0.612019,-0.037651855,0,-1.0,False,23
-0.6500155,-0.037996456,0,-1.0,False,23
-0.6880864,-0.038070895,0,-1.0,False,23
-0.72597307,-0.037886698,0,-1.0,False,23
-0.7634335,-0.03746043,0,-1.0,False,23
-0.8002464,-0.0368129,0,-1.0,False,23
-0.8362146,-0.03596817,0,-1.0,False,23
-0.87116706,-0.034952454,0,-1.0,False,23
-0.90496004,-0.03379303,0,-1.0,False,23
-0.9374773,-0.0325172,0,-1.0,False,23
-0.9686287,-0.031151414,0,-1.0,False,23
-0.9983492,-0.029720541,0,-1.0,False,23
-1.0265965,-0.028247336,0,-1.0,False,23
-1.0533487,-0.02675211,2,-1.0,False,23
-1.0766011,-0.023252536,0,-1.0,False,23
-1.0983634,-0.021762256,0,-1.0,False,23
-1.1186551,-0.020291649,0,-1.0,False,23
-1.137504,-0.018848874,0,-1.0,False,23
-1.1549441,-0.017440062,0,-1.0,False,23
-1.1710136,-0.016069533,0,-1.0,False,23
-1.1857536,-0.014740026,0,-1.0,False,23
-1.1992065,-0.013452909,0,-1.0,False,23
-1.2,0.0,2,-1.0,False,23
-1.1967582,0.003241896,2,-1.0,False,23
-1.1902636,0.0064944453,2,-1.0,False,23
-1.180496,0.009767694,2,-1.0,False,23
-1.1674255,0.013070449,2,-1.0,False,23
-1.1510159,0.016409589,2,-1.0,False,23
-1.1312267,0.01978931,2,-1.0,False,23
-1.1080164,0.023210295,2,-1.0,False,23
-1.0813475,0.026668796,2,-1.0,False,23
-1.0511918,0.030155689,2,-1.0,False,23
-1.0175363,0.03365551,2,-1.0,False,23
-0.9803907,0.03714562,2,-1.0,False,23
-0.93979514,0.040595576,2,-1.0,False,23
-0.8958282,0.043966923,2,-1.0,False,23
-0.84861463,0.047213554,2,-1.0,False,23
-0.7983318,0.050282877,2,-1.0,False,23
-0.74521387,0.053117886,2,-1.0,False,23
-0.6895537,0.05566023,2,-1.0,False,23
-0.63169956,0.057854105,2,-1.0,False,23
-0.57204884,0.059650723,2,-1.0,False,23
-0.51103604,0.061012823,2,-1.0,False,23
-0.4491174,0.061918624,2,-1.0,False,23
-0.38675275,0.06236465,2,-1.0,False,23
-0.32438585,0.06236689,2,-1.0,False,23
-0.2624257,0.061960164,2,-1.0,False,23
-0.20122996,0.06119572,2,-1.0,False,23
-0.14109236,0.060137603,2,-1.0,False,23
-0.08223413,0.058858234,2,-1.0,False,23
-0.0248002,0.057433926,2,-1.0,False,23
0.031140642,0.055940844,2,-1.0,False,23
0.08559239,0.054451745,2,-1.0,False,23
0.1386261,0.05303371,2,-1.0,False,23
0.1903729,0.051746808,2,-1.0,False,23
0.24101646,0.050643563,2,-1.0,False,23
0.29078555,0.049769085,2,-1.0,False,23
0.33994707,0.049161527,2,-1.0,False,23
0.38879985,0.048852775,2,-1.0,False,23
0.43766898,0.048869114,2,-1.0,False,23
0.48690072,0.049231753,2,-1.0,True,23
-0.41525322,0.0,0,-1.0,False,24
-0.41705158,-0.0017983587,0,-1.0,False,24
-0.42063552,-0.0035839246,0,-1.0,False,24
-0.42597944,-0.0053439275,0,-1.0,False,24
-0.4330451,-0.007065652,0,-1.0,False,24
-0.44178158,-0.008736482,0,-1.0,False,24
-0.45212555,-0.010343968,0,-1.0,False,24
-0.46400145,-0.011875919,0,-1.0,False,24
-0.47732198,-0.013320521,0,-1.0,False,24
-0.49198845,-0.014666484,0,-1.0,False,24
-0.50789165,-0.015903207,0,-1.0,False,24
-0.52491266,-0.017020965,0,-1.0,False,24
-0.54292375,-0.018011112,0,-1.0,False,24
-0.56179,-0.018866256,0,-1.0,False,24
-0.5813705,-0.019580448,0,-1.0,False,24
-0.60151976,-0.020149326,0,-1.0,False,24
-0.62209,-0.020570226,0,-1.0,False,24
-0.64293224,-0.020842243,0,-1.0,False,24
-0.66389847,-0.02096624,0,-1.0,False,24
-0.68484324,-0.020944785,0,-1.0,False,24
-0.70562536,-0.020782067,0,-1.0,False,24
-0.726109,-0.020483714,0,-1.0,False,24
-0.74616563,-0.020056609,0,-1.0,False,24
-0.7656743,-0.019508654,0,-1.0,False,24
-0.78452283,-0.018848522,0,-1.0,False,24
-0.80260825,-0.018085403,0,-1.0,False,24
-0.819837,-0.017228762,0,-1.0,False,24
-0.8361251,-0.016288107,0,-1.0,False,24
-0.8513979,-0.015272787,0,-1.0,False,24
-0.86558974,-0.014191825,0,-1.0,False,24
-0.8786435,-0.013053778,0,-1.0,False,24
-0.89051014,-0.011866643,0,-1.0,False,24
-0.9011479,-0.010637793,2,-1.0,False,24
-0.9085219,-0.0073739463,2,-1.0,False,24
-0.91260904,-0.004087192,2,-1.0,False,24
-0.9133973,-0.0007882215,2,-1.0,False,24
-0.9108842,0.002513065,2,-1.0,False,24
-0.9050773,0.005806922,2,-1.0,False,24
-0.8959942,0.009083115,2,-1.0,False,24
-0.8836639,0.012330292,2,-1.0,False,24
-0.8681285,0.015535416,2,-1.0,False,24
-0.8494452,0.01868327,2,-1.0,False,24
-0.8276891,0.021756079,2,-1.0,False,24
-0.8029558,0.024733318,2,-1.0,False,24
-0.7753641,0.027591703,2,-1.0,False,24
-0.74505866,0.030305466,2,-1.0,False,24
-0.7122117,0.03284689,2,-1.0,False,24
-0.67702454,0.035187203,2,-1.0,False,24
-0.6397269,0.037297692,2,-1.0,False,24
-0.6005757,0.039151143,2,-1.0,False,24
-0.55985236,0.040723354,2,-1.0,False,24
-0.5178577,0.041994717,2,-1.0,False,24
-0.47490597,0.042951662,2,-1.0,False,24
-0.43131822,0.043587763,2,-1.0,False,24
-0.38741374,0.043904465,2,-1.0,False,24
-0.3435025,0.043911256,2,-1.0,False,24
-0.2998772,0.0436253,2,-1.0,False,24
-0.25680664,0.04307055,2,-1.0,False,24
-0.21453014,0.042276505,2,-1.0,False,24
-0.1732535,0.041276637,2,-1.0,False,24
-0.1331467,0.040106792,2,-1.0,False,24
-0.09434311,0.038803596,2,-1.0,False,24
-0.05694005,0.037403062,2,-1.0,False,24
-0.021000601,0.035939448,2,-1.0,False,24
0.013443805,0.034444407,2,-1.0,False,24
0.046390247,0.03294644,2,-1.0,False,24
0.077860855,0.03147061,2,-1.0,False,24
0.10789936,0.030038504,2,-1.0,False,24
0.1365677,0.02866834,2,-1.0,False,24
0.16394295,0.027375242,2,-1.0,False,24
0.19011451,0.026171565,2,-1.0,False,24
0.21518178,0.025067275,2,-1.0,False,24
0.23925214,0.024070347,2,-1.0,False,24
0.26243928,0.023187138,2,-1.0,False,24
0.28486204,0.022422768,2,-1.0,False,24
0.3066435,0.02178144,2,-1.0,False,24
0.32791024,0.021266753,2,-1.0,False,24
0.3487922,0.020881953,2,-1.0,False,24
0.36942235,0.020630175,2,-1.0,False,24
0.389937,0.020514643,2,-1.0,False,24
0.41047582,0.020538827,2,-1.0,False,24
0.4311824,0.020706598,2,-1.0,False,24
0.45220473,0.021022322,2,-1.0,False,24
0.4736957,0.02149095,2,-1.0,False,24
0.4958138,0.022118073,2,-1.0,True,24
-0.5171337,0.0,0,-1.0,False,25
-0.51818216,-0.001048485,0,-1.0,False,25
-0.5202713,-0.0020891076,0,-1.0,False,25
-0.52338535,-0.0031140633,0,-1.0,False,25
-0.52750105,-0.004115664,0,-1.0,False,25
-0.5325874,-0.0050863978,0,-1.0,False,25
-0.5386064,-0.006018991,0,-1.0,False,25
-0.54551286,-0.006906472,0,-1.0,False,25
-0.55325514,-0.0077422345,0,-1.0,False,25
-0.5617752,-0.008520105,0,-1.0,False,25
-0.57100964,-0.009234408,0,-1.0,False,25
-0.58088964,-0.009880024,0,-1.0,False,25
-0.5913421,-0.010452455,0,-1.0,False,25
-0.60229,-0.01094787,0,-1.0,False,25
-0.6136531,-0.011363152,0,-1.0,False,25
-0.62534904,-0.011695931,0,-1.0,False,25
-0.63729364,-0.011944599,0,-1.0,False,25
-0.64940196,-0.012108326,0,-1.0,False,25
-0.661589,-0.012187042,0,-1.0,False,25
-0.6737704,-0.012181423,0,-1.0,False,25
-0.6858633,-0.012092849,0,-1.0,False,25
-0.6977867,-0.011923363,0,-1.0,False,25
-0.7094623,-0.011675606,0,-1.0,False,25
-0.720815,-0.011352748,0,-1.0,False,25
-0.73177344,-0.010958422,0,-1.0,False,25
-0.7422701,-0.010496643,0,-1.0,False,25
-0.7522418,-0.009971736,0,-1.0,False,25
-0.76163006,-0.009388256,0,-1.0,False,25
-0.770381,-0.008750923,0,-1.0,False,25
-0.77844554,-0.008064563,0,-1.0,False,25
-0.7857796,-0.0073340503,0,-1.0,False,25
-0.79234385,-0.0065642614,0,-1.0,False,25
-0.7981039,-0.0057600457,0,-1.0,False,25
-0.80303013,-0.0049261968,0,-1.0,False,25
-0.80709755,-0.004067438,0,-1.0,False,25
-0.810286,-0.0031884187,0,-1.0,False,25
-0.8125797,-0.0022937118,0,-1.0,False,25
-0.8139675,-0.0013878269,0,-1.0,False,25
-0.81444275,-0.0004752224,0,-1.0,False,25
-0.81400305,0.00043967538,0,-1.0,False,25
-0.8126506,0.0013524515,0,-1.0,False,25
-0.8103919,0.0022586805,2,-1.0,False,25
-0.805238,0.0051539056,2,-1.0,False,25
-0.7972143,0.008023697,2,-1.0,False,25
-0.78636134,0.010853005,2,-1.0,False,25
-0.7727354,0.013625872,2,-1.0,False,25
-0.75641024,0.016325226,2,-1.0,False,25
-0.7374774,0.018932775,2,-1.0,False,25
-0.7160484,0.021429041,2,-1.0,False,25
-0.69225484,0.023793552,2,-1.0,False,25
-0.66624963,0.02600519,2,-1.0,False,25
-0.63820696,0.028042711,2,-1.0,False,25
-0.6083215,0.029885437,2,-1.0,False,25
-0.5768075,0.031514037,2,-1.0,False,25
-0.5438961,0.032911412,1,-1.0,False,25
-0.5108325,0.033063546,1,-1.0,False,25
-0.47786468,0.032967824,0,-1.0,False,25
-0.44623882,0.031625893,2,-1.0,False,25
-0.4141879,0.032050885,2,-1.0,False,25
-0.38194296,0.03224496,2,-1.0,False,25
-0.34972873,0.03221423,2,-1.0,False,25
-0.31776017,0.03196854,2,-1.0,False,25
-0.28623918,0.03152101,2,-1.0,False,25
-0.25535166,0.03088749,2,-1.0,False,25
-0.22526582,0.030085862,2,-1.0,False,25
-0.19613047,0.02913534,2,-1.0,False,25
-0.16807473,0.028055754,2,-1.0,False,25
-0.14120784,0.026866881,1,-1.0,False,25
-0.116619974,0.024587868,0,-1.0,False,25
-0.09538066,0.021239314,0,-1.0,False,25
-0.07753969,0.017840965,0,-1.0,False,25
-0.06313139,0.014408301,0,-1.0,False,25
-0.052178387,0.0109530045,0,-1.0,False,25
-0.04469482,0.007483571,0,-1.0,False,25
-0.040688805,0.0040060105,0,-1.0,False,25
-0.040164195,0.0005246125,1,-1.0,False,25
-0.042121455,-0.0019572615,2,-1.0,False,25
-0.045558784,-0.003437328,2,-1.0,False,25
-0.050472796,-0.0049140137,2,-1.0,False,25
-0.056858208,-0.0063854093,2,-1.0,False,25
-0.06470733,-0.007849128,2,-1.0,False,25
-0.07400951,-0.009302171,2,-1.0,False,25
-0.08475031,-0.010740803,2,-1.0,False,25
-0.09691074,-0.0121604325,0,-1.0,False,25
-0.11246626,-0.015555519,0,-1.0,False,25
-0.13138083,-0.018914565,0,-1.0,False,25
-0.1536037,-0.022222882,0,-1.0,False,25
-0.17906582,-0.025462111,0,-1.0,False,25
-0.2076758,-0.028609978,0,-1.0,False,25
-0.23931606,-0.031640265,0,-1.0,False,25
-0.27383924,-0.03452316,0,-1.0,False,25
-0.31106517,-0.037225936,0,-1.0,False,25
-0.35077927,-0.03971411,2,-1.0,False,25
-0.39073223,-0.039952964,2,-1.0,False,25
-0.4306555,-0.039923284,2,-1.0,False,25
-0.47026688,-0.039611362,2,-1.0,False,25
-0.5092765,-0.039009646,2,-1.0,False,25
-0.54739356,-0.03811703,2,-1.0,False,25
-0.5843323,-0.03693872,0,-1.0,False,25
-0.621818,-0.037485737,0,-1.0,False,25
-0.6595777,-0.037759706,0,-1.0,False,25
-0.6973456,-0.037767913,0,-1.0,False,25
-0.73486865,-0.037523024,0,-1.0,False,25
-0.77191114,-0.037042476,0,-1.0,False,25
-0.8082588,-0.03634766,0,-1.0,False,25
-0.8437217,-0.03546291,0,-1.0,False,25
-0.8781361,-0.034414403,0,-1.0,False,25
-0.9113652,-0.033229113,0,-1.0,False,25
-0.94329906,-0.031933825,0,-1.0,False,25
-0.97385335,-0.030554287,0,-1.0,False,25
-1.0029678,-0.029114561,0,-1.0,False,25
-1.0306045,-0.027636535,0,-1.0,False,25
-1.0567441,-0.026139634,2,-1.0,False,25
-1.0793847,-0.022640659,0,-1.0,False,25
-1.1005371,-0.021152304,0,-1.0,False,25
-1.1202213,-0.019684244,0,-1.0,False,25
-1.1384653,-0.018243995,0,-1.0,False,25
-1.1553024,-0.01683712,0,-1.0,False,25
-1.1707698,-0.015467447,0,-1.0,False,25
-1.1849071,-0.014137277,0,-1.0,False,25
-1.1977547,-0.012847604,0,-1.0,False,25
-1.2,0.0,2,-1.0,False,25
-1.1967582,0.003241896,2,-1.0,False,25
-1.1902636,0.0064944453,2,-1.0,False,25
-1.180496,0.009767694,2,-1.0,False,25
-1.1674255,0.013070449,2,-1.0,False,25
-1.1510159,0.016409589,2,-1.0,False,25
-1.1312267,0.01978931,2,-1.0,False,25
-1.1080164,0.023210295,2,-1.0,False,25
-1.0813475,0.026668796,2,-1.0,False,25
-1.0511918,0.030155689,2,-1.0,False,25
-1.0175363,0.03365551,2,-1.0,False,25
-0.9803907,0.03714562,2,-1.0,False,25
-0.93979514,0.040595576,2,-1.0,False,25
-0.8958282,0.043966923,2,-1.0,False,25
-0.84861463,0.047213554,2,-1.0,False,25
-0.7983318,0.050282877,2,-1.0,False,25
-0.74521387,0.053117886,2,-1.0,False,25
-0.6895537,0.05566023,2,-1.0,False,25
-0.63169956,0.057854105,2,-1.0,False,25
-0.57204884,0.059650723,2,-1.0,False,25
-0.51103604,0.061012823,2,-1.0,False,25
-0.4491174,0.061918624,2,-1.0,False,25
-0.38675275,0.06236465,2,-1.0,False,25
-0.32438585,0.06236689,2,-1.0,False,25
-0.2624257,0.061960164,2,-1.0,False,25
-0.20122996,0.06119572,2,-1.0,False,25
-0.14109236,0.060137603,2,-1.0,False,25
-0.08223413,0.058858234,2,-1.0,False,25
-0.0248002,0.057433926,2,-1.0,False,25
0.031140642,0.055940844,2,-1.0,False,25
0.08559239,0.054451745,2,-1.0,False,25
0.1386261,0.05303371,2,-1.0,False,25
0.1903729,0.051746808,2,-1.0,False,25
0.24101646,0.050643563,2,-1.0,False,25
0.29078555,0.049769085,2,-1.0,False,25
0.33994707,0.049161527,2,-1.0,False,25
0.38879985,0.048852775,2,-1.0,False,25
0.43766898,0.048869114,2,-1.0,False,25
0.48690072,0.049231753,2,-1.0,True,25
-0.5031267,0.0,0,-1.0,False,26
-0.5042801,-0.0011534444,0,-1.0,False,26
-0.5065783,-0.0022982534,0,-1.0,False,26
-0.5100042,-0.003425851,0,-1.0,False,26
-0.51453197,-0.004527782,0,-1.0,False,26
-0.5201278,-0.005595775,0,-1.0,False,26
-0.52674955,-0.006621807,0,-1.0,False,26
-0.5343478,-0.007598176,0,-1.0,False,26
-0.54286534,-0.008517573,0,-1.0,False,26
-0.55223846,-0.0093731545,0,-1.0,False,26
-0.56239706,-0.010158621,0,-1.0,False,26
-0.5732654,-0.01086829,0,-1.0,False,26
-0.5847626,-0.011497167,0,-1.0,False,26
-0.59680355,-0.012041009,0,-1.0,False,26
-0.60929996,-0.0124963755,0,-1.0,False,26
-0.6221606,-0.012860674,0,-1.0,False,26
-0.63529277,-0.013132186,0,-1.0,False,26
-0.64860284,-0.013310069,0,-1.0,False,26
-0.6619972,-0.0133943595,0,-1.0,False,26
-0.67538315,-0.013385938,0,-1.0,False,26
-0.6886696,-0.013286489,0,-1.0,False,26
-0.7017681,-0.013098442,0,-1.0,False,26
-0.714593,-0.012824898,0,-1.0,False,26
-0.7270625,-0.012469546,0,-1.0,False,26
-0.7390991,-0.012036576,0,-1.0,False,26
-0.75062966,-0.011530583,0,-1.0,False,26
-0.7615862,-0.010956476,0,-1.0,False,26
-0.77190554,-0.010319393,0,-1.0,False,26
-0.78153014,-0.00962461,0,-1.0,False,26
-0.79040766,-0.008877475,0,-1.0,False,26
-0.798491,-0.008083342,0,-1.0,False,26
-0.8057385,-0.0072475206,0,-1.0,False,26
-0.81211376,-0.00637524,0,-1.0,False,26
-0.81758535,-0.0054716184,0,-1.0,False,26
-0.82212704,-0.004541653,0,-1.0,False,26
-0.8257172,-0.0035902164,0,-1.0,False,26
-0.8283393,-0.0026220623,0,-1.0,False,26
-0.82998115,-0.0016418432,0,-1.0,False,26
-0.83063525,-0.0006541317,0,-1.0,False,26
-0.8302987,0.00033655151,0,-1.0,False,26
-0.828973,0.0013257068,0,-1.0,False,26
-0.8266642,0.0023088236,2,-1.0,False,26
-0.8213828,0.005281349,2,-1.0,False,26
-0.81315356,0.008229292,2,-1.0,False,26
-0.8020156,0.01113796,2,-1.0,False,26
-0.78802395,0.013991621,2,-1.0,False,26
-0.7712507,0.01677326,2,-1.0,False,26
-0.7517863,0.019464428,2,-1.0,False,26
-0.72974104,0.022045264,2,-1.0,False,26
-0.7052464,0.024494648,2,-1.0,False,26
-0.6784558,0.02679057,2,-1.0,False,26
-0.64954513,0.02891067,2,-1.0,False,26
-0.6187122,0.030832952,2,-1.0,False,26
-0.5861755,0.032536663,2,-1.0,False,26
-0.5521723,0.034003235,2,-1.0,False,26
-0.516955,0.035217274,2,-1.0,False,26
-0.48078755,0.03616745,2,-1.0,False,26
-0.4439403,0.03684725,2,-1.0,False,26
-0.40668485,0.037255477,2,-1.0,False,26
-0.36928836,0.037396494,2,-1.0,False,26
-0.33200827,0.03728006,2,-1.0,False,26
-0.29508734,0.036920954,2,-1.0,False,26
-0.2587491,0.036338236,2,-1.0,False,26
-0.22319472,0.035554368,2,-1.0,False,26
-0.18860056,0.034594167,2,-1.0,False,26
-0.15511678,0.03348377,2,-1.0,False,26
-0.12286718,0.032249607,2,-1.0,False,26
-0.09194965,0.030917529,1,-1.0,False,26
-0.06343761,0.028512042,0,-1.0,False,26
-0.03838043,0.02505718,0,-1.0,False,26
-0.016806696,0.021573734,0,-1.0,False,26
0.001270215,0.01807691,0,-1.0,False,26
0.015847143,0.014576929,0,-1.0,False,26
0.026926897,0.011079753,0,-1.0,False,26
0.034514803,0.0075879055,0,-1.0,False,26
0.0386161,0.0041012955,1,-1.0,False,26
0.040234152,0.0016180527,1,-1.0,False,26
0.03937039,-0.00086375803,1,-1.0,False,26
0.036024053,-0.0033463405,2,-1.0,False,26
0.031192297,-0.004831755,2,-1.0,False,26
0.02487148,-0.0063208174,2,-1.0,False,26
0.017057618,-0.007813862,2,-1.0,False,26
0.007747029,-0.009310589,2,-1.0,False,26
-0.0030628848,-0.010809913,2,-1.0,False,26
-0.015372693,-0.012309808,2,-1.0,False,26
-0.029179843,-0.01380715,2,-1.0,False,26
-0.04447742,-0.015297577,0,-1.0,False,26
-0.06325278,-0.018775355,0,-1.0,False,26
-0.08548325,-0.02223048,0,-1.0,False,26
-0.11113197,-0.02564872,0,-1.0,False,26
-0.14014304,-0.029011061,0,-1.0,False,26
-0.17243639,-0.032293346,0,-1.0,False,26
-0.20790261,-0.03546623,0,-1.0,False,26
-0.24639814,-0.038495526,0,-1.0,False,26
-0.28774118,-0.041343056,2,-1.0,False,26
-0.32970923,-0.041968033,2,-1.0,False,26
-0.37205082,-0.04234158,2,-1.0,False,26
-0.41449025,-0.042439435,2,-1.0,False,26
-0.45673347,-0.042243216,2,-1.0,False,26
-0.4984748,-0.04174135,2,-1.0,False,26
-0.5394044,-0.0409296,0,-1.0,False,26
-0.5812155,-0.0418111,0,-1.0,False,26
-0.6235966,-0.042381126,0,-1.0,False,26
-0.66623896,-0.04264234,0,-1.0,False,26
-0.7088439,-0.04260489,0,-1.0,False,26
-0.7511298,-0.04228597,0,-1.0,False,26
-0.7928388,-0.041708954,0,-1.0,False,26
-0.83374095,-0.040902168,0,-1.0,False,26
-0.87363845,-0.039897483,0,-1.0,False,26
-0.9123672,-0.038728777,0,-1.0,False,26
-0.94979775,-0.037430517,0,-1.0,False,26
-0.98583424,-0.036036488,0,-1.0,False,26
-1.0204129,-0.03457873,0,-1.0,False,26
-1.0534997,-0.033086795,0,-1.0,False,26
-1.085087,-0.031587243,2,-1.0,False,26
-1.1131904,-0.028103376,2,-1.0,False,26
-1.1378425,-0.024652211,2,-1.0,False,26
-1.1590867,-0.021244077,2,-1.0,False,26
-1.1769702,-0.0178836,2,-1.0,False,26
-1.191541,-0.01457068,0,-1.0,False,26
-1.2,0.0,2,-1.0,False,26
-1.1967582,0.003241896,2,-1.0,False,26
-1.1902636,0.0064944453,2,-1.0,False,26
-1.180496,0.009767694,2,-1.0,False,26
-1.1674255,0.013070449,2,-1.0,False,26
-1.1510159,0.016409589,2,-1.0,False,26
-1.1312267,0.01978931,2,-1.0,False,26
-1.1080164,0.023210295,2,-1.0,False,26
-1.0813475,0.026668796,2,-1.0,False,26
-1.0511918,0.030155689,2,-1.0,False,26
-1.0175363,0.03365551,2,-1.0,False,26
-0.9803907,0.03714562,2,-1.0,False,26
-0.93979514,0.040595576,2,-1.0,False,26
-0.8958282,0.043966923,2,-1.0,False,26
-0.84861463,0.047213554,2,-1.0,False,26
-0.7983318,0.050282877,2,-1.0,False,26
-0.74521387,0.053117886,2,-1.0,False,26
-0.6895537,0.05566023,2,-1.0,False,26
-0.63169956,0.057854105,2,-1.0,False,26
-0.57204884,0.059650723,2,-1.0,False,26
-0.51103604,0.061012823,2,-1.0,False,26
-0.4491174,0.061918624,2,-1.0,False,26
-0.38675275,0.06236465,2,-1.0,False,26
-0.32438585,0.06236689,2,-1.0,False,26
-0.2624257,0.061960164,2,-1.0,False,26
-0.20122996,0.06119572,2,-1.0,False,26
-0.14109236,0.060137603,2,-1.0,False,26
-0.08223413,0.058858234,2,-1.0,False,26
-0.0248002,0.057433926,2,-1.0,False,26
0.031140642,0.055940844,2,-1.0,False,26
0.08559239,0.054451745,2,-1.0,False,26
0.1386261,0.05303371,2,-1.0,False,26
0.1903729,0.051746808,2,-1.0,False,26
0.24101646,0.050643563,2,-1.0,False,26
0.29078555,0.049769085,2,-1.0,False,26
0.33994707,0.049161527,2,-1.0,False,26
0.38879985,0.048852775,2,-1.0,False,26
0.43766898,0.048869114,2,-1.0,False,26
0.48690072,0.049231753,2,-1.0,True,26
-0.48392552,0.0,2,-1.0,False,27
-0.48322237,0.0007031526,2,-1.0,False,27
-0.4818213,0.0014010696,2,-1.0,False,27
-0.47973275,0.0020885582,2,-1.0,False,27
-0.47697222,0.0027605118,2,-1.0,False,27
-0.47356027,0.003411952,2,-1.0,False,27
-0.4695222,0.0040380713,2,-1.0,False,27
-0.46488795,0.0046342737,2,-1.0,False,27
-0.45969173,0.0051962156,2,-1.0,False,27
-0.45397186,0.0057198433,2,-1.0,False,27
-0.44777045,0.0062014307,2,-1.0,False,27
-0.44113284,0.006637611,2,-1.0,False,27
-0.43410742,0.007025406,2,-1.0,False,27
-0.42674518,0.007362255,0,-1.0,False,27
-0.42109916,0.005646031,0,-1.0,False,27
-0.4172098,0.0038893416,0,-1.0,False,27
-0.4151049,0.0021049024,0,-1.0,False,27
-0.41479942,0.00030548955,0,-1.0,False,27
-0.4162955,-0.0014960939,0,-1.0,False,27
-0.41958255,-0.003287041,0,-1.0,False,27
-0.4246371,-0.0050545637,0,-1.0,False,27
-0.43142304,-0.006785921,0,-1.0,False,27
-0.4398915,-0.008468462,0,-1.0,False,27
-0.44998118,-0.010089689,0,-1.0,False,27
-0.4616185,-0.011637343,0,-1.0,False,27
-0.47471803,-0.013099521,0,-1.0,False,27
-0.48918286,-0.014464814,0,-1.0,False,27
-0.50490534,-0.015722476,0,-1.0,False,27
-0.5217679,-0.016862603,0,-1.0,False,27
-0.5396443,-0.017876334,0,-1.0,False,27
-0.55840033,-0.01875604,0,-1.0,False,27
-0.5778958,-0.019495502,0,-1.0,False,27
-0.59798586,-0.020090071,0,-1.0,False,27
-0.61852264,-0.020536788,0,-1.0,False,27
-0.6393571,-0.020834442,0,-1.0,False,27
-0.6603407,-0.020983601,0,-1.0,False,27
-0.6813273,-0.020986559,0,-1.0,False,27
-0.70217454,-0.02084725,0,-1.0,False,27
-0.7227456,-0.020571083,0,-1.0,False,27
-0.7429104,-0.020164762,0,-1.0,False,27
-0.7625464,-0.019636052,0,-1.0,False,27
-0.78154,-0.018993532,0,-1.0,False,27
-0.79978627,-0.018246345,0,-1.0,False,27
-0.81719023,-0.017403943,0,-1.0,False,27
-0.8336661,-0.016475864,0,-1.0,False,27
-0.8491376,-0.0154715115,0,-1.0,False,27
-0.8635376,-0.014399991,0,-1.0,False,27
-0.8768076,-0.013269962,0,-1.0,False,27
-0.8888971,-0.01208953,0,-1.0,False,27
-0.8997633,-0.010866186,0,-1.0,False,27
-0.90937006,-0.009606765,2,-1.0,False,27
-0.9156875,-0.0063174465,2,-1.0,False,27
-0.918697,-0.0030095035,2,-1.0,False,27
-0.91839,0.0003070214,2,-1.0,False,27
-0.9147673,0.0036226793,2,-1.0,False,27
-0.90783936,0.006927961,2,-1.0,False,27
-0.8976267,0.010212642,2,-1.0,False,27
-0.88416153,0.013465158,2,-1.0,False,27
-0.8674895,0.016672038,2,-1.0,False,27
-0.84767205,0.019817434,2,-1.0,False,27
-0.8247893,0.022882782,2,-1.0,False,27
-0.7989426,0.025846636,2,-1.0,False,27
-0.7702579,0.028684756,2,-1.0,False,27
-0.7388875,0.03137043,2,-1.0,False,27
-0.7050123,0.03387516,2,-1.0,False,27
-0.66884273,0.03616958,2,-1.0,False,27
-0.630618,0.038224764,2,-1.0,False,27
-0.59060425,0.04001369,2,-1.0,False,27
-0.5490914,0.041512854,2,-1.0,False,27
-0.50638753,0.042703863,2,-1.0,False,27
-0.46281272,0.043574836,2,-1.0,False,27
-0.41869125,0.044121463,2,-1.0,False,27
-0.37434366,0.04434758,2,-1.0,False,27
-0.33007848,0.0442652,2,-1.0,False,27
-0.2861845,0.043893967,2,-1.0,False,27
-0.24292436,0.043260135,2,-1.0,False,27
-0.20052922,0.042395156,2,-1.0,False,27
-0.15919515,0.04133406,2,-1.0,False,27
-0.119081356,0.04011379,2,-1.0,False,27
-0.08030973,0.038771633,2,-1.0,False,27
-0.04296589,0.03734384,2,-1.0,False,27
-0.007101309,0.03586458,2,-1.0,False,27
0.027263837,0.034365147,2,-1.0,False,27
0.060137343,0.032873504,2,-1.0,False,27
0.09155142,0.03141408,2,-1.0,False,27
0.1215592,0.030007781,2,-1.0,False,27
0.15023139,0.028672185,2,-1.0,False,27
0.17765321,0.027421823,2,-1.0,False,27
0.20392177,0.026268555,2,-1.0,False,27
0.22914374,0.025221966,2,-1.0,False,27
0.2534335,0.02428977,2,-1.0,False,27
0.2769117,0.023478197,2,-1.0,False,27
0.29970407,0.022792365,2,-1.0,False,27
0.32194066,0.022236602,2,-1.0,False,27
0.34375542,0.021814749,2,-1.0,False,27
0.36528584,0.021530418,2,-1.0,False,27
0.38667303,0.021387206,2,-1.0,False,27
0.40806195,0.021388901,2,-1.0,False,27
0.42960155,0.021539623,2,-1.0,False,27
0.45144552,0.02184395,2,-1.0,False,27
0.47375253,0.022307016,2,-1.0,False,27
0.49668708,0.022934562,2,-1.0,True,27
-0.523853,0.0,0,-1.0,False,28
-0.52485114,-0.000998093,0,-1.0,False,28
-0.52683985,-0.0019887006,0,-1.0,False,28
-0.5298042,-0.002964393,0,-1.0,False,28
-0.53372204,-0.0039178547,0,-1.0,False,28
-0.538564,-0.004841942,0,-1.0,False,28
-0.54429376,-0.00572974,0,-1.0,False,28
-0.5508684,-0.0065746275,0,-1.0,False,28
-0.55823874,-0.0073703337,0,-1.0,False,28
-0.56634974,-0.008111001,0,-1.0,False,28
-0.57514095,-0.008791247,0,-1.0,False,28
-0.58454716,-0.00940622,0,-1.0,False,28
-0.5944988,-0.009951649,0,-1.0,False,28
-0.6049227,-0.0104239,0,-1.0,False,28
-0.61574274,-0.010820002,0,-1.0,False,28
-0.6268804,-0.01113769,0,-1.0,False,28
-0.63825583,-0.011375413,0,-1.0,False,28
-0.6497882,-0.011532343,0,-1.0,False,28
-0.66139656,-0.011608367,0,-1.0,False,28
-0.67300063,-0.011604069,0,-1.0,False,28
-0.6845213,-0.011520696,0,-1.0,False,28
-0.6958814,-0.011360115,0,-1.0,False,28
-0.7070062,-0.01112476,0,-1.0,False,28
-0.71782374,-0.010817568,0,-1.0,False,28
-0.7282657,-0.01044192,0,-1.0,False,28
-0.73826724,-0.010001564,0,-1.0,False,28
-0.7477678,-0.009500556,0,-1.0,False,28
-0.756711,-0.008943183,0,-1.0,False,28
-0.76504487,-0.008333907,0,-1.0,False,28
-0.7727222,-0.007677308,0,-1.0,False,28
-0.7797002,-0.006978027,0,-1.0,False,28
-0.78594095,-0.006240735,0,-1.0,False,28
-0.79141104,-0.0054700915,0,-1.0,False,28
-0.7960818,-0.0046707257,0,-1.0,False,28
-0.79992896,-0.003847218,0,-1.0,False,28
-0.8029331,-0.0030040934,0,-1.0,False,28
-0.8050789,-0.0021458217,0,-1.0,False,28
-0.8063557,-0.0012768229,0,-1.0,False,28
-0.8067572,-0.00040147768,0,-1.0,False,28
-0.8062813,0.00047585735,0,-1.0,False,28
-0.8049305,0.0013508336,0,-1.0,False,28
-0.8027114,0.0022190933,2,-1.0,False,28
-0.7976352,0.0050762524,2,-1.0,False,28
-0.78972745,0.00790771,2,-1.0,False,28
-0.7790292,0.010698287,2,-1.0,False,28
-0.7655972,0.013431957,2,-1.0,False,28
-0.7495056,0.016091658,2,-1.0,False,28
-0.73084635,0.018659204,2,-1.0,False,28
-0.70973104,0.021115335,2,-1.0,False,28
-0.6862911,0.023439903,2,-1.0,False,28
-0.6606789,0.025612224,2,-1.0,False,28
-0.6330673,0.02761159,2,-1.0,False,28
-0.6036494,0.029417926,2,-1.0,False,28
-0.57263684,0.031012552,2,-1.0,False,28
-0.5402578,0.032379013,1,-1.0,False,28
-0.5077539,0.032503903,1,-1.0,False,28
-0.4753688,0.03238511,0,-1.0,False,28
-0.44434416,0.031024646,2,-1.0,False,28
-0.41290835,0.03143582,2,-1.0,False,28
-0.38128752,0.031620815,2,-1.0,False,28
-0.3497019,0.03158561,2,-1.0,False,28
-0.31836215,0.031339746,2,-1.0,False,28
-0.28746626,0.0308959,2,-1.0,False,28
-0.2571969,0.030269356,2,-1.0,False,28
-0.22771955,0.02947735,2,-1.0,False,28
-0.19918115,0.028538393,2,-1.0,False,28
-0.17170957,0.027471593,2,-1.0,False,28
-0.14541355,0.02629602,1,-1.0,False,28
-0.12138339,0.024030153,0,-1.0,False,28
-0.1006893,0.020694086,0,-1.0,False,28
-0.083382025,0.017307278,0,-1.0,False,28
-0.06949694,0.013885087,0,-1.0,False,28
-0.05905771,0.010439226,0,-1.0,False,28
-0.05207935,0.006978362,0,-1.0,False,28
-0.048570536,0.0035088127,0,-1.0,False,28
-0.04853523,3.5305682e-05,1,-1.0,False,28
-0.05097347,-0.0024382398,2,-1.0,False,28
-0.054882538,-0.003909066,2,-1.0,False,28
-0.060257792,-0.0053752563,2,-1.0,False,28
-0.067092314,-0.0068345186,2,-1.0,False,28
-0.07537636,-0.008284049,2,-1.0,False,28
-0.08509676,-0.009720403,2,-1.0,False,28
-0.09623614,-0.011139378,2,-1.0,False,28
-0.10877205,-0.012535909,0,-1.0,False,28
-0.124676034,-0.015903983,0,-1.0,False,28
-0.14390717,-0.01923114,0,-1.0,False,28
-0.16640893,-0.022501757,0,-1.0,False,28
-0.19210558,-0.02569664,0,-1.0,False,28
-0.2208984,-0.028792828,0,-1.0,False,28
-0.25266206,-0.031763673,0,-1.0,False,28
-0.2872413,-0.034579225,0,-1.0,False,28
-0.32444835,-0.037207052,0,-1.0,False,28
-0.36406174,-0.039613392,2,-1.0,False,28
-0.4038265,-0.039764762,2,-1.0,False,28
-0.44347036,-0.039643846,2,-1.0,False,28
-0.48270938,-0.03923904,2,-1.0,False,28
-0.52125436,-0.03854494,2,-1.0,False,28
-0.55881685,-0.037562523,2,-1.0,False,28
-0.5951157,-0.036298882,0,-1.0,False,28
-0.63188237,-0.036766607,0,-1.0,False,28
-0.668851,-0.03696869,0,-1.0,False,28
-0.7057645,-0.03691345,0,-1.0,False,28
-0.7423787,-0.036614206,0,-1.0,False,28
-0.77846736,-0.036088653,0,-1.0,False,28
-0.81382537,-0.03535802,0,-1.0,False,28
-0.8482715,-0.0344461,0,-1.0,False,28
-0.8816497,-0.033378225,0,-1.0,False,28
-0.91383,-0.03218026,0,-1.0,False,28
-0.94470763,-0.030877708,0,-1.0,False,28
-0.97420263,-0.02949495,0,-1.0,False,28
-1.0022572,-0.028054655,0,-1.0,False,28
-1.0288346,-0.02657734,0,-1.0,False,28
-1.0539157,-0.025081133,2,-1.0,False,28
-1.0754974,-0.021581642,0,-1.0,False,28
-1.0955881,-0.020090647,0,-1.0,False,28
-1.114205,-0.018616943,0,-1.0,False,28
-1.1313722,-0.017167285,0,-1.0,False,28
-1.1471188,-0.015746573,0,-1.0,False,28
-1.1614769,-0.014358059,0,-1.0,False,28
-1.1744804,-0.013003547,0,-1.0,False,28
-1.186164,-0.011683604,0,-1.0,False,28
-1.1965618,-0.010397731,0,-1.0,False,28
-1.2,0.0,2,-1.0,False,28
-1.1967582,0.003241896,2,-1.0,False,28
-1.1902636,0.0064944453,2,-1.0,False,28
-1.180496,0.009767694,2,-1.0,False,28
-1.1674255,0.013070449,2,-1.0,False,28
-1.1510159,0.016409589,2,-1.0,False,28
-1.1312267,0.01978931,2,-1.0,False,28
-1.1080164,0.023210295,2,-1.0,False,28
-1.0813475,0.026668796,2,-1.0,False,28
-1.0511918,0.030155689,2,-1.0,False,28
-1.0175363,0.03365551,2,-1.0,False,28
-0.9803907,0.03714562,2,-1.0,False,28
-0.93979514,0.040595576,2,-1.0,False,28
-0.8958282,0.043966923,2,-1.0,False,28
-0.84861463,0.047213554,2,-1.0,False,28
-0.7983318,0.050282877,2,-1.0,False,28
-0.74521387,0.053117886,2,-1.0,False,28
-0.6895537,0.05566023,2,-1.0,False,28
-0.63169956,0.057854105,2,-1.0,False,28
-0.57204884,0.059650723,2,-1.0,False,28
-0.51103604,0.061012823,2,-1.0,False,28
-0.4491174,0.061918624,2,-1.0,False,28
-0.38675275,0.06236465,2,-1.0,False,28
-0.32438585,0.06236689,2,-1.0,False,28
-0.2624257,0.061960164,2,-1.0,False,28
-0.20122996,0.06119572,2,-1.0,False,28
-0.14109236,0.060137603,2,-1.0,False,28
-0.08223413,0.058858234,2,-1.0,False,28
-0.0248002,0.057433926,2,-1.0,False,28
0.031140642,0.055940844,2,-1.0,False,28
0.08559239,0.054451745,2,-1.0,False,28
0.1386261,0.05303371,2,-1.0,False,28
0.1903729,0.051746808,2,-1.0,False,28
0.24101646,0.050643563,2,-1.0,False,28
0.29078555,0.049769085,2,-1.0,False,28
0.33994707,0.049161527,2,-1.0,False,28
0.38879985,0.048852775,2,-1.0,False,28
0.43766898,0.048869114,2,-1.0,False,28
0.48690072,0.049231753,2,-1.0,True,28
-0.54931724,0.0,0,-1.0,False,29
-0.5501246,-0.00080730265,0,-1.0,False,29
-0.55173314,-0.0016085692,0,-1.0,False,29
-0.554131,-0.002397812,0,-1.0,False,29
-0.5573001,-0.0031691405,0,-1.0,False,29
-0.5612169,-0.003916811,0,-1.0,False,29
-0.56585217,-0.004635274,0,-1.0,False,29
-0.5711714,-0.0053192214,0,-1.0,False,29
-0.577135,-0.0059636366,0,-1.0,False,29
-0.58369887,-0.0065638386,0,-1.0,False,29
-0.5908144,-0.007115526,0,-1.0,False,29
-0.5984292,-0.0076148184,0,-1.0,False,29
-0.6064875,-0.008058292,0,-1.0,False,29
-0.6149305,-0.008443014,0,-1.0,False,29
-0.6236971,-0.008766565,0,-1.0,False,29
-0.63272417,-0.009027059,0,-1.0,False,29
-0.6419473,-0.00922316,0,-1.0,False,29
-0.6513014,-0.009354077,0,-1.0,False,29
-0.66072094,-0.009419566,0,-1.0,False,29
-0.67014086,-0.00941991,0,-1.0,False,29
-0.67949677,-0.009355907,0,-1.0,False,29
-0.6887256,-0.009228834,0,-1.0,False,29
-0.697766,-0.009040418,0,-1.0,False,29
-0.7065588,-0.008792794,0,-1.0,False,29
-0.7150473,-0.008488463,0,-1.0,False,29
-0.72317755,-0.0081302505,0,-1.0,False,29
-0.7308988,-0.0077212527,0,-1.0,False,29
-0.7381636,-0.0072648013,0,-1.0,False,29
-0.744928,-0.0067644147,0,-1.0,False,29
-0.75115174,-0.006223759,0,-1.0,False,29
-0.7567984,-0.0056466134,0,-1.0,False,29
-0.7618352,-0.0050368365,0,-1.0,False,29
-0.76623356,-0.0043983418,0,-1.0,False,29
-0.7699686,-0.0037350757,0,-1.0,False,29
-0.7730196,-0.0030510004,0,-1.0,False,29
-0.7753697,-0.0023500843,0,-1.0,False,29
-0.777006,-0.0016362933,0,-1.0,False,29
-0.7779196,-0.00091358804,0,-1.0,False,29
-0.7781055,-0.00018592378,0,-1.0,False,29
-0.77756274,0.0005427481,0,-1.0,False,29
-0.7762943,0.0012684771,0,-1.0,False,29
-0.77430695,0.0019873101,2,-1.0,False,29
-0.76961166,0.0046952893,2,-1.0,False,29
-0.76223433,0.007377385,2,-1.0,False,29
-0.75221616,0.010018139,2,-1.0,False,29
-0.73961467,0.0126014715,2,-1.0,False,29
-0.7245041,0.015110549,2,-1.0,False,29
-0.7069764,0.017527753,2,-1.0,False,29
-0.68714166,0.019834755,2,-1.0,False,29
-0.66512895,0.022012707,2,-1.0,False,29
-0.64108634,0.024042575,2,-1.0,False,29
-0.61518073,0.025905602,2,-1.0,False,29
-0.5875969,0.027583856,2,-1.0,False,29
-0.558536,0.0290609,2,-1.0,False,29
-0.52821356,0.03032245,1,-1.0,False,29
-0.4978565,0.03035706,1,-1.0,False,29
-0.46769232,0.030164184,0,-1.0,False,29
-0.43894544,0.028746847,2,-1.0,False,29
-0.4098267,0.02911875,2,-1.0,False,29
-0.38054478,0.029281931,2,-1.0,False,29
-0.3513031,0.029241659,2,-1.0,False,29
-0.3222969,0.029006219,2,-1.0,False,29
-0.29371032,0.028586565,2,-1.0,False,29
-0.26571447,0.027995868,2,-1.0,False,29
-0.23846547,0.027248984,2,-1.0,False,29
-0.21210358,0.026361901,2,-1.0,False,29
-0.18675241,0.025351167,2,-1.0,False,29
-0.16251904,0.024233371,1,-1.0,False,29
-0.14049436,0.02202467,0,-1.0,False,29
-0.121750906,0.018743463,0,-1.0,False,29
-0.106342524,0.01540838,0,-1.0,False,29
-0.094308,0.012034527,0,-1.0,False,29
-0.08567408,0.008633919,0,-1.0,False,29
-0.08045804,0.005216041,0,-1.0,False,29
-0.078669526,0.0017885151,0,-1.0,False,29
-0.08031171,-0.0016421824,2,-1.0,False,29
-0.083381675,-0.0030699705,2,-1.0,False,29
-0.08787384,-0.004492162,2,-1.0,False,29
-0.09377963,-0.0059057935,2,-1.0,False,29
-0.10108714,-0.007307505,2,-1.0,False,29
-0.10978056,-0.008693424,2,-1.0,False,29
-0.11983962,-0.010059062,2,-1.0,False,29
-0.13123885,-0.011399228,2,-1.0,False,29
-0.1439468,-0.012707952,0,-1.0,False,29
-0.15992525,-0.015978444,0,-1.0,False,29
-0.17912143,-0.01919619,0,-1.0,False,29
-0.20146528,-0.022343842,0,-1.0,False,29
-0.22686623,-0.025400957,0,-1.0,False,29
-0.2552102,-0.028343948,0,-1.0,False,29
-0.2863565,-0.03114631,0,-1.0,False,29
-0.32013565,-0.033779167,0,-1.0,False,29
-0.3563478,-0.03621213,0,-1.0,False,29
-0.39476234,-0.03841454,0,-1.0,False,29
-0.43511927,-0.040356934,2,-1.0,False,29
-0.47513205,-0.040012766,2,-1.0,False,29
-0.514507,-0.03937499,2,-1.0,False,29
-0.5529502,-0.038443167,2,-1.0,False,29
-0.5901735,-0.037223317,0,-1.0,False,29
-0.62790084,-0.03772732,0,-1.0,False,29
-0.66585857,-0.037957754,0,-1.0,False,29
-0.7037815,-0.037922904,0,-1.0,False,29
-0.7414179,-0.037636388,0,-1.0,False,29
-0.7785344,-0.03711655,0,-1.0,False,29
-0.81491995,-0.036385555,0,-1.0,False,29
-0.85038835,-0.03546836,0,-1.0,False,29
-0.88477993,-0.0343916,0,-1.0,False,29
-0.9179625,-0.033182546,0,-1.0,False,29
-0.9498306,-0.031868096,0,-1.0,False,29
-0.9803046,-0.030473996,0,-1.0,False,29
-1.0093287,-0.029024167,0,-1.0,False,29
-1.036869,-0.027540283,0,-1.0,False,29
-1.0629106,-0.026041484,2,-1.0,False,29
-1.0854548,-0.02254426,0,-1.0,False,29
-1.1065155,-0.021060707,0,-1.0,False,29
-1.1261157,-0.019600186,0,-1.0,False,29
-1.1442856,-0.018169926,0,-1.0,False,29
-1.1610608,-0.016775222,0,-1.0,False,29
-1.1764805,-0.015419664,0,-1.0,False,29
-1.1905859,-0.014105353,0,-1.0,False,29
-1.2,0.0,2,-1.0,False,29
-1.1967582,0.003241896,2,-1.0,False,29
-1.1902636,0.0064944453,2,-1.0,False,29
-1.180496,0.009767694,2,-1.0,False,29
-1.1674255,0.013070449,2,-1.0,False,29
-1.1510159,0.016409589,2,-1.0,False,29
-1.1312267,0.01978931,2,-1.0,False,29
-1.1080164,0.023210295,2,-1.0,False,29
-1.0813475,0.026668796,2,-1.0,False,29
-1.0511918,0.030155689,2,-1.0,False,29
-1.0175363,0.03365551,2,-1.0,False,29
-0.9803907,0.03714562,2,-1.0,False,29
-0.93979514,0.040595576,2,-1.0,False,29
-0.8958282,0.043966923,2,-1.0,False,29
-0.84861463,0.047213554,2,-1.0,False,29
-0.7983318,0.050282877,2,-1.0,False,29
-0.74521387,0.053117886,2,-1.0,False,29
-0.6895537,0.05566023,2,-1.0,False,29
-0.63169956,0.057854105,2,-1.0,False,29
-0.57204884,0.059650723,2,-1.0,False,29
-0.51103604,0.061012823,2,-1.0,False,29
-0.4491174,0.061918624,2,-1.0,False,29
-0.38675275,0.06236465,2,-1.0,False,29
-0.32438585,0.06236689,2,-1.0,False,29
-0.2624257,0.061960164,2,-1.0,False,29
-0.20122996,0.06119572,2,-1.0,False,29
-0.14109236,0.060137603,2,-1.0,False,29
-0.08223413,0.058858234,2,-1.0,False,29
-0.0248002,0.057433926,2,-1.0,False,29
0.031140642,0.055940844,2,-1.0,False,29
0.08559239,0.054451745,2,-1.0,False,29
0.1386261,0.05303371,2,-1.0,False,29
0.1903729,0.051746808,2,-1.0,False,29
0.24101646,0.050643563,2,-1.0,False,29
0.29078555,0.049769085,2,-1.0,False,29
0.33994707,0.049161527,2,-1.0,False,29
0.38879985,0.048852775,2,-1.0,False,29
0.43766898,0.048869114,2,-1.0,False,29
0.48690072,0.049231753,2,-1.0,True,29
-0.43243265,0.0,0,-1.0,False,30
-0.4341079,-0.0016752535,0,-1.0,False,30
-0.4374463,-0.0033384012,0,-1.0,False,30
-0.44242367,-0.004977375,0,-1.0,False,30
-0.44900388,-0.0065801884,0,-1.0,False,30
-0.45713887,-0.008134992,0,-1.0,False,30
-0.466769,-0.0096301455,0,-1.0,False,30
-0.47782332,-0.011054307,0,-1.0,False,30
-0.49021986,-0.012396545,0,-1.0,False,30
-0.5038663,-0.0136464685,0,-1.0,False,30
-0.5186607,-0.014794376,0,-1.0,False,30
-0.53449214,-0.015831409,0,-1.0,False,30
-0.5512418,-0.016749725,0,-1.0,False,30
-0.5687845,-0.01754264,0,-1.0,False,30
-0.5869893,-0.018204782,0,-1.0,False,30
-0.6057215,-0.018732214,0,-1.0,False,30
-0.62484396,-0.019122507,0,-1.0,False,30
-0.6442188,-0.01937479,0,-1.0,False,30
-0.6637085,-0.019489754,0,-1.0,False,30
-0.6831781,-0.0194696,0,-1.0,False,30
-0.70249605,-0.019317951,0,-1.0,False,30
-0.7215358,-0.019039713,0,-1.0,False,30
-0.7401767,-0.018640904,0,-1.0,False,30
-0.75830513,-0.018128468,0,-1.0,False,30
-0.77581525,-0.01751006,0,-1.0,False,30
-0.79260904,-0.016793838,0,-1.0,False,30
-0.8085973,-0.015988246,0,-1.0,False,30
-0.8236991,-0.015101826,0,-1.0,False,30
-0.83784217,-0.014143041,0,-1.0,False,30
-0.8509623,-0.013120128,0,-1.0,False,30
-0.86300325,-0.012040977,0,-1.0,False,30
-0.8739163,-0.010913048,0,-1.0,False,30
-0.88365966,-0.009743306,0,-1.0,False,30
-0.89219785,-0.008538197,0,-1.0,False,30
-0.89950144,-0.0073036416,2,-1.0,False,30
-0.9035465,-0.0040450618,2,-1.0,False,30
-0.9043202,-0.0007736418,2,-1.0,False,30
-0.90182,0.002500196,2,-1.0,False,30
-0.8960538,0.005766176,2,-1.0,False,30
-0.88704026,0.009013549,2,-1.0,False,30
-0.87480974,0.012230492,2,-1.0,False,30
-0.85940623,0.015403555,2,-1.0,False,30
-0.840889,0.0185172,2,-1.0,False,30
-0.8193356,0.021553455,2,-1.0,False,30
-0.7948438,0.024491739,2,-1.0,False,30
-0.7675349,0.027308881,2,-1.0,False,30
-0.7375555,0.02997942,2,-1.0,False,30
-0.7050794,0.032476157,2,-1.0,False,30
-0.67030835,0.03477101,2,-1.0,False,30
-0.6334722,0.03683615,2,-1.0,False,30
-0.5948268,0.038645357,2,-1.0,False,30
-0.5546513,0.040175512,2,-1.0,False,30
-0.51324326,0.04140807,2,-1.0,False,30
-0.47091284,0.042330418,2,-1.0,False,30
-0.42797592,0.042936914,2,-1.0,False,30
-0.38474637,0.04322954,2,-1.0,False,30
-0.3415284,0.043218,2,-1.0,False,30
-0.29860902,0.04291937,2,-1.0,False,30
-0.2562518,0.042357188,2,-1.0,False,30
-0.21469158,0.041560244,2,-1.0,False,30
-0.17413047,0.040561106,2,-1.0,False,30
-0.13473593,0.039394535,2,-1.0,False,30
-0.09663993,0.038096,2,-1.0,False,30
-0.0599396,0.03670033,2,-1.0,False,30
-0.02469896,0.035240643,2,-1.0,False,30
0.009048541,0.0337475,2,-1.0,False,30
0.041296963,0.032248423,2,-1.0,False,30
0.07206455,0.030767584,2,-1.0,False,30
0.10139033,0.029325781,2,-1.0,False,30
0.12933087,0.027940543,2,-1.0,False,30
0.15595724,0.026626367,2,-1.0,False,30
0.18135229,0.025395041,2,-1.0,False,30
0.20560828,0.024256002,2,-1.0,False,30
0.22882499,0.023216704,2,-1.0,False,30
0.251108,0.022282992,2,-1.0,False,30
0.27256742,0.021459443,2,-1.0,False,30
0.2933171,0.020749696,2,-1.0,False,30
0.31347385,0.020156724,2,-1.0,False,30
0.33315694,0.019683104,2,-1.0,False,30
0.3524882,0.019331235,2,-1.0,False,30
0.37159172,0.01910353,2,-1.0,False,30
0.3905943,0.019002581,2,-1.0,False,30
0.4096256,0.019031309,2,-1.0,False,30
0.42881867,0.019193068,2,-1.0,False,30
0.44831043,0.019491756,2,-1.0,False,30
0.46824232,0.019931883,2,-1.0,False,30
0.48876092,0.020518616,2,-1.0,True,30
-0.5014728,0.0,0,-1.0,False,31
-0.5026386,-0.0011658233,0,-1.0,False,31
-0.5049615,-0.002322921,0,-1.0,False,31
-0.50842416,-0.0034626278,0,-1.0,False,31
-0.51300055,-0.0045763985,0,-1.0,False,31
-0.51865643,-0.0056558717,0,-1.0,False,31
-0.5253493,-0.006692938,0,-1.0,False,31
-0.53302914,-0.007679809,0,-1.0,False,31
-0.54163826,-0.008609091,0,-1.0,False,31
-0.5511121,-0.00947386,0,-1.0,False,31
-0.56137985,-0.010267745,0,-1.0,False,31
-0.57236487,-0.010984994,0,-1.0,False,31
-0.5839854,-0.011620551,0,-1.0,False,31
-0.5961555,-0.012170125,0,-1.0,False,31
-0.60878575,-0.012630236,0,-1.0,False,31
-0.62178403,-0.012998265,0,-1.0,False,31
-0.6350565,-0.013272479,0,-1.0,False,31
-0.64850855,-0.013452036,0,-1.0,False,31
-0.66204554,-0.013536984,0,-1.0,False,31
-0.67557377,-0.0135282315,0,-1.0,False,31
-0.68900126,-0.013427499,0,-1.0,False,31
-0.7022385,-0.013237265,0,-1.0,False,31
-0.7151992,-0.012960685,0,-1.0,False,31
-0.7278007,-0.012601515,0,-1.0,False,31
-0.7399647,-0.0121640125,0,-1.0,False,31
-0.75161755,-0.011652842,0,-1.0,False,31
-0.76269054,-0.011072988,0,-1.0,False,31
-0.7731202,-0.010429652,0,-1.0,False,31
-0.7828484,-0.009728184,0,-1.0,False,31
-0.7918224,-0.008973991,0,-1.0,False,31
-0.7999949,-0.008172484,0,-1.0,False,31
-0.8073239,-0.0073290262,0,-1.0,False,31
-0.8137728,-0.0064488873,0,-1.0,False,31
-0.81931,-0.0055372235,0,-1.0,False,31
-0.82390904,-0.0045990627,0,-1.0,False,31
-0.8275484,-0.0036392994,0,-1.0,False,31
-0.83021104,-0.002662707,0,-1.0,False,31
-0.83188504,-0.0016739498,0,-1.0,False,31
-0.8325626,-0.00067761046,0,-1.0,False,31
-0.8322408,0.0003217839,0,-1.0,False,31
-0.8309211,0.0013197286,0,-1.0,False,31
-0.8286094,0.002311708,2,-1.0,False,31
-0.8233163,0.005293163,2,-1.0,False,31
-0.8150661,0.008250162,2,-1.0,False,31
-0.80389804,0.011168063,2,-1.0,False,31
-0.78986686,0.014031167,2,-1.0,False,31
-0.7730444,0.016822474,2,-1.0,False,31
-0.75352085,0.019523526,2,-1.0,False,31
-0.73140645,0.022114418,2,-1.0,False,31
-0.70683247,0.024573963,2,-1.0,False,31
-0.67995244,0.026880043,2,-1.0,False,31
-0.65094227,0.029010165,2,-1.0,False,31
-0.62000006,0.03094218,2,-1.0,False,31
-0.58734494,0.032655153,2,-1.0,False,31
-0.5532146,0.03413034,2,-1.0,False,31
-0.51786244,0.035352167,2,-1.0,False,31
-0.4815533,0.036309145,2,-1.0,False,31
-0.44455865,0.03699464,2,-1.0,False,31
-0.40715128,0.03740738,2,-1.0,False,31
-0.36959958,0.03755168,2,-1.0,False,31
-0.33216226,0.037437335,2,-1.0,False,31
-0.29508305,0.037079196,2,-1.0,False,31
-0.25858662,0.036496457,2,-1.0,False,31
-0.22287486,0.03571173,2,-1.0,False,31
-0.18812482,0.034750044,2,-1.0,False,31
-0.15448709,0.033637736,2,-1.0,False,31
-0.12208562,0.03240146,2,-1.0,False,31
-0.09101835,0.031067275,2,-1.0,False,31
-0.061358456,0.029659895,1,-1.0,False,31
-0.034156326,0.027202131,0,-1.0,False,31
-0.010441081,0.023715245,0,-1.0,False,31
0.00977539,0.02021647,0,-1.0,False,31
0.026492935,0.016717546,0,-1.0,False,31
0.039718375,0.013225437,0,-1.0,False,31
0.049461536,0.009743164,0,-1.0,False,31
0.055732172,0.006270636,0,-1.0,False,31
0.05853767,0.002805498,1,-1.0,False,31
0.05888162,0.00034394898,1,-1.0,False,31
0.056764472,-0.0021171481,1,-1.0,False,31
0.052183487,-0.0045809858,2,-1.0,False,31
0.04613307,-0.0060504135,2,-1.0,False,31
0.038606565,-0.0075265085,2,-1.0,False,31
0.029596806,-0.00900976,2,-1.0,False,31
0.019096894,-0.010499911,2,-1.0,False,31
0.007101084,-0.01199581,2,-1.0,False,31
-0.0063941586,-0.013495242,2,-1.0,False,31
-0.02138894,-0.014994782,2,-1.0,False,31
-0.037878577,-0.016489638,0,-1.0,False,31
-0.057852093,-0.019973513,0,-1.0,False,31
-0.08128805,-0.023435956,0,-1.0,False,31
-0.108150035,-0.026861986,0,-1.0,False,31
-0.13838159,-0.030231552,0,-1.0,False,31
-0.17190078,-0.033519197,0,-1.0,False,31
-0.20859484,-0.036694065,0,-1.0,False,31
-0.24831517,-0.039720323,2,-1.0,False,31
-0.2888733,-0.040558133,2,-1.0,False,31
-0.33004996,-0.04117665,2,-1.0,False,31
-0.371598,-0.041548062,2,-1.0,False,31
-0.413247,-0.04164897,2,-1.0,False,31
-0.45470855,-0.041461572,2,-1.0,False,31
-0.49568313,-0.040974576,2,-1.0,False,31
-0.53586686,-0.0401837,2,-1.0,False,31
-0.57495856,-0.03909171,0,-1.0,False,31
-0.6146666,-0.039708033,0,-1.0,False,31
-0.65470004,-0.04003349,0,-1.0,False,31
-0.69477546,-0.040075384,0,-1.0,False,31
-0.7346227,-0.039847247,0,-1.0,False,31
-0.77399087,-0.03936819,0,-1.0,False,31
-0.8126528,-0.038661942,0,-1.0,False,31
-0.85040855,-0.0377557,0,-1.0,False,31
-0.8870874,-0.036678858,0,-1.0,False,31
-0.9225491,-0.035461754,0,-1.0,False,31
-0.9566837,-0.034134522,0,-1.0,False,31
-0.9894098,-0.032726124,0,-1.0,False,31
-1.0206734,-0.031263597,0,-1.0,False,31
-1.0504448,-0.029771509,2,-1.0,False,31
-1.0767165,-0.026271628,2,-1.0,False,31
-1.0994979,-0.022781424,2,-1.0,False,31
-1.11881,-0.019312134,0,-1.0,False,31
-1.1366796,-0.017869607,0,-1.0,False,31
-1.1531389,-0.016459147,0,-1.0,False,31
-1.1682231,-0.015084351,0,-1.0,False,31
-1.1819705,-0.013747331,0,-1.0,False,31
-1.1944194,-0.012448904,0,-1.0,False,31
-1.2,0.0,2,-1.0,False,31
-1.1967582,0.003241896,2,-1.0,False,31
-1.1902636,0.0064944453,2,-1.0,False,31
-1.180496,0.009767694,2,-1.0,False,31
-1.1674255,0.013070449,2,-1.0,False,31
-1.1510159,0.016409589,2,-1.0,False,31
-1.1312267,0.01978931,2,-1.0,False,31
-1.1080164,0.023210295,2,-1.0,False,31
-1.0813475,0.026668796,2,-1.0,False,31
-1.0511918,0.030155689,2,-1.0,False,31
-1.0175363,0.03365551,2,-1.0,False,31
-0.9803907,0.03714562,2,-1.0,False,31
-0.93979514,0.040595576,2,-1.0,False,31
-0.8958282,0.043966923,2,-1.0,False,31
-0.84861463,0.047213554,2,-1.0,False,31
-0.7983318,0.050282877,2,-1.0,False,31
-0.74521387,0.053117886,2,-1.0,False,31
-0.6895537,0.05566023,2,-1.0,False,31
-0.63169956,0.057854105,2,-1.0,False,31
-0.57204884,0.059650723,2,-1.0,False,31
-0.51103604,0.061012823,2,-1.0,False,31
-0.4491174,0.061918624,2,-1.0,False,31
-0.38675275,0.06236465,2,-1.0,False,31
-0.32438585,0.06236689,2,-1.0,False,31
-0.2624257,0.061960164,2,-1.0,False,31
-0.20122996,0.06119572,2,-1.0,False,31
-0.14109236,0.060137603,2,-1.0,False,31
-0.08223413,0.058858234,2,-1.0,False,31
-0.0248002,0.057433926,2,-1.0,False,31
0.031140642,0.055940844,2,-1.0,False,31
0.08559239,0.054451745,2,-1.0,False,31
0.1386261,0.05303371,2,-1.0,False,31
0.1903729,0.051746808,2,-1.0,False,31
0.24101646,0.050643563,2,-1.0,False,31
0.29078555,0.049769085,2,-1.0,False,31
0.33994707,0.049161527,2,-1.0,False,31
0.38879985,0.048852775,2,-1.0,False,31
0.43766898,0.048869114,2,-1.0,False,31
0.48690072,0.049231753,2,-1.0,True,31
-0.42112434,0.0,0,-1.0,False,32
-0.42288086,-0.0017565093,0,-1.0,False,32
-0.42638132,-0.003500452,0,-1.0,False,32
-0.4316006,-0.00521929,0,-1.0,False,32
-0.43850115,-0.00690055,0,-1.0,False,32
-0.44703302,-0.008531872,0,-1.0,False,32
-0.4571341,-0.010101079,0,-1.0,False,32
-0.46873036,-0.011596267,0,-1.0,False,32
-0.4817363,-0.013005924,0,-1.0,False,32
-0.49605536,-0.014319069,0,-1.0,False,32
-0.51158077,-0.015525409,0,-1.0,False,32
-0.5281963,-0.016615525,0,-1.0,False,32
-0.5457773,-0.017581044,0,-1.0,False,32
-0.5641922,-0.018414829,0,-1.0,False,32
-0.5833033,-0.01911113,0,-1.0,False,32
-0.60296905,-0.019665737,0,-1.0,False,32
-0.6230451,-0.020076068,0,-1.0,False,32
-0.64338636,-0.020341236,0,-1.0,False,32
-0.6638484,-0.020462042,0,-1.0,False,32
-0.68428934,-0.020440932,0,-1.0,False,32
-0.7045712,-0.020281892,0,-1.0,False,32
-0.7245615,-0.019990303,0,-1.0,False,32
-0.74413425,-0.019572742,0,-1.0,False,32
-0.763171,-0.01903678,0,-1.0,False,32
-0.78156173,-0.018390732,0,-1.0,False,32
-0.7992052,-0.017643427,0,-1.0,False,32
-0.81600916,-0.016803974,0,-1.0,False,32
-0.8318907,-0.015881544,0,-1.0,False,32
-0.8467759,-0.01488518,0,-1.0,False,32
-0.8605995,-0.013823628,0,-1.0,False,32
-0.8733047,-0.012705217,0,-1.0,False,32
-0.8848425,-0.011537757,0,-1.0,False,32
-0.895171,-0.010328482,0,-1.0,False,32
-0.904255,-0.009084016,2,-1.0,False,32
-0.91006535,-0.005810382,2,-1.0,False,32
-0.91258436,-0.0025189738,2,-1.0,False,32
-0.91180444,0.00077992363,2,-1.0,False,32
-0.9077279,0.0040765163,2,-1.0,False,32
-0.900367,0.0073608574,2,-1.0,False,32
-0.8897448,0.010622214,2,-1.0,False,32
-0.8758964,0.0138484575,2,-1.0,False,32
-0.8588708,0.017025538,2,-1.0,False,32
-0.8387338,0.020137036,2,-1.0,False,32
-0.81556994,0.023163872,2,-1.0,False,32
-0.78948575,0.026084194,2,-1.0,False,32
-0.76061225,0.028873505,2,-1.0,False,32
-0.72910714,0.03150506,2,-1.0,False,32
-0.6951566,0.03395057,2,-1.0,False,32
-0.6589754,0.036181197,2,-1.0,False,32
-0.6208066,0.03816884,2,-1.0,False,32
-0.58091897,0.039887607,2,-1.0,False,32
-0.5396036,0.04131539,2,-1.0,False,32
-0.49716818,0.04243538,2,-1.0,False,32
-0.45393082,0.043237362,2,-1.0,False,32
-0.41021216,0.043718647,2,-1.0,False,32
-0.3663276,0.043884553,2,-1.0,False,32
-0.32257932,0.043748297,2,-1.0,False,32
-0.27924892,0.043330386,2,-1.0,False,32
-0.2365914,0.04265754,2,-1.0,False,32
-0.19483013,0.041761268,2,-1.0,False,32
-0.15415385,0.040676285,2,-1.0,False,32
-0.11471496,0.039438892,2,-1.0,False,32
-0.076629475,0.03808548,2,-1.0,False,32
-0.039978225,0.03665125,2,-1.0,False,32
-0.0048090173,0.03516921,2,-1.0,False,32
0.028860452,0.033669468,2,-1.0,False,32
0.061039288,0.032178834,2,-1.0,False,32
0.09175992,0.030720633,2,-1.0,False,32
0.12107468,0.02931476,2,-1.0,False,32
0.14905255,0.027977869,2,-1.0,False,32
0.17577621,0.02672367,2,-1.0,False,32
0.2013395,0.025563283,2,-1.0,False,32
0.22584513,0.024505634,2,-1.0,False,32
0.24940297,0.023557832,2,-1.0,False,32
0.27212852,0.022725562,2,-1.0,False,32
0.29414195,0.022013413,2,-1.0,False,32
0.31556717,0.021425214,2,-1.0,False,32
0.33653146,0.020964306,2,-1.0,False,32
0.35716525,0.020633796,2,-1.0,False,32
0.377602,0.020436767,2,-1.0,False,32
0.39797848,0.020376466,2,-1.0,False,32
0.41843495,0.020456458,2,-1.0,False,32
0.4391157,0.020680748,2,-1.0,False,32
0.46016958,0.021053888,2,-1.0,False,32
0.4817506,0.021581033,2,-1.0,True,32
-0.55734164,0.0,0,-1.0,False,33
-0.558089,-0.00074736035,0,-1.0,False,33
-0.5595782,-0.0014891447,0,-1.0,False,33
-0.561798,-0.002219823,0,-1.0,False,33
-0.56473196,-0.0029339555,0,-1.0,False,33
-0.5683582,-0.003626239,0,-1.0,False,33
-0.5726497,-0.0042915517,0,-1.0,False,33
-0.57757473,-0.0049249954,0,-1.0,False,33
-0.5830967,-0.0055219424,0,-1.0,False,33
-0.58917475,-0.006078074,0,-1.0,False,33
-0.59576416,-0.0065894206,0,-1.0,False,33
-0.6028166,-0.0070523983,0,-1.0,False,33
-0.6102804,-0.0074638417,0,-1.0,False,33
-0.6181014,-0.007821032,0,-1.0,False,33
-0.62622315,-0.008121719,0,-1.0,False,33
-0.6345873,-0.008364137,0,-1.0,False,33
-0.6431343,-0.008547019,0,-1.0,False,33
-0.6518039,-0.008669595,0,-1.0,False,33
-0.6605355,-0.008731588,0,-1.0,False,33
-0.6692687,-0.008733207,0,-1.0,False,33
-0.6779438,-0.008675127,0,-1.0,False,33
-0.6865023,-0.008558462,0,-1.0,False,33
-0.69488704,-0.008384744,0,-1.0,False,33
-0.7030429,-0.008155877,0,-1.0,False,33
-0.71091706,-0.007874114,0,-1.0,False,33
-0.71845907,-0.007542011,0,-1.0,False,33
-0.7256214,-0.0071623866,0,-1.0,False,33
-0.7323597,-0.006738286,0,-1.0,False,33
-0.7386327,-0.006272943,0,-1.0,False,33
-0.7444024,-0.005769744,0,-1.0,False,33
-0.7496346,-0.005232195,0,-1.0,False,33
-0.7542985,-0.004663894,0,-1.0,False,33
-0.758367,-0.0040685073,0,-1.0,False,33
-0.76181674,-0.003449747,0,-1.0,False,33
-0.7646281,-0.002811357,0,-1.0,False,33
-0.7667852,-0.0021570993,0,-1.0,False,33
-0.768276,-0.0014907463,0,-1.0,False,33
-0.769092,-0.00081607536,0,-1.0,False,33
-0.7692289,-0.00013686498,0,-1.0,False,33
-0.76868576,0.0005431057,0,-1.0,False,33
-0.7674657,0.0012200576,0,-1.0,False,33
-0.7655755,0.0018902118,2,-1.0,False,33
-0.7610257,0.00454979,2,-1.0,False,33
-0.75384206,0.0071836947,2,-1.0,False,33
-0.7440656,0.009776444,2,-1.0,False,33
-0.7317536,0.012312001,2,-1.0,False,33
-0.7169799,0.0147736585,2,-1.0,False,33
-0.6998359,0.017144017,2,-1.0,False,33
-0.6804308,0.01940507,2,-1.0,False,33
-0.65889245,0.021538392,2,-1.0,False,33
-0.635367,0.023525463,2,-1.0,False,33
-0.61001885,0.025348105,2,-1.0,False,33
-0.58302987,0.026989019,2,-1.0,False,33
-0.55459744,0.028432395,2,-1.0,False,33
-0.5249329,0.02966455,1,-1.0,False,33
-0.49525836,0.029674556,1,-1.0,False,33
-0.4657961,0.02946226,0,-1.0,False,33
-0.43776518,0.028030908,2,-1.0,False,33
-0.40937096,0.028394246,2,-1.0,False,33
-0.38081673,0.028554207,2,-1.0,False,33
-0.35230094,0.02851579,2,-1.0,False,33
-0.3240141,0.028286861,2,-1.0,False,33
-0.29613626,0.027877826,2,-1.0,False,33
-0.26883504,0.027301207,2,-1.0,False,33
-0.24226391,0.026571143,2,-1.0,False,33
-0.21656103,0.02570287,2,-1.0,False,33
-0.19184886,0.024712179,2,-1.0,False,33
-0.16823392,0.023614943,1,-1.0,False,33
-0.14680727,0.021426646,0,-1.0,False,33
-0.12864205,0.018165216,0,-1.0,False,33
-0.11379296,0.01484909,0,-1.0,False,33
-0.10229961,0.011493356,0,-1.0,False,33
-0.09418944,0.008110168,0,-1.0,False,33
-0.08948013,0.0047093118,0,-1.0,False,33
-0.08818128,0.0012988474,0,-1.0,False,33
-0.090295464,-0.0021141823,2,-1.0,False,33
-0.093818486,-0.0035230175,2,-1.0,False,33
-0.09874313,-0.004924648,2,-1.0,False,33
-0.105058886,-0.006315758,2,-1.0,False,33
-0.1127515,-0.0076926122,2,-1.0,False,33
-0.12180245,-0.00905095,2,-1.0,False,33
-0.13218835,-0.010385896,2,-1.0,False,33
-0.14388023,-0.0116918795,2,-1.0,False,33
-0.15684281,-0.012962581,0,-1.0,False,33
-0.17303371,-0.016190903,0,-1.0,False,33
-0.19239527,-0.019361567,0,-1.0,False,33
-0.21485184,-0.02245657,0,-1.0,False,33
-0.24030684,-0.025454987,0,-1.0,False,33
-0.2686398,-0.028332984,0,-1.0,False,33
-0.29970393,-0.031064104,0,-1.0,False,33
-0.33332378,-0.03361987,0,-1.0,False,33
-0.36929446,-0.035970684,0,-1.0,False,33
-0.40738153,-0.038087074,0,-1.0,False,33
-0.4473227,-0.03994115,2,-1.0,False,33
-0.48683095,-0.039508242,2,-1.0,False,33
-0.5256144,-0.038783442,2,-1.0,False,33
-0.5633827,-0.037768327,2,-1.0,False,33
-0.59985334,-0.036470655,0,-1.0,False,33
-0.6367571,-0.03690372,0,-1.0,False,33
-0.6738283,-0.03707124,0,-1.0,False,33
-0.7108106,-0.036982276,0,-1.0,False,33
-0.74746144,-0.036650848,0,-1.0,False,33
-0.7835567,-0.036095273,0,-1.0,False,33
-0.818894,-0.0353373,0,-1.0,False,33
-0.85329515,-0.03440111,0,-1.0,False,33
-0.8866074,-0.033312295,0,-1.0,False,33
-0.9187043,-0.032096855,0,-1.0,False,33
-0.9494846,-0.03078031,0,-1.0,False,33
-0.9788715,-0.029386956,0,-1.0,False,33
-1.0068108,-0.027939294,0,-1.0,False,33
-1.0332685,-0.02645762,0,-1.0,False,33
-1.0582283,-0.024959803,2,-1.0,False,33
-1.0796894,-0.021461172,0,-1.0,False,33
-1.0996624,-0.019973038,0,-1.0,False,33
-1.1181664,-0.018503942,0,-1.0,False,33
-1.1352268,-0.01706039,0,-1.0,False,33
-1.1508739,-0.015647061,0,-1.0,False,33
-1.1651409,-0.014267013,0,-1.0,False,33
-1.1780628,-0.012921882,0,-1.0,False,33
-1.1896749,-0.011612085,0,-1.0,False,33
-1.2,0.0,2,-1.0,False,33
-1.1967582,0.003241896,2,-1.0,False,33
-1.1902636,0.0064944453,2,-1.0,False,33
-1.180496,0.009767694,2,-1.0,False,33
-1.1674255,0.013070449,2,-1.0,False,33
-1.1510159,0.016409589,2,-1.0,False,33
-1.1312267,0.01978931,2,-1.0,False,33
-1.1080164,0.023210295,2,-1.0,False,33
-1.0813475,0.026668796,2,-1.0,False,33
-1.0511918,0.030155689,2,-1.0,False,33
-1.0175363,0.03365551,2,-1.0,False,33
-0.9803907,0.03714562,2,-1.0,False,33
-0.93979514,0.040595576,2,-1.0,False,33
-0.8958282,0.043966923,2,-1.0,False,33
-0.84861463,0.047213554,2,-1.0,False,33
-0.7983318,0.050282877,2,-1.0,False,33
-0.74521387,0.053117886,2,-1.0,False,33
-0.6895537,0.05566023,2,-1.0,False,33
-0.63169956,0.057854105,2,-1.0,False,33
-0.57204884,0.059650723,2,-1.0,False,33
-0.51103604,0.061012823,2,-1.0,False,33
-0.4491174,0.061918624,2,-1.0,False,33
-0.38675275,0.06236465,2,-1.0,False,33
-0.32438585,0.06236689,2,-1.0,False,33
-0.2624257,0.061960164,2,-1.0,False,33
-0.20122996,0.06119572,2,-1.0,False,33
-0.14109236,0.060137603,2,-1.0,False,33
-0.08223413,0.058858234,2,-1.0,False,33
-0.0248002,0.057433926,2,-1.0,False,33
0.031140642,0.055940844,2,-1.0,False,33
0.08559239,0.054451745,2,-1.0,False,33
0.1386261,0.05303371,2,-1.0,False,33
0.1903729,0.051746808,2,-1.0,False,33
0.24101646,0.050643563,2,-1.0,False,33
0.29078555,0.049769085,2,-1.0,False,33
0.33994707,0.049161527,2,-1.0,False,33
0.38879985,0.048852775,2,-1.0,False,33
0.43766898,0.048869114,2,-1.0,False,33
0.48690072,0.049231753,2,-1.0,True,33
-0.4387337,0.0,0,-1.0,False,34
-0.44036332,-0.0016296343,0,-1.0,False,34
-0.44361076,-0.0032474329,0,-1.0,False,34
-0.44845235,-0.004841602,0,-1.0,False,34
-0.45485282,-0.006400438,0,-1.0,False,34
-0.4627652,-0.007912385,0,-1.0,False,34
-0.4721313,-0.009366109,0,-1.0,False,34
-0.48288187,-0.010750583,0,-1.0,False,34
-0.4949371,-0.012055201,0,-1.0,False,34
-0.50820696,-0.013269899,0,-1.0,False,34
-0.5225923,-0.014385296,0,-1.0,False,34
-0.53798515,-0.0153928455,0,-1.0,False,34
-0.5542701,-0.016284982,0,-1.0,False,34
-0.57132536,-0.017055271,0,-1.0,False,34
-0.58902395,-0.017698543,0,-1.0,False,34
-0.6072349,-0.018210998,0,-1.0,False,34
-0.6258252,-0.018590288,0,-1.0,False,34
-0.6446608,-0.018835552,0,-1.0,False,34
-0.6636082,-0.018947417,0,-1.0,False,34
-0.6825361,-0.01892795,0,-1.0,False,34
-0.7013167,-0.018780578,0,-1.0,False,34
-0.71982664,-0.018509949,0,-1.0,False,34
-0.7379484,-0.018121783,0,-1.0,False,34
-0.7555711,-0.017622687,0,-1.0,False,34
-0.7725911,-0.017019963,0,-1.0,False,34
-0.7889125,-0.016321404,0,-1.0,False,34
-0.8044476,-0.015535098,0,-1.0,False,34
-0.81911683,-0.014669246,0,-1.0,False,34
-0.83284885,-0.013732,0,-1.0,False,34
-0.84558016,-0.012731318,0,-1.0,False,34
-0.857255,-0.011674853,0,-1.0,False,34
-0.86782485,-0.010569869,0,-1.0,False,34
-0.87724805,-0.009423181,0,-1.0,False,34
-0.88548917,-0.008241135,0,-1.0,False,34
-0.89251876,-0.0070295935,2,-1.0,False,34
-0.8963127,-0.0037939604,2,-1.0,False,34
-0.89685845,-0.000545737,2,-1.0,False,34
-0.8941542,0.0027042734,2,-1.0,False,34
-0.88820887,0.0059453696,2,-1.0,False,34
-0.8790425,0.009166349,2,-1.0,False,34
-0.86668754,0.012354932,2,-1.0,False,34
-0.8511903,0.015497235,2,-1.0,False,34
-0.832613,0.018577334,2,-1.0,False,34
-0.81103605,0.021576954,2,-1.0,False,34
-0.7865607,0.024475327,2,-1.0,False,34
-0.75931144,0.027249249,2,-1.0,False,34
-0.72943807,0.029873399,2,-1.0,False,34
-0.69711715,0.03232093,2,-1.0,False,34
-0.6625528,0.03456434,2,-1.0,False,34
-0.6259762,0.03657657,2,-1.0,False,34
-0.5876438,0.038332388,2,-1.0,False,34
-0.54783404,0.039809775,2,-1.0,False,34
-0.5068427,0.040991377,2,-1.0,False,34
-0.4649769,0.041865762,2,-1.0,False,34
-0.42254856,0.04242836,2,-1.0,False,34
-0.3798665,0.042682037,2,-1.0,False,34
-0.33722937,0.042637143,2,-1.0,False,34
-0.2949183,0.042311065,2,-1.0,False,34
-0.25319093,0.041727368,2,-1.0,False,34
-0.2122764,0.040914543,2,-1.0,False,34
-0.17237182,0.03990458,2,-1.0,False,34
-0.13364036,0.03873146,2,-1.0,False,34
-0.09621066,0.0374297,2,-1.0,False,34
-0.06017754,0.036033116,2,-1.0,False,34
-0.025603794,0.03457375,2,-1.0,False,34
0.0074773254,0.033081118,2,-1.0,False,34
0.039059073,0.03158175,2,-1.0,False,34
0.069157965,0.03009889,2,-1.0,False,34
0.09781047,0.028652504,2,-1.0,False,34
0.12506983,0.027259363,2,-1.0,False,34
0.15100312,0.025933284,2,-1.0,False,34
0.17568856,0.02468545,2,-1.0,False,34
0.1992133,0.023524733,2,-1.0,False,34
0.22167137,0.022458069,2,-1.0,False,34
0.24316217,0.021490797,2,-1.0,False,34
0.26378918,0.020627007,2,-1.0,False,34
0.28365898,0.019869823,2,-1.0,False,34
0.3028807,0.0192217,2,-1.0,False,34
0.32156536,0.018684657,2,-1.0,False,34
0.33982584,0.018260492,2,-1.0,False,34
0.35777682,0.017950963,2,-1.0,False,34
0.37553477,0.017757963,2,-1.0,False,34
0.39321843,0.017683642,2,-1.0,False,34
0.41094893,0.017730532,2,-1.0,False,34
0.4288506,0.01790165,2,-1.0,False,34
0.44705117,0.018200569,2,-1.0,False,34
0.46568266,0.018631494,2,-1.0,False,34
0.48488197,0.019199306,2,-1.0,True,34
-0.44281355,0.0,2,-1.0,False,35
-0.4424135,0.0004000246,2,-1.0,False,35
-0.4416164,0.00079713715,2,-1.0,False,35
-0.44042793,0.0011884493,2,-1.0,False,35
-0.4388568,0.0015711202,2,-1.0,False,35
-0.4369144,0.0019423796,2,-1.0,False,35
-0.43461487,0.00229955,2,-1.0,False,35
-0.4319748,0.0026400692,0,-1.0,False,35
-0.4310133,0.00096151006,0,-1.0,False,35
-0.43173727,-0.0007239868,0,-1.0,False,35
-0.43414155,-0.0024042602,0,-1.0,False,35
-0.4382087,-0.004067165,0,-1.0,False,35
-0.44390932,-0.0057006087,0,-1.0,False,35
-0.45120192,-0.0072926027,0,-1.0,False,35
-0.46003324,-0.00883132,0,-1.0,False,35
-0.47033843,-0.010305177,0,-1.0,False,35
-0.48204136,-0.011702932,0,-1.0,False,35
-0.49505517,-0.013013807,0,-1.0,False,35
-0.50928277,-0.014227622,0,-1.0,False,35
-0.52461773,-0.015334959,0,-1.0,False,35
-0.54094505,-0.016327318,0,-1.0,False,35
-0.55814236,-0.01719728,0,-1.0,False,35
-0.576081,-0.017938666,0,-1.0,False,35
-0.5946277,-0.018546673,0,-1.0,False,35
-0.6136457,-0.019017978,0,-1.0,False,35
-0.63299644,-0.019350812,0,-1.0,False,35
-0.65254146,-0.019544978,0,-1.0,False,35
-0.6721433,-0.019601846,0,-1.0,False,35
-0.69166756,-0.019524273,0,-1.0,False,35
-0.71098405,-0.01931649,0,-1.0,False,35
-0.729968,-0.018983962,0,-1.0,False,35
-0.7485012,-0.01853319,0,-1.0,False,35
-0.7664727,-0.017971518,0,-1.0,False,35
-0.7837796,-0.017306913,0,-1.0,False,35
-0.80032736,-0.01654775,0,-1.0,False,35
-0.81602997,-0.015702609,0,-1.0,False,35
-0.83081007,-0.014780079,0,-1.0,False,35
-0.84459865,-0.013788603,0,-1.0,False,35
-0.85733503,-0.012736333,0,-1.0,False,35
-0.86896604,-0.011631024,0,-1.0,False,35
-0.87944597,-0.010479963,0,-1.0,False,35
-0.8887359,-0.009289919,0,-1.0,False,35
-0.896803,-0.008067128,2,-1.0,False,35
-0.9016203,-0.0048172986,2,-1.0,False,35
-0.9031723,-0.0015519513,2,-1.0,False,35
-0.901454,0.0017182949,2,-1.0,False,35
-0.8964709,0.004983114,2,-1.0,False,35
-0.888239,0.008231856,2,-1.0,False,35
-0.8767861,0.011452939,2,-1.0,False,35
-0.8621528,0.014633292,2,-1.0,False,35
-0.8443949,0.017757867,2,-1.0,False,35
-0.8235857,0.020809265,2,-1.0,False,35
-0.79981816,0.023767522,2,-1.0,False,35
-0.7732081,0.026610084,2,-1.0,False,35
-0.743896,0.029312035,2,-1.0,False,35
-0.7120494,0.031846587,2,-1.0,False,35
-0.6778636,0.03418587,2,-1.0,False,35
-0.64156157,0.036301997,2,-1.0,False,35
-0.6033932,0.038168367,2,-1.0,False,35
-0.5636321,0.039761126,2,-1.0,False,35
-0.52257144,0.041060653,2,-1.0,False,35
-0.4805185,0.042052947,2,-1.0,False,35
-0.43778774,0.042730745,2,-1.0,False,35
-0.3946935,0.043094248,2,-1.0,False,35
-0.35154212,0.043151375,2,-1.0,False,35
-0.30862463,0.042917494,2,-1.0,False,35
-0.26620996,0.04241465,2,-1.0,False,35
-0.22453953,0.04167043,2,-1.0,False,35
-0.18382303,0.040716507,2,-1.0,False,35
-0.14423592,0.039587118,2,-1.0,False,35
-0.105918385,0.03831753,2,-1.0,False,35
-0.0689757,0.036942683,2,-1.0,False,35
-0.033479683,0.03549602,2,-1.0,False,35
0.00052893424,0.03400862,2,-1.0,False,35
0.033037554,0.03250862,2,-1.0,False,35
0.064058445,0.031020889,2,-1.0,False,35
0.09362535,0.029566912,2,-1.0,False,35
0.12179023,0.028164878,2,-1.0,False,35
0.14862013,0.0268299,2,-1.0,False,35
0.17419444,0.0255743,2,-1.0,False,35
0.19860241,0.02440797,2,-1.0,False,35
0.22194113,0.02333873,2,-1.0,False,35
0.24431384,0.022372708,2,-1.0,False,35
0.26582852,0.021514684,2,-1.0,False,35
0.28659695,0.020768413,2,-1.0,False,35
0.30673388,0.020136924,2,-1.0,False,35
0.32635665,0.019622775,2,-1.0,False,35
0.34558493,0.019228287,2,-1.0,False,35
0.36454067,0.018955747,2,-1.0,False,35
0.38334826,0.01880757,2,-1.0,False,35
0.4021347,0.018786453,2,-1.0,False,35
0.4210302,0.0188955,2,-1.0,False,35
0.4401685,0.019138318,2,-1.0,False,35
0.45968762,0.019519102,2,-1.0,False,35
0.4797303,0.0200427,2,-1.0,True,35
-0.51622736,0.0,0,-1.0,False,36
-0.51728266,-0.0010552809,0,-1.0,False,36
-0.51938534,-0.0021026488,0,-1.0,False,36
-0.5225196,-0.003134249,0,-1.0,False,36
-0.52666193,-0.004142343,0,-1.0,False,36
-0.53178126,-0.00511937,0,-1.0,False,36
-0.5378393,-0.0060580075,0,-1.0,False,36
-0.5447905,-0.006951236,0,-1.0,False,36
-0.5525829,-0.0077924053,0,-1.0,False,36
-0.56115824,-0.008575298,0,-1.0,False,36
-0.5704524,-0.009294198,0,-1.0,False,36
-0.58039635,-0.009943951,0,-1.0,False,36
-0.5909164,-0.010520028,0,-1.0,False,36
-0.60193497,-0.0110185705,0,-1.0,False,36
-0.61337143,-0.011436442,0,-1.0,False,36
-0.6251427,-0.011771257,0,-1.0,False,36
-0.63716406,-0.012021403,0,-1.0,False,36
-0.6493501,-0.012186045,0,-1.0,False,36
-0.66161525,-0.0122651225,0,-1.0,False,36
-0.67387456,-0.012259323,0,-1.0,False,36
-0.68604463,-0.012170047,0,-1.0,False,36
-0.69804394,-0.011999359,0,-1.0,False,36
-0.7097939,-0.01174993,0,-1.0,False,36
-0.7212189,-0.0114249615,0,-1.0,False,36
-0.732247,-0.011028123,0,-1.0,False,36
-0.7428104,-0.010563466,0,-1.0,False,36
-0.7528458,-0.010035348,0,-1.0,False,36
-0.7622942,-0.009448365,0,-1.0,False,36
-0.7711014,-0.008807272,0,-1.0,False,36
-0.7792184,-0.008116927,0,-1.0,False,36
-0.7866006,-0.0073822355,0,-1.0,False,36
-0.7932087,-0.0066081034,0,-1.0,False,36
-0.79900813,-0.005799404,0,-1.0,False,36
-0.803969,-0.004960953,0,-1.0,False,36
-0.80806655,-0.0040974924,0,-1.0,False,36
-0.81128025,-0.0032136869,0,-1.0,False,36
-0.81359434,-0.0023141236,0,-1.0,False,36
-0.8149977,-0.0014033227,0,-1.0,False,36
-0.81548345,-0.0004857518,0,-1.0,False,36
-0.8150493,0.0004341545,0,-1.0,False,36
-0.8136973,0.0013519736,0,-1.0,False,36
-0.81143403,0.0022632724,2,-1.0,False,36
-0.8062704,0.0051635853,2,-1.0,False,36
-0.79823196,0.008038508,2,-1.0,False,36
-0.78735894,0.010873009,2,-1.0,False,36
-0.7737078,0.013651144,2,-1.0,False,36
-0.75735193,0.016355839,2,-1.0,False,36
-0.7383832,0.01896879,2,-1.0,False,36
-0.7169127,0.021470495,2,-1.0,False,36
-0.69307226,0.023840431,2,-1.0,False,36
-0.6670148,0.026057426,2,-1.0,False,36
-0.63891464,0.028100166,2,-1.0,False,36
-0.60896677,0.029947888,2,-1.0,False,36
-0.5773856,0.03158117,2,-1.0,False,36
-0.5444028,0.032982826,1,-1.0,False,36
-0.511264,0.033138752,1,-1.0,False,36
-0.47821775,0.033046264,0,-1.0,False,36
-0.4465108,0.031706955,2,-1.0,False,36
-0.41437685,0.032133937,2,-1.0,False,36
-0.3820475,0.03232935,2,-1.0,False,36
-0.34974816,0.032299336,2,-1.0,False,36
-0.3176944,0.032053772,2,-1.0,False,36
-0.28608856,0.03160584,2,-1.0,False,36
-0.2551171,0.030971464,2,-1.0,False,36
-0.22494847,0.030168615,2,-1.0,False,36
-0.19573186,0.029216608,2,-1.0,False,36
-0.16759649,0.028135363,2,-1.0,False,36
-0.14065173,0.026944758,1,-1.0,False,36
-0.1159877,0.024664033,0,-1.0,False,36
-0.09467384,0.021313861,0,-1.0,False,36
-0.07675982,0.01791402,0,-1.0,False,36
-0.06227981,0.014480013,0,-1.0,False,36
-0.051256284,0.011023522,0,-1.0,False,36
-0.043703265,0.0075530205,0,-1.0,False,36
-0.03962879,0.004074477,0,-1.0,False,36
-0.039036665,0.00059212366,1,-1.0,False,36
-0.040927418,-0.0018907525,2,-1.0,False,36
-0.04429935,-0.0033719318,2,-1.0,False,36
-0.049149238,-0.004849887,2,-1.0,False,36
-0.055471998,-0.00632276,2,-1.0,False,36
-0.06326022,-0.0077882223,2,-1.0,False,36
-0.07250355,-0.0092433365,2,-1.0,False,36
-0.08318798,-0.010684431,2,-1.0,False,36
-0.09529497,-0.012106981,0,-1.0,False,36
-0.110800475,-0.015505512,0,-1.0,False,36
-0.12966914,-0.018868666,0,-1.0,False,36
-0.15185103,-0.02218188,0,-1.0,False,36
-0.17727795,-0.025426926,0,-1.0,False,36
-0.20585957,-0.028581621,0,-1.0,False,36
-0.2374794,-0.03161983,0,-1.0,False,36
-0.27199116,-0.034511756,0,-1.0,False,36
-0.3092158,-0.037224654,0,-1.0,False,36
-0.34893975,-0.039723948,2,-1.0,False,36
-0.38891453,-0.039974768,2,-1.0,False,36
-0.42887217,-0.03995764,2,-1.0,False,36
-0.4685307,-0.039658565,2,-1.0,False,36
-0.5076004,-0.039069697,2,-1.0,False,36
-0.5457901,-0.03818964,2,-1.0,False,36
-0.5828134,-0.03702333,0,-1.0,False,36
-0.62039495,-0.03758155,0,-1.0,False,36
-0.6582607,-0.03786574,0,-1.0,False,36
-0.6961437,-0.037883025,0,-1.0,False,36
-0.7337897,-0.03764596,0,-1.0,False,36
-0.7709616,-0.03717194,0,-1.0,False,36
-0.807444,-0.036482368,0,-1.0,False,36
-0.8430456,-0.035601635,0,-1.0,False,36
-0.8776016,-0.03455604,0,-1.0,False,36
-0.9109743,-0.0333727,0,-1.0,False,36
-0.9430529,-0.032078575,0,-1.0,False,36
-0.9737525,-0.030699603,0,-1.0,False,36
-1.0030125,-0.029260043,0,-1.0,False,36
-1.0307945,-0.027781973,0,-1.0,False,36
-1.0570796,-0.026285,2,-1.0,False,36
-1.0798656,-0.022786098,0,-1.0,False,36
-1.1011637,-0.021298096,0,-1.0,False,36
-1.1209946,-0.019830788,0,-1.0,False,36
-1.1393863,-0.018391805,0,-1.0,False,36
-1.1563731,-0.016986808,0,-1.0,False,36
-1.1719928,-0.015619705,0,-1.0,False,36
-1.1862857,-0.014292875,0,-1.0,False,36
-1.1992931,-0.013007373,0,-1.0,False,36
-1.2,0.0,2,-1.0,False,36
-1.1967582,0.003241896,2,-1.0,False,36
-1.1902636,0.0064944453,2,-1.0,False,36
-1.180496,0.009767694,2,-1.0,False,36
-1.1674255,0.013070449,2,-1.0,False,36
-1.1510159,0.016409589,2,-1.0,False,36
-1.1312267,0.01978931,2,-1.0,False,36
-1.1080164,0.023210295,2,-1.0,False,36
-1.0813475,0.026668796,2,-1.0,False,36
-1.0511918,0.030155689,2,-1.0,False,36
-1.0175363,0.03365551,2,-1.0,False,36
-0.9803907,0.03714562,2,-1.0,False,36
-0.93979514,0.040595576,2,-1.0,False,36
-0.8958282,0.043966923,2,-1.0,False,36
-0.84861463,0.047213554,2,-1.0,False,36
-0.7983318,0.050282877,2,-1.0,False,36
-0.74521387,0.053117886,2,-1.0,False,36
-0.6895537,0.05566023,2,-1.0,False,36
-0.63169956,0.057854105,2,-1.0,False,36
-0.57204884,0.059650723,2,-1.0,False,36
-0.51103604,0.061012823,2,-1.0,False,36
-0.4491174,0.061918624,2,-1.0,False,36
-0.38675275,0.06236465,2,-1.0,False,36
-0.32438585,0.06236689,2,-1.0,False,36
-0.2624257,0.061960164,2,-1.0,False,36
-0.20122996,0.06119572,2,-1.0,False,36
-0.14109236,0.060137603,2,-1.0,False,36
-0.08223413,0.058858234,2,-1.0,False,36
-0.0248002,0.057433926,2,-1.0,False,36
0.031140642,0.055940844,2,-1.0,False,36
0.08559239,0.054451745,2,-1.0,False,36
0.1386261,0.05303371,2,-1.0,False,36
0.1903729,0.051746808,2,-1.0,False,36
0.24101646,0.050643563,2,-1.0,False,36
0.29078555,0.049769085,2,-1.0,False,36
0.33994707,0.049161527,2,-1.0,False,36
0.38879985,0.048852775,2,-1.0,False,36
0.43766898,0.048869114,2,-1.0,False,36
0.48690072,0.049231753,2,-1.0,True,36
-0.41607952,0.0,0,-1.0,False,37
-0.417872,-0.0017924836,0,-1.0,False,37
-0.4214442,-0.0035722055,0,-1.0,False,37
-0.42677063,-0.005326428,0,-1.0,False,37
-0.4338131,-0.007042469,0,-1.0,False,37
-0.44252086,-0.008707748,0,-1.0,False,37
-0.4528307,-0.0103098545,0,-1.0,False,37
-0.46466735,-0.011836637,0,-1.0,False,37
-0.47794366,-0.013276324,0,-1.0,False,37
-0.49256134,-0.0146176675,0,-1.0,False,37
-0.50841147,-0.015850112,0,-1.0,False,37
-0.5253754,-0.016963977,0,-1.0,False,37
-0.5433261,-0.017950652,0,-1.0,False,37
-0.56212884,-0.018802784,0,-1.0,False,37
-0.58164334,-0.01951445,0,-1.0,False,37
-0.6017246,-0.020081313,0,-1.0,False,37
-0.62222534,-0.02050072,0,-1.0,False,37
-0.6429971,-0.020771766,0,-1.0,False,37
-0.66389245,-0.020895306,0,-1.0,False,37
-0.6847663,-0.020873893,0,-1.0,False,37
-0.705478,-0.020711686,0,-1.0,False,37
-0.7258923,-0.020414278,0,-1.0,False,37
-0.7458808,-0.019988509,0,-1.0,False,37
-0.76532304,-0.01944223,0,-1.0,False,37
-0.7841071,-0.01878407,0,-1.0,False,37
-0.8021302,-0.018023163,0,-1.0,False,37
-0.81929916,-0.017168924,0,-1.0,False,37
-0.83553,-0.016230814,0,-1.0,False,37
-0.8507481,-0.01521814,0,-1.0,False,37
-0.864888,-0.014139881,0,-1.0,False,37
-0.87789255,-0.013004567,0,-1.0,False,37
-0.88971275,-0.011820165,0,-1.0,False,37
-0.90030676,-0.010594031,2,-1.0,False,37
-0.9076396,-0.007332868,2,-1.0,False,37
-0.91168845,-0.0040487954,2,-1.0,False,37
-0.91244096,-0.00075254677,2,-1.0,False,37
-0.90989506,0.002545928,2,-1.0,False,37
-0.9040582,0.005836825,2,-1.0,False,37
-0.89494836,0.009109845,2,-1.0,False,37
-0.8825948,0.012353575,2,-1.0,False,37
-0.8670399,0.0155549105,2,-1.0,False,37
-0.84834135,0.018698573,2,-1.0,False,37
-0.82657456,0.021766745,2,-1.0,False,37
-0.8018357,0.024738858,2,-1.0,False,37
-0.7742441,0.027591612,2,-1.0,False,37
-0.7439449,0.030299248,2,-1.0,False,37
-0.7111108,0.03283409,2,-1.0,False,37
-0.6759434,0.035167422,2,-1.0,False,37
-0.6386727,0.037270643,2,-1.0,False,37
-0.599556,0.03911666,2,-1.0,False,37
-0.5588746,0.040681418,2,-1.0,False,37
-0.51692915,0.041945495,2,-1.0,False,37
-0.47403365,0.042895474,2,-1.0,False,37
-0.43050855,0.043525107,2,-1.0,False,37
-0.3866726,0.043835968,2,-1.0,False,37
-0.34283492,0.04383766,2,-1.0,False,37
-0.29928753,0.04354741,2,-1.0,False,37
-0.2562983,0.0429892,2,-1.0,False,37
-0.21410581,0.042192504,2,-1.0,False,37
-0.17291507,0.04119073,2,-1.0,False,37
-0.13289545,0.040019624,2,-1.0,False,37
-0.09417976,0.038715698,2,-1.0,False,37
-0.056864936,0.03731482,2,-1.0,False,37
-0.021013828,0.03585111,2,-1.0,False,37
0.013342248,0.034356076,2,-1.0,False,37
0.046200328,0.032858077,2,-1.0,False,37
0.07758238,0.031382054,2,-1.0,False,37
0.10753184,0.029949462,2,-1.0,False,37
0.13611026,0.028578423,2,-1.0,False,37
0.16339423,0.02728396,2,-1.0,False,37
0.18947257,0.026078343,2,-1.0,False,37
0.21444403,0.024971459,2,-1.0,False,37
0.23841523,0.023971204,2,-1.0,False,37
0.2614991,0.023083875,2,-1.0,False,37
0.28381363,0.022314515,2,-1.0,False,37
0.3054809,0.021667266,2,-1.0,False,37
0.32662654,0.02114565,2,-1.0,False,37
0.3473794,0.020752843,2,-1.0,False,37
0.36787128,0.020491906,2,-1.0,False,37
0.38823727,0.020365974,2,-1.0,False,37
0.40861568,0.020378435,2,-1.0,False,37
0.42914876,0.020533063,2,-1.0,False,37
0.44998288,0.02083413,2,-1.0,False,37
0.47126937,0.021286488,2,-1.0,False,37
0.493165,0.021895627,2,-1.0,True,37
-0.45270175,0.0,2,-1.0,False,38
-0.45222947,0.00047227214,2,-1.0,False,38
-0.45128837,0.0009410826,2,-1.0,False,38
-0.44988537,0.0014029982,2,-1.0,False,38
-0.44803074,0.0018546428,2,-1.0,False,38
-0.44573802,0.0022927248,2,-1.0,False,38
-0.44302395,0.0027140647,2,-1.0,False,38
-0.43990833,0.0031156214,2,-1.0,False,38
-0.43641382,0.0034945167,2,-1.0,False,38
-0.43256575,0.0038480596,2,-1.0,False,38
-0.428392,0.0041737673,0,-1.0,False,38
-0.4259226,0.0024693853,0,-1.0,False,38
-0.42517534,0.0007472529,0,-1.0,False,38
-0.4261556,-0.0009802432,0,-1.0,False,38
-0.42885628,-0.0027007025,0,-1.0,False,38
-0.43325803,-0.0044017425,0,-1.0,False,38
-0.43932906,-0.006071034,0,-1.0,False,38
-0.44702542,-0.007696346,0,-1.0,False,38
-0.45629102,-0.009265608,0,-1.0,False,38
-0.467058,-0.010766993,0,-1.0,False,38
-0.47924703,-0.012189018,0,-1.0,False,38
-0.49276772,-0.013520676,0,-1.0,False,38
-0.5075193,-0.014751579,0,-1.0,False,38
-0.5233914,-0.015872128,0,-1.0,False,38
-0.5402651,-0.016873684,0,-1.0,False,38
-0.55801386,-0.017748738,0,-1.0,False,38
-0.57650495,-0.018491084,0,-1.0,False,38
-0.59560084,-0.019095952,0,-1.0,False,38
-0.615161,-0.019560125,0,-1.0,False,38
-0.635043,-0.019882012,0,-1.0,False,38
-0.6551047,-0.020061664,0,-1.0,False,38
-0.6752054,-0.020100757,0,-1.0,False,38
-0.69520795,-0.020002505,0,-1.0,False,38
-0.71497947,-0.019771544,0,-1.0,False,38
-0.73439324,-0.019413758,0,-1.0,False,38
-0.75332934,-0.018936085,0,-1.0,False,38
-0.77167565,-0.0183463,0,-1.0,False,38
-0.7893284,-0.017652785,0,-1.0,False,38
-0.8061927,-0.0168643,0,-1.0,False,38
-0.8221825,-0.015989764,0,-1.0,False,38
-0.83722055,-0.015038067,0,-1.0,False,38
-0.8512384,-0.014017896,0,-1.0,False,38
-0.86417603,-0.012937596,0,-1.0,False,38
-0.8759811,-0.011805064,0,-1.0,False,38
-0.8866088,-0.010627671,0,-1.0,False,38
-0.896021,-0.009412226,0,-1.0,False,38
-0.90418595,-0.008164961,2,-1.0,False,38
-0.90907747,-0.0048915413,2,-1.0,False,38
-0.9106806,-0.001603106,2,-1.0,False,38
-0.90899044,0.0016901434,2,-1.0,False,38
-0.90401214,0.004978316,2,-1.0,False,38
-0.89576095,0.008251192,2,-1.0,False,38
-0.88426334,0.011497603,2,-1.0,False,38
-0.8695585,0.014704842,2,-1.0,False,38
-0.85170037,0.017858164,2,-1.0,False,38
-0.83075994,0.020940382,2,-1.0,False,38
-0.8068283,0.023931632,2,-1.0,False,38
-0.780019,0.026809318,2,-1.0,False,38
-0.7504707,0.029548328,2,-1.0,False,38
-0.71834916,0.03212151,2,-1.0,False,38
-0.68384874,0.034500446,2,-1.0,False,38
-0.6471922,0.036656555,2,-1.0,False,38
-0.60862976,0.038562413,2,-1.0,False,38
-0.5684365,0.040193252,2,-1.0,False,38
-0.526908,0.04152852,2,-1.0,False,38
-0.48435465,0.04255334,2,-1.0,False,38
-0.44109496,0.043259688,2,-1.0,False,38
-0.39744774,0.043647207,2,-1.0,False,38
-0.35372424,0.043723498,2,-1.0,False,38
-0.31022036,0.043503877,2,-1.0,False,38
-0.26720974,0.04301062,2,-1.0,False,38
-0.22493798,0.042271774,2,-1.0,False,38
-0.18361826,0.041319717,2,-1.0,False,38
-0.14342874,0.040189523,2,-1.0,False,38
-0.10451133,0.038917407,2,-1.0,False,38
-0.06697205,0.037539285,2,-1.0,False,38
-0.030882472,0.036089573,2,-1.0,False,38
0.0037178232,0.034600295,2,-1.0,False,38
0.036818273,0.033100452,2,-1.0,False,38
0.06843396,0.031615686,2,-1.0,False,38
0.098602146,0.030168187,2,-1.0,False,38
0.12737891,0.028776769,2,-1.0,False,38
0.15483601,0.027457094,2,-1.0,False,38
0.18105799,0.026221989,2,-1.0,False,38
0.2061398,0.025081808,2,-1.0,False,38
0.23018461,0.024044817,2,-1.0,False,38
0.25330222,0.023117585,2,-1.0,False,38
0.27560753,0.022305334,2,-1.0,False,38
0.29721984,0.02161229,2,-1.0,False,38
0.3182618,0.021041987,2,-1.0,False,38
0.33885935,0.020597527,2,-1.0,False,38
0.35914117,0.02028183,2,-1.0,False,38
0.379239,0.020097831,2,-1.0,False,38
0.39928767,0.020048663,2,-1.0,False,38
0.41942546,0.02013779,2,-1.0,False,38
0.4397946,0.020369148,2,-1.0,False,38
0.4605418,0.020747216,2,-1.0,False,38
0.4818189,0.021277105,2,-1.0,True,38
-0.51317734,0.0,0,-1.0,False,39
-0.51425546,-0.001078148,0,-1.0,False,39
-0.5164037,-0.0021482136,0,-1.0,False,39
-0.5196059,-0.0032021722,0,-1.0,False,39
-0.523838,-0.0042321184,0,-1.0,False,39
-0.5290683,-0.0052303243,0,-1.0,False,39
-0.53525764,-0.0061893044,0,-1.0,False,39
-0.54235953,-0.007101881,0,-1.0,False,39
-0.55032074,-0.00796125,0,-1.0,False,39
-0.5590818,-0.008761049,0,-1.0,False,39
-0.56857723,-0.009495429,0,-1.0,False,39
-0.57873636,-0.010159113,0,-1.0,False,39
-0.5894838,-0.010747465,0,-1.0,False,39
-0.6007404,-0.011256538,0,-1.0,False,39
-0.6124235,-0.011683127,0,-1.0,False,39
-0.6244483,-0.012024798,0,-1.0,False,39
-0.63672817,-0.012279913,0,-1.0,False,39
-0.6491758,-0.0124476375,0,-1.0,False,39
-0.66170377,-0.012527931,0,-1.0,False,39
-0.6742253,-0.012521523,0,-1.0,False,39
-0.68665516,-0.01242988,0,-1.0,False,39
-0.6989103,-0.012255149,0,-1.0,False,39
-0.7109104,-0.012000095,0,-1.0,False,39
-0.7225784,-0.011668034,0,-1.0,False,39
-0.7338412,-0.01126275,0,-1.0,False,39
-0.7446296,-0.010788419,0,-1.0,False,39
-0.7548791,-0.010249527,0,-1.0,False,39
-0.76452994,-0.00965079,0,-1.0,False,39
-0.773527,-0.008997085,0,-1.0,False,39
-0.7818204,-0.008293381,0,-1.0,False,39
-0.78936505,-0.00754469,0,-1.0,False,39
-0.79612106,-0.0067560105,0,-1.0,False,39
-0.8020534,-0.0059323013,0,-1.0,False,39
-0.8071318,-0.0050784494,0,-1.0,False,39
-0.8113311,-0.0041992604,0,-1.0,False,39
-0.81463057,-0.0032994489,0,-1.0,False,39
-0.8170142,-0.0023836459,0,-1.0,False,39
-0.8184706,-0.0014564065,0,-1.0,False,39
-0.81899285,-0.000522228,0,-1.0,False,39
-0.8185784,0.00041442973,0,-1.0,False,39
-0.8172293,0.0013491204,0,-1.0,False,39
-0.8149519,0.0022773868,2,-1.0,False,39
-0.8097572,0.0051947376,2,-1.0,False,39
-0.8016703,0.008086855,2,-1.0,False,39
-0.79073155,0.010938778,2,-1.0,False,39
-0.7769969,0.013734601,2,-1.0,False,39
-0.76053965,0.016457258,2,-1.0,False,39
-0.74145126,0.0190884,2,-1.0,False,39
-0.71984285,0.021608436,2,-1.0,False,39
-0.69584614,0.023996705,2,-1.0,False,39
-0.6696143,0.026231831,2,-1.0,False,39
-0.641322,0.02829226,2,-1.0,False,39
-0.6111651,0.030156942,2,-1.0,False,39
-0.57935894,0.031806163,2,-1.0,False,39
-0.5461365,0.033222415,1,-1.0,False,39
-0.5127452,0.03339132,1,-1.0,False,39
-0.47943527,0.033309933,0,-1.0,False,39
-0.44745559,0.031979673,2,-1.0,False,39
-0.41504204,0.032413553,2,-1.0,False,39
-0.38242835,0.032613695,2,-1.0,False,39
-0.34984204,0.032586284,2,-1.0,False,39
-0.3175007,0.032341328,2,-1.0,False,39
-0.2856085,0.031892214,2,-1.0,False,39
-0.2543534,0.031255115,2,-1.0,False,39
-0.22390509,0.030448303,2,-1.0,False,39
-0.19441368,0.029491415,2,-1.0,False,39
-0.16600896,0.028404709,2,-1.0,False,39
-0.13880058,0.027208393,1,-1.0,False,39
-0.113878556,0.024922017,0,-1.0,False,39
-0.09231206,0.021566497,0,-1.0,False,39
-0.07415031,0.018161753,0,-1.0,False,39
-0.059426956,0.014723354,0,-1.0,False,39
-0.048163977,0.011262979,0,-1.0,False,39
-0.040374946,0.007789031,0,-1.0,False,39
-0.036067598,0.0043073473,0,-1.0,False,39
-0.03524563,0.0008219681,1,-1.0,False,39
-0.0369097,-0.0016640696,2,-1.0,False,39
-0.040058456,-0.003148759,2,-1.0,False,39
-0.044689186,-0.004630728,2,-1.0,False,39
-0.05079748,-0.0061082942,2,-1.0,False,39
-0.0583768,-0.007579321,2,-1.0,False,39
-0.06741788,-0.00904108,2,-1.0,False,39
-0.077908,-0.010490121,2,-1.0,False,39
-0.08983015,-0.011922148,2,-1.0,False,39
-0.103162065,-0.013331914,0,-1.0,False,39
-0.11987521,-0.01671314,0,-1.0,False,39
-0.13992842,-0.020053212,0,-1.0,False,39
-0.16326457,-0.023336153,0,-1.0,False,39
-0.1898068,-0.026542228,0,-1.0,False,39
-0.21945456,-0.029647762,0,-1.0,False,39
-0.2520798,-0.032625247,0,-1.0,False,39
-0.2875236,-0.0354438,0,-1.0,False,39
-0.32559362,-0.03807002,0,-1.0,False,39
-0.36606288,-0.04046925,2,-1.0,False,39
-0.40667015,-0.040607277,2,-1.0,False,39
-0.44713652,-0.040466364,2,-1.0,False,39
-0.48717135,-0.040034816,2,-1.0,False,39
-0.5264788,-0.03930748,2,-1.0,False,39
-0.5647647,-0.03828588,2,-1.0,False,39
-0.6017426,-0.03697792,0,-1.0,False,39
-0.63913983,-0.037397195,0,-1.0,False,39
-0.6766877,-0.037547886,0,-1.0,False,39
-0.71412736,-0.037439656,0,-1.0,False,39
-0.7512146,-0.037087243,0,-1.0,False,39
-0.7877243,-0.03650973,0,-1.0,False,39
-0.823454,-0.03572967,0,-1.0,False,39
-0.858226,-0.034772027,0,-1.0,False,39
-0.89188915,-0.033663124,0,-1.0,False,39
-0.92431873,-0.032429606,0,-1.0,False,39
-0.9554163,-0.031097557,0,-1.0,False,39
-0.985108,-0.029691728,0,-1.0,False,39
-1.013343,-0.028234974,0,-1.0,False,39
-1.0400909,-0.026747856,0,-1.0,False,39
-1.0653393,-0.025248423,2,-1.0,False,39
-1.0870914,-0.021752127,0,-1.0,False,39
-1.1073614,-0.020270009,0,-1.0,False,39
-1.1261721,-0.01881062,0,-1.0,False,39
-1.1435525,-0.01738046,0,-1.0,False,39
-1.1595367,-0.015984181,0,-1.0,False,39
-1.1741616,-0.014624818,0,-1.0,False,39
-1.1874655,-0.013303985,0,-1.0,False,39
-1.1994876,-0.012022083,0,-1.0,False,39
-1.2,0.0,2,-1.0,False,39
-1.1967582,0.003241896,2,-1.0,False,39
-1.1902636,0.0064944453,2,-1.0,False,39
-1.180496,0.009767694,2,-1.0,False,39
-1.1674255,0.013070449,2,-1.0,False,39
-1.1510159,0.016409589,2,-1.0,False,39
-1.1312267,0.01978931,2,-1.0,False,39
-1.1080164,0.023210295,2,-1.0,False,39
-1.0813475,0.026668796,2,-1.0,False,39
-1.0511918,0.030155689,2,-1.0,False,39
-1.0175363,0.03365551,2,-1.0,False,39
-0.9803907,0.03714562,2,-1.0,False,39
-0.93979514,0.040595576,2,-1.0,False,39
-0.8958282,0.043966923,2,-1.0,False,39
-0.84861463,0.047213554,2,-1.0,False,39
-0.7983318,0.050282877,2,-1.0,False,39
-0.74521387,0.053117886,2,-1.0,False,39
-0.6895537,0.05566023,2,-1.0,False,39
-0.63169956,0.057854105,2,-1.0,False,39
-0.57204884,0.059650723,2,-1.0,False,39
-0.51103604,0.061012823,2,-1.0,False,39
-0.4491174,0.061918624,2,-1.0,False,39
-0.38675275,0.06236465,2,-1.0,False,39
-0.32438585,0.06236689,2,-1.0,False,39
-0.2624257,0.061960164,2,-1.0,False,39
-0.20122996,0.06119572,2,-1.0,False,39
-0.14109236,0.060137603,2,-1.0,False,39
-0.08223413,0.058858234,2,-1.0,False,39
-0.0248002,0.057433926,2,-1.0,False,39
0.031140642,0.055940844,2,-1.0,False,39
0.08559239,0.054451745,2,-1.0,False,39
0.1386261,0.05303371,2,-1.0,False,39
0.1903729,0.051746808,2,-1.0,False,39
0.24101646,0.050643563,2,-1.0,False,39
0.29078555,0.049769085,2,-1.0,False,39
0.33994707,0.049161527,2,-1.0,False,39
0.38879985,0.048852775,2,-1.0,False,39
0.43766898,0.048869114,2,-1.0,False,39
0.48690072,0.049231753,2,-1.0,True,39
-0.40047225,0.0,0,-1.0,False,40
-0.40237483,-0.0019025924,0,-1.0,False,40
-0.4061667,-0.003791863,0,-1.0,False,40
-0.41182122,-0.0056544975,0,-1.0,False,40
-0.4192984,-0.007477206,0,-1.0,False,40
-0.42854518,-0.009246756,0,-1.0,False,40
-0.4394952,-0.010950036,0,-1.0,False,40
-0.45206934,-0.012574142,0,-1.0,False,40
-0.46617585,-0.014106505,0,-1.0,False,40
-0.4817109,-0.015535049,0,-1.0,False,40
-0.49855927,-0.016848382,0,-1.0,False,40
-0.5165953,-0.018036002,0,-1.0,False,40
-0.5356838,-0.019088525,0,-1.0,False,40
-0.5556817,-0.019997906,0,-1.0,False,40
-0.5764394,-0.020757657,0,-1.0,False,40
-0.5978024,-0.021363009,0,-1.0,False,40
-0.61961347,-0.021811068,0,-1.0,False,40
-0.64171433,-0.022100873,0,-1.0,False,40
-0.66394776,-0.02223343,0,-1.0,False,40
-0.6861594,-0.02221164,0,-1.0,False,40
-0.70819956,-0.022040192,0,-1.0,False,40
-0.729925,-0.021725379,0,-1.0,False,40
-0.75119984,-0.02127487,0,-1.0,False,40
-0.77189726,-0.020697445,0,-1.0,False,40
-0.7919,-0.020002706,0,-1.0,False,40
-0.8111008,-0.019200796,0,-1.0,False,40
-0.82940286,-0.01830211,0,-1.0,False,40
-0.8467199,-0.01731703,0,-1.0,False,40
-0.86297566,-0.016255716,0,-1.0,False,40
-0.87810355,-0.015127896,0,-1.0,False,40
-0.8920463,-0.013942726,0,-1.0,False,40
-0.90475494,-0.012708682,0,-1.0,False,40
-0.9161884,-0.011433491,0,-1.0,False,40
-0.9263125,-0.010124106,0,-1.0,False,40
-0.93509924,-0.00878671,0,-1.0,False,40
-0.942526,-0.0074267504,2,-1.0,False,40
-0.946575,-0.0040489975,2,-1.0,False,40
-0.947237,-0.0006620403,2,-1.0,False,40
-0.94451064,0.0027263884,2,-1.0,False,40
-0.93840194,0.0061086966,2,-1.0,False,40
-0.9289252,0.009476714,2,-1.0,False,40
-0.91610426,0.01282099,2,-1.0,False,40
-0.8999741,0.016130133,2,-1.0,False,40
-0.8805839,0.01939023,2,-1.0,False,40
-0.8579995,0.022584377,2,-1.0,False,40
-0.83230716,0.025692368,2,-1.0,False,40
-0.8036165,0.028690612,2,-1.0,False,40
-0.7720642,0.031552307,2,-1.0,False,40
-0.7378163,0.034247965,2,-1.0,False,40
-0.70106995,0.036746267,2,-1.0,False,40
-0.66205466,0.039015304,2,-1.0,False,40
-0.62103057,0.04102412,2,-1.0,False,40
-0.57828605,0.0427445,2,-1.0,False,40
-0.53413326,0.044152815,2,-1.0,False,40
-0.48890144,0.04523181,2,-1.0,False,40
-0.4429294,0.04597205,2,-1.0,False,40
-0.39655647,0.046372917,2,-1.0,False,40
-0.35011345,0.046443,2,-1.0,False,40
-0.30391365,0.04619981,2,-1.0,False,40
-0.25824475,0.045668885,2,-1.0,False,40
-0.2133624,0.04488237,2,-1.0,False,40
-0.16948514,0.04387726,2,-1.0,False,40
-0.12679163,0.042693514,2,-1.0,False,40
-0.085419424,0.041372202,2,-1.0,False,40
-0.045465585,0.03995384,2,-1.0,False,40
-0.006988526,0.03847706,2,-1.0,False,40
0.02998908,0.036977608,2,-1.0,False,40
0.0654768,0.03548772,2,-1.0,False,40
0.09951259,0.034035794,2,-1.0,False,40
0.13215896,0.032646377,2,-1.0,False,40
0.16349928,0.03134031,2,-1.0,False,40
0.19363433,0.030135062,2,-1.0,False,40
0.22267948,0.029045142,2,-1.0,False,40
0.25076202,0.028082546,2,-1.0,False,40
0.27801925,0.027257225,2,-1.0,False,40
0.30459678,0.026577536,2,-1.0,False,40
0.33064744,0.026050663,2,-1.0,False,40
0.35633045,0.025683,2,-1.0,False,40
0.38181093,0.025480479,2,-1.0,False,40
0.4072598,0.02544885,2,-1.0,False,40
0.4328537,0.025593914,2,-1.0,False,40
0.4587754,0.0259217,2,-1.0,False,40
0.48521397,0.026438585,2,-1.0,True,40
-0.5367171,0.0,0,-1.0,False,41
-0.53761876,-0.0009016377,0,-1.0,False,41
-0.5394153,-0.0017965187,0,-1.0,False,41
-0.5420932,-0.0026779394,0,-1.0,False,41
-0.54563254,-0.0035393022,0,-1.0,False,41
-0.5500067,-0.0043741693,0,-1.0,False,41
-0.555183,-0.005176317,0,-1.0,False,41
-0.56112283,-0.005939789,0,-1.0,False,41
-0.56778175,-0.006658953,0,-1.0,False,41
-0.5751103,-0.0073285503,0,-1.0,False,41
-0.58305407,-0.007943749,0,-1.0,False,41
-0.5915543,-0.008500195,0,-1.0,False,41
-0.6005483,-0.008994052,0,-1.0,False,41
-0.60997033,-0.009422043,0,-1.0,False,41
-0.6197518,-0.009781481,0,-1.0,False,41
-0.62982213,-0.010070292,0,-1.0,False,41
-0.6401092,-0.010287032,0,-1.0,False,41
-0.65054005,-0.010430889,0,-1.0,False,41
-0.66104174,-0.010501676,0,-1.0,False,41
-0.6715415,-0.010499815,0,-1.0,False,41
-0.68196785,-0.0104263155,0,-1.0,False,41
-0.6922506,-0.010282732,0,-1.0,False,41
-0.7023217,-0.010071123,0,-1.0,False,41
-0.7121157,-0.009794007,0,-1.0,False,41
-0.72157,-0.009454305,0,-1.0,False,41
-0.73062533,-0.009055283,0,-1.0,False,41
-0.7392258,-0.0086004995,0,-1.0,False,41
-0.7473196,-0.008093747,0,-1.0,False,41
-0.75485855,-0.007539006,0,-1.0,False,41
-0.7617989,-0.0069403877,0,-1.0,False,41
-0.76810104,-0.0063020983,0,-1.0,False,41
-0.77372944,-0.0056284014,0,-1.0,False,41
-0.778653,-0.0049235877,0,-1.0,False,41
-0.78284496,-0.004191952,0,-1.0,False,41
-0.7862828,-0.0034377768,0,-1.0,False,41
-0.78894806,-0.0026653246,0,-1.0,False,41
-0.7908269,-0.001878832,0,-1.0,False,41
-0.79190946,-0.0010825105,0,-1.0,False,41
-0.79218996,-0.00028055176,0,-1.0,False,41
-0.7916671,0.0005228648,0,-1.0,False,41
-0.7903435,0.0013235633,0,-1.0,False,41
-0.7882262,0.0021173616,2,-1.0,False,41
-0.78332615,0.0049000625,2,-1.0,False,41
-0.77566934,0.007656807,2,-1.0,False,41
-0.7652971,0.010372234,2,-1.0,False,41
-0.7522668,0.01303025,2,-1.0,False,41
-0.736653,0.015613875,2,-1.0,False,41
-0.71854776,0.018105185,2,-1.0,False,41
-0.6980624,0.020485364,2,-1.0,False,41
-0.6753275,0.022734914,2,-1.0,False,41
-0.6504935,0.024833988,2,-1.0,False,41
-0.62373066,0.026762877,2,-1.0,False,41
-0.595228,0.028502623,2,-1.0,False,41
-0.5651923,0.030035717,2,-1.0,False,41
-0.5338454,0.031346858,1,-1.0,False,41
-0.50242174,0.031423695,1,-1.0,False,41
-0.47115678,0.031264976,0,-1.0,False,41
-0.4412835,0.029873282,2,-1.0,False,41
-0.41102132,0.030262172,2,-1.0,False,41
-0.38058752,0.030433802,2,-1.0,False,41
-0.35019368,0.03039382,2,-1.0,False,41
-0.32004255,0.030151153,2,-1.0,False,41
-0.29032493,0.029717615,2,-1.0,False,41
-0.2612175,0.029107412,2,-1.0,False,41
-0.23288095,0.028336562,2,-1.0,False,41
-0.20545867,0.027422272,2,-1.0,False,41
-0.17907636,0.026382325,2,-1.0,False,41
-0.15384185,0.0252345,1,-1.0,False,41
-0.13084579,0.022996064,0,-1.0,False,41
-0.11115958,0.01968621,0,-1.0,False,41
-0.09483564,0.016323937,0,-1.0,False,41
-0.0819112,0.012924437,0,-1.0,False,41
-0.072411664,0.00949954,0,-1.0,False,41
-0.066353366,0.0060582967,0,-1.0,False,41
-0.0637457,0.0026076643,0,-1.0,False,41
-0.06459246,-0.00084676035,2,-1.0,False,41
-0.06689243,-0.00229997,2,-1.0,False,41
-0.07064223,-0.0037497994,2,-1.0,False,41
-0.0758361,-0.005193868,2,-1.0,False,41
-0.082465544,-0.0066294465,2,-1.0,False,41
-0.09051888,-0.00805333,2,-1.0,False,41
-0.09998059,-0.009461716,2,-1.0,False,41
-0.110830694,-0.0108501,2,-1.0,False,41
-0.12304387,-0.01221318,0,-1.0,False,41
-0.13858865,-0.015544782,0,-1.0,False,41
-0.15742046,-0.0188318,0,-1.0,False,41
-0.17947862,-0.022058155,0,-1.0,False,41
-0.20468305,-0.025204435,0,-1.0,False,41
-0.23293078,-0.028247738,0,-1.0,False,41
-0.26409256,-0.031161789,0,-1.0,False,41
-0.29800993,-0.033917353,0,-1.0,False,41
-0.33449295,-0.036483042,0,-1.0,False,41
-0.37331945,-0.03882647,0,-1.0,False,41
-0.4142352,-0.04091577,2,-1.0,False,41
-0.45495656,-0.04072136,2,-1.0,False,41
-0.4951891,-0.040232547,2,-1.0,False,41
-0.5346345,-0.03944536,2,-1.0,False,41
-0.5729971,-0.038362607,0,-1.0,False,41
-0.6119906,-0.038993474,0,-1.0,False,41
-0.6513288,-0.03933828,0,-1.0,False,41
-0.6907324,-0.039403576,0,-1.0,False,41
-0.72993433,-0.03920194,0,-1.0,False,41
-0.7686857,-0.038751375,0,-1.0,False,41
-0.80676013,-0.038074423,0,-1.0,False,41
-0.84395725,-0.037197072,0,-1.0,False,41
-0.8801048,-0.036147553,0,-1.0,False,41
-0.9150599,-0.03495513,0,-1.0,False,41
-0.9487089,-0.033649,0,-1.0,False,41
-0.9809662,-0.032257333,0,-1.0,False,41
-1.0117728,-0.030806521,0,-1.0,False,41
-1.0410933,-0.029320626,0,-1.0,False,41
-1.0689144,-0.027821045,2,-1.0,False,41
-1.0932407,-0.024326349,2,-1.0,False,41
-1.1140909,-0.020850161,0,-1.0,False,41
-1.1334913,-0.019400332,0,-1.0,False,41
-1.151475,-0.01798364,0,-1.0,False,41
-1.1680799,-0.016604975,0,-1.0,False,41
-1.1833475,-0.015267573,0,-1.0,False,41
-1.1973207,-0.013973229,0,-1.0,False,41
-1.2,0.0,2,-1.0,False,41
-1.1967582,0.003241896,2,-1.0,False,41
-1.1902636,0.0064944453,2,-1.0,False,41
-1.180496,0.009767694,2,-1.0,False,41
-1.1674255,0.013070449,2,-1.0,False,41
-1.1510159,0.016409589,2,-1.0,False,41
-1.1312267,0.01978931,2,-1.0,False,41
-1.1080164,0.023210295,2,-1.0,False,41
-1.0813475,0.026668796,2,-1.0,False,41
-1.0511918,0.030155689,2,-1.0,False,41
-1.0175363,0.03365551,2,-1.0,False,41
-0.9803907,0.03714562,2,-1.0,False,41
-0.93979514,0.040595576,2,-1.0,False,41
-0.8958282,0.043966923,2,-1.0,False,41
-0.84861463,0.047213554,2,-1.0,False,41
-0.7983318,0.050282877,2,-1.0,False,41
-0.74521387,0.053117886,2,-1.0,False,41
-0.6895537,0.05566023,2,-1.0,False,41
-0.63169956,0.057854105,2,-1.0,False,41
-0.57204884,0.059650723,2,-1.0,False,41
-0.51103604,0.061012823,2,-1.0,False,41
-0.4491174,0.061918624,2,-1.0,False,41
-0.38675275,0.06236465,2,-1.0,False,41
-0.32438585,0.06236689,2,-1.0,False,41
-0.2624257,0.061960164,2,-1.0,False,41
-0.20122996,0.06119572,2,-1.0,False,41
-0.14109236,0.060137603,2,-1.0,False,41
-0.08223413,0.058858234,2,-1.0,False,41
-0.0248002,0.057433926,2,-1.0,False,41
0.031140642,0.055940844,2,-1.0,False,41
0.08559239,0.054451745,2,-1.0,False,41
0.1386261,0.05303371,2,-1.0,False,41
0.1903729,0.051746808,2,-1.0,False,41
0.24101646,0.050643563,2,-1.0,False,41
0.29078555,0.049769085,2,-1.0,False,41
0.33994707,0.049161527,2,-1.0,False,41
0.38879985,0.048852775,2,-1.0,False,41
0.43766898,0.048869114,2,-1.0,False,41
0.48690072,0.049231753,2,-1.0,True,41
-0.45358035,0.0,2,-1.0,False,42
-0.45310163,0.0004787151,2,-1.0,False,42
-0.45214772,0.0009539193,2,-1.0,False,42
-0.4507256,0.0014221307,2,-1.0,False,42
-0.44884565,0.001879925,2,-1.0,False,42
-0.4465217,0.0023239644,2,-1.0,False,42
-0.44377068,0.002751024,2,-1.0,False,42
-0.44061264,0.0031580196,2,-1.0,False,42
-0.4370706,0.0035420333,2,-1.0,False,42
-0.4331703,0.0039003359,2,-1.0,False,42
-0.42893988,0.004230411,0,-1.0,False,42
-0.4264099,0.0025299722,0,-1.0,False,42
-0.42559856,0.00081133965,0,-1.0,False,42
-0.42651168,-0.0009131191,0,-1.0,False,42
-0.4291427,-0.0026310207,0,-1.0,False,42
-0.4334727,-0.0043299985,0,-1.0,False,42
-0.43947044,-0.0059977383,0,-1.0,False,42
-0.44709247,-0.0076220236,0,-1.0,False,42
-0.45628327,-0.009190796,0,-1.0,False,42
-0.4669755,-0.010692238,0,-1.0,False,42
-0.47909036,-0.012114873,0,-1.0,False,42
-0.49253806,-0.013447695,0,-1.0,False,42
-0.50721836,-0.014680314,0,-1.0,False,42
-0.5230215,-0.015803117,0,-1.0,False,42
-0.53982896,-0.016807446,0,-1.0,False,42
-0.5575147,-0.01768577,0,-1.0,False,42
-0.57594657,-0.018431839,0,-1.0,False,42
-0.5949874,-0.019040842,0,-1.0,False,42
-0.6144969,-0.019509511,0,-1.0,False,42
-0.6343331,-0.019836193,0,-1.0,False,42
-0.654354,-0.020020876,0,-1.0,False,42
-0.67441916,-0.02006517,0,-1.0,False,42
-0.69439137,-0.019972218,0,-1.0,False,42
-0.714138,-0.01974659,0,-1.0,False,42
-0.7335321,-0.019394107,0,-1.0,False,42
-0.7524537,-0.018921651,0,-1.0,False,42
-0.77079064,-0.01833694,0,-1.0,False,42
-0.788439,-0.017648313,0,-1.0,False,42
-0.80530345,-0.016864493,0,-1.0,False,42
-0.8212978,-0.015994377,0,-1.0,False,42
-0.83634466,-0.015046834,0,-1.0,False,42
-0.85037524,-0.01403054,0,-1.0,False,42
-0.86332905,-0.012953838,0,-1.0,False,42
-0.87515366,-0.011824627,0,-1.0,False,42
-0.88580394,-0.010650291,0,-1.0,False,42
-0.8952416,-0.0094376495,0,-1.0,False,42
-0.9034346,-0.008192951,2,-1.0,False,42
-0.9083564,-0.004921882,2,-1.0,False,42
-0.9099921,-0.0016356292,2,-1.0,False,42
-0.9083365,0.001655559,2,-1.0,False,42
-0.90339476,0.0049417512,2,-1.0,False,42
-0.8951821,0.008212696,2,-1.0,False,42
-0.88372487,0.011457197,2,-1.0,False,42
-0.8690623,0.014662538,2,-1.0,False,42
-0.8512484,0.017813966,2,-1.0,False,42
-0.83035403,0.020894308,2,-1.0,False,42
-0.80647033,0.023883713,2,-1.0,False,42
-0.7797107,0.026759626,2,-1.0,False,42
-0.75021374,0.029496975,2,-1.0,False,42
-0.7181451,0.03206866,2,-1.0,False,42
-0.6836988,0.034446318,2,-1.0,False,42
-0.64709735,0.03660143,2,-1.0,False,42
-0.6085907,0.038506623,2,-1.0,False,42
-0.56845355,0.04013718,2,-1.0,False,42
-0.52698094,0.041472577,2,-1.0,False,42
-0.484483,0.04249794,2,-1.0,False,42
-0.44127777,0.043205246,2,-1.0,False,42
-0.39768368,0.043594096,2,-1.0,False,42
-0.35401165,0.043672033,2,-1.0,False,42
-0.31055737,0.043454293,2,-1.0,False,42
-0.2675943,0.04296306,2,-1.0,False,42
-0.22536801,0.042226292,2,-1.0,False,42
-0.18409175,0.04127625,2,-1.0,False,42
-0.14394383,0.040147915,2,-1.0,False,42
-0.105066426,0.038877416,2,-1.0,False,42
-0.06756584,0.03750058,2,-1.0,False,42
-0.031514086,0.03605176,2,-1.0,False,42
0.00304884,0.034562923,2,-1.0,False,42
0.03611187,0.033063028,2,-1.0,False,42
0.06768955,0.031577684,2,-1.0,False,42
0.09781861,0.030129055,2,-1.0,False,42
0.12655453,0.02873593,2,-1.0,False,42
0.1539685,0.027413957,2,-1.0,False,42
0.18014444,0.026175944,2,-1.0,False,42
0.20517667,0.02503223,2,-1.0,False,42
0.22916773,0.023991061,2,-1.0,False,42
0.2522267,0.023058979,2,-1.0,False,42
0.2744679,0.02224118,2,-1.0,False,42
0.29600975,0.02154186,2,-1.0,False,42
0.31697425,0.020964503,2,-1.0,False,42
0.33748642,0.020512173,2,-1.0,False,42
0.35767415,0.020187732,2,-1.0,False,42
0.3776682,0.019994054,2,-1.0,False,42
0.3976024,0.019934203,2,-1.0,False,42
0.41761398,0.020011574,2,-1.0,False,42
0.437844,0.020230012,2,-1.0,False,42
0.45843792,0.020593923,2,-1.0,False,42
0.47954625,0.021108324,2,-1.0,True,42
-0.5911354,0.0,0,-1.0,False,43
-0.5916323,-0.00049693376,0,-1.0,False,43
-0.5926226,-0.0009902173,0,-1.0,False,43
-0.5940988,-0.0014762306,0,-1.0,False,43
-0.5960502,-0.0019514137,0,-1.0,False,43
-0.5984625,-0.0024122966,0,-1.0,False,43
-0.601318,-0.002855527,0,-1.0,False,43
-0.6045959,-0.0032778995,0,-1.0,False,43
-0.6082723,-0.0036763814,0,-1.0,False,43
-0.6123204,-0.0040481375,0,-1.0,False,43
-0.616711,-0.004390554,0,-1.0,False,43
-0.6214123,-0.004701259,0,-1.0,False,43
-0.6263904,-0.004978141,0,-1.0,False,43
-0.63160974,-0.005219364,0,-1.0,False,43
-0.63703316,-0.005423384,0,-1.0,False,43
-0.6426221,-0.0055889515,0,-1.0,False,43
-0.64833724,-0.0057151252,0,-1.0,False,43
-0.6541385,-0.00580127,0,-1.0,False,43
-0.65998554,-0.005847056,0,-1.0,False,43
-0.665838,-0.0058524585,0,-1.0,False,43
-0.6716558,-0.005817746,0,-1.0,False,43
-0.6773992,-0.0057434724,0,-1.0,False,43
-0.6830297,-0.005630464,0,-1.0,False,43
-0.68850946,-0.0054798033,0,-1.0,False,43
-0.6938023,-0.0052928138,0,-1.0,False,43
-0.69887334,-0.005071039,0,-1.0,False,43
-0.7036896,-0.004816225,0,-1.0,False,43
-0.7082199,-0.004530301,0,-1.0,False,43
-0.71243525,-0.0042153588,0,-1.0,False,43
-0.71630883,-0.0038736337,0,-1.0,False,43
-0.7198163,-0.003507486,0,-1.0,False,43
-0.72293574,-0.0031193837,0,-1.0,False,43
-0.7256476,-0.0027118844,0,-1.0,False,43
-0.72793525,-0.0022876228,0,-1.0,False,43
-0.72978455,-0.001849294,0,-1.0,False,43
-0.7311842,-0.0013996431,0,-1.0,False,43
-0.73212564,-0.0009414528,0,-1.0,False,43
-0.73260313,-0.00047753283,0,-1.0,False,43
-0.73261386,-1.0711154e-05,0,-1.0,False,43
-0.7321577,0.0004561756,0,-1.0,False,43
-0.7312374,0.0009202905,0,-1.0,False,43
-0.7298586,0.0013788051,2,-1.0,False,43
-0.7260297,0.0038289085,2,-1.0,False,43
-0.7197742,0.0062555242,2,-1.0,False,43
-0.7111308,0.008643364,2,-1.0,False,43
-0.700154,0.010976824,2,-1.0,False,43
-0.686914,0.013239936,2,-1.0,False,43
-0.67149764,0.015416381,2,-1.0,False,43
-0.6540081,0.017489584,2,-1.0,False,43
-0.6345652,0.019442894,2,-1.0,False,43
-0.61330533,0.021259854,2,-1.0,False,43
-0.5903808,0.022924561,2,-1.0,False,43
-0.5659587,0.024422083,2,-1.0,False,43
-0.5402198,0.025738927,2,-1.0,False,43
-0.5133562,0.026863534,2,-1.0,False,43
-0.4855695,0.027786726,0,-1.0,False,43
-0.45906737,0.026502125,0,-1.0,False,43
-0.4340462,0.025021156,2,-1.0,False,43
-0.40868866,0.025357563,2,-1.0,False,43
-0.38317594,0.025512706,2,-1.0,False,43
-0.35768554,0.02549041,2,-1.0,False,43
-0.33238873,0.025296807,2,-1.0,False,43
-0.30744863,0.024940096,2,-1.0,False,43
-0.2830184,0.024430215,2,-1.0,False,43
-0.25923994,0.023778485,2,-1.0,False,43
-0.23624274,0.022997197,2,-1.0,False,43
-0.21414351,0.022099221,2,-1.0,False,43
-0.1930459,0.021097615,1,-1.0,False,43
-0.17404062,0.019005278,0,-1.0,False,43
-0.15820225,0.015838372,0,-1.0,False,43
-0.14558756,0.01261469,0,-1.0,False,43
-0.13623819,0.009349376,0,-1.0,False,43
-0.13018289,0.0060552945,0,-1.0,False,43
-0.12743935,0.0027435436,0,-1.0,False,43
-0.12801531,-0.0005759622,2,-1.0,False,43
-0.12990916,-0.001893853,2,-1.0,False,43
-0.13311554,-0.0032063846,2,-1.0,False,43
-0.13762522,-0.0045096725,2,-1.0,False,43
-0.14342482,-0.0057995995,2,-1.0,False,43
-0.15049654,-0.007071728,2,-1.0,False,43
-0.15881777,-0.008321223,2,-1.0,False,43
-0.16836056,-0.009542791,2,-1.0,False,43
-0.17909119,-0.010730629,2,-1.0,False,43
-0.19096959,-0.011878396,0,-1.0,False,43
-0.2059488,-0.014979216,0,-1.0,False,43
-0.22396584,-0.018017035,0,-1.0,False,43
-0.24493948,-0.02097364,0,-1.0,False,43
-0.268768,-0.023828521,0,-1.0,False,43
-0.29532695,-0.026558949,0,-1.0,False,43
-0.3244672,-0.029140273,0,-1.0,False,43
-0.35601372,-0.0315465,0,-1.0,False,43
-0.38976482,-0.033751104,0,-1.0,False,43
-0.42549294,-0.03572811,0,-1.0,False,43
-0.46294627,-0.037453324,2,-1.0,False,43
-0.49985197,-0.03690571,0,-1.0,False,43
-0.5379356,-0.03808366,2,-1.0,False,43
-0.5749118,-0.03697617,0,-1.0,False,43
-0.61250466,-0.03759284,0,-1.0,False,43
-0.65043855,-0.037933923,0,-1.0,False,43
-0.68844396,-0.038005415,0,-1.0,False,43
-0.7262628,-0.03781886,0,-1.0,False,43
-0.76365364,-0.037390806,0,-1.0,False,43
-0.80039567,-0.036742035,0,-1.0,False,43
-0.8362922,-0.035896547,0,-1.0,False,43
-0.8711727,-0.03488049,0,-1.0,False,43
-0.90489376,-0.03372104,0,-1.0,False,43
-0.9373392,-0.03244542,0,-1.0,False,43
-0.96841913,-0.031079968,0,-1.0,False,43
-0.9980686,-0.029649463,0,-1.0,False,43
-1.0262451,-0.028176567,0,-1.0,False,43
-1.0529267,-0.026681503,2,-1.0,False,43
-1.0761086,-0.023181872,0,-1.0,False,43
-1.0977998,-0.02169127,0,-1.0,False,43
-1.1180198,-0.02022002,0,-1.0,False,43
-1.1367961,-0.018776238,0,-1.0,False,43
-1.154162,-0.017366009,0,-1.0,False,43
-1.1701558,-0.015993623,0,-1.0,False,43
-1.1848176,-0.014661789,0,-1.0,False,43
-1.1981894,-0.013371847,0,-1.0,False,43
-1.2,0.0,2,-1.0,False,43
-1.1967582,0.003241896,2,-1.0,False,43
-1.1902636,0.0064944453,2,-1.0,False,43
-1.180496,0.009767694,2,-1.0,False,43
-1.1674255,0.013070449,2,-1.0,False,43
-1.1510159,0.016409589,2,-1.0,False,43
-1.1312267,0.01978931,2,-1.0,False,43
-1.1080164,0.023210295,2,-1.0,False,43
-1.0813475,0.026668796,2,-1.0,False,43
-1.0511918,0.030155689,2,-1.0,False,43
-1.0175363,0.03365551,2,-1.0,False,43
-0.9803907,0.03714562,2,-1.0,False,43
-0.93979514,0.040595576,2,-1.0,False,43
-0.8958282,0.043966923,2,-1.0,False,43
-0.84861463,0.047213554,2,-1.0,False,43
-0.7983318,0.050282877,2,-1.0,False,43
-0.74521387,0.053117886,2,-1.0,False,43
-0.6895537,0.05566023,2,-1.0,False,43
-0.63169956,0.057854105,2,-1.0,False,43
-0.57204884,0.059650723,2,-1.0,False,43
-0.51103604,0.061012823,2,-1.0,False,43
-0.4491174,0.061918624,2,-1.0,False,43
-0.38675275,0.06236465,2,-1.0,False,43
-0.32438585,0.06236689,2,-1.0,False,43
-0.2624257,0.061960164,2,-1.0,False,43
-0.20122996,0.06119572,2,-1.0,False,43
-0.14109236,0.060137603,2,-1.0,False,43
-0.08223413,0.058858234,2,-1.0,False,43
-0.0248002,0.057433926,2,-1.0,False,43
0.031140642,0.055940844,2,-1.0,False,43
0.08559239,0.054451745,2,-1.0,False,43
0.1386261,0.05303371,2,-1.0,False,43
0.1903729,0.051746808,2,-1.0,False,43
0.24101646,0.050643563,2,-1.0,False,43
0.29078555,0.049769085,2,-1.0,False,43
0.33994707,0.049161527,2,-1.0,False,43
0.38879985,0.048852775,2,-1.0,False,43
0.43766898,0.048869114,2,-1.0,False,43
0.48690072,0.049231753,2,-1.0,True,43
-0.47690752,0.0,2,-1.0,False,44
-0.47625658,0.00065095973,2,-1.0,False,44
-0.4749595,0.0012970858,2,-1.0,False,44
-0.47302592,0.0019335842,2,-1.0,False,44
-0.47047016,0.0025557412,2,-1.0,False,44
-0.4673112,0.0031589617,2,-1.0,False,44
-0.46357238,0.0037388082,2,-1.0,False,44
-0.45928136,0.0042910394,2,-1.0,False,44
-0.4544697,0.0048116464,2,-1.0,False,44
-0.44917282,0.0052968874,2,-1.0,False,44
-0.4434295,0.0057433187,2,-1.0,False,44
-0.43728167,0.0061478294,2,-1.0,False,44
-0.430774,0.0065076617,0,-1.0,False,44
-0.42595357,0.004820439,0,-1.0,False,44
-0.42285505,0.0030985293,0,-1.0,False,44
-0.42150065,0.0013544017,0,-1.0,False,44
-0.42190006,-0.00039941727,0,-1.0,False,44
-0.42405045,-0.0021503796,0,-1.0,False,44
-0.42793638,-0.0038859432,0,-1.0,False,44
-0.43352997,-0.005593603,0,-1.0,False,44
-0.44079092,-0.007260929,0,-1.0,False,44
-0.44966653,-0.00887562,0,-1.0,False,44
-0.4600921,-0.010425576,0,-1.0,False,44
-0.47199112,-0.011899,0,-1.0,False,44
-0.48527563,-0.013284513,0,-1.0,False,44
-0.49984694,-0.0145713035,0,-1.0,False,44
-0.5155962,-0.015749292,0,-1.0,False,44
-0.5324055,-0.016809305,0,-1.0,False,44
-0.5501488,-0.017743262,0,-1.0,False,44
-0.56869316,-0.018544348,0,-1.0,False,44
-0.5879003,-0.01920717,0,-1.0,False,44
-0.6076282,-0.019727895,0,-1.0,False,44
-0.6277325,-0.020104328,0,-1.0,False,44
-0.6480685,-0.020335967,0,-1.0,False,44
-0.6684925,-0.020423988,0,-1.0,False,44
-0.68886364,-0.020371184,0,-1.0,False,44
-0.7090455,-0.020181857,0,-1.0,False,44
-0.72890717,-0.019861652,0,-1.0,False,44
-0.7483245,-0.019417368,0,-1.0,False,44
-0.7671813,-0.01885673,0,-1.0,False,44
-0.78536946,-0.018188164,0,-1.0,False,44
-0.80279,-0.017420549,0,-1.0,False,44
-0.819353,-0.016562996,0,-1.0,False,44
-0.8349776,-0.015624631,0,-1.0,False,44
-0.84959203,-0.014614416,0,-1.0,False,44
-0.863133,-0.013540991,0,-1.0,False,44
-0.87554556,-0.012412551,0,-1.0,False,44
-0.88678235,-0.0112367645,0,-1.0,False,44
-0.8968031,-0.010020717,0,-1.0,False,44
-0.90557396,-0.008770888,2,-1.0,False,44
-0.9110671,-0.005493158,2,-1.0,False,44
-0.9132659,-0.0021987557,2,-1.0,False,44
-0.91216373,0.0011021454,2,-1.0,False,44
-0.9077639,0.0043998016,2,-1.0,False,44
-0.90007967,0.0076842527,2,-1.0,False,44
-0.88913494,0.010944688,2,-1.0,False,44
-0.87496614,0.014168848,2,-1.0,False,44
-0.85762364,0.017342491,2,-1.0,False,44
-0.83717465,0.020448966,2,-1.0,False,44
-0.81370574,0.023468934,2,-1.0,False,44
-0.78732544,0.026380273,2,-1.0,False,44
-0.7581672,0.02915823,2,-1.0,False,44
-0.7263914,0.03177585,2,-1.0,False,44
-0.6921867,0.03420469,2,-1.0,False,44
-0.6557708,0.036415882,2,-1.0,False,44
-0.6173894,0.038381398,2,-1.0,False,44
-0.57731384,0.040075585,2,-1.0,False,44
-0.5358371,0.041476704,2,-1.0,False,44
-0.49326864,0.04256847,2,-1.0,False,44
-0.44992733,0.04334131,2,-1.0,False,44
-0.40613407,0.04379326,2,-1.0,False,44
-0.3622037,0.043930396,2,-1.0,False,44
-0.318437,0.043766677,2,-1.0,False,44
-0.2751137,0.04332329,2,-1.0,False,44
-0.23248619,0.042627525,2,-1.0,False,44
-0.19077486,0.041711334,2,-1.0,False,44
-0.15016513,0.04060972,2,-1.0,False,44
-0.11080599,0.039359145,2,-1.0,False,44
-0.07280998,0.037996,2,-1.0,False,44
-0.036254577,0.036555406,2,-1.0,False,44
-0.0011843987,0.035070177,2,-1.0,False,44
0.032385796,0.033570193,2,-1.0,False,44
0.06446778,0.032081984,2,-1.0,False,44
0.09509637,0.030628596,2,-1.0,False,44
0.12432602,0.029229645,2,-1.0,False,44
0.15222755,0.027901528,2,-1.0,False,44
0.17888528,0.026657727,2,-1.0,False,44
0.20439444,0.02550917,2,-1.0,False,44
0.22885907,0.024464618,2,-1.0,False,44
0.25239012,0.023531068,2,-1.0,False,44
0.27510425,0.022714112,2,-1.0,False,44
0.29712254,0.022018293,2,-1.0,False,44
0.31856996,0.021447422,2,-1.0,False,44
0.3395748,0.02100485,2,-1.0,False,44
0.36026853,0.020693718,2,-1.0,False,44
0.3807857,0.020517174,2,-1.0,False,44
0.40126425,0.020478545,2,-1.0,False,44
0.42184573,0.020581495,2,-1.0,False,44
0.4426759,0.020830143,2,-1.0,False,44
0.46390504,0.021229167,2,-1.0,False,44
0.4856889,0.021783853,2,-1.0,True,44
-0.48584872,0.0,2,-1.0,False,45
-0.48513123,0.0007174794,2,-1.0,False,45
-0.48370162,0.0014296127,2,-1.0,False,45
-0.4815705,0.002131098,2,-1.0,False,45
-0.4787538,0.0028167206,2,-1.0,False,45
-0.47527242,0.003481397,2,-1.0,False,45
-0.4711522,0.0041202176,2,-1.0,False,45
-0.4664237,0.004728489,2,-1.0,False,45
-0.46112192,0.005301776,2,-1.0,False,45
-0.455286,0.005835938,2,-1.0,False,45
-0.4489588,0.006327171,2,-1.0,False,45
-0.44218677,0.0067720376,2,-1.0,False,45
-0.43501928,0.0071675,2,-1.0,False,45
-0.42750832,0.007510945,0,-1.0,False,45
-0.42170814,0.0058002067,0,-1.0,False,45
-0.41766027,0.0040478716,0,-1.0,False,45
-0.41539362,0.002266641,0,-1.0,False,45
-0.41492432,0.00046928014,0,-1.0,False,45
-0.41625574,-0.0013314158,0,-1.0,False,45
-0.4193784,-0.0031226457,0,-1.0,False,45
-0.42427,-0.0048916256,0,-1.0,False,45
-0.43089563,-0.006625615,0,-1.0,False,45
-0.43920758,-0.008311961,0,-1.0,False,45
-0.44914573,-0.009938154,0,-1.0,False,45
-0.46063766,-0.011491921,0,-1.0,False,45
-0.473599,-0.012961326,0,-1.0,False,45
-0.4879339,-0.01433492,0,-1.0,False,45
-0.5035358,-0.015601897,0,-1.0,False,45
-0.5202881,-0.016752278,0,-1.0,False,45
-0.5380652,-0.017777108,0,-1.0,False,45
-0.55673385,-0.018668644,0,-1.0,False,45
-0.57615435,-0.01942054,0,-1.0,False,45
-0.5961824,-0.020028003,0,-1.0,False,45
-0.6166703,-0.020487918,0,-1.0,False,45
-0.63746923,-0.020798916,0,-1.0,False,45
-0.65843064,-0.020961402,0,-1.0,False,45
-0.67940813,-0.020977514,0,-1.0,False,45
-0.70025915,-0.020851035,0,-1.0,False,45
-0.7208464,-0.020587243,0,-1.0,False,45
-0.74103916,-0.020192722,0,-1.0,False,45
-0.7607143,-0.01967514,0,-1.0,False,45
-0.77975726,-0.019043004,0,-1.0,False,45
-0.7980627,-0.018305404,0,-1.0,False,45
-0.8155345,-0.017471766,0,-1.0,False,45
-0.8320861,-0.016551614,0,-1.0,False,45
-0.84764045,-0.015554368,0,-1.0,False,45
-0.86212957,-0.014489154,0,-1.0,False,45
-0.87549424,-0.013364673,0,-1.0,False,45
-0.88768333,-0.012189075,0,-1.0,False,45
-0.8986532,-0.010969908,0,-1.0,False,45
-0.9083673,-0.009714063,2,-1.0,False,45
-0.9147951,-0.0064277775,2,-1.0,False,45
-0.9179175,-0.0031224154,2,-1.0,False,45
-0.91772556,0.00019190465,2,-1.0,False,45
-0.9142199,0.00350568,2,-1.0,False,45
-0.90741056,0.00680937,2,-1.0,False,45
-0.89731777,0.010092744,2,-1.0,False,45
-0.88397354,0.013344253,2,-1.0,False,45
-0.86742306,0.016550472,2,-1.0,False,45
-0.8477275,0.019695612,2,-1.0,False,45
-0.82496625,0.022761192,2,-1.0,False,45
-0.7992404,0.02572587,2,-1.0,False,45
-0.7706749,0.0285655,2,-1.0,False,45
-0.7394214,0.031253487,2,-1.0,False,45
-0.70566,0.03376141,2,-1.0,False,45
-0.6696,0.036059983,2,-1.0,False,45
-0.6314797,0.038120314,2,-1.0,False,45
-0.59156436,0.03991537,2,-1.0,False,45
-0.55014277,0.04142159,2,-1.0,False,45
-0.5075223,0.042620458,2,-1.0,False,45
-0.46402237,0.043499928,2,-1.0,False,45
-0.41996688,0.04405548,2,-1.0,False,45
-0.37567618,0.044290703,2,-1.0,False,45
-0.33145884,0.04421734,2,-1.0,False,45
-0.28760406,0.043854777,2,-1.0,False,45
-0.24437505,0.043229017,2,-1.0,False,45
-0.20200375,0.0423713,2,-1.0,False,45
-0.16068727,0.041316483,2,-1.0,False,45
-0.12058589,0.04010138,2,-1.0,False,45
-0.08182269,0.03876319,2,-1.0,False,45
-0.044484567,0.03733813,2,-1.0,False,45
-0.008624205,0.03586036,2,-1.0,False,45
0.025736991,0.0343612,2,-1.0,False,45
0.058605637,0.032868646,2,-1.0,False,45
0.09001282,0.031407185,2,-1.0,False,45
0.12001061,0.029997783,2,-1.0,False,45
0.14866868,0.02865807,2,-1.0,False,45
0.1760713,0.027402626,2,-1.0,False,45
0.20231466,0.026243355,2,-1.0,False,45
0.22750452,0.025189867,2,-1.0,False,45
0.2517544,0.024249893,2,-1.0,False,45
0.2751841,0.023429666,2,-1.0,False,45
0.29791838,0.022734288,2,-1.0,False,45
0.32008645,0.022168064,2,-1.0,False,45
0.34182122,0.021734795,2,-1.0,False,45
0.36325926,0.021438038,2,-1.0,False,45
0.3845406,0.021281332,2,-1.0,False,45
0.405809,0.021268385,2,-1.0,False,45
0.4272122,0.021403233,2,-1.0,False,45
0.44890258,0.021690365,2,-1.0,False,45
0.47103742,0.022134822,2,-1.0,False,45
0.49377966,0.022742243,2,-1.0,True,45
-0.5587509,0.0,0,-1.0,False,46
-0.55948776,-0.00073684717,0,-1.0,False,46
-0.560956,-0.0014681993,0,-1.0,False,46
-0.56314456,-0.0021886064,0,-1.0,False,46
-0.5660373,-0.0028927082,0,-1.0,False,46
-0.56961256,-0.0035752782,0,-1.0,False,46
-0.57384384,-0.00423127,0,-1.0,False,46
-0.5786997,-0.004855857,0,-1.0,False,46
-0.5841442,-0.0054444796,0,-1.0,False,46
-0.59013706,-0.005992882,0,-1.0,False,46
-0.5966342,-0.006497152,0,-1.0,False,46
-0.603588,-0.0069537587,0,-1.0,False,46
-0.61094755,-0.0073595806,0,-1.0,False,46
-0.6186595,-0.0077119367,0,-1.0,False,46
-0.6266681,-0.008008606,0,-1.0,False,46
-0.63491595,-0.008247846,0,-1.0,False,46
-0.64334434,-0.0084283985,0,-1.0,False,46
-0.65189385,-0.008549499,0,-1.0,False,46
-0.6605047,-0.008610867,0,-1.0,False,46
-0.6691174,-0.008612699,0,-1.0,False,46
-0.67767304,-0.008555646,0,-1.0,False,46
-0.68611383,-0.008440799,0,-1.0,False,46
-0.6943835,-0.008269653,0,-1.0,False,46
-0.70242757,-0.008044076,0,-1.0,False,46
-0.7101939,-0.0077662785,0,-1.0,False,46
-0.71763265,-0.007438768,0,-1.0,False,46
-0.72469693,-0.0070643164,0,-1.0,False,46
-0.73134285,-0.00664592,0,-1.0,False,46
-0.73752964,-0.0061867633,0,-1.0,False,46
-0.7432198,-0.0056901826,0,-1.0,False,46
-0.74837947,-0.0051596365,0,-1.0,False,46
-0.75297815,-0.004598678,0,-1.0,False,46
-0.75698906,-0.004010928,0,-1.0,False,46
-0.7603891,-0.0034000569,0,-1.0,False,46
-0.76315886,-0.0027697692,0,-1.0,False,46
-0.7652827,-0.0021237894,0,-1.0,False,46
-0.76674855,-0.001465854,0,-1.0,False,46
-0.7675482,-0.0007997062,0,-1.0,False,46
-0.7676773,-0.00012909157,0,-1.0,False,46
-0.7671351,0.0005422432,0,-1.0,False,46
-0.7659245,0.0012105514,0,-1.0,False,46
-0.76405245,0.0018720867,2,-1.0,False,46
-0.75952935,0.004523105,2,-1.0,False,46
-0.75238085,0.0071484987,2,-1.0,False,46
-0.74264807,0.009732786,2,-1.0,False,46
-0.7303881,0.012259939,2,-1.0,False,46
-0.7156748,0.014713275,2,-1.0,False,46
-0.6985994,0.017075438,2,-1.0,False,46
-0.6792709,0.019328475,2,-1.0,False,46
-0.6578169,0.021454034,2,-1.0,False,46
-0.6343832,0.023433689,2,-1.0,False,46
-0.60913384,0.02524936,2,-1.0,False,46
-0.58225,0.026883857,2,-1.0,False,46
-0.5539285,0.028321475,2,-1.0,False,46
-0.52437985,0.029548634,1,-1.0,False,46
-0.4948254,0.029554492,1,-1.0,False,46
-0.46548644,0.02933896,0,-1.0,False,46
-0.4375811,0.02790532,2,-1.0,False,46
-0.40931377,0.028267326,2,-1.0,False,46
-0.38088688,0.028426882,2,-1.0,False,46
-0.35249797,0.028388944,2,-1.0,False,46
-0.32433665,0.0281613,2,-1.0,False,46
-0.29658237,0.027754266,2,-1.0,False,46
-0.26940215,0.027180245,2,-1.0,False,46
-0.24294889,0.026453253,2,-1.0,False,46
-0.2173605,0.025588397,2,-1.0,False,46
-0.19275916,0.02460134,2,-1.0,False,46
-0.16925132,0.023507826,1,-1.0,False,46
-0.14792809,0.02132323,0,-1.0,False,46
-0.1298627,0.018065397,0,-1.0,False,46
-0.115109965,0.014752733,0,-1.0,False,46
-0.103709646,0.011400322,0,-1.0,False,46
-0.09568929,0.008020352,0,-1.0,False,46
-0.091066636,0.004622656,0,-1.0,False,46
-0.08985126,0.0012153748,0,-1.0,False,46
-0.09204561,-0.0021943497,2,-1.0,False,46
-0.09564525,-0.0035996395,2,-1.0,False,46
-0.10064268,-0.0049974285,2,-1.0,False,46
-0.10702702,-0.0063843406,2,-1.0,False,46
-0.1147836,-0.007756578,2,-1.0,False,46
-0.12389341,-0.009109815,2,-1.0,False,46
-0.13433252,-0.010439111,2,-1.0,False,46
-0.14607136,-0.011738835,2,-1.0,False,46
-0.15907396,-0.013002612,0,-1.0,False,46
-0.17529728,-0.016223298,0,-1.0,False,46
-0.19468276,-0.019385489,0,-1.0,False,46
-0.21715385,-0.022471083,0,-1.0,False,46
-0.24261291,-0.02545908,0,-1.0,False,46
-0.27093855,-0.028325614,0,-1.0,False,46
-0.3019828,-0.031044254,0,-1.0,False,46
-0.33556938,-0.033586603,0,-1.0,False,46
-0.3714926,-0.035923216,0,-1.0,False,46
-0.40951744,-0.03802483,0,-1.0,False,46
-0.4493813,-0.039863836,2,-1.0,False,46
-0.48879716,-0.03941588,2,-1.0,False,46
-0.52747357,-0.03867642,2,-1.0,False,46
-0.56512094,-0.03764736,2,-1.0,False,46
-0.60145766,-0.036336746,0,-1.0,False,46
-0.6382158,-0.036758102,0,-1.0,False,46
-0.6751311,-0.036915313,0,-1.0,False,46
-0.71194863,-0.03681756,0,-1.0,False,46
-0.74842757,-0.036478918,0,-1.0,False,46
-0.78434527,-0.035917677,0,-1.0,False,46
-0.81950074,-0.0351555,0,-1.0,False,46
-0.8537172,-0.034216437,0,-1.0,False,46
-0.8868431,-0.033125885,0,-1.0,False,46
-0.91875273,-0.031909626,0,-1.0,False,46
-0.94934565,-0.030592946,0,-1.0,False,46
-0.97854555,-0.029199893,0,-1.0,False,46
-1.0062983,-0.02775273,0,-1.0,False,46
-1.0325698,-0.026271524,0,-1.0,False,46
-1.0573437,-0.02477393,2,-1.0,False,46
-1.0786188,-0.021275088,0,-1.0,False,46
-1.098405,-0.019786187,0,-1.0,False,46
-1.1167207,-0.018315628,0,-1.0,False,46
-1.1335905,-0.016869808,0,-1.0,False,46
-1.1490438,-0.015453306,0,-1.0,False,46
-1.1631129,-0.014069093,0,-1.0,False,46
-1.1758316,-0.012718735,0,-1.0,False,46
-1.1872342,-0.011402587,0,-1.0,False,46
-1.1973542,-0.010119977,0,-1.0,False,46
-1.2,0.0,2,-1.0,False,46
-1.1967582,0.003241896,2,-1.0,False,46
-1.1902636,0.0064944453,2,-1.0,False,46
-1.180496,0.009767694,2,-1.0,False,46
-1.1674255,0.013070449,2,-1.0,False,46
-1.1510159,0.016409589,2,-1.0,False,46
-1.1312267,0.01978931,2,-1.0,False,46
-1.1080164,0.023210295,2,-1.0,False,46
-1.0813475,0.026668796,2,-1.0,False,46
-1.0511918,0.030155689,2,-1.0,False,46
-1.0175363,0.03365551,2,-1.0,False,46
-0.9803907,0.03714562,2,-1.0,False,46
-0.93979514,0.040595576,2,-1.0,False,46
-0.8958282,0.043966923,2,-1.0,False,46
-0.84861463,0.047213554,2,-1.0,False,46
-0.7983318,0.050282877,2,-1.0,False,46
-0.74521387,0.053117886,2,-1.0,False,46
-0.6895537,0.05566023,2,-1.0,False,46
-0.63169956,0.057854105,2,-1.0,False,46
-0.57204884,0.059650723,2,-1.0,False,46
-0.51103604,0.061012823,2,-1.0,False,46
-0.4491174,0.061918624,2,-1.0,False,46
-0.38675275,0.06236465,2,-1.0,False,46
-0.32438585,0.06236689,2,-1.0,False,46
-0.2624257,0.061960164,2,-1.0,False,46
-0.20122996,0.06119572,2,-1.0,False,46
-0.14109236,0.060137603,2,-1.0,False,46
-0.08223413,0.058858234,2,-1.0,False,46
-0.0248002,0.057433926,2,-1.0,False,46
0.031140642,0.055940844,2,-1.0,False,46
0.08559239,0.054451745,2,-1.0,False,46
0.1386261,0.05303371,2,-1.0,False,46
0.1903729,0.051746808,2,-1.0,False,46
0.24101646,0.050643563,2,-1.0,False,46
0.29078555,0.049769085,2,-1.0,False,46
0.33994707,0.049161527,2,-1.0,False,46
0.38879985,0.048852775,2,-1.0,False,46
0.43766898,0.048869114,2,-1.0,False,46
0.48690072,0.049231753,2,-1.0,True,46
-0.48484457,0.0,2,-1.0,False,47
-0.48413458,0.00070999784,2,-1.0,False,47
-0.48271987,0.0014147073,2,-1.0,False,47
-0.480611,0.0021088833,2,-1.0,False,47
-0.47782362,0.002787368,2,-1.0,False,47
-0.4743785,0.0034451322,2,-1.0,False,47
-0.47030115,0.00407732,2,-1.0,False,47
-0.4656219,0.004679289,2,-1.0,False,47
-0.46037522,0.0052466514,2,-1.0,False,47
-0.45459992,0.005775313,2,-1.0,False,47
-0.4483384,0.006261509,2,-1.0,False,47
-0.44163656,0.0067018396,2,-1.0,False,47
-0.43454325,0.0070932987,2,-1.0,False,47
-0.42710996,0.0074332994,0,-1.0,False,47
-0.42139027,0.0057196976,0,-1.0,False,47
-0.4174252,0.003965089,0,-1.0,False,47
-0.415243,0.0021821838,0,-1.0,False,47
-0.41485924,0.00038375237,0,-1.0,False,47
-0.41627663,-0.001417406,0,-1.0,False,47
-0.41948512,-0.0032084873,0,-1.0,False,47
-0.42446184,-0.004976705,0,-1.0,False,47
-0.43117115,-0.0067093195,0,-1.0,False,47
-0.43956482,-0.008393678,0,-1.0,False,47
-0.4495821,-0.010017278,0,-1.0,False,47
-0.46114996,-0.0115678515,0,-1.0,False,47
-0.47418344,-0.013033483,0,-1.0,False,47
-0.4885862,-0.014402742,0,-1.0,False,47
-0.50425106,-0.015664853,0,-1.0,False,47
-0.52106094,-0.01680988,0,-1.0,False,47
-0.5388898,-0.017828913,0,-1.0,False,47
-0.55760413,-0.018714271,0,-1.0,False,47
-0.5770638,-0.019459672,0,-1.0,False,47
-0.59712416,-0.020060403,0,-1.0,False,47
-0.61763763,-0.020513423,0,-1.0,False,47
-0.63845503,-0.02081745,0,-1.0,False,47
-0.659428,-0.020972973,0,-1.0,False,47
-0.68041027,-0.020982213,0,-1.0,False,47
-0.70125926,-0.020849029,0,-1.0,False,47
-0.72183806,-0.02057877,0,-1.0,False,47
-0.74201614,-0.020178083,0,-1.0,False,47
-0.7616708,-0.019654686,0,-1.0,False,47
-0.7806879,-0.01901712,0,-1.0,False,47
-0.7989624,-0.01827451,0,-1.0,False,47
-0.81639874,-0.01743629,0,-1.0,False,47
-0.8329107,-0.016511995,0,-1.0,False,47
-0.84842175,-0.015511034,0,-1.0,False,47
-0.8628643,-0.014442525,0,-1.0,False,47
-0.87617946,-0.013315143,0,-1.0,False,47
-0.88831645,-0.01213702,0,-1.0,False,47
-0.8992321,-0.01091567,0,-1.0,False,47
-0.90889007,-0.009657957,2,-1.0,False,47
-0.91526014,-0.0063700876,2,-1.0,False,47
-0.9183235,-0.0030633784,2,-1.0,False,47
-0.91807145,0.00025209162,2,-1.0,False,47
-0.9145046,0.003566848,2,-1.0,False,47
-0.90763324,0.006871367,2,-1.0,False,47
-0.8974778,0.01015542,2,-1.0,False,47
-0.88407034,0.013407451,2,-1.0,False,47
-0.8674564,0.01661401,2,-1.0,False,47
-0.8476971,0.019759279,2,-1.0,False,47
-0.8248723,0.02282473,2,-1.0,False,47
-0.79908335,0.025788972,2,-1.0,False,47
-0.77045554,0.028627805,2,-1.0,False,47
-0.739141,0.031314578,2,-1.0,False,47
-0.7053202,0.033820823,2,-1.0,False,47
-0.6692029,0.03611722,2,-1.0,False,47
-0.6310281,0.038174853,2,-1.0,False,47
-0.5910614,0.039966695,2,-1.0,False,47
-0.5495922,0.041469216,2,-1.0,False,47
-0.5069282,0.042663973,2,-1.0,False,47
-0.46338922,0.043538995,2,-1.0,False,47
-0.41929933,0.044089872,2,-1.0,False,47
-0.37497902,0.04432033,2,-1.0,False,47
-0.33073676,0.044242248,2,-1.0,False,47
-0.28686163,0.043875147,2,-1.0,False,47
-0.24361646,0.04324516,2,-1.0,False,47
-0.20123282,0.04238364,2,-1.0,False,47
-0.15990728,0.041325536,2,-1.0,False,47
-0.11979956,0.040107727,2,-1.0,False,47
-0.081032105,0.038767457,2,-1.0,False,47
-0.04369114,0.037340965,2,-1.0,False,47
-0.00782873,0.03586241,2,-1.0,False,47
0.026534367,0.0343631,2,-1.0,False,47
0.059405383,0.032871015,2,-1.0,False,47
0.09081599,0.031410612,2,-1.0,False,47
0.120818816,0.030002823,2,-1.0,False,47
0.14948407,0.028665252,2,-1.0,False,47
0.17689651,0.027412454,2,-1.0,False,47
0.20315282,0.026256308,2,-1.0,False,47
0.22835924,0.025206411,2,-1.0,False,47
0.25262973,0.024270488,2,-1.0,False,47
0.27608448,0.023454767,2,-1.0,False,47
0.29884884,0.022764357,2,-1.0,False,47
0.32105243,0.022203578,2,-1.0,False,47
0.3428287,0.021776251,2,-1.0,False,47
0.36431465,0.021485962,2,-1.0,False,47
0.38565093,0.021336278,2,-1.0,False,47
0.40698186,0.02133095,2,-1.0,False,47
0.42845592,0.021474056,2,-1.0,False,47
0.45022607,0.021770135,2,-1.0,False,47
0.47245035,0.022224272,2,-1.0,False,47
0.49529248,0.022842161,2,-1.0,True,47
-0.52553344,0.0,0,-1.0,False,48
-0.52651894,-0.00098549,0,-1.0,False,48
-0.5284825,-0.001963589,0,-1.0,False,48
-0.5314095,-0.0029269625,0,-1.0,False,48
-0.53527784,-0.0038683873,0,-1.0,False,48
-0.5400587,-0.004780812,0,-1.0,False,48
-0.5457161,-0.005657413,0,-1.0,False,48
-0.55220777,-0.0064916546,0,-1.0,False,48
-0.5594851,-0.007277351,0,-1.0,False,48
-0.56749386,-0.008008723,0,-1.0,False,48
-0.57617426,-0.008680461,0,-1.0,False,48
-0.5854621,-0.009287777,0,-1.0,False,48
-0.5952885,-0.009826462,0,-1.0,False,48
-0.60558146,-0.010292924,0,-1.0,False,48
-0.61626565,-0.010684234,0,-1.0,False,48
-0.62726384,-0.010998149,0,-1.0,False,48
-0.638497,-0.011233134,0,-1.0,False,48
-0.64988536,-0.011388361,0,-1.0,False,48
-0.66134906,-0.011463708,0,-1.0,False,48
-0.67280877,-0.011459736,0,-1.0,False,48
-0.68418646,-0.011377661,0,-1.0,False,48
-0.6954057,-0.011219305,0,-1.0,False,48
-0.70639277,-0.010987053,0,-1.0,False,48
-0.7170766,-0.010683784,0,-1.0,False,48
-0.7273894,-0.010312819,0,-1.0,False,48
-0.73726726,-0.00987784,0,-1.0,False,48
-0.7466501,-0.0093828365,0,-1.0,False,48
-0.7554821,-0.00883203,0,-1.0,False,48
-0.7637119,-0.008229818,0,-1.0,False,48
-0.7712926,-0.007580719,0,-1.0,False,48
-0.77818197,-0.006889318,0,-1.0,False,48
-0.78434217,-0.0061602322,0,-1.0,False,48
-0.78974026,-0.005398074,0,-1.0,False,48
-0.7943477,-0.0046074307,0,-1.0,False,48
-0.7981405,-0.0037928442,0,-1.0,False,48
-0.80109936,-0.0029588086,0,-1.0,False,48
-0.8032091,-0.002109765,0,-1.0,False,48
-0.8044592,-0.0012501092,0,-1.0,False,48
-0.8048434,-0.0003842002,0,-1.0,False,48
-0.8043598,0.00048362528,0,-1.0,False,48
-0.80301076,0.0013490379,0,-1.0,False,48
-0.80080307,0.0022076992,2,-1.0,False,48
-0.7957478,0.0050552464,2,-1.0,False,48
-0.78787076,0.00787704,2,-1.0,False,48
-0.7772129,0.010657871,2,-1.0,False,48
-0.7638312,0.0133817,2,-1.0,False,48
-0.74779975,0.016031472,2,-1.0,False,48
-0.7292107,0.018589033,2,-1.0,False,48
-0.70817554,0.021035174,2,-1.0,False,48
-0.68482566,0.023349835,2,-1.0,False,48
-0.65931326,0.025512436,2,-1.0,False,48
-0.63181084,0.027502406,2,-1.0,False,48
-0.60251105,0.029299816,2,-1.0,False,48
-0.5716249,0.030886145,2,-1.0,False,48
-0.5393798,0.032245096,1,-1.0,False,48
-0.50701636,0.03236341,1,-1.0,False,48
-0.47477728,0.032239094,0,-1.0,False,48
-0.44390306,0.03087424,2,-1.0,False,48
-0.41262084,0.0312822,2,-1.0,False,48
-0.3811557,0.031465158,2,-1.0,False,48
-0.34972665,0.031429052,2,-1.0,False,48
-0.3185433,0.031183347,2,-1.0,False,48
-0.28780267,0.030740611,2,-1.0,False,48
-0.2576867,0.030115984,2,-1.0,False,48
-0.22836016,0.029326541,2,-1.0,False,48
-0.19996953,0.02839062,2,-1.0,False,48
-0.17264238,0.027327152,2,-1.0,False,48
-0.14648736,0.026155034,1,-1.0,False,48
-0.12259477,0.023892583,0,-1.0,False,48
-0.102035,0.020559767,0,-1.0,False,48
-0.08485902,0.01717598,0,-1.0,False,48
-0.07110246,0.0137565555,0,-1.0,False,48
-0.06078925,0.010313216,0,-1.0,False,48
-0.053934574,0.006854673,0,-1.0,False,48
-0.05054725,0.003387327,0,-1.0,False,48
-0.050631233,-8.39839e-05,1,-1.0,False,48
-0.05318643,-0.0025551997,2,-1.0,False,48
-0.057209875,-0.004023443,2,-1.0,False,48
-0.06269659,-0.005486713,2,-1.0,False,48
-0.069639206,-0.0069426205,2,-1.0,False,48
-0.07802747,-0.00838826,2,-1.0,False,48
-0.087847546,-0.009820079,2,-1.0,False,48
-0.09908131,-0.011233763,2,-1.0,False,48
-0.111705445,-0.012624131,0,-1.0,False,48
-0.12769051,-0.01598506,0,-1.0,False,48
-0.14699437,-0.019303864,0,-1.0,False,48
-0.16955906,-0.022564694,0,-1.0,False,48
-0.19530722,-0.025748169,0,-1.0,False,48
-0.22413841,-0.028831175,0,-1.0,False,48
-0.2559254,-0.031786975,0,-1.0,False,48
-0.29051098,-0.034585617,0,-1.0,False,48
-0.32770574,-0.03719475,0,-1.0,False,48
-0.36728656,-0.03958083,2,-1.0,False,48
-0.40699726,-0.039710674,2,-1.0,False,48
-0.4465647,-0.03956746,2,-1.0,False,48
-0.4857048,-0.039140087,2,-1.0,False,48
-0.5241285,-0.03842368,2,-1.0,False,48
-0.5615482,-0.037419707,2,-1.0,False,48
-0.5976839,-0.0361357,0,-1.0,False,48
-0.6342685,-0.036584627,0,-1.0,False,48
-0.67103827,-0.036769766,0,-1.0,False,48
-0.707738,-0.03669968,0,-1.0,False,48
-0.7441258,-0.036387812,0,-1.0,False,48
-0.7799777,-0.0358519,0,-1.0,False,48
-0.8150908,-0.03511311,0,-1.0,False,48
-0.84928584,-0.03419509,0,-1.0,False,48
-0.8824088,-0.03312295,0,-1.0,False,48
-0.9143311,-0.031922277,0,-1.0,False,48
-0.9449493,-0.030618262,0,-1.0,False,48
-0.97418433,-0.029234957,0,-1.0,False,48
-1.001979,-0.02779469,0,-1.0,False,48
-1.0282967,-0.02631766,0,-1.0,False,48
-1.0531183,-0.024821676,2,-1.0,False,48
-1.0744404,-0.021322072,0,-1.0,False,48
-1.0942708,-0.019830417,0,-1.0,False,48
-1.1126261,-0.018355303,0,-1.0,False,48
-1.1295295,-0.01690331,0,-1.0,False,48
-1.1450086,-0.015479181,0,-1.0,False,48
-1.1590947,-0.01408604,0,-1.0,False,48
-1.1718203,-0.012725582,0,-1.0,False,48
-1.1832185,-0.011398278,0,-1.0,False,48
-1.1933221,-0.010103551,0,-1.0,False,48
-1.2,0.0,2,-1.0,False,48
-1.1967582,0.003241896,2,-1.0,False,48
-1.1902636,0.0064944453,2,-1.0,False,48
-1.180496,0.009767694,2,-1.0,False,48
-1.1674255,0.013070449,2,-1.0,False,48
-1.1510159,0.016409589,2,-1.0,False,48
-1.1312267,0.01978931,2,-1.0,False,48
-1.1080164,0.023210295,2,-1.0,False,48
-1.0813475,0.026668796,2,-1.0,False,48
-1.0511918,0.030155689,2,-1.0,False,48
-1.0175363,0.03365551,2,-1.0,False,48
-0.9803907,0.03714562,2,-1.0,False,48
-0.93979514,0.040595576,2,-1.0,False,48
-0.8958282,0.043966923,2,-1.0,False,48
-0.84861463,0.047213554,2,-1.0,False,48
-0.7983318,0.050282877,2,-1.0,False,48
-0.74521387,0.053117886,2,-1.0,False,48
-0.6895537,0.05566023,2,-1.0,False,48
-0.63169956,0.057854105,2,-1.0,False,48
-0.57204884,0.059650723,2,-1.0,False,48
-0.51103604,0.061012823,2,-1.0,False,48
-0.4491174,0.061918624,2,-1.0,False,48
-0.38675275,0.06236465,2,-1.0,False,48
-0.32438585,0.06236689,2,-1.0,False,48
-0.2624257,0.061960164,2,-1.0,False,48
-0.20122996,0.06119572,2,-1.0,False,48
-0.14109236,0.060137603,2,-1.0,False,48
-0.08223413,0.058858234,2,-1.0,False,48
-0.0248002,0.057433926,2,-1.0,False,48
0.031140642,0.055940844,2,-1.0,False,48
0.08559239,0.054451745,2,-1.0,False,48
0.1386261,0.05303371,2,-1.0,False,48
0.1903729,0.051746808,2,-1.0,False,48
0.24101646,0.050643563,2,-1.0,False,48
0.29078555,0.049769085,2,-1.0,False,48
0.33994707,0.049161527,2,-1.0,False,48
0.38879985,0.048852775,2,-1.0,False,48
0.43766898,0.048869114,2,-1.0,False,48
0.48690072,0.049231753,2,-1.0,True,48
-0.54338336,0.0,0,-1.0,False,49
-0.5442351,-0.0008517025,0,-1.0,False,49
-0.5459321,-0.001697029,0,-1.0,False,49
-0.5484618,-0.0025296542,0,-1.0,False,49
-0.55180514,-0.0033433547,0,-1.0,False,49
-0.5559372,-0.0041320594,0,-1.0,False,49
-0.5608271,-0.0048899013,0,-1.0,False,49
-0.5664384,-0.0056112693,0,-1.0,False,49
-0.57272923,-0.0062908563,0,-1.0,False,49
-0.5796529,-0.0069237105,0,-1.0,False,49
-0.5871582,-0.007505283,0,-1.0,False,49
-0.5951897,-0.008031471,0,-1.0,False,49
-0.60368836,-0.0084986575,0,-1.0,False,49
-0.6125921,-0.008903748,0,-1.0,False,49
-0.6218363,-0.009244199,0,-1.0,False,49
-0.63135433,-0.009518038,0,-1.0,False,49
-0.6410782,-0.009723873,0,-1.0,False,49
-0.6509391,-0.009860905,0,-1.0,False,49
-0.660868,-0.009928914,0,-1.0,False,49
-0.6707963,-0.009928247,0,-1.0,False,49
-0.6806561,-0.0098597985,0,-1.0,False,49
-0.69038105,-0.009724971,0,-1.0,False,49
-0.69990665,-0.009525646,0,-1.0,False,49
-0.7091708,-0.009264136,0,-1.0,False,49
-0.71811396,-0.008943133,0,-1.0,False,49
-0.7266796,-0.008565668,0,-1.0,False,49
-0.73481464,-0.0081350515,0,-1.0,False,49
-0.7424695,-0.007654831,0,-1.0,False,49
-0.7495982,-0.0071287383,0,-1.0,False,49
-0.7561589,-0.00656065,0,-1.0,False,49
-0.76211345,-0.005954546,0,-1.0,False,49
-0.7674279,-0.0053144754,0,-1.0,False,49
-0.77207243,-0.004644532,0,-1.0,False,49
-0.77602124,-0.003948829,0,-1.0,False,49
-0.77925277,-0.0032314837,0,-1.0,False,49
-0.78174937,-0.0024966064,0,-1.0,False,49
-0.78349763,-0.0017482956,0,-1.0,False,49
-0.78448826,-0.0009906363,0,-1.0,False,49
-0.784716,-0.0002277013,0,-1.0,False,49
-0.78417957,0.0005364442,0,-1.0,False,49
-0.7828818,0.0012977367,0,-1.0,False,49
-0.7808297,0.0020521083,2,-1.0,False,49
-0.77603424,0.004795482,2,-1.0,False,49
-0.7685213,0.007512898,2,-1.0,False,49
-0.7583324,0.010188935,2,-1.0,False,49
-0.7455249,0.012807498,2,-1.0,False,49
-0.73017323,0.015351676,2,-1.0,False,49
-0.7123695,0.0178037,2,-1.0,False,49
-0.6922245,0.02014501,2,-1.0,False,49
-0.66986805,0.022356447,2,-1.0,False,49
-0.64544946,0.024418598,2,-1.0,False,49
-0.61913717,0.026312262,2,-1.0,False,49
-0.59111816,0.02801903,2,-1.0,False,49
-0.5615962,0.029521968,2,-1.0,False,49
-0.53078985,0.030806333,1,-1.0,False,49
-0.4999296,0.030860262,1,-1.0,False,49
-0.46924672,0.030682892,0,-1.0,False,49
-0.43996966,0.029277055,2,-1.0,False,49
-0.41031325,0.029656395,2,-1.0,False,49
-0.38049024,0.029823016,2,-1.0,False,49
-0.35070786,0.029782372,2,-1.0,False,49
-0.32116482,0.029543053,2,-1.0,False,49
-0.2920484,0.029116418,2,-1.0,False,49
-0.26353228,0.028516125,2,-1.0,False,49
-0.2357747,0.027757572,2,-1.0,False,49
-0.2089174,0.026857313,2,-1.0,False,49
-0.18308492,0.02583247,2,-1.0,False,49
-0.15838473,0.024700187,1,-1.0,False,49
-0.1359076,0.022477131,0,-1.0,False,49
-0.116725534,0.019182066,0,-1.0,False,49
-0.10089175,0.015833786,0,-1.0,False,49
-0.08844432,0.012447429,0,-1.0,False,49
-0.079409406,0.009034916,0,-1.0,False,49
-0.07380388,0.005605522,0,-1.0,False,49
-0.07163733,0.0021665508,0,-1.0,False,49
-0.07291327,-0.001275937,2,-1.0,False,49
-0.07562964,-0.0027163662,2,-1.0,False,49
-0.07978193,-0.0041522933,2,-1.0,False,49
-0.085362956,-0.005581027,2,-1.0,False,49
-0.09236245,-0.006999497,2,-1.0,False,49
-0.10076659,-0.008404138,2,-1.0,False,49
-0.11055736,-0.0097907735,2,-1.0,False,49
-0.12171189,-0.011154521,2,-1.0,False,49
-0.1342016,-0.01248971,0,-1.0,False,49
-0.14999141,-0.015789818,0,-1.0,False,49
-0.16903238,-0.019040965,0,-1.0,False,49
-0.19125874,-0.02222636,0,-1.0,False,49
-0.21658474,-0.025326002,0,-1.0,False,49
-0.24490133,-0.028316583,0,-1.0,False,49
-0.27607298,-0.031171657,0,-1.0,False,49
-0.3099351,-0.03386213,0,-1.0,False,49
-0.3462922,-0.036357105,0,-1.0,False,49
-0.3849173,-0.038625076,0,-1.0,False,49
-0.42555273,-0.04063544,2,-1.0,False,49
-0.46591297,-0.040360227,2,-1.0,False,49
-0.5057037,-0.039790716,2,-1.0,False,49
-0.54462856,-0.038924865,2,-1.0,False,49
-0.5823958,-0.037767246,0,-1.0,False,49
-0.6207243,-0.03832855,0,-1.0,False,49
-0.6593347,-0.038610373,0,-1.0,False,49
-0.69795495,-0.038620256,0,-1.0,False,49
-0.73632634,-0.038371403,0,-1.0,False,49
-0.7742084,-0.03788206,0,-1.0,False,49
-0.81138307,-0.037174623,0,-1.0,False,49
-0.8476576,-0.036274556,0,-1.0,False,49
-0.88286686,-0.035209272,0,-1.0,False,49
-0.9168739,-0.034006972,0,-1.0,False,49
-0.94956946,-0.03269562,0,-1.0,False,49
-0.98087156,-0.031302083,0,-1.0,False,49
-1.010723,-0.02985141,0,-1.0,False,49
-1.0390893,-0.028366363,0,-1.0,False,49
-1.0659565,-0.026867103,2,-1.0,False,49
-1.0893275,-0.023371061,2,-1.0,False,49
-1.1092185,-0.019891001,0,-1.0,False,49
-1.1276526,-0.018434152,0,-1.0,False,49
-1.1446593,-0.01700662,0,-1.0,False,49
-1.160272,-0.015612722,0,-1.0,False,49
-1.1745272,-0.014255188,0,-1.0,False,49
-1.1874626,-0.012935376,0,-1.0,False,49
-1.199116,-0.011653465,0,-1.0,False,49
-1.2,0.0,2,-1.0,False,49
-1.1967582,0.003241896,2,-1.0,False,49
-1.1902636,0.0064944453,2,-1.0,False,49
-1.180496,0.009767694,2,-1.0,False,49
-1.1674255,0.013070449,2,-1.0,False,49
-1.1510159,0.016409589,2,-1.0,False,49
-1.1312267,0.01978931,2,-1.0,False,49
-1.1080164,0.023210295,2,-1.0,False,49
-1.0813475,0.026668796,2,-1.0,False,49
-1.0511918,0.030155689,2,-1.0,False,49
-1.0175363,0.03365551,2,-1.0,False,49
-0.9803907,0.03714562,2,-1.0,False,49
-0.93979514,0.040595576,2,-1.0,False,49
-0.8958282,0.043966923,2,-1.0,False,49
-0.84861463,0.047213554,2,-1.0,False,49
-0.7983318,0.050282877,2,-1.0,False,49
-0.74521387,0.053117886,2,-1.0,False,49
-0.6895537,0.05566023,2,-1.0,False,49
-0.63169956,0.057854105,2,-1.0,False,49
-0.57204884,0.059650723,2,-1.0,False,49
-0.51103604,0.061012823,2,-1.0,False,49
-0.4491174,0.061918624,2,-1.0,False,49
-0.38675275,0.06236465,2,-1.0,False,49
-0.32438585,0.06236689,2,-1.0,False,49
-0.2624257,0.061960164,2,-1.0,False,49
-0.20122996,0.06119572,2,-1.0,False,49
-0.14109236,0.060137603,2,-1.0,False,49
-0.08223413,0.058858234,2,-1.0,False,49
-0.0248002,0.057433926,2,-1.0,False,49
0.031140642,0.055940844,2,-1.0,False,49
0.08559239,0.054451745,2,-1.0,False,49
0.1386261,0.05303371,2,-1.0,False,49
0.1903729,0.051746808,2,-1.0,False,49
0.24101646,0.050643563,2,-1.0,False,49
0.29078555,0.049769085,2,-1.0,False,49
0.33994707,0.049161527,2,-1.0,False,49
0.38879985,0.048852775,2,-1.0,False,49
0.43766898,0.048869114,2,-1.0,False,49
0.48690072,0.049231753,2,-1.0,True,49
-0.47982714,0.0,2,-1.0,False,50
-0.4791545,0.0006726554,2,-1.0,False,50
-0.47781417,0.00134031,2,-1.0,False,50
-0.47581616,0.0019980043,2,-1.0,False,50
-0.47317532,0.0026408606,2,-1.0,False,50
-0.4699112,0.0032641254,2,-1.0,False,50
-0.46604797,0.003863207,2,-1.0,False,50
-0.46161425,0.004433717,2,-1.0,False,50
-0.45664275,0.004971508,2,-1.0,False,50
-0.45117006,0.005472708,2,-1.0,False,50
-0.4452363,0.005933757,2,-1.0,False,50
-0.43888485,0.006351437,2,-1.0,False,50
-0.43216196,0.0067228996,2,-1.0,False,50
-0.42511627,0.0070456914,0,-1.0,False,50
-0.4197985,0.0053177713,0,-1.0,False,50
-0.4162467,0.0035517905,0,-1.0,False,50
-0.4144862,0.0017604961,0,-1.0,False,50
-0.4145295,-4.33121e-05,0,-1.0,False,50
-0.41637632,-0.0018468127,0,-1.0,False,50
-0.42001352,-0.0036371846,0,-1.0,False,50
-0.42541513,-0.0054016304,0,-1.0,False,50
-0.43254256,-0.0071274056,0,-1.0,False,50
-0.4413444,-0.008801865,0,-1.0,False,50
-0.45175695,-0.010412532,0,-1.0,False,50
-0.46370414,-0.011947184,0,-1.0,False,50
-0.4770981,-0.01339398,0,-1.0,False,50
-0.4918397,-0.014741605,0,-1.0,False,50
-0.5078192,-0.015979437,0,-1.0,False,50
-0.5249169,-0.017097741,0,-1.0,False,50
-0.54300475,-0.018087855,0,-1.0,False,50
-0.56194717,-0.018942391,0,-1.0,False,50
-0.5816026,-0.019655414,0,-1.0,False,50
-0.6018251,-0.020222578,0,-1.0,False,50
-0.6224664,-0.02064125,0,-1.0,False,50
-0.64337695,-0.020910569,0,-1.0,False,50
-0.6644084,-0.02103144,0,-1.0,False,50
-0.6854149,-0.021006497,0,-1.0,False,50
-0.7062549,-0.020839984,0,-1.0,False,50
-0.72679245,-0.0205376,0,-1.0,False,50
-0.7468988,-0.02010629,0,-1.0,False,50
-0.7664528,-0.01955402,0,-1.0,False,50
-0.78534234,-0.018889528,0,-1.0,False,50
-0.80346435,-0.018122056,0,-1.0,False,50
-0.8207255,-0.017261121,0,-1.0,False,50
-0.83704174,-0.016316272,0,-1.0,False,50
-0.8523387,-0.015296892,0,-1.0,False,50
-0.8665507,-0.014212028,0,-1.0,False,50
-0.8796209,-0.013070255,0,-1.0,False,50
-0.89150053,-0.011879578,0,-1.0,False,50
-0.9021479,-0.010647373,2,-1.0,False,50
-0.90952826,-0.007380355,2,-1.0,False,50
-0.9136188,-0.004090561,2,-1.0,False,50
-0.91440743,-0.0007886259,2,-1.0,False,50
-0.9118918,0.00251561,2,-1.0,False,50
-0.90607935,0.0058124615,2,-1.0,False,50
-0.8969876,0.009091752,2,-1.0,False,50
-0.8846454,0.012342184,2,-1.0,False,50
-0.86909467,0.015550767,2,-1.0,False,50
-0.85039234,0.018702319,2,-1.0,False,50
-0.8286132,0.021779092,2,-1.0,False,50
-0.8038527,0.024760565,2,-1.0,False,50
-0.7762292,0.027623443,2,-1.0,False,50
-0.7458873,0.030341923,2,-1.0,False,50
-0.71299905,0.032888237,2,-1.0,False,50
-0.67776555,0.035233527,2,-1.0,False,50
-0.64041656,0.037348997,2,-1.0,False,50
-0.6012092,0.039207306,2,-1.0,False,50
-0.5604251,0.04078414,2,-1.0,False,50
-0.5183653,0.042059775,2,-1.0,False,50
-0.4753448,0.043020524,2,-1.0,False,50
-0.4316849,0.043659884,2,-1.0,False,50
-0.38770568,0.04397923,2,-1.0,False,50
-0.34371763,0.043988034,2,-1.0,False,50
-0.3000142,0.043703455,2,-1.0,False,50
-0.25686467,0.043149516,2,-1.0,False,50
-0.2145089,0.042355772,2,-1.0,False,50
-0.17315309,0.04135581,2,-1.0,False,50
-0.1329675,0.040185593,2,-1.0,False,50
-0.09408563,0.03888187,2,-1.0,False,50
-0.056604825,0.0374808,2,-1.0,False,50
-0.020588066,0.03601676,2,-1.0,False,50
0.01393346,0.034521528,2,-1.0,False,50
0.04695717,0.03302371,2,-1.0,False,50
0.07850564,0.031548474,2,-1.0,False,50
0.10862313,0.03011749,2,-1.0,False,50
0.1373722,0.028749058,2,-1.0,False,50
0.16483057,0.027458372,2,-1.0,False,50
0.19108841,0.026257845,2,-1.0,False,50
0.21624592,0.02515751,2,-1.0,False,50
0.24041131,0.024165392,2,-1.0,False,50
0.26369923,0.023287913,2,-1.0,False,50
0.28622946,0.02253025,2,-1.0,False,50
0.30812615,0.021896673,2,-1.0,False,50
0.329517,0.021390846,2,-1.0,False,50
0.3505331,0.021016095,2,-1.0,False,50
0.3713087,0.020775637,2,-1.0,False,50
0.3919815,0.020672783,2,-1.0,False,50
0.4126926,0.020711103,2,-1.0,False,50
0.43358716,0.02089457,2,-1.0,False,50
0.45481482,0.021227658,2,-1.0,False,50
0.47653025,0.02171543,2,-1.0,False,50
0.49889386,0.02236359,2,-1.0,True,50
-0.40290192,0.0,0,-1.0,False,51
-0.4047875,-0.001885575,0,-1.0,False,51
-0.4085454,-0.003757911,0,-1.0,False,51
-0.4141492,-0.0056037796,0,-1.0,False,51
-0.42155918,-0.0074099805,0,-1.0,False,51
-0.43072256,-0.009163381,0,-1.0,False,51
-0.44157353,-0.010850974,0,-1.0,False,51
-0.4540335,-0.012459974,0,-1.0,False,51
-0.46801144,-0.013977935,0,-1.0,False,51
-0.48340434,-0.01539291,0,-1.0,False,51
-0.500098,-0.016693639,0,-1.0,False,51
-0.51796776,-0.017869748,0,-1.0,False,51
-0.5368797,-0.018911978,0,-1.0,False,51
-0.5566921,-0.019812398,0,-1.0,False,51
-0.57725674,-0.020564606,0,-1.0,False,51
-0.5984206,-0.021163907,0,-1.0,False,51
-0.6200281,-0.021607444,0,-1.0,False,51
-0.64192235,-0.021894269,0,-1.0,False,51
-0.6639477,-0.022025362,0,-1.0,False,51
-0.6859513,-0.022003572,0,-1.0,False,51
-0.7077848,-0.021833504,0,-1.0,False,51
-0.7293061,-0.021521337,0,-1.0,False,51
-0.7503807,-0.021074612,0,-1.0,False,51
-0.77088267,-0.020501956,0,-1.0,False,51
-0.7906955,-0.01981282,0,-1.0,False,51
-0.8097127,-0.019017186,0,-1.0,False,51
-0.82783794,-0.018125286,0,-1.0,False,51
-0.8449853,-0.017147364,0,-1.0,False,51
-0.8610788,-0.016093438,0,-1.0,False,51
-0.8760519,-0.014973122,0,-1.0,False,51
-0.88984734,-0.013795468,0,-1.0,False,51
-0.9024162,-0.012568873,0,-1.0,False,51
-0.91371727,-0.011301008,0,-1.0,False,51
-0.923716,-0.009998784,0,-1.0,False,51
-0.9323844,-0.008668369,2,-1.0,False,51
-0.9376996,-0.005315206,2,-1.0,False,51
-0.9396485,-0.0019488828,2,-1.0,False,51
-0.9382264,0.0014221156,2,-1.0,False,51
-0.93343663,0.0047897105,2,-1.0,False,51
-0.9252911,0.008145526,2,-1.0,False,51
-0.91381097,0.011480193,2,-1.0,False,51
-0.89902824,0.0147826895,2,-1.0,False,51
-0.8809885,0.018039746,2,-1.0,False,51
-0.8597532,0.021235345,2,-1.0,False,51
-0.8354028,0.024350379,2,-1.0,False,51
-0.8080403,0.027362488,2,-1.0,False,51
-0.7777941,0.030246165,2,-1.0,False,51
-0.74482095,0.032973148,2,-1.0,False,51
-0.7093078,0.03551317,2,-1.0,False,51
-0.6714728,0.037835047,2,-1.0,False,51
-0.6315647,0.03990808,2,-1.0,False,51
-0.5898609,0.041703742,2,-1.0,False,51
-0.5466635,0.04319744,2,-1.0,False,51
-0.5022932,0.044370286,2,-1.0,False,51
-0.4570826,0.045210604,2,-1.0,False,51
-0.41136757,0.045715038,2,-1.0,False,51
-0.36547846,0.045889117,2,-1.0,False,51
-0.31973127,0.04574719,2,-1.0,False,51
-0.27441952,0.04531174,2,-1.0,False,51
-0.22980736,0.044612154,2,-1.0,False,51
-0.18612425,0.04368312,2,-1.0,False,51
-0.14356142,0.042562824,2,-1.0,False,51
-0.1022703,0.04129112,2,-1.0,False,51
-0.062362432,0.03990787,2,-1.0,False,51
-0.023910938,0.038451493,2,-1.0,False,51
0.013046985,0.036957923,2,-1.0,False,51
0.048506822,0.03545984,2,-1.0,False,51
0.08249308,0.033986263,2,-1.0,False,51
0.11505551,0.032562427,2,-1.0,False,51
0.14626539,0.03120988,2,-1.0,False,51
0.17621212,0.029946722,2,-1.0,False,51
0.2050001,0.028787982,2,-1.0,False,51
0.23274614,0.02774605,2,-1.0,False,51
0.25957724,0.02683111,2,-1.0,False,51
0.28562886,0.026051598,2,-1.0,False,51
0.31104347,0.025414612,2,-1.0,False,51
0.33596978,0.024926309,2,-1.0,False,51
0.360562,0.024592234,2,-1.0,False,51
0.38497964,0.024417631,2,-1.0,False,51
0.40938735,0.024407696,2,-1.0,False,51
0.4339551,0.024567772,2,-1.0,False,51
0.45885864,0.02490352,2,-1.0,False,51
0.48427963,0.025421016,2,-1.0,True,51
-0.5520658,0.0,0,-1.0,False,52
-0.5528526,-0.00078675663,0,-1.0,False,52
-0.55442023,-0.0015676348,0,-1.0,False,52
-0.55675703,-0.0023368031,0,-1.0,False,52
-0.5598455,-0.0030885264,0,-1.0,False,52
-0.56366277,-0.0038172111,0,-1.0,False,52
-0.5681802,-0.004517454,0,-1.0,False,52
-0.5733643,-0.0051840893,0,-1.0,False,52
-0.57917655,-0.0058122333,0,-1.0,False,52
-0.58557385,-0.006397329,0,-1.0,False,52
-0.59250903,-0.006935189,0,-1.0,False,52
-0.59993106,-0.0074220356,0,-1.0,False,52
-0.6077856,-0.007854533,0,-1.0,False,52
-0.61601543,-0.008229824,0,-1.0,False,52
-0.62456095,-0.008545544,0,-1.0,False,52
-0.6333608,-0.008799853,0,-1.0,False,52
-0.6423523,-0.008991433,0,-1.0,False,52
-0.6514718,-0.009119503,0,-1.0,False,52
-0.66065556,-0.009183806,0,-1.0,False,52
-0.66984016,-0.009184601,0,-1.0,False,52
-0.6789628,-0.009122638,0,-1.0,False,52
-0.68796194,-0.008999142,0,-1.0,False,52
-0.6967777,-0.008815767,0,-1.0,False,52
-0.7053523,-0.008574572,0,-1.0,False,52
-0.71363026,-0.00827797,0,-1.0,False,52
-0.7215589,-0.007928691,0,-1.0,False,52
-0.72908866,-0.007529738,0,-1.0,False,52
-0.73617303,-0.0070843417,0,-1.0,False,52
-0.74276894,-0.0065959236,0,-1.0,False,52
-0.748837,-0.0060680527,0,-1.0,False,52
-0.7543414,-0.005504415,0,-1.0,False,52
-0.7592502,-0.00490878,0,-1.0,False,52
-0.7635352,-0.0042849774,0,-1.0,False,52
-0.76717204,-0.0036368745,0,-1.0,False,52
-0.7701404,-0.0029683597,0,-1.0,False,52
-0.77242374,-0.0022833326,0,-1.0,False,52
-0.77400947,-0.0015856944,0,-1.0,False,52
-0.7748888,-0.00087934517,0,-1.0,False,52
-0.77505696,-0.0001681819,0,-1.0,False,52
-0.77451307,0.00054390077,0,-1.0,False,52
-0.77326006,0.0012530086,0,-1.0,False,52
-0.77130485,0.0019552459,2,-1.0,False,52
-0.7666581,0.004646714,2,-1.0,False,52
-0.75934577,0.007312356,2,-1.0,False,52
-0.749409,0.009936703,2,-1.0,False,52
-0.73690534,0.012503686,2,-1.0,False,52
-0.72190887,0.014996514,2,-1.0,False,52
-0.7045112,0.017397642,2,-1.0,False,52
-0.6848224,0.019688847,2,-1.0,False,52
-0.6629709,0.021851426,2,-1.0,False,52
-0.6391044,0.023866525,2,-1.0,False,52
-0.61338884,0.025715586,2,-1.0,False,52
-0.5860079,0.027380897,2,-1.0,False,52
-0.5571617,0.028846234,2,-1.0,False,52
-0.52706414,0.030097531,1,-1.0,False,52
-0.49694064,0.03012352,1,-1.0,False,52
-0.46701685,0.029923799,0,-1.0,False,52
-0.43851537,0.02850147,2,-1.0,False,52
-0.4096451,0.02887025,2,-1.0,False,52
-0.38061297,0.029032148,2,-1.0,False,52
-0.3516206,0.02899234,2,-1.0,False,52
-0.32286167,0.028758971,2,-1.0,False,52
-0.29451886,0.028342806,2,-1.0,False,52
-0.26676205,0.02775679,2,-1.0,False,52
-0.23974653,0.027015537,2,-1.0,False,52
-0.21361175,0.02613477,2,-1.0,False,52
-0.18848097,0.025130779,2,-1.0,False,52
-0.16446108,0.024019899,1,-1.0,False,52
-0.14264302,0.02181806,0,-1.0,False,52
-0.12409952,0.018543493,0,-1.0,False,52
-0.10888477,0.015214759,0,-1.0,False,52
-0.09703781,0.011846956,0,-1.0,False,52
-0.08858567,0.0084521435,0,-1.0,False,52
-0.08354576,0.0050399085,0,-1.0,False,52
-0.08192774,0.001618022,0,-1.0,False,52
-0.08373458,-0.0018068457,2,-1.0,False,52
-0.08696296,-0.0032283803,2,-1.0,False,52
-0.09160674,-0.004643783,2,-1.0,False,52
-0.09765671,-0.006049968,2,-1.0,False,52
-0.105100155,-0.007443444,2,-1.0,False,52
-0.11392036,-0.008820202,2,-1.0,False,52
-0.12409598,-0.0101756165,2,-1.0,False,52
-0.13560034,-0.0115043605,2,-1.0,False,52
-0.14840068,-0.012800339,0,-1.0,False,52
-0.16445732,-0.016056648,0,-1.0,False,52
-0.18371582,-0.019258501,0,-1.0,False,52
-0.20610413,-0.022388311,0,-1.0,False,52
-0.2315296,-0.025425455,0,-1.0,False,52
-0.25987583,-0.028346248,0,-1.0,False,52
-0.29100004,-0.031124186,0,-1.0,False,52
-0.32473055,-0.033730514,0,-1.0,False,52
-0.36086565,-0.036135107,0,-1.0,False,52
-0.39917335,-0.038307697,0,-1.0,False,52
-0.43939272,-0.040219367,2,-1.0,False,52
-0.47923693,-0.039844215,2,-1.0,False,52
-0.5184129,-0.03917595,2,-1.0,False,52
-0.5566277,-0.03821484,2,-1.0,False,52
-0.59359527,-0.03696753,0,-1.0,False,52
-0.63104165,-0.037446406,0,-1.0,False,52
-0.6686961,-0.037654467,0,-1.0,False,52
-0.7062964,-0.03760028,0,-1.0,False,52
-0.743594,-0.037297625,0,-1.0,False,52
-0.7803589,-0.036764864,0,-1.0,False,52
-0.8163829,-0.036024023,0,-1.0,False,52
-0.8514827,-0.0350998,0,-1.0,False,52
-0.8855012,-0.034018487,0,-1.0,False,52
-0.9183081,-0.032806903,0,-1.0,False,52
-0.9497996,-0.031491477,0,-1.0,False,52
-0.979897,-0.030097442,0,-1.0,False,52
-1.0085453,-0.028648224,0,-1.0,False,52
-1.0357102,-0.027165012,0,-1.0,False,52
-1.0613767,-0.025666496,2,-1.0,False,52
-1.0835454,-0.022168757,0,-1.0,False,52
-1.1042291,-0.020683607,0,-1.0,False,52
-1.1234492,-0.01922011,0,-1.0,False,52
-1.1412344,-0.017785236,0,-1.0,False,52
-1.1576185,-0.016384061,0,-1.0,False,52
-1.1726385,-0.015019979,0,-1.0,False,52
-1.1863334,-0.013694924,0,-1.0,False,52
-1.198743,-0.012409567,0,-1.0,False,52
-1.2,0.0,2,-1.0,False,52
-1.1967582,0.003241896,2,-1.0,False,52
-1.1902636,0.0064944453,2,-1.0,False,52
-1.180496,0.009767694,2,-1.0,False,52
-1.1674255,0.013070449,2,-1.0,False,52
-1.1510159,0.016409589,2,-1.0,False,52
-1.1312267,0.01978931,2,-1.0,False,52
-1.1080164,0.023210295,2,-1.0,False,52
-1.0813475,0.026668796,2,-1.0,False,52
-1.0511918,0.030155689,2,-1.0,False,52
-1.0175363,0.03365551,2,-1.0,False,52
-0.9803907,0.03714562,2,-1.0,False,52
-0.93979514,0.040595576,2,-1.0,False,52
-0.8958282,0.043966923,2,-1.0,False,52
-0.84861463,0.047213554,2,-1.0,False,52
-0.7983318,0.050282877,2,-1.0,False,52
-0.74521387,0.053117886,2,-1.0,False,52
-0.6895537,0.05566023,2,-1.0,False,52
-0.63169956,0.057854105,2,-1.0,False,52
-0.57204884,0.059650723,2,-1.0,False,52
-0.51103604,0.061012823,2,-1.0,False,52
-0.4491174,0.061918624,2,-1.0,False,52
-0.38675275,0.06236465,2,-1.0,False,52
-0.32438585,0.06236689,2,-1.0,False,52
-0.2624257,0.061960164,2,-1.0,False,52
-0.20122996,0.06119572,2,-1.0,False,52
-0.14109236,0.060137603,2,-1.0,False,52
-0.08223413,0.058858234,2,-1.0,False,52
-0.0248002,0.057433926,2,-1.0,False,52
0.031140642,0.055940844,2,-1.0,False,52
0.08559239,0.054451745,2,-1.0,False,52
0.1386261,0.05303371,2,-1.0,False,52
0.1903729,0.051746808,2,-1.0,False,52
0.24101646,0.050643563,2,-1.0,False,52
0.29078555,0.049769085,2,-1.0,False,52
0.33994707,0.049161527,2,-1.0,False,52
0.38879985,0.048852775,2,-1.0,False,52
0.43766898,0.048869114,2,-1.0,False,52
0.48690072,0.049231753,2,-1.0,True,52
-0.4917087,0.0,2,-1.0,False,53
-0.4909475,0.0007611891,2,-1.0,False,53
-0.48943081,0.0015166961,2,-1.0,False,53
-0.48716992,0.0022608847,2,-1.0,False,53
-0.4841817,0.002988212,2,-1.0,False,53
-0.48048845,0.0036932726,2,-1.0,False,53
-0.4761176,0.004370846,2,-1.0,False,53
-0.47110167,0.00501594,2,-1.0,False,53
-0.46547782,0.005623837,2,-1.0,False,53
-0.45928767,0.0061901356,2,-1.0,False,53
-0.4525769,0.006710789,2,-1.0,False,53
-0.44539475,0.007182146,2,-1.0,False,53
-0.43779376,0.0076009817,2,-1.0,False,53
-0.42982924,0.007964528,0,-1.0,False,53
-0.42355874,0.0062704952,0,-1.0,False,53
-0.41902733,0.0045314077,0,-1.0,False,53
-0.41626742,0.0027599232,0,-1.0,False,53
-0.41529864,0.00096877635,0,-1.0,False,53
-0.4161279,-0.0008292597,0,-1.0,False,53
-0.4187493,-0.0026213992,0,-1.0,False,53
-0.42314416,-0.004394867,0,-1.0,False,53
-0.4292811,-0.006136924,0,-1.0,False,53
-0.437116,-0.007834905,0,-1.0,False,53
-0.44659227,-0.009476273,0,-1.0,False,53
-0.45764098,-0.011048699,0,-1.0,False,53
-0.47018114,-0.012540161,0,-1.0,False,53
-0.48412022,-0.013939081,0,-1.0,False,53
-0.4993547,-0.015234478,0,-1.0,False,53
-0.51577085,-0.01641615,0,-1.0,False,53
-0.5332457,-0.017474853,0,-1.0,False,53
-0.5516482,-0.018402511,0,-1.0,False,53
-0.5708406,-0.019192388,0,-1.0,False,53
-0.5906798,-0.019839259,0,-1.0,False,53
-0.6110194,-0.020339541,0,-1.0,False,53
-0.63171077,-0.020691376,0,-1.0,False,53
-0.6526054,-0.020894678,0,-1.0,False,53
-0.67355657,-0.020951102,0,-1.0,False,53
-0.6944205,-0.020863973,0,-1.0,False,53
-0.7150587,-0.020638155,0,-1.0,False,53
-0.73533857,-0.02027987,0,-1.0,False,53
-0.755135,-0.019796485,0,-1.0,False,53
-0.7743313,-0.019196272,0,-1.0,False,53
-0.79281944,-0.01848816,0,-1.0,False,53
-0.8105009,-0.017681476,0,-1.0,False,53
-0.82728666,-0.016785719,0,-1.0,False,53
-0.843097,-0.015810328,0,-1.0,False,53
-0.8578615,-0.01476451,0,-1.0,False,53
-0.87151855,-0.013657074,0,-1.0,False,53
-0.8840149,-0.012496321,0,-1.0,False,53
-0.89530486,-0.011289958,0,-1.0,False,53
-0.9053499,-0.010045051,2,-1.0,False,53
-0.9121179,-0.0067680143,2,-1.0,False,53
-0.9155884,-0.0034704935,2,-1.0,False,53
-0.9157512,-0.0001628361,2,-1.0,False,53
-0.91260594,0.0031452908,2,-1.0,False,53
-0.90616167,0.006444252,2,-1.0,False,53
-0.8964379,0.009723796,2,-1.0,False,53
-0.88346547,0.012972429,2,-1.0,False,53
-0.8672886,0.016176851,2,-1.0,False,53
-0.84796715,0.019321475,2,-1.0,False,53
-0.82557905,0.022388067,2,-1.0,False,53
-0.80022347,0.025355583,2,-1.0,False,53
-0.7720233,0.028200198,2,-1.0,False,53
-0.74112767,0.030895632,2,-1.0,False,53
-0.7077139,0.033413738,2,-1.0,False,53
-0.6719885,0.035725452,2,-1.0,False,53
-0.6341865,0.03780198,2,-1.0,False,53
-0.5945702,0.039616257,2,-1.0,False,53
-0.5534257,0.041144527,2,-1.0,False,53
-0.5110578,0.04236793,2,-1.0,False,53
-0.46778387,0.043273896,2,-1.0,False,53
-0.42392665,0.04385724,2,-1.0,False,53
-0.37980586,0.04412079,2,-1.0,False,53
-0.33573037,0.044075478,2,-1.0,False,53
-0.2919905,0.043739885,2,-1.0,False,53
-0.24885122,0.043139257,2,-1.0,False,53
-0.20654705,0.042304173,2,-1.0,False,53
-0.16527809,0.041268956,2,-1.0,False,53
-0.12520806,0.040070027,2,-1.0,False,53
-0.08646374,0.03874433,2,-1.0,False,53
-0.049135774,0.037327964,2,-1.0,False,53
-0.013280699,0.035855077,2,-1.0,False,53
0.02107636,0.03435706,2,-1.0,False,53
0.053938415,0.032862056,2,-1.0,False,53
0.08533313,0.031394716,2,-1.0,False,53
0.11530932,0.029976187,2,-1.0,False,53
0.14393361,0.028624285,2,-1.0,False,53
0.17128736,0.02735375,2,-1.0,False,53
0.19746397,0.026176618,2,-1.0,False,53
0.22256657,0.0251026,2,-1.0,False,53
0.24670605,0.02413948,2,-1.0,False,53
0.26999956,0.023293508,2,-1.0,False,53
0.2925693,0.022569759,2,-1.0,False,53
0.3145418,0.02197247,2,-1.0,False,53
0.3360471,0.021505328,2,-1.0,False,53
0.35721886,0.021171745,2,-1.0,False,53
0.37819394,0.020975068,2,-1.0,False,53
0.39911273,0.020918788,2,-1.0,False,53
0.4201194,0.021006696,2,-1.0,False,53
0.4413624,0.021243006,2,-1.0,False,53
0.4629949,0.021632472,2,-1.0,False,53
0.48517534,0.022180442,2,-1.0,True,53
-0.4541662,0.0,2,-1.0,False,54
-0.45368317,0.00048301317,2,-1.0,False,54
-0.4527207,0.0009624826,2,-1.0,False,54
-0.4512858,0.0014348937,2,-1.0,False,54
-0.449389,0.0018967905,2,-1.0,False,54
-0.44704422,0.0023448037,2,-1.0,False,54
-0.44426852,0.0027756784,2,-1.0,False,54
-0.44108224,0.0031863023,2,-1.0,False,54
-0.4375085,0.0035737297,2,-1.0,False,54
-0.4335733,0.003935207,2,-1.0,False,54
-0.4293051,0.004268194,0,-1.0,False,54
-0.42673472,0.0025703858,0,-1.0,False,54
-0.42588064,0.0008540868,0,-1.0,False,54
-0.42674896,-0.000868347,0,-1.0,False,54
-0.4293335,-0.0025845435,0,-1.0,False,54
-0.43361565,-0.004282147,0,-1.0,False,54
-0.43956453,-0.0059488537,0,-1.0,False,54
-0.44713697,-0.007572456,0,-1.0,False,54
-0.45627788,-0.009140903,0,-1.0,False,54
-0.46692026,-0.010642385,0,-1.0,False,54
-0.4789857,-0.012065428,0,-1.0,False,54
-0.49238473,-0.013399028,0,-1.0,False,54
-0.5070175,-0.014632791,0,-1.0,False,54
-0.52277464,-0.0157571,0,-1.0,False,54
-0.5395379,-0.016763281,0,-1.0,False,54
-0.55718166,-0.017643783,0,-1.0,False,54
-0.57557404,-0.018392337,0,-1.0,False,54
-0.5945781,-0.019004101,0,-1.0,False,54
-0.6140539,-0.01947577,0,-1.0,False,54
-0.6338595,-0.019805651,0,-1.0,False,54
-0.65385324,-0.019993694,0,-1.0,False,54
-0.6738947,-0.020041458,0,-1.0,False,54
-0.69384676,-0.019952048,0,-1.0,False,54
-0.71357673,-0.019729981,0,-1.0,False,54
-0.7329578,-0.01938104,0,-1.0,False,54
-0.7518698,-0.018912066,0,-1.0,False,54
-0.77020055,-0.018330745,0,-1.0,False,54
-0.78784597,-0.017645385,0,-1.0,False,54
-0.8047106,-0.016864683,0,-1.0,False,54
-0.82070816,-0.01599752,0,-1.0,False,54
-0.8357609,-0.0150527535,0,-1.0,False,54
-0.8498,-0.014039051,0,-1.0,False,54
-0.8627647,-0.012964754,0,-1.0,False,54
-0.8746025,-0.011837765,0,-1.0,False,54
-0.885268,-0.010665471,0,-1.0,False,54
-0.89472264,-0.009454704,0,-1.0,False,54
-0.9029344,-0.008211722,2,-1.0,False,54
-0.9078766,-0.004942223,2,-1.0,False,54
-0.90953404,-0.0016574288,2,-1.0,False,54
-0.90790164,0.0016323827,2,-1.0,False,54
-0.9029844,0.0049172533,2,-1.0,False,54
-0.8947975,0.008186909,2,-1.0,False,54
-0.88336736,0.011430139,2,-1.0,False,54
-0.8687331,0.014634214,2,-1.0,False,54
-0.85094875,0.017784385,2,-1.0,False,54
-0.8300853,0.020863479,2,-1.0,False,54
-0.8062336,0.023851663,2,-1.0,False,54
-0.7795072,0.026726402,2,-1.0,False,54
-0.7500445,0.029462654,2,-1.0,False,54
-0.7180112,0.032033347,2,-1.0,False,54
-0.683601,0.03441017,2,-1.0,False,54
-0.6470364,0.036564633,2,-1.0,False,54
-0.608567,0.0384694,2,-1.0,False,54
-0.5684672,0.040099785,2,-1.0,False,54
-0.5270319,0.041435283,2,-1.0,False,54
-0.4845709,0.04246103,2,-1.0,False,54
-0.4414019,0.043168988,2,-1.0,False,54
-0.39784315,0.043558743,2,-1.0,False,54
-0.35420537,0.04363779,2,-1.0,False,54
-0.31078407,0.043421317,2,-1.0,False,54
-0.2678526,0.042931452,2,-1.0,False,54
-0.22565652,0.042196076,2,-1.0,False,54
-0.18440914,0.04124739,2,-1.0,False,54
-0.14428884,0.040120307,2,-1.0,False,54
-0.10543794,0.03885089,2,-1.0,False,54
-0.06796303,0.03747492,2,-1.0,False,54
-0.031936325,0.0360267,2,-1.0,False,54
0.002601842,0.03453817,2,-1.0,False,54
0.035640087,0.033038244,2,-1.0,False,54
0.06719261,0.03155252,2,-1.0,False,54
0.097295746,0.03010314,2,-1.0,False,54
0.12600462,0.028708884,2,-1.0,False,54
0.15339002,0.027385386,2,-1.0,False,54
0.17953545,0.026145443,2,-1.0,False,54
0.20453484,0.024999382,2,-1.0,False,54
0.22849028,0.023955436,2,-1.0,False,54
0.2515104,0.023020133,2,-1.0,False,54
0.27370906,0.022198653,2,-1.0,False,54
0.29520422,0.021495162,2,-1.0,False,54
0.31611735,0.020913122,2,-1.0,False,54
0.33657292,0.020455565,2,-1.0,False,54
0.35669822,0.020125318,2,-1.0,False,54
0.37662345,0.019925216,2,-1.0,False,54
0.39648172,0.019858273,2,-1.0,False,54
0.41640955,0.019927835,2,-1.0,False,54
0.43654725,0.0201377,2,-1.0,False,54
0.45703948,0.02049221,2,-1.0,False,54
0.47803578,0.020996325,2,-1.0,False,54
0.49969146,0.021655666,2,-1.0,True,54
-0.46514532,0.0,2,-1.0,False,55
-0.4645815,0.00056384254,2,-1.0,False,55
-0.46345794,0.0011235217,2,-1.0,False,55
-0.46178305,0.0016749087,2,-1.0,False,55
-0.4595691,0.0022139435,2,-1.0,False,55
-0.45683244,0.0027366688,2,-1.0,False,55
-0.45359316,0.0032392628,2,-1.0,False,55
-0.4498751,0.0037180719,2,-1.0,False,55
-0.44570544,0.004169641,2,-1.0,False,55
-0.44111472,0.0045907437,2,-1.0,False,55
-0.4361363,0.004978407,2,-1.0,False,55
-0.43080637,0.00532994,0,-1.0,False,55
-0.42716342,0.0036429507,0,-1.0,False,55
-0.4252337,0.0019297325,0,-1.0,False,55
-0.42503104,0.00020265504,0,-1.0,False,55
-0.42655692,-0.0015258766,0,-1.0,False,55
-0.42980036,-0.003243453,0,-1.0,False,55
-0.43473804,-0.004937694,0,-1.0,False,55
-0.44133434,-0.0065962835,0,-1.0,False,55
-0.44954136,-0.008207023,0,-1.0,False,55
-0.45929927,-0.009757895,0,-1.0,False,55
-0.4705364,-0.011237157,0,-1.0,False,55
-0.48316985,-0.012633446,0,-1.0,False,55
-0.49710578,-0.01393592,0,-1.0,False,55
-0.5122402,-0.015134408,0,-1.0,False,55
-0.5284598,-0.01621958,0,-1.0,False,55
-0.5456429,-0.017183125,0,-1.0,False,55
-0.5636608,-0.018017914,0,-1.0,False,55
-0.582379,-0.018718172,0,-1.0,False,55
-0.6016586,-0.019279601,0,-1.0,False,55
-0.6213581,-0.01969949,0,-1.0,False,55
-0.64133483,-0.019976761,0,-1.0,False,55
-0.6614468,-0.020111986,0,-1.0,False,55
-0.68155414,-0.020107344,0,-1.0,False,55
-0.7015207,-0.019966519,0,-1.0,False,55
-0.72121525,-0.019694572,0,-1.0,False,55
-0.740513,-0.019297756,0,-1.0,False,55
-0.7592963,-0.018783312,0,-1.0,False,55
-0.77745557,-0.018159246,0,-1.0,False,55
-0.7948897,-0.0174341,0,-1.0,False,55
-0.8115064,-0.016616719,0,-1.0,False,55
-0.8272224,-0.015716054,0,-1.0,False,55
-0.8419634,-0.014740959,0,-1.0,False,55
-0.8556634,-0.013700039,0,-1.0,False,55
-0.868265,-0.012601518,0,-1.0,False,55
-0.87971807,-0.011453141,0,-1.0,False,55
-0.8899802,-0.010262114,0,-1.0,False,55
-0.89901525,-0.009035067,2,-1.0,False,55
-0.9047933,-0.0057780524,2,-1.0,False,55
-0.90729606,-0.002502742,2,-1.0,False,55
-0.9065158,0.0007802815,2,-1.0,False,55
-0.90245485,0.0040609143,2,-1.0,False,55
-0.895126,0.007328902,2,-1.0,False,55
-0.8845528,0.010573218,2,-1.0,False,55
-0.8707713,0.013781476,2,-1.0,False,55
-0.8538319,0.016939403,2,-1.0,False,55
-0.83380145,0.020030428,2,-1.0,False,55
-0.81076604,0.023035387,2,-1.0,False,55
-0.7848336,0.02593244,2,-1.0,False,55
-0.7561364,0.028697211,2,-1.0,False,55
-0.7248332,0.031303186,2,-1.0,False,55
-0.6911108,0.033722423,2,-1.0,False,55
-0.65518427,0.035926547,2,-1.0,False,55
-0.6172962,0.037888005,2,-1.0,False,55
-0.57771474,0.03958152,2,-1.0,False,55
-0.5367291,0.040985607,2,-1.0,False,55
-0.49464506,0.04208406,2,-1.0,False,55
-0.45177788,0.04286718,2,-1.0,False,55
-0.40844518,0.04333268,2,-1.0,False,55
-0.3649591,0.043486107,2,-1.0,False,55
-0.32161838,0.043340717,2,-1.0,False,55
-0.27870148,0.04291688,2,-1.0,False,55
-0.2364605,0.04224098,2,-1.0,False,55
-0.19511645,0.04134407,2,-1.0,False,55
-0.15485618,0.04026027,2,-1.0,False,55
-0.115830936,0.039025232,2,-1.0,False,55
-0.07815628,0.03767466,2,-1.0,False,55
-0.04191321,0.036243066,2,-1.0,False,55
-0.0071504093,0.034762803,2,-1.0,False,55
0.026112968,0.033263378,2,-1.0,False,55
0.05788401,0.031771045,2,-1.0,False,55
0.08819266,0.030308643,2,-1.0,False,55
0.117088296,0.028895637,2,-1.0,False,55
0.14463659,0.02754829,2,-1.0,False,55
0.17091656,0.02627997,2,-1.0,False,55
0.19601803,0.025101472,2,-1.0,False,55
0.22003944,0.024021417,2,-1.0,False,55
0.24308605,0.023046618,2,-1.0,False,55
0.2652685,0.022182446,2,-1.0,False,55
0.28670168,0.02143317,2,-1.0,False,55
0.30750394,0.020802276,2,-1.0,False,55
0.32779667,0.020292727,2,-1.0,False,55
0.3477039,0.019907217,2,-1.0,False,55
0.36735228,0.019648382,2,-1.0,False,55
0.38687125,0.019518977,2,-1.0,False,55
0.4063933,0.019522035,2,-1.0,False,55
0.4260543,0.019660996,2,-1.0,False,55
0.4459941,0.019939808,2,-1.0,False,55
0.4663571,0.020363018,2,-1.0,False,55
0.48729292,0.020935811,2,-1.0,True,55
-0.4112689,0.0,0,-1.0,False,56
-0.4130955,-0.0018266189,0,-1.0,False,56
-0.4167358,-0.0036402964,0,-1.0,False,56
-0.4221639,-0.0054281102,0,-1.0,False,56
-0.4293411,-0.007177185,0,-1.0,False,56
-0.43821582,-0.008874734,0,-1.0,False,56
-0.44872397,-0.010508126,0,-1.0,False,56
-0.46078894,-0.012064977,0,-1.0,False,56
-0.4743222,-0.013533267,0,-1.0,False,56
-0.4892237,-0.014901497,0,-1.0,False,56
-0.50538254,-0.016158853,0,-1.0,False,56
-0.52267796,-0.017295407,0,-1.0,False,56
-0.5409803,-0.018302314,0,-1.0,False,56
-0.5601523,-0.019172011,0,-1.0,False,56
-0.5800507,-0.019898409,0,-1.0,False,56
-0.60052776,-0.02047704,0,-1.0,False,56
-0.6214329,-0.020905182,0,-1.0,False,56
-0.64261484,-0.021181915,0,-1.0,False,56
-0.66392297,-0.021308139,0,-1.0,False,56
-0.6852095,-0.02128652,0,-1.0,False,56
-0.70633084,-0.02112137,0,-1.0,False,56
-0.72714937,-0.020818498,0,-1.0,False,56
-0.74753433,-0.020384993,0,-1.0,False,56
-0.76736337,-0.01982899,0,-1.0,False,56
-0.78652275,-0.019159408,0,-1.0,False,56
-0.80490845,-0.018385688,0,-1.0,False,56
-0.82242596,-0.017517537,0,-1.0,False,56
-0.8389907,-0.0165647,0,-1.0,False,56
-0.8545274,-0.015536738,0,-1.0,False,56
-0.8689703,-0.014442859,0,-1.0,False,56
-0.88226205,-0.013291782,0,-1.0,False,56
-0.8943537,-0.012091631,0,-1.0,False,56
-0.9052036,-0.010849872,2,-1.0,False,56
-0.9127768,-0.0075732884,2,-1.0,False,56
-0.91705066,-0.004273824,2,-1.0,False,56
-0.9180126,-0.00096197054,2,-1.0,False,56
-0.91566,0.0023526193,2,-1.0,False,56
-0.90999955,0.005660483,2,-1.0,False,56
-0.9010478,0.008951694,2,-1.0,False,56
-0.8888326,0.012215222,2,-1.0,False,56
-0.87339425,0.015438345,2,-1.0,False,56
-0.8547881,0.01860614,2,-1.0,False,56
-0.833087,0.021701086,2,-1.0,False,56
-0.80838424,0.02470284,2,-1.0,False,56
-0.780796,0.02758821,2,-1.0,False,56
-0.7504646,0.030331403,2,-1.0,False,56
-0.71756005,0.032904547,2,-1.0,False,56
-0.6822815,0.035278544,2,-1.0,False,56
-0.6448573,0.037424218,2,-1.0,False,56
-0.60554355,0.039313734,2,-1.0,False,56
-0.5646214,0.040922146,2,-1.0,False,56
-0.5223924,0.04222904,2,-1.0,False,56
-0.47917238,0.04321999,2,-1.0,False,56
-0.4352846,0.04388778,2,-1.0,False,56
-0.39105147,0.044233143,2,-1.0,False,56
-0.34678644,0.04426503,2,-1.0,False,56
-0.30278617,0.044000257,2,-1.0,False,56
-0.2593235,0.043462653,2,-1.0,False,56
-0.21664171,0.042681806,2,-1.0,False,56
-0.17495023,0.041691482,2,-1.0,False,56
-0.13442224,0.040527984,2,-1.0,False,56
-0.09519372,0.039228525,2,-1.0,False,56
-0.05736394,0.03782978,2,-1.0,False,56
-0.02099723,0.03636671,2,-1.0,False,56
0.013874437,0.034871668,2,-1.0,False,56
0.04724827,0.033373833,2,-1.0,False,56
0.079147175,0.031898905,2,-1.0,False,56
0.10961622,0.030469047,2,-1.0,False,56
0.13871923,0.02910301,2,-1.0,False,56
0.16653562,0.027816389,2,-1.0,False,56
0.19315758,0.02662196,2,-1.0,False,56
0.21868767,0.025530081,2,-1.0,False,56
0.24323675,0.024549082,2,-1.0,False,56
0.2669224,0.023685662,2,-1.0,False,56
0.28986767,0.022945272,2,-1.0,False,56
0.31220013,0.022332449,2,-1.0,False,56
0.33405125,0.021851122,2,-1.0,False,56
0.35555616,0.021504901,2,-1.0,False,56
0.37685344,0.02129729,2,-1.0,False,56
0.39808536,0.021231908,2,-1.0,False,56
0.419398,0.021312645,2,-1.0,False,56
0.4409418,0.021543805,2,-1.0,False,56
0.462872,0.021930212,2,-1.0,False,56
0.4853493,0.022477277,2,-1.0,True,56
-0.49879387,0.0,2,-1.0,False,57
-0.49797973,0.00081413484,2,-1.0,False,57
-0.49635756,0.001622181,2,-1.0,False,57
-0.49393946,0.0024180992,2,-1.0,False,57
-0.4907435,0.0031959477,2,-1.0,False,57
-0.48679358,0.003949932,2,-1.0,False,57
-0.4821191,0.0046744533,2,-1.0,False,57
-0.47675496,0.005364158,2,-1.0,False,57
-0.47074097,0.006013985,2,-1.0,False,57
-0.46412176,0.006619211,2,-1.0,False,57
-0.45694625,0.0071754963,2,-1.0,False,57
-0.44926733,0.007678927,2,-1.0,False,57
-0.44114128,0.00812605,2,-1.0,False,57
-0.43262738,0.008513907,2,-1.0,False,57
-0.42378733,0.00884006,0,-1.0,False,57
-0.41668472,0.0071026105,0,-1.0,False,57
-0.41137028,0.005314433,0,-1.0,False,57
-0.40788174,0.0034885316,0,-1.0,False,57
-0.40624377,0.001637981,0,-1.0,False,57
-0.40646788,-0.0002241112,0,-1.0,False,57
-0.4085525,-0.0020846254,0,-1.0,False,57
-0.41248295,-0.003930444,0,-1.0,False,57
-0.4182314,-0.005748464,0,-1.0,False,57
-0.42575702,-0.0075256242,0,-1.0,False,57
-0.435006,-0.009248946,0,-1.0,False,57
-0.4459116,-0.010905596,0,-1.0,False,57
-0.45839456,-0.0124829905,0,-1.0,False,57
-0.47236347,-0.013968909,0,-1.0,False,57
-0.48771513,-0.015351662,0,-1.0,False,57
-0.5043354,-0.01662027,0,-1.0,False,57
-0.5221001,-0.017764665,0,-1.0,False,57
-0.540876,-0.018775905,0,-1.0,False,57
-0.5605224,-0.019646384,0,-1.0,False,57
-0.5808924,-0.020370023,0,-1.0,False,57
-0.60183483,-0.020942435,0,-1.0,False,57
-0.6231958,-0.021361036,0,-1.0,False,57
-0.644821,-0.021625122,0,-1.0,False,57
-0.66655684,-0.021735864,0,-1.0,False,57
-0.6882531,-0.021696247,0,-1.0,False,57
-0.70976406,-0.02151095,0,-1.0,False,57
-0.73095024,-0.021186171,0,-1.0,False,57
-0.7516796,-0.020729406,0,-1.0,False,57
-0.77182883,-0.020149192,0,-1.0,False,57
-0.79128367,-0.019454831,0,-1.0,False,57
-0.80993974,-0.018656129,0,-1.0,False,57
-0.8277029,-0.017763117,0,-1.0,False,57
-0.8444887,-0.016785815,0,-1.0,False,57
-0.8602227,-0.015734015,0,-1.0,False,57
-0.87483984,-0.014617106,0,-1.0,False,57
-0.8882837,-0.013443932,0,-1.0,False,57
-0.90050644,-0.012222694,0,-1.0,False,57
-0.9114673,-0.010960894,0,-1.0,False,57
-0.9211326,-0.009665301,0,-1.0,False,57
-0.9294746,-0.008341969,2,-1.0,False,57
-0.9344709,-0.0049962653,2,-1.0,False,57
-0.93610877,-0.0016378654,2,-1.0,False,57
-0.93438417,0.0017245817,2,-1.0,False,57
-0.9293014,0.005082766,2,-1.0,False,57
-0.9208734,0.0084280195,2,-1.0,False,57
-0.90912277,0.011750633,2,-1.0,False,57
-0.89408356,0.015039205,2,-1.0,False,57
-0.8758035,0.018280067,2,-1.0,False,57
-0.8543467,0.021456804,2,-1.0,False,57
-0.82979673,0.02454994,2,-1.0,False,57
-0.8022599,0.027536813,2,-1.0,False,57
-0.7718682,0.030391704,2,-1.0,False,57
-0.7387819,0.03308628,2,-1.0,False,57
-0.7031916,0.035590377,2,-1.0,False,57
-0.6653184,0.037873093,2,-1.0,False,57
-0.6254142,0.03990426,2,-1.0,False,57
-0.5837581,0.041656055,2,-1.0,False,57
-0.54065335,0.043104805,2,-1.0,False,57
-0.49642068,0.04423266,2,-1.0,False,57
-0.45139164,0.045029048,2,-1.0,False,57
-0.4058999,0.04549172,2,-1.0,False,57
-0.3602727,0.045627207,2,-1.0,False,57
-0.31482202,0.04545069,2,-1.0,False,57
-0.26983675,0.044985253,2,-1.0,False,57
-0.22557613,0.04426062,2,-1.0,False,57
-0.18226458,0.043311555,2,-1.0,False,57
-0.14008851,0.042176064,2,-1.0,False,57
-0.0991949,0.040893614,2,-1.0,False,57
-0.059691407,0.039503496,2,-1.0,False,57
-0.021647934,0.038043473,2,-1.0,False,57
0.014900809,0.036548745,2,-1.0,False,57
0.04995205,0.03505124,2,-1.0,False,57
0.08353131,0.03357926,2,-1.0,False,57
0.11568865,0.032157347,2,-1.0,False,57
0.14649506,0.03080641,2,-1.0,False,57
0.17603904,0.029543983,2,-1.0,False,57
0.20442364,0.028384589,2,-1.0,False,57
0.2317638,0.027340164,2,-1.0,False,57
0.25818428,0.026420496,2,-1.0,False,57
0.28381795,0.025633661,2,-1.0,False,57
0.3088044,0.024986437,2,-1.0,False,57
0.33328906,0.024484674,2,-1.0,False,57
0.3574227,0.024133638,2,-1.0,False,57
0.381361,0.023938304,2,-1.0,False,57
0.40526462,0.0239036,2,-1.0,False,57
0.42929924,0.02403462,2,-1.0,False,57
0.453636,0.024336768,2,-1.0,False,57
0.47845188,0.024815893,2,-1.0,True,57
-0.43300366,0.0,0,-1.0,False,58
-0.4346748,-0.0016711291,0,-1.0,False,58
-0.43800497,-0.0033301765,0,-1.0,False,58
-0.44297007,-0.0049650986,0,-1.0,False,58
-0.449534,-0.006563934,0,-1.0,False,58
-0.45764887,-0.00811486,0,-1.0,False,58
-0.46725515,-0.009606264,0,-1.0,False,58
-0.47828197,-0.011026831,0,-1.0,False,58
-0.49064764,-0.012365662,0,-1.0,False,58
-0.50426,-0.013612393,0,-1.0,False,58
-0.5190174,-0.014757352,0,-1.0,False,58
-0.5348091,-0.015791712,0,-1.0,False,58
-0.5515167,-0.01670765,0,-1.0,False,58
-0.56901526,-0.01749851,0,-1.0,False,58
-0.5871742,-0.01815894,0,-1.0,False,58
-0.6058592,-0.01868501,0,-1.0,False,58
-0.6249335,-0.0190743,0,-1.0,False,58
-0.64425945,-0.019325942,0,-1.0,False,58
-0.66370004,-0.019440621,0,-1.0,False,58
-0.6831206,-0.019420525,0,-1.0,False,58
-0.70238984,-0.01926926,0,-1.0,False,58
-0.72138155,-0.018991705,0,-1.0,False,58
-0.7399754,-0.018593855,0,-1.0,False,58
-0.758058,-0.01808262,0,-1.0,False,58
-0.77552366,-0.017465629,0,-1.0,False,58
-0.79227465,-0.016750997,0,-1.0,False,58
-0.8082218,-0.01594714,0,-1.0,False,58
-0.8232844,-0.01506257,0,-1.0,False,58
-0.83739007,-0.014105719,0,-1.0,False,58
-0.8504749,-0.0130848,0,-1.0,False,58
-0.86248255,-0.012007682,0,-1.0,False,58
-0.8733644,-0.010881805,0,-1.0,False,58
-0.8830785,-0.009714122,0,-1.0,False,58
-0.8915896,-0.008511069,0,-1.0,False,58
-0.89886814,-0.007278564,2,-1.0,False,58
-0.90289015,-0.004022025,2,-1.0,False,58
-0.90364283,-0.0007526656,2,-1.0,False,58
-0.90112376,0.002519056,2,-1.0,False,58
-0.8953409,0.0057828254,2,-1.0,False,58
-0.8863131,0.009027852,2,-1.0,False,58
-0.8740708,0.012242268,2,-1.0,False,58
-0.85865825,0.015412586,2,-1.0,False,58
-0.840135,0.01852323,2,-1.0,False,58
-0.8185788,0.021556199,2,-1.0,False,58
-0.7940879,0.024490891,2,-1.0,False,58
-0.7667838,0.027304137,2,-1.0,False,58
-0.7368133,0.029970482,2,-1.0,False,58
-0.70435053,0.032462757,2,-1.0,False,58
-0.6695976,0.034752928,2,-1.0,False,58
-0.63278437,0.036813244,2,-1.0,False,58
-0.5941668,0.03861757,2,-1.0,False,58
-0.5540239,0.040142886,2,-1.0,False,58
-0.5126532,0.041370757,2,-1.0,False,58
-0.47036448,0.04228868,2,-1.0,False,58
-0.42747337,0.04289112,2,-1.0,False,58
-0.38429323,0.043180127,2,-1.0,False,58
-0.34112775,0.043165483,2,-1.0,False,58
-0.29826346,0.042864285,2,-1.0,False,58
-0.2559634,0.04230008,2,-1.0,False,58
-0.21446174,0.041501634,2,-1.0,False,58
-0.17396028,0.04050146,2,-1.0,False,58
-0.13462603,0.039334252,2,-1.0,False,58
-0.096590646,0.038035393,2,-1.0,False,58
-0.059951026,0.03663962,2,-1.0,False,58
-0.02477108,0.035179943,2,-1.0,False,58
0.008915764,0.033686843,2,-1.0,False,58
0.041103505,0.032187738,2,-1.0,False,58
0.07181022,0.030706722,2,-1.0,False,58
0.10107473,0.02926451,2,-1.0,False,58
0.1289533,0.027878564,2,-1.0,False,58
0.15551661,0.026563318,2,-1.0,False,58
0.18084712,0.025330504,2,-1.0,False,58
0.20503663,0.024189506,2,-1.0,False,58
0.22818436,0.02314773,2,-1.0,False,58
0.25039533,0.022210976,2,-1.0,False,58
0.27177912,0.021383777,2,-1.0,False,58
0.29244882,0.02066972,2,-1.0,False,58
0.31252056,0.020071734,2,-1.0,False,58
0.3321129,0.019592347,2,-1.0,False,58
0.35134682,0.019233897,2,-1.0,False,58
0.37034553,0.018998742,2,-1.0,False,58
0.38923496,0.018889409,2,-1.0,False,58
0.4081437,0.01890875,2,-1.0,False,58
0.42720374,0.019060047,2,-1.0,False,58
0.44655088,0.019347118,2,-1.0,False,58
0.46632525,0.019774392,2,-1.0,False,58
0.48667222,0.02034695,2,-1.0,True,58
-0.4112935,0.0,0,-1.0,False,59
-0.41311994,-0.0018264448,0,-1.0,False,59
-0.41675988,-0.003639949,0,-1.0,False,59
-0.42218748,-0.0054275915,0,-1.0,False,59
-0.429364,-0.007176497,0,-1.0,False,59
-0.43823788,-0.008873882,0,-1.0,False,59
-0.44874498,-0.010507114,0,-1.0,False,59
-0.46080878,-0.012063811,0,-1.0,False,59
-0.47434074,-0.013531956,0,-1.0,False,59
-0.4892408,-0.014900048,0,-1.0,False,59
-0.5053981,-0.016157277,0,-1.0,False,59
-0.5226918,-0.017293714,0,-1.0,False,59
-0.5409923,-0.018300517,0,-1.0,False,59
-0.5601624,-0.019170124,0,-1.0,False,59
-0.5800589,-0.019896446,0,-1.0,False,59
-0.6005339,-0.020475017,0,-1.0,False,59
-0.621437,-0.020903114,0,-1.0,False,59
-0.6426168,-0.021179818,0,-1.0,False,59
-0.66392285,-0.021306029,0,-1.0,False,59
-0.68520725,-0.021284409,0,-1.0,False,59
-0.70632654,-0.021119274,0,-1.0,False,59
-0.727143,-0.02081643,0,-1.0,False,59
-0.74752593,-0.020382965,0,-1.0,False,59
-0.76735294,-0.019827012,0,-1.0,False,59
-0.7865104,-0.019157488,0,-1.0,False,59
-0.80489427,-0.018383833,0,-1.0,False,59
-0.82241,-0.017515752,0,-1.0,False,59
-0.838973,-0.01656299,0,-1.0,False,59
-0.8545081,-0.015535105,0,-1.0,False,59
-0.8689494,-0.014441306,0,-1.0,False,59
-0.8822397,-0.013290308,0,-1.0,False,59
-0.89432997,-0.012090237,0,-1.0,False,59
-0.9051785,-0.010848557,2,-1.0,False,59
-0.91275054,-0.007572051,2,-1.0,False,59
-0.91702324,-0.004272664,2,-1.0,False,59
-0.9179841,-0.00096088863,2,-1.0,False,59
-0.9156305,0.0023536205,2,-1.0,False,59
-0.9099691,0.005661399,2,-1.0,False,59
-0.9010166,0.008952519,2,-1.0,False,59
-0.8888006,0.012215947,2,-1.0,False,59
-0.87336165,0.015438961,2,-1.0,False,59
-0.85475504,0.018606633,2,-1.0,False,59
-0.8330536,0.021701444,2,-1.0,False,59
-0.80835056,0.024703046,2,-1.0,False,59
-0.7807623,0.027588252,2,-1.0,False,59
-0.75043106,0.030331263,2,-1.0,False,59
-0.7175268,0.03290421,2,-1.0,False,59
-0.68224883,0.035278,2,-1.0,False,59
-0.64482534,0.037423458,2,-1.0,False,59
-0.6055126,0.039312746,2,-1.0,False,59
-0.5645917,0.040920936,2,-1.0,False,59
-0.5223641,0.042227607,2,-1.0,False,59
-0.47914574,0.04321835,2,-1.0,False,59
-0.4352598,0.04388594,2,-1.0,False,59
-0.39102867,0.044231124,2,-1.0,False,59
-0.34676582,0.044262853,2,-1.0,False,59
-0.30276787,0.043997943,2,-1.0,False,59
-0.25930762,0.04346023,2,-1.0,False,59
-0.21662834,0.042679302,2,-1.0,False,59
-0.17493942,0.04168892,2,-1.0,False,59
-0.13441403,0.04052538,2,-1.0,False,59
-0.09518814,0.039225895,2,-1.0,False,59
-0.057361003,0.037827138,2,-1.0,False,59
-0.020996941,0.036364064,2,-1.0,False,59
0.013872081,0.034869023,2,-1.0,False,59
0.047243267,0.033371188,2,-1.0,False,59
0.07913952,0.031896252,2,-1.0,False,59
0.1096059,0.030466381,2,-1.0,False,59
0.13870622,0.02910032,2,-1.0,False,59
0.16651988,0.027813658,2,-1.0,False,59
0.19313906,0.026619174,2,-1.0,False,59
0.21866627,0.02552722,2,-1.0,False,59
0.2432124,0.024546122,2,-1.0,False,59
0.26689497,0.023682581,2,-1.0,False,59
0.28983703,0.022942044,2,-1.0,False,59
0.31216606,0.022329044,2,-1.0,False,59
0.33401358,0.021847513,2,-1.0,False,59
0.35551462,0.021501051,2,-1.0,False,59
0.3768078,0.021293169,2,-1.0,False,59
0.3980353,0.021227477,2,-1.0,False,59
0.41934314,0.021307865,2,-1.0,False,59
0.4408818,0.021538634,2,-1.0,False,59
0.46280637,0.021924604,2,-1.0,False,59
0.48527756,0.022471184,2,-1.0,True,59
-0.56800175,0.0,0,-1.0,False,60
-0.56866974,-0.00066796155,0,-1.0,False,60
-0.5700007,-0.0013309584,0,-1.0,False,60
-0.57198477,-0.001984067,0,-1.0,False,60
-0.5746072,-0.002622445,0,-1.0,False,60
-0.57784855,-0.0032413732,0,-1.0,False,60
-0.5816849,-0.0038362935,0,-1.0,False,60
-0.5860877,-0.0044028494,0,-1.0,False,60
-0.59102464,-0.0049369223,0,-1.0,False,60
-0.5964593,-0.00543467,0,-1.0,False,60
-0.60235184,-0.005892557,0,-1.0,False,60
-0.60865927,-0.006307388,0,-1.0,False,60
-0.6153356,-0.006676336,0,-1.0,False,60
-0.6223326,-0.0069969622,0,-1.0,False,60
-0.6295998,-0.0072672395,0,-1.0,False,60
-0.6370854,-0.0074855634,0,-1.0,False,60
-0.6447361,-0.0076507623,0,-1.0,False,60
-0.65249825,-0.0077620987,0,-1.0,False,60
-0.6603175,-0.007819267,0,-1.0,False,60
-0.6681399,-0.007822386,0,-1.0,False,60
-0.67591184,-0.007771982,0,-1.0,False,60
-0.6835808,-0.0076689734,0,-1.0,False,60
-0.6910955,-0.007514645,0,-1.0,False,60
-0.6984061,-0.007310622,0,-1.0,False,60
-0.70546496,-0.00705884,0,-1.0,False,60
-0.71222645,-0.0067615155,0,-1.0,False,60
-0.71864754,-0.006421112,0,-1.0,False,60
-0.7246879,-0.0060403086,0,-1.0,False,60
-0.73030984,-0.0056219683,0,-1.0,False,60
-0.73547894,-0.0051691094,0,-1.0,False,60
-0.7401638,-0.0046848767,0,-1.0,False,60
-0.74433637,-0.0041725175,0,-1.0,False,60
-0.7479717,-0.0036353592,0,-1.0,False,60
-0.7510485,-0.0030767904,0,-1.0,False,60
-0.75354874,-0.0025002456,0,-1.0,False,60
-0.75545794,-0.001909192,0,-1.0,False,60
-0.75676507,-0.0013071198,0,-1.0,False,60
-0.75746256,-0.0006975342,0,-1.0,False,60
-0.75754654,-8.394902e-05,0,-1.0,False,60
-0.7570164,0.000530117,0,-1.0,False,60
-0.7558753,0.0011411448,0,-1.0,False,60
-0.75412965,0.0017456185,2,-1.0,False,60
-0.7497896,0.0043400303,2,-1.0,False,60
-0.7428804,0.0069092363,2,-1.0,False,60
-0.7334426,0.009437769,2,-1.0,False,60
-0.72153294,0.011909684,2,-1.0,False,60
-0.7072244,0.014308475,2,-1.0,False,60
-0.69060737,0.016617062,2,-1.0,False,60
-0.6717895,0.018817876,2,-1.0,False,60
-0.6508965,0.020893056,2,-1.0,False,60
-0.6280717,0.02282475,2,-1.0,False,60
-0.60347617,0.024595533,2,-1.0,False,60
-0.5772873,0.026188895,2,-1.0,False,60
-0.54969746,0.02758982,2,-1.0,False,60
-0.5209121,0.028785361,1,-1.0,False,60
-0.4921469,0.02876521,1,-1.0,False,60
-0.46361724,0.028529672,0,-1.0,False,60
-0.436535,0.027082235,2,-1.0,False,60
-0.40909833,0.027436655,2,-1.0,False,60
-0.38150364,0.02759469,2,-1.0,False,60
-0.3539427,0.02756096,2,-1.0,False,60
-0.32659993,0.02734277,2,-1.0,False,60
-0.2996501,0.026949797,2,-1.0,False,60
-0.2732564,0.026393717,2,-1.0,False,60
-0.24756865,0.025687743,2,-1.0,False,60
-0.22272252,0.02484614,2,-1.0,False,60
-0.19883877,0.023883745,2,-1.0,False,60
-0.17602327,0.0228155,1,-1.0,False,60
-0.15536723,0.020656047,0,-1.0,False,60
-0.13794449,0.01742273,0,-1.0,False,60
-0.12381073,0.014133764,0,-1.0,False,60
-0.11300649,0.010804243,0,-1.0,False,60
-0.105559945,0.00744654,0,-1.0,False,60
-0.1014891,0.004070854,0,-1.0,False,60
-0.100803256,0.00068583677,0,-1.0,False,60
-0.10350397,-0.0027007172,2,-1.0,False,60
-0.10758513,-0.0040811603,2,-1.0,False,60
-0.113037206,-0.005452073,2,-1.0,False,60
-0.11984691,-0.0068096993,2,-1.0,False,60
-0.12799676,-0.0081498455,2,-1.0,False,60
-0.13746454,-0.009467789,2,-1.0,False,60
-0.14822274,-0.010758199,2,-1.0,False,60
-0.16023782,-0.012015083,0,-1.0,False,60
-0.17546956,-0.015231745,0,-1.0,False,60
-0.19386286,-0.018393287,0,-1.0,False,60
-0.21534513,-0.021482266,0,-1.0,False,60
-0.23982358,-0.024478458,0,-1.0,False,60
-0.2671824,-0.027358845,0,-1.0,False,60
-0.29728025,-0.030097835,0,-1.0,False,60
-0.32994804,-0.032667786,0,-1.0,False,60
-0.36498788,-0.035039835,0,-1.0,False,60
-0.40217292,-0.037185032,0,-1.0,False,60
-0.44124863,-0.039075717,2,-1.0,False,60
-0.4799357,-0.03868708,2,-1.0,False,60
-0.51794934,-0.03801362,2,-1.0,False,60
-0.5550053,-0.037055988,0,-1.0,False,60
-0.5928261,-0.037820786,0,-1.0,False,60
-0.6311314,-0.038305305,0,-1.0,False,60
-0.6696441,-0.03851273,0,-1.0,False,60
-0.7080962,-0.038452096,0,-1.0,False,60
-0.7462342,-0.038137943,0,-1.0,False,60
-0.7838238,-0.037589584,0,-1.0,False,60
-0.820654,-0.036830187,0,-1.0,False,60
-0.8565396,-0.035885673,0,-1.0,False,60
-0.8913232,-0.03478359,0,-1.0,False,60
-0.9248752,-0.033551984,0,-1.0,False,60
-0.95709366,-0.032218434,0,-1.0,False,60
-0.9879028,-0.030809214,0,-1.0,False,60
-1.0172515,-0.029348664,0,-1.0,False,60
-1.0451102,-0.027858745,2,-1.0,False,60
-1.0694691,-0.024358794,2,-1.0,False,60
-1.0903335,-0.020864373,0,-1.0,False,60
-1.1097187,-0.019385276,0,-1.0,False,60
-1.1276479,-0.017929124,0,-1.0,False,60
-1.1441494,-0.016501583,0,-1.0,False,60
-1.159256,-0.015106586,0,-1.0,False,60
-1.1730025,-0.013746527,0,-1.0,False,60
-1.185425,-0.012422477,0,-1.0,False,60
-1.1965593,-0.011134366,0,-1.0,False,60
-1.2,0.0,2,-1.0,False,60
-1.1967582,0.003241896,2,-1.0,False,60
-1.1902636,0.0064944453,2,-1.0,False,60
-1.180496,0.009767694,2,-1.0,False,60
-1.1674255,0.013070449,2,-1.0,False,60
-1.1510159,0.016409589,2,-1.0,False,60
-1.1312267,0.01978931,2,-1.0,False,60
-1.1080164,0.023210295,2,-1.0,False,60
-1.0813475,0.026668796,2,-1.0,False,60
-1.0511918,0.030155689,2,-1.0,False,60
-1.0175363,0.03365551,2,-1.0,False,60
-0.9803907,0.03714562,2,-1.0,False,60
-0.93979514,0.040595576,2,-1.0,False,60
-0.8958282,0.043966923,2,-1.0,False,60
-0.84861463,0.047213554,2,-1.0,False,60
-0.7983318,0.050282877,2,-1.0,False,60
-0.74521387,0.053117886,2,-1.0,False,60
-0.6895537,0.05566023,2,-1.0,False,60
-0.63169956,0.057854105,2,-1.0,False,60
-0.57204884,0.059650723,2,-1.0,False,60
-0.51103604,0.061012823,2,-1.0,False,60
-0.4491174,0.061918624,2,-1.0,False,60
-0.38675275,0.06236465,2,-1.0,False,60
-0.32438585,0.06236689,2,-1.0,False,60
-0.2624257,0.061960164,2,-1.0,False,60
-0.20122996,0.06119572,2,-1.0,False,60
-0.14109236,0.060137603,2,-1.0,False,60
-0.08223413,0.058858234,2,-1.0,False,60
-0.0248002,0.057433926,2,-1.0,False,60
0.031140642,0.055940844,2,-1.0,False,60
0.08559239,0.054451745,2,-1.0,False,60
0.1386261,0.05303371,2,-1.0,False,60
0.1903729,0.051746808,2,-1.0,False,60
0.24101646,0.050643563,2,-1.0,False,60
0.29078555,0.049769085,2,-1.0,False,60
0.33994707,0.049161527,2,-1.0,False,60
0.38879985,0.048852775,2,-1.0,False,60
0.43766898,0.048869114,2,-1.0,False,60
0.48690072,0.049231753,2,-1.0,True,60
-0.53746337,0.0,0,-1.0,False,61
-0.5383594,-0.00089604565,0,-1.0,False,61
-0.5401448,-0.0017853772,0,-1.0,False,61
-0.5428061,-0.0026613332,0,-1.0,False,61
-0.5463235,-0.0035173579,0,-1.0,False,61
-0.5506705,-0.0043470548,0,-1.0,False,61
-0.55581474,-0.0051442394,0,-1.0,False,61
-0.56171775,-0.005902996,0,-1.0,False,61
-0.5683355,-0.0066177263,0,-1.0,False,61
-0.5756187,-0.007283207,0,-1.0,False,61
-0.5835133,-0.00789464,0,-1.0,False,61
-0.591961,-0.008447696,0,-1.0,False,61
-0.6008996,-0.008938566,0,-1.0,False,61
-0.6102636,-0.009363992,0,-1.0,False,61
-0.61998487,-0.009721304,0,-1.0,False,61
-0.6299933,-0.01000844,0,-1.0,False,61
-0.6402173,-0.010223961,0,-1.0,False,61
-0.65058434,-0.010367056,0,-1.0,False,61
-0.6610219,-0.010437534,0,-1.0,False,61
-0.6714577,-0.01043581,0,-1.0,False,61
-0.6818206,-0.010362878,0,-1.0,False,61
-0.69204086,-0.010220276,0,-1.0,False,61
-0.70205086,-0.010010044,0,-1.0,False,61
-0.71178555,-0.009734675,0,-1.0,False,61
-0.72118264,-0.009397064,0,-1.0,False,61
-0.73018306,-0.00900045,0,-1.0,False,61
-0.73873144,-0.008548366,0,-1.0,False,61
-0.74677604,-0.008044574,0,-1.0,False,61
-0.75426906,-0.0074930275,0,-1.0,False,61
-0.7611669,-0.0068978104,0,-1.0,False,61
-0.76742995,-0.006263105,0,-1.0,False,61
-0.7730231,-0.0055931504,0,-1.0,False,61
-0.7779153,-0.004892215,0,-1.0,False,61
-0.7820799,-0.0041645737,0,-1.0,False,61
-0.7854944,-0.0034144921,0,-1.0,False,61
-0.7881406,-0.0026462148,0,-1.0,False,61
-0.79000455,-0.0018639639,0,-1.0,False,61
-0.7910765,-0.0010719373,0,-1.0,False,61
-0.79135084,-0.00027431434,0,-1.0,False,61
-0.7908261,0.0005247378,0,-1.0,False,61
-0.789505,0.001321055,0,-1.0,False,61
-0.7873946,0.0021104673,2,-1.0,False,61
-0.78250575,0.0048887897,2,-1.0,False,61
-0.7748646,0.0076411515,2,-1.0,False,61
-0.7645124,0.010352182,2,-1.0,False,61
-0.7515066,0.013005789,2,-1.0,False,61
-0.7359216,0.015585,2,-1.0,False,61
-0.71784973,0.018071903,2,-1.0,False,61
-0.69740206,0.020447714,2,-1.0,False,61
-0.6747091,0.022692973,2,-1.0,False,61
-0.6499212,0.024787879,2,-1.0,False,61
-0.6232084,0.02671278,2,-1.0,False,61
-0.59475964,0.028448785,2,-1.0,False,61
-0.5647812,0.029978445,2,-1.0,False,61
-0.53349465,0.031286526,1,-1.0,False,61
-0.5021339,0.031360738,1,-1.0,False,61
-0.47093403,0.031199861,0,-1.0,False,61
-0.44112754,0.029806517,2,-1.0,False,61
-0.41093326,0.030194273,2,-1.0,False,61
-0.38056797,0.030365279,2,-1.0,False,61
-0.35024282,0.030325165,2,-1.0,False,61
-0.32016,0.030082818,2,-1.0,False,61
-0.29051,0.02965,2,-1.0,False,61
-0.26146913,0.02904086,2,-1.0,False,61
-0.2331978,0.028271342,2,-1.0,False,61
-0.2058392,0.027358582,2,-1.0,False,61
-0.17951892,0.026320286,2,-1.0,False,61
-0.15434475,0.025174161,1,-1.0,False,61
-0.13140735,0.02293741,0,-1.0,False,61
-0.11177818,0.01962917,0,-1.0,False,61
-0.09550976,0.01626842,0,-1.0,False,61
-0.08263942,0.0128703425,0,-1.0,False,61
-0.07319264,0.009446779,0,-1.0,False,61
-0.067185834,0.0060068057,0,-1.0,False,61
-0.06462842,0.0025574155,0,-1.0,False,61
-0.06552416,-0.00089574204,2,-1.0,False,61
-0.06787176,-0.0023475965,2,-1.0,False,61
-0.07166771,-0.0037959514,2,-1.0,False,61
-0.0769061,-0.0052383905,2,-1.0,False,61
-0.083578244,-0.0066721467,2,-1.0,False,61
-0.09167222,-0.008093973,2,-1.0,False,61
-0.101172246,-0.009500024,2,-1.0,False,61
-0.11205799,-0.010885753,2,-1.0,False,61
-0.12430381,-0.0122458115,0,-1.0,False,61
-0.1398778,-0.015573988,0,-1.0,False,61
-0.15873487,-0.018857084,0,-1.0,False,61
-0.18081382,-0.022078937,0,-1.0,False,61
-0.20603389,-0.025220064,0,-1.0,False,61
-0.23429139,-0.028257513,0,-1.0,False,61
-0.26545638,-0.031164983,0,-1.0,False,61
-0.29936963,-0.03391325,0,-1.0,False,61
-0.3358406,-0.036470976,0,-1.0,False,61
-0.37464648,-0.03880587,0,-1.0,False,61
-0.41553268,-0.0408862,2,-1.0,False,61
-0.45621526,-0.040682577,2,-1.0,False,61
-0.49639976,-0.040184516,2,-1.0,False,61
-0.53578806,-0.039388284,2,-1.0,False,61
-0.57408494,-0.038296882,0,-1.0,False,61
-0.6130046,-0.038919684,0,-1.0,False,61
-0.6522618,-0.03925715,0,-1.0,False,61
-0.69157773,-0.03931596,0,-1.0,False,61
-0.7306865,-0.039108768,0,-1.0,False,61
-0.7693401,-0.038653612,0,-1.0,False,61
-0.80731314,-0.037973024,0,-1.0,False,61
-0.84440607,-0.03709294,0,-1.0,False,61
-0.88044757,-0.036041494,0,-1.0,False,61
-0.9152954,-0.034847837,0,-1.0,False,61
-0.94883645,-0.033541024,0,-1.0,False,61
-0.9809855,-0.03214908,0,-1.0,False,61
-1.0116837,-0.03069824,0,-1.0,False,61
-1.0408962,-0.029212415,0,-1.0,False,61
-1.068609,-0.027712861,2,-1.0,False,61
-1.0928271,-0.024218017,2,-1.0,False,61
-1.1135684,-0.020741403,0,-1.0,False,61
-1.1328592,-0.019290797,0,-1.0,False,61
-1.1507322,-0.017872896,0,-1.0,False,61
-1.1672246,-0.016492523,0,-1.0,False,61
-1.1823775,-0.015152852,0,-1.0,False,61
-1.1962332,-0.013855629,0,-1.0,False,61
-1.2,0.0,2,-1.0,False,61
-1.1967582,0.003241896,2,-1.0,False,61
-1.1902636,0.0064944453,2,-1.0,False,61
-1.180496,0.009767694,2,-1.0,False,61
-1.1674255,0.013070449,2,-1.0,False,61
-1.1510159,0.016409589,2,-1.0,False,61
-1.1312267,0.01978931,2,-1.0,False,61
-1.1080164,0.023210295,2,-1.0,False,61
-1.0813475,0.026668796,2,-1.0,False,61
-1.0511918,0.030155689,2,-1.0,False,61
-1.0175363,0.03365551,2,-1.0,False,61
-0.9803907,0.03714562,2,-1.0,False,61
-0.93979514,0.040595576,2,-1.0,False,61
-0.8958282,0.043966923,2,-1.0,False,61
-0.84861463,0.047213554,2,-1.0,False,61
-0.7983318,0.050282877,2,-1.0,False,61
-0.74521387,0.053117886,2,-1.0,False,61
-0.6895537,0.05566023,2,-1.0,False,61
-0.63169956,0.057854105,2,-1.0,False,61
-0.57204884,0.059650723,2,-1.0,False,61
-0.51103604,0.061012823,2,-1.0,False,61
-0.4491174,0.061918624,2,-1.0,False,61
-0.38675275,0.06236465,2,-1.0,False,61
-0.32438585,0.06236689,2,-1.0,False,61
-0.2624257,0.061960164,2,-1.0,False,61
-0.20122996,0.06119572,2,-1.0,False,61
-0.14109236,0.060137603,2,-1.0,False,61
-0.08223413,0.058858234,2,-1.0,False,61
-0.0248002,0.057433926,2,-1.0,False,61
0.031140642,0.055940844,2,-1.0,False,61
0.08559239,0.054451745,2,-1.0,False,61
0.1386261,0.05303371,2,-1.0,False,61
0.1903729,0.051746808,2,-1.0,False,61
0.24101646,0.050643563,2,-1.0,False,61
0.29078555,0.049769085,2,-1.0,False,61
0.33994707,0.049161527,2,-1.0,False,61
0.38879985,0.048852775,2,-1.0,False,61
0.43766898,0.048869114,2,-1.0,False,61
0.48690072,0.049231753,2,-1.0,True,61
-0.43228704,0.0,0,-1.0,False,62
-0.43396333,-0.001676305,0,-1.0,False,62
-0.43730384,-0.003340498,0,-1.0,False,62
-0.44228435,-0.0049805045,0,-1.0,False,62
-0.4488687,-0.0065843323,0,-1.0,False,62
-0.4570088,-0.008140124,0,-1.0,False,62
-0.46664503,-0.0096362345,0,-1.0,False,62
-0.47770634,-0.011061312,0,-1.0,False,62
-0.49011075,-0.012404419,0,-1.0,False,62
-0.50376594,-0.013655157,0,-1.0,False,62
-0.51856977,-0.014803816,0,-1.0,False,62
-0.53441125,-0.015841532,0,-1.0,False,62
-0.5511717,-0.016760452,0,-1.0,False,62
-0.5687256,-0.01755389,0,-1.0,False,62
-0.5869421,-0.018216472,0,-1.0,False,62
-0.60568637,-0.018744253,0,-1.0,False,62
-0.6248211,-0.019134799,0,-1.0,False,62
-0.6442084,-0.019387245,0,-1.0,False,62
-0.66371065,-0.019502282,0,-1.0,False,62
-0.6831928,-0.019482115,0,-1.0,False,62
-0.7025232,-0.01933037,0,-1.0,False,62
-0.7215751,-0.019051954,0,-1.0,False,62
-0.740228,-0.018652901,0,-1.0,False,62
-0.75836813,-0.018140158,0,-1.0,False,62
-0.7758896,-0.01752139,0,-1.0,False,62
-0.79269433,-0.016804764,0,-1.0,False,62
-0.80869305,-0.01599873,0,-1.0,False,62
-0.8238049,-0.0151118385,0,-1.0,False,62
-0.83795744,-0.01415256,0,-1.0,False,62
-0.85108656,-0.013129139,0,-1.0,False,62
-0.86313605,-0.012049472,0,-1.0,False,62
-0.87405705,-0.01092102,0,-1.0,False,62
-0.88380784,-0.009750754,0,-1.0,False,62
-0.89235294,-0.008545121,0,-1.0,False,62
-0.899663,-0.0073100445,2,-1.0,False,62
-0.90371394,-0.0040509454,2,-1.0,False,62
-0.904493,-0.00077900133,2,-1.0,False,62
-0.90199757,0.0024953748,2,-1.0,False,62
-0.89623564,0.005761917,2,-1.0,False,62
-0.88722575,0.009009887,2,-1.0,False,62
-0.8749983,0.012227473,2,-1.0,False,62
-0.8595971,0.015401235,2,-1.0,False,62
-0.84108144,0.018515645,2,-1.0,False,62
-0.8195287,0.021552736,2,-1.0,False,62
-0.79503673,0.024491932,2,-1.0,False,62
-0.76772666,0.02731007,2,-1.0,False,62
-0.737745,0.02998168,2,-1.0,False,62
-0.70526546,0.032479554,2,-1.0,False,62
-0.67048985,0.0347756,2,-1.0,False,62
-0.63364786,0.03684197,2,-1.0,False,62
-0.59499544,0.038652427,2,-1.0,False,62
-0.55481166,0.040183816,2,-1.0,False,62
-0.51339406,0.041417573,2,-1.0,False,62
-0.471053,0.042341046,2,-1.0,False,62
-0.42810443,0.042948585,2,-1.0,False,62
-0.3848623,0.043242134,2,-1.0,False,62
-0.3416309,0.043231394,2,-1.0,False,62
-0.29869747,0.042933416,2,-1.0,False,62
-0.25632572,0.04237175,2,-1.0,False,62
-0.21475054,0.041575193,2,-1.0,False,62
-0.17417422,0.04057632,2,-1.0,False,62
-0.1347643,0.039409913,2,-1.0,False,62
-0.09665284,0.038111463,2,-1.0,False,62
-0.05993702,0.036715824,2,-1.0,False,62
-0.02468089,0.03525613,2,-1.0,False,62
0.009082089,0.03376298,2,-1.0,False,62
0.041345995,0.032263905,2,-1.0,False,62
0.07212911,0.030783113,2,-1.0,False,62
0.10147052,0.029341415,2,-1.0,False,62
0.12942688,0.027956355,2,-1.0,False,62
0.15606934,0.026642453,2,-1.0,False,62
0.18148084,0.025411507,2,-1.0,False,62
0.2057538,0.024272967,2,-1.0,False,62
0.22898811,0.0232343,2,-1.0,False,62
0.25128946,0.022301363,2,-1.0,False,62
0.27276823,0.021478746,2,-1.0,False,62
0.2935383,0.020770097,2,-1.0,False,62
0.3137167,0.020178404,2,-1.0,False,62
0.333423,0.019706257,2,-1.0,False,62
0.35277903,0.019356066,2,-1.0,False,62
0.3719093,0.019130262,2,-1.0,False,62
0.39094076,0.019031452,2,-1.0,False,62
0.41000333,0.019062573,2,-1.0,False,62
0.42923033,0.019227004,2,-1.0,False,62
0.448759,0.019528657,2,-1.0,False,62
0.46873105,0.019972062,2,-1.0,False,62
0.48929346,0.02056241,2,-1.0,True,62
-0.47236094,0.0,2,-1.0,False,63
-0.4717437,0.0006172277,2,-1.0,False,63
-0.47051382,0.0012298814,2,-1.0,False,63
-0.4686804,0.0018334251,2,-1.0,False,63
-0.466257,0.0024233982,2,-1.0,False,63
-0.46326154,0.0029954528,2,-1.0,False,63
-0.45971617,0.0035453907,2,-1.0,False,63
-0.45564696,0.004069199,2,-1.0,False,63
-0.45108387,0.0045630825,2,-1.0,False,63
-0.4460604,0.0050235004,2,-1.0,False,63
-0.44061318,0.0054471926,2,-1.0,False,63
-0.43478197,0.0058312104,2,-1.0,False,63
-0.42860904,0.0061729383,0,-1.0,False,63
-0.4241389,0.0044701183,0,-1.0,False,63
-0.42140374,0.002735189,0,-1.0,False,63
-0.42042306,0.0009806771,0,-1.0,False,63
-0.42120388,-0.0007808437,0,-1.0,False,63
-0.42374068,-0.0025367844,0,-1.0,False,63
-0.42801523,-0.004274568,0,-1.0,False,63
-0.43399692,-0.0059816604,0,-1.0,False,63
-0.44164252,-0.0076456107,0,-1.0,False,63
-0.45089662,-0.009254108,0,-1.0,False,63
-0.46169168,-0.0107950615,0,-1.0,False,63
-0.4739484,-0.012256701,0,-1.0,False,63
-0.4875761,-0.013627703,0,-1.0,False,63
-0.5024734,-0.014897347,0,-1.0,False,63
-0.5185291,-0.01605568,0,-1.0,False,63
-0.53562284,-0.017093703,0,-1.0,False,63
-0.55362636,-0.018003542,0,-1.0,False,63
-0.572405,-0.018778639,0,-1.0,False,63
-0.5918189,-0.0194139,0,-1.0,False,63
-0.61172473,-0.019905813,0,-1.0,False,63
-0.63197726,-0.02025254,0,-1.0,False,63
-0.6524312,-0.020453949,0,-1.0,False,63
-0.67294276,-0.020511582,0,-1.0,False,63
-0.69337136,-0.0204286,0,-1.0,False,63
-0.713581,-0.020209646,0,-1.0,False,63
-0.7334417,-0.019860677,0,-1.0,False,63
-0.7528305,-0.019388767,0,-1.0,False,63
-0.7716324,-0.018801874,0,-1.0,False,63
-0.7897409,-0.018108597,0,-1.0,False,63
-0.8070589,-0.017317949,0,-1.0,False,63
-0.823498,-0.016439121,0,-1.0,False,63
-0.8389793,-0.015481274,0,-1.0,False,63
-0.85343266,-0.014453361,0,-1.0,False,63
-0.8667966,-0.01336398,0,-1.0,False,63
-0.8790179,-0.012221255,0,-1.0,False,63
-0.89005065,-0.011032762,0,-1.0,False,63
-0.89985615,-0.009805475,2,-1.0,False,63
-0.9064019,-0.006545756,2,-1.0,False,63
-0.9096674,-0.0032654735,2,-1.0,False,63
-0.90964264,2.4739322e-05,2,-1.0,False,63
-0.9063277,0.0033148776,2,-1.0,False,63
-0.8997328,0.006594932,2,-1.0,False,63
-0.8898786,0.009854255,2,-1.0,False,63
-0.8767976,0.013080956,2,-1.0,False,63
-0.8605362,0.016261352,2,-1.0,False,63
-0.8411567,0.01937951,2,-1.0,False,63
-0.8187398,0.02241693,2,-1.0,False,63
-0.7933874,0.025352387,2,-1.0,False,63
-0.7652254,0.028162012,2,-1.0,False,63
-0.73440576,0.030819627,2,-1.0,False,63
-0.7011084,0.033297375,2,-1.0,False,63
-0.66554177,0.035566658,2,-1.0,False,63
-0.6279424,0.037599348,2,-1.0,False,63
-0.5885732,0.039369207,2,-1.0,False,63
-0.5477198,0.040853433,2,-1.0,False,63
-0.50568557,0.042034183,2,-1.0,False,63
-0.46278566,0.0428999,2,-1.0,False,63
-0.41933933,0.04344633,2,-1.0,False,63
-0.37566227,0.04367707,2,-1.0,False,63
-0.33205867,0.04360361,2,-1.0,False,63
-0.28881383,0.04324482,2,-1.0,False,63
-0.24618788,0.042625964,2,-1.0,False,63
-0.2044105,0.041777376,2,-1.0,False,63
-0.1636776,0.040732894,2,-1.0,False,63
-0.12414933,0.039528277,2,-1.0,False,63
-0.08594965,0.038199678,2,-1.0,False,63
-0.049167324,0.036782328,2,-1.0,False,63
-0.013857848,0.035309475,2,-1.0,False,63
0.019953785,0.033811633,2,-1.0,False,63
0.0522699,0.03231611,2,-1.0,False,63
0.08311669,0.030846786,2,-1.0,False,63
0.11254079,0.029424103,2,-1.0,False,63
0.14060603,0.028065242,2,-1.0,False,63
0.1673904,0.026784375,2,-1.0,False,63
0.19298343,0.025593027,2,-1.0,False,63
0.21748386,0.024500433,2,-1.0,False,63
0.2409978,0.02351394,2,-1.0,False,63
0.26363719,0.022639368,2,-1.0,False,63
0.28551856,0.021881374,2,-1.0,False,63
0.3067623,0.021243764,2,-1.0,False,63
0.3274921,0.020729784,2,-1.0,False,63
0.34783447,0.020342374,2,-1.0,False,63
0.36791885,0.020084385,2,-1.0,False,63
0.3878776,0.019958772,2,-1.0,False,63
0.4078464,0.019968756,2,-1.0,False,63
0.42796433,0.020117955,2,-1.0,False,63
0.44837484,0.020410497,2,-1.0,False,63
0.4692259,0.020851094,2,-1.0,False,63
0.49067104,0.021445103,2,-1.0,True,63
-0.40351844,0.0,0,-1.0,False,64
-0.40539968,-0.0018812495,0,-1.0,False,64
-0.40914896,-0.0037492814,0,-1.0,False,64
-0.41473985,-0.0055908887,0,-1.0,False,64
-0.42213273,-0.0073928954,0,-1.0,False,64
-0.43127495,-0.009142193,0,-1.0,False,64
-0.44210073,-0.010825803,0,-1.0,False,64
-0.4545317,-0.012430966,0,-1.0,False,64
-0.46847698,-0.01394527,0,-1.0,False,64
-0.4838338,-0.015356802,0,-1.0,False,64
-0.5004881,-0.016654333,0,-1.0,False,64
-0.5183156,-0.017827524,0,-1.0,False,64
-0.5371828,-0.018867146,0,-1.0,False,64
-0.55694807,-0.019765295,0,-1.0,False,64
-0.5774637,-0.02051559,0,-1.0,False,64
-0.598577,-0.02111336,0,-1.0,False,64
-0.6201328,-0.021555753,0,-1.0,False,64
-0.6419746,-0.021841826,0,-1.0,False,64
-0.66394717,-0.021972552,0,-1.0,False,64
-0.68589795,-0.021950766,0,-1.0,False,64
-0.707679,-0.02178105,0,-1.0,False,64
-0.72914857,-0.02146956,0,-1.0,False,64
-0.7501723,-0.021023799,0,-1.0,False,64
-0.7706247,-0.020452358,0,-1.0,False,64
-0.79038936,-0.01976465,0,-1.0,False,64
-0.80935997,-0.018970612,0,-1.0,False,64
-0.8274404,-0.018080443,0,-1.0,False,64
-0.84454477,-0.017104346,0,-1.0,False,64
-0.8605971,-0.016052308,0,-1.0,False,64
-0.87553096,-0.0149339065,0,-1.0,False,64
-0.88928914,-0.013758174,0,-1.0,False,64
-0.9018226,-0.012533487,0,-1.0,False,64
-0.9130901,-0.011267498,0,-1.0,False,64
-0.92305726,-0.009967112,0,-1.0,False,64
-0.9316957,-0.008638489,2,-1.0,False,64
-0.9369828,-0.0052870763,2,-1.0,False,64
-0.9389053,-0.001922493,2,-1.0,False,64
-0.9374586,0.0014467322,2,-1.0,False,64
-0.9326461,0.0048124716,2,-1.0,False,64
-0.9244798,0.0081662955,2,-1.0,False,64
-0.91298103,0.01149878,2,-1.0,False,64
-0.89818215,0.014798844,2,-1.0,False,64
-0.880129,0.018053165,2,-1.0,False,64
-0.8588833,0.021245675,2,-1.0,False,64
-0.8345261,0.024357222,2,-1.0,False,64
-0.8071607,0.027365422,2,-1.0,False,64
-0.7769159,0.030244755,2,-1.0,False,64
-0.74394894,0.03296697,2,-1.0,False,64
-0.7084471,0.035501838,2,-1.0,False,64
-0.6706289,0.037818227,2,-1.0,False,64
-0.6307433,0.039885543,2,-1.0,False,64
-0.589068,0.04167536,2,-1.0,False,64
-0.54590476,0.04316323,2,-1.0,False,64
-0.50157434,0.0443304,2,-1.0,False,64
-0.45640904,0.045165334,2,-1.0,False,64
-0.41074422,0.045664817,2,-1.0,False,64
-0.36490974,0.045834485,2,-1.0,False,64
-0.31922096,0.045688767,2,-1.0,False,64
-0.27397078,0.045250185,2,-1.0,False,64
-0.22942264,0.04454813,2,-1.0,False,64
-0.18580538,0.043617263,2,-1.0,False,64
-0.14330968,0.0424957,2,-1.0,False,64
-0.10208646,0.041223213,2,-1.0,False,64
-0.062246922,0.039839543,2,-1.0,False,64
-0.023863915,0.038383007,2,-1.0,False,64
0.013025494,0.03688941,2,-1.0,False,64
0.048416812,0.03539132,2,-1.0,False,64
0.08233446,0.033917643,2,-1.0,False,64
0.114827976,0.03249352,2,-1.0,False,64
0.14596838,0.031140396,2,-1.0,False,64
0.17584467,0.029876292,2,-1.0,False,64
0.20456083,0.028716164,2,-1.0,False,64
0.23223315,0.027672332,2,-1.0,False,64
0.25898808,0.026754921,2,-1.0,False,64
0.2849604,0.025972307,2,-1.0,False,64
0.31029192,0.025331536,2,-1.0,False,64
0.33513063,0.024838708,2,-1.0,False,64
0.35962996,0.024499314,2,-1.0,False,64
0.3839485,0.024318546,2,-1.0,False,64
0.40825003,0.02430154,2,-1.0,False,64
0.4327036,0.024453588,2,-1.0,False,64
0.45748392,0.024780292,2,-1.0,False,64
0.48277158,0.025287675,2,-1.0,True,64
-0.4702928,0.0,2,-1.0,False,65
-0.46969092,0.00060190714,2,-1.0,False,65
-0.46849155,0.0011993583,2,-1.0,False,65
-0.46670362,0.0017879342,2,-1.0,False,65
-0.46434033,0.0023632895,2,-1.0,False,65
-0.46141914,0.0029211885,2,-1.0,False,65
-0.4579616,0.0034575409,2,-1.0,False,65
-0.45399317,0.003968437,2,-1.0,False,65
-0.44954297,0.0044501806,2,-1.0,False,65
-0.44464365,0.00489932,2,-1.0,False,65
-0.439331,0.0053126784,2,-1.0,False,65
-0.4336436,0.0056873807,2,-1.0,False,65
-0.42762274,0.0060208756,0,-1.0,False,65
-0.42331177,0.00431096,0,-1.0,False,65
-0.42074165,0.0025701034,0,-1.0,False,65
-0.41993082,0.0008108591,0,-1.0,False,65
-0.42088497,-0.0009541773,0,-1.0,False,65
-0.42359737,-0.0027123976,0,-1.0,False,65
-0.42804858,-0.0044512083,0,-1.0,False,65
-0.43420663,-0.006158061,0,-1.0,False,65
-0.44202715,-0.0078204945,0,-1.0,False,65
-0.45145333,-0.009426193,0,-1.0,False,65
-0.4624164,-0.01096307,0,-1.0,False,65
-0.47483578,-0.012419365,0,-1.0,False,65
-0.48861957,-0.013783785,0,-1.0,False,65
-0.5036652,-0.0150456475,0,-1.0,False,65
-0.51986027,-0.01619506,0,-1.0,False,65
-0.5370834,-0.0172231,0,-1.0,False,65
-0.55520535,-0.018121991,0,-1.0,False,65
-0.57409066,-0.018885298,0,-1.0,False,65
-0.5935987,-0.019508054,0,-1.0,False,65
-0.6135856,-0.019986905,0,-1.0,False,65
-0.63390577,-0.020320173,0,-1.0,False,65
-0.6544137,-0.020507887,0,-1.0,False,65
-0.67496544,-0.020551765,0,-1.0,False,65
-0.69542056,-0.020455131,0,-1.0,False,65
-0.71564335,-0.020222783,0,-1.0,False,65
-0.73550415,-0.019860817,0,-1.0,False,65
-0.7548806,-0.019376433,0,-1.0,False,65
-0.7736583,-0.018777687,0,-1.0,False,65
-0.79173154,-0.018073265,0,-1.0,False,65
-0.8090038,-0.01727223,0,-1.0,False,65
-0.8253876,-0.01638381,0,-1.0,False,65
-0.84080476,-0.015417182,0,-1.0,False,65
-0.85518605,-0.014381293,0,-1.0,False,65
-0.8684708,-0.01328472,0,-1.0,False,65
-0.88060635,-0.012135554,0,-1.0,False,65
-0.8915477,-0.010941327,0,-1.0,False,65
-0.9012566,-0.009708962,2,-1.0,False,65
-0.9077014,-0.0064447704,2,-1.0,False,65
-0.9108619,-0.0031605095,2,-1.0,False,65
-0.91072863,0.00013328093,2,-1.0,False,65
-0.90730196,0.0034266738,2,-1.0,False,65
-0.90059227,0.0067097154,2,-1.0,False,65
-0.89062047,0.00997179,2,-1.0,False,65
-0.8774194,0.013201015,2,-1.0,False,65
-0.86103576,0.016383689,2,-1.0,False,65
-0.84153193,0.019503836,2,-1.0,False,65
-0.81898904,0.022542885,2,-1.0,False,65
-0.7935095,0.025479523,2,-1.0,False,65
-0.76521975,0.02828978,2,-1.0,False,65
-0.73427236,0.030947363,2,-1.0,False,65
-0.70084804,0.033424303,2,-1.0,False,65
-0.6651561,0.035691906,2,-1.0,False,65
-0.6274342,0.037721958,2,-1.0,False,65
-0.587946,0.039488193,2,-1.0,False,65
-0.5469782,0.040967803,2,-1.0,False,65
-0.5048352,0.042143006,2,-1.0,False,65
-0.46183285,0.043002352,2,-1.0,False,65
-0.4182911,0.043541756,2,-1.0,False,65
-0.37452605,0.04376502,2,-1.0,False,65
-0.3308422,0.04368387,2,-1.0,False,65
-0.28752476,0.043317433,2,-1.0,False,65
-0.24483353,0.042691223,2,-1.0,False,65
-0.20299773,0.041835807,2,-1.0,False,65
-0.16221248,0.04078525,2,-1.0,False,65
-0.122637,0.039575472,2,-1.0,False,65
-0.08439424,0.03824277,2,-1.0,False,65
-0.047571767,0.036822468,2,-1.0,False,65
-0.012223881,0.035347886,2,-1.0,False,65
0.021625686,0.033849567,2,-1.0,False,65
0.05398051,0.032354828,2,-1.0,False,65
0.08486805,0.030887537,2,-1.0,False,65
0.11433618,0.029468128,2,-1.0,False,65
0.14244993,0.02811376,2,-1.0,False,65
0.16928853,0.026838591,2,-1.0,False,65
0.19494265,0.025654132,2,-1.0,False,65
0.21951227,0.024569614,2,-1.0,False,65
0.24310467,0.023592392,2,-1.0,False,65
0.265833,0.022728313,2,-1.0,False,65
0.28781503,0.021982066,2,-1.0,False,65
0.30917254,0.021357508,2,-1.0,False,65
0.3300305,0.020857954,2,-1.0,False,65
0.35051692,0.02048642,2,-1.0,False,65
0.3707628,0.020245858,2,-1.0,False,65
0.39090213,0.020139331,2,-1.0,False,65
0.4110723,0.020170186,2,-1.0,False,65
0.43141448,0.020342175,2,-1.0,False,65
0.45207405,0.020659572,2,-1.0,False,65
0.4732013,0.021127243,2,-1.0,False,65
0.494952,0.021750702,2,-1.0,True,65
-0.42880124,0.0,0,-1.0,False,66
-0.43050268,-0.0017014362,0,-1.0,False,66
-0.4338933,-0.0033906153,0,-1.0,False,66
-0.4389486,-0.005055315,0,-1.0,False,66
-0.44563198,-0.006683389,0,-1.0,False,66
-0.45389482,-0.008262822,0,-1.0,False,66
-0.4636766,-0.009781801,0,-1.0,False,66
-0.4749054,-0.0112288,0,-1.0,False,66
-0.4874981,-0.012592703,0,-1.0,False,66
-0.5013611,-0.013862929,0,-1.0,False,66
-0.5163906,-0.015029588,0,-1.0,False,66
-0.5324743,-0.016083645,0,-1.0,False,66
-0.54949135,-0.017017087,0,-1.0,False,66
-0.56731445,-0.017823087,0,-1.0,False,66
-0.5858106,-0.01849616,0,-1.0,False,66
-0.6048429,-0.019032273,0,-1.0,False,66
-0.62427187,-0.01942896,0,-1.0,False,66
-0.6439572,-0.019685337,0,-1.0,False,66
-0.6637593,-0.019802136,0,-1.0,False,66
-0.68354094,-0.019781636,0,-1.0,False,66
-0.7031685,-0.019627573,0,-1.0,False,66
-0.72251356,-0.019345,0,-1.0,False,66
-0.74145365,-0.018940121,0,-1.0,False,66
-0.7598737,-0.018420069,0,-1.0,False,66
-0.77766645,-0.017792715,0,-1.0,False,66
-0.79473287,-0.017066423,0,-1.0,False,66
-0.8109827,-0.01624985,0,-1.0,False,66
-0.8263344,-0.015351739,0,-1.0,False,66
-0.84071517,-0.0143807335,0,-1.0,False,66
-0.8540604,-0.013345235,0,-1.0,False,66
-0.8663137,-0.012253272,0,-1.0,False,66
-0.8774261,-0.011112416,0,-1.0,False,66
-0.8873558,-0.009929718,0,-1.0,False,66
-0.8960675,-0.008711684,2,-1.0,False,66
-0.90153176,-0.005464265,2,-1.0,False,66
-0.903731,-0.0021991988,2,-1.0,False,66
-0.90265816,0.0010727987,2,-1.0,False,66
-0.89831674,0.0043414277,2,-1.0,False,66
-0.89072055,0.0075961836,2,-1.0,False,66
-0.8798948,0.010825749,2,-1.0,False,66
-0.8658774,0.014017413,2,-1.0,False,66
-0.8487208,0.017156579,2,-1.0,False,66
-0.8284945,0.020226346,2,-1.0,False,66
-0.8052872,0.023207275,2,-1.0,False,66
-0.7792099,0.026077311,2,-1.0,False,66
-0.7503979,0.028811958,2,-1.0,False,66
-0.7190132,0.031384714,2,-1.0,False,66
-0.6852454,0.0337678,2,-1.0,False,66
-0.6493122,0.03593319,2,-1.0,False,66
-0.61145836,0.03785385,2,-1.0,False,66
-0.5719532,0.03950519,2,-1.0,False,66
-0.5310866,0.04086658,2,-1.0,False,66
-0.48916388,0.041922733,2,-1.0,False,66
-0.44649893,0.04266493,2,-1.0,False,66
-0.40340713,0.043091822,2,-1.0,False,66
-0.36019734,0.04320979,2,-1.0,False,66
-0.31716454,0.043032777,2,-1.0,False,66
-0.27458295,0.042581607,2,-1.0,False,66
-0.23270002,0.04188292,2,-1.0,False,66
-0.19173226,0.04096776,2,-1.0,False,66
-0.15186222,0.039870046,2,-1.0,False,66
-0.11323718,0.038625035,2,-1.0,False,66
-0.07596927,0.03726791,2,-1.0,False,66
-0.040136717,0.035832558,2,-1.0,False,66
-0.0057860576,0.03435066,2,-1.0,False,66
0.027064977,0.032851037,2,-1.0,False,66
0.05842425,0.03135927,2,-1.0,False,66
0.08832182,0.029897574,2,-1.0,False,66
0.11680664,0.02848482,2,-1.0,False,66
0.14394338,0.027136749,2,-1.0,False,66
0.16980964,0.025866244,2,-1.0,False,66
0.19449332,0.024683688,2,-1.0,False,66
0.21809064,0.023597311,2,-1.0,False,66
0.24070421,0.022613583,2,-1.0,False,66
0.26244178,0.021737555,2,-1.0,False,66
0.28341496,0.020973198,2,-1.0,False,66
0.30373868,0.020323701,2,-1.0,False,66
0.3235304,0.019791737,2,-1.0,False,66
0.3429101,0.019379707,2,-1.0,False,66
0.36200005,0.019089941,2,-1.0,False,66
0.38092494,0.018924871,2,-1.0,False,66
0.3998121,0.018887192,2,-1.0,False,66
0.4187921,0.018979983,2,-1.0,False,66
0.43799892,0.019206822,2,-1.0,False,66
0.4575708,0.019571856,2,-1.0,False,66
0.47765064,0.020079877,2,-1.0,False,66
0.498387,0.020736357,2,-1.0,True,66
-0.49125156,0.0,2,-1.0,False,67
-0.49049377,0.0007577764,2,-1.0,False,67
-0.48898387,0.0015098968,2,-1.0,False,67
-0.48673314,0.0022507515,2,-1.0,False,67
-0.4837583,0.0029748224,2,-1.0,False,67
-0.4800816,0.0036767297,2,-1.0,False,67
-0.4757303,0.004351277,2,-1.0,False,67
-0.4707368,0.004993496,2,-1.0,False,67
-0.4651381,0.0055986913,2,-1.0,False,67
-0.45897564,0.0061624805,2,-1.0,False,67
-0.4522948,0.0066808374,2,-1.0,False,67
-0.44514465,0.0071501266,2,-1.0,False,67
-0.43757752,0.007567138,2,-1.0,False,67
-0.4296484,0.007929116,0,-1.0,False,67
-0.42341462,0.00623378,0,-1.0,False,67
-0.41892096,0.0044936608,0,-1.0,False,67
-0.41619956,0.0027214172,0,-1.0,False,67
-0.41526976,0.0009297875,0,-1.0,False,67
-0.41613823,-0.0008684537,0,-1.0,False,67
-0.41879874,-0.0026605197,0,-1.0,False,67
-0.42323238,-0.0044336347,0,-1.0,False,67
-0.42940745,-0.0061750603,0,-1.0,False,67
-0.43727955,-0.007872132,0,-1.0,False,67
-0.4467919,-0.009512315,0,-1.0,False,67
-0.45787516,-0.011083282,0,-1.0,False,67
-0.4704482,-0.012573021,0,-1.0,False,67
-0.48441815,-0.013969963,0,-1.0,False,67
-0.4996813,-0.015263142,0,-1.0,False,67
-0.51612365,-0.01644237,0,-1.0,False,67
-0.5336221,-0.017498428,0,-1.0,False,67
-0.55204535,-0.018423265,0,-1.0,False,67
-0.5712555,-0.019210175,0,-1.0,False,67
-0.5911095,-0.019853964,0,-1.0,False,67
-0.61146057,-0.02035109,0,-1.0,False,67
-0.6321603,-0.02069973,0,-1.0,False,67
-0.65306014,-0.020899836,0,-1.0,False,67
-0.67401326,-0.020953102,0,-1.0,False,67
-0.69487613,-0.02086289,0,-1.0,False,67
-0.71551025,-0.020634096,0,-1.0,False,67
-0.7357832,-0.020272968,0,-1.0,False,67
-0.7555701,-0.0197869,0,-1.0,False,67
-0.7747543,-0.019184181,0,-1.0,False,67
-0.79322803,-0.018473754,0,-1.0,False,67
-0.810893,-0.017664954,0,-1.0,False,67
-0.82766026,-0.01676728,0,-1.0,False,67
-0.8434504,-0.015790174,0,-1.0,False,67
-0.8581933,-0.014742834,0,-1.0,False,67
-0.87182736,-0.0136340605,0,-1.0,False,67
-0.88429946,-0.012472143,0,-1.0,False,67
-0.89556426,-0.011264777,0,-1.0,False,67
-0.90558326,-0.010019015,2,-1.0,False,67
-0.91232455,-0.0067412555,2,-1.0,False,67
-0.91576767,-0.0034431245,2,-1.0,False,67
-0.9159026,-0.00013495037,2,-1.0,False,67
-0.91272897,0.0031736125,2,-1.0,False,67
-0.9062561,0.006472936,2,-1.0,False,67
-0.89650327,0.00975277,2,-1.0,False,67
-0.88350165,0.013001618,2,-1.0,False,67
-0.8672955,0.01620617,2,-1.0,False,67
-0.8479447,0.01935082,2,-1.0,False,67
-0.82552737,0.022417316,2,-1.0,False,67
-0.80014277,0.025384592,2,-1.0,False,67
-0.771914,0.028228799,2,-1.0,False,67
-0.74099034,0.03092363,2,-1.0,False,67
-0.70754945,0.033440918,2,-1.0,False,67
-0.6717979,0.03575158,2,-1.0,False,67
-0.63397104,0.037826817,2,-1.0,False,67
-0.59433144,0.039639566,2,-1.0,False,67
-0.5531654,0.04116609,2,-1.0,False,67
-0.51077783,0.04238755,2,-1.0,False,67
-0.4674864,0.043291416,2,-1.0,False,67
-0.42361385,0.043872558,2,-1.0,False,67
-0.37947997,0.044133864,2,-1.0,False,67
-0.33539364,0.044086337,2,-1.0,False,67
-0.29164505,0.04374861,2,-1.0,False,67
-0.24849905,0.04314599,2,-1.0,False,67
-0.20618993,0.042309113,2,-1.0,False,67
-0.16491759,0.041272342,2,-1.0,False,67
-0.12484547,0.04007213,2,-1.0,False,67
-0.086100034,0.038745433,2,-1.0,False,67
-0.04877166,0.03732837,2,-1.0,False,67
-0.012916579,0.035855085,2,-1.0,False,67
0.021440381,0.03435696,2,-1.0,False,67
0.05430251,0.03286213,2,-1.0,False,67
0.08569774,0.03139523,2,-1.0,False,67
0.11567514,0.029977396,2,-1.0,False,67
0.14430156,0.028626425,2,-1.0,False,67
0.1716586,0.027357047,2,-1.0,False,67
0.1978399,0.026181286,2,-1.0,False,67
0.22294874,0.025108842,2,-1.0,False,67
0.24709624,0.0241475,2,-1.0,False,67
0.27039975,0.023303501,2,-1.0,False,67
0.29298165,0.022581927,2,-1.0,False,67
0.31496868,0.021987017,2,-1.0,False,67
0.33649117,0.02152247,2,-1.0,False,67
0.35768285,0.021191705,2,-1.0,False,67
0.37868094,0.020998085,2,-1.0,False,67
0.39962608,0.020945117,2,-1.0,False,67
0.42066267,0.02103661,2,-1.0,False,67
0.44193947,0.021276802,2,-1.0,False,67
0.46360993,0.021670464,2,-1.0,False,67
0.4858329,0.022222972,2,-1.0,True,67
-0.41390145,0.0,0,-1.0,False,68
-0.4157094,-0.0018079598,0,-1.0,False,68
-0.41931248,-0.0036030756,0,-1.0,False,68
-0.424685,-0.0053725257,0,-1.0,False,68
-0.43178853,-0.0071035395,0,-1.0,False,68
-0.440572,-0.008783443,0,-1.0,False,68
-0.4509717,-0.010399725,0,-1.0,False,68
-0.46291184,-0.011940129,0,-1.0,False,68
-0.47630462,-0.013392771,0,-1.0,False,68
-0.4910509,-0.014746288,0,-1.0,False,68
-0.5070409,-0.01599001,0,-1.0,False,68
-0.524155,-0.017114142,0,-1.0,False,68
-0.542265,-0.01810997,0,-1.0,False,68
-0.5612351,-0.018970046,0,-1.0,False,68
-0.58092344,-0.019688373,0,-1.0,False,68
-0.601184,-0.020260556,0,-1.0,False,68
-0.6218679,-0.020683905,0,-1.0,False,68
-0.6428254,-0.020957517,0,-1.0,False,68
-0.66390765,-0.021082262,0,-1.0,False,68
-0.6849684,-0.021060746,0,-1.0,False,68
-0.7058656,-0.020897197,0,-1.0,False,68
-0.7264629,-0.020597303,0,-1.0,False,68
-0.74663097,-0.020168021,0,-1.0,False,68
-0.7662483,-0.019617327,0,-1.0,False,68
-0.78520226,-0.018953979,0,-1.0,False,68
-0.8033895,-0.018187251,0,-1.0,False,68
-0.8207162,-0.01732669,0,-1.0,False,68
-0.83709806,-0.016381886,0,-1.0,False,68
-0.8524603,-0.015362256,0,-1.0,False,68
-0.86673725,-0.014276888,0,-1.0,False,68
-0.8798716,-0.013134394,0,-1.0,False,68
-0.8918144,-0.011942812,0,-1.0,False,68
-0.902524,-0.010709548,2,-1.0,False,68
-0.90996534,-0.007441343,2,-1.0,False,68
-0.91411555,-0.0041502346,2,-1.0,False,68
-0.9149624,-0.0008468488,2,-1.0,False,68
-0.9125034,0.0024589985,2,-1.0,False,68
-0.90674573,0.0057576573,2,-1.0,False,68
-0.89770675,0.009038996,2,-1.0,False,68
-0.88541496,0.012291772,2,-1.0,False,68
-0.8699119,0.0155030545,2,-1.0,False,68
-0.8512542,0.018657722,2,-1.0,False,68
-0.8295161,0.021738086,2,-1.0,False,68
-0.8047924,0.02472368,2,-1.0,False,68
-0.7772012,0.027591253,2,-1.0,False,68
-0.7468862,0.030315017,2,-1.0,False,68
-0.71401894,0.03286721,2,-1.0,False,68
-0.6788,0.035218943,2,-1.0,False,68
-0.64145863,0.03734135,2,-1.0,False,68
-0.60225165,0.039206997,2,-1.0,False,68
-0.5614602,0.040791433,2,-1.0,False,68
-0.51938546,0.042074785,2,-1.0,False,68
-0.47634226,0.043043185,2,-1.0,False,68
-0.4326523,0.043689948,2,-1.0,False,68
-0.38863602,0.04401628,2,-1.0,False,68
-0.34460455,0.04403149,2,-1.0,False,68
-0.3008519,0.043752626,2,-1.0,False,68
-0.2576483,0.04320361,2,-1.0,False,68
-0.21523434,0.04241397,2,-1.0,False,68
-0.17381705,0.041417275,2,-1.0,False,68
-0.13356753,0.04024953,2,-1.0,False,68
-0.09461996,0.038947564,2,-1.0,False,68
-0.057072353,0.03754761,2,-1.0,False,68
-0.020988187,0.036084164,2,-1.0,False,68
0.013600932,0.03458912,2,-1.0,False,68
0.046692133,0.0330912,2,-1.0,False,68
0.078307815,0.031615686,2,-1.0,False,68
0.10849217,0.030184356,2,-1.0,False,68
0.13730778,0.02881561,2,-1.0,False,68
0.16483252,0.027524728,2,-1.0,False,68
0.19115673,0.02632421,2,-1.0,False,68
0.21638088,0.025224153,2,-1.0,False,68
0.24061352,0.024232646,2,-1.0,False,68
0.2639697,0.02335617,2,-1.0,False,68
0.28656965,0.022599949,2,-1.0,False,68
0.30853793,0.021968305,2,-1.0,False,68
0.33000287,0.021464944,2,-1.0,False,68
0.35109612,0.021093236,2,-1.0,False,68
0.37195256,0.020856448,2,-1.0,False,68
0.3927105,0.020757928,2,-1.0,False,68
0.4135118,0.0208013,2,-1.0,False,68
0.43450236,0.020990575,2,-1.0,False,68
0.45583266,0.02133028,2,-1.0,False,68
0.47765818,0.021825528,2,-1.0,True,68
-0.56926775,0.0,0,-1.0,False,69
-0.56992626,-0.0006585534,0,-1.0,False,69
-0.5712385,-0.0013122146,0,-1.0,False,69
-0.5731946,-0.0019561318,0,-1.0,False,69
-0.57578015,-0.0025855338,0,-1.0,False,69
-0.5789759,-0.0031957699,0,-1.0,False,69
-0.5827583,-0.0037823492,0,-1.0,False,69
-0.58709925,-0.0043409783,0,-1.0,False,69
-0.59196687,-0.0048676003,0,-1.0,False,69
-0.59732527,-0.0053584273,0,-1.0,False,69
-0.6031353,-0.005809976,0,-1.0,False,69
-0.6093544,-0.0062190965,0,-1.0,False,69
-0.61593735,-0.006583001,0,-1.0,False,69
-0.62283665,-0.0068992847,0,-1.0,False,69
-0.6300026,-0.007165947,0,-1.0,False,69
-0.637384,-0.007381402,0,-1.0,False,69
-0.64492846,-0.00754449,0,-1.0,False,69
-0.65258294,-0.007654478,0,-1.0,False,69
-0.660294,-0.007711058,0,-1.0,False,69
-0.6680084,-0.007714338,0,-1.0,False,69
-0.6756732,-0.0076648295,0,-1.0,False,69
-0.6832366,-0.0075634276,0,-1.0,False,69
-0.690648,-0.0074113896,0,-1.0,False,69
-0.69785833,-0.007210308,0,-1.0,False,69
-0.7048204,-0.0069620847,0,-1.0,False,69
-0.7114893,-0.0066688946,0,-1.0,False,69
-0.71782243,-0.006333161,0,-1.0,False,69
-0.72378,-0.005957521,0,-1.0,False,69
-0.72932476,-0.0055447933,0,-1.0,False,69
-0.73442274,-0.005097953,0,-1.0,False,69
-0.7390428,-0.0046201022,0,-1.0,False,69
-0.74315727,-0.004114446,0,-1.0,False,69
-0.74674153,-0.0035842715,0,-1.0,False,69
-0.74977446,-0.0030329272,0,-1.0,False,69
-0.7522383,-0.0024638094,0,-1.0,False,69
-0.7541186,-0.0018803494,0,-1.0,False,69
-0.75540465,-0.0012860013,0,-1.0,False,69
-0.75608885,-0.0006842361,0,-1.0,False,69
-0.7561674,-7.853417e-05,0,-1.0,False,69
-0.7556398,0.0005276192,0,-1.0,False,69
-0.75450903,0.0011307381,0,-1.0,False,69
-0.7527817,0.0017273404,2,-1.0,False,69
-0.74846774,0.0043139523,2,-1.0,False,69
-0.74159235,0.0068754284,2,-1.0,False,69
-0.73219603,0.009396304,2,-1.0,False,69
-0.72033536,0.011860653,2,-1.0,False,69
-0.70608336,0.014251991,2,-1.0,False,69
-0.6895301,0.016553277,2,-1.0,False,69
-0.6707831,0.018746998,2,-1.0,False,69
-0.64996773,0.02081536,2,-1.0,False,69
-0.6272271,0.022740586,2,-1.0,False,69
-0.6027218,0.02450534,2,-1.0,False,69
-0.5766286,0.026093205,2,-1.0,False,69
-0.5491394,0.027489254,2,-1.0,False,69
-0.52045876,0.02868062,1,-1.0,False,69
-0.49180165,0.028657071,1,-1.0,False,69
-0.46338272,0.028418954,0,-1.0,False,69
-0.43641293,0.026969785,2,-1.0,False,69
-0.4090896,0.027323322,2,-1.0,False,69
-0.3816083,0.027481295,2,-1.0,False,69
-0.35416,0.027448282,2,-1.0,False,69
-0.3269285,0.027231514,2,-1.0,False,69
-0.30008793,0.026840588,2,-1.0,False,69
-0.27380085,0.02628708,2,-1.0,False,69
-0.24821675,0.025584092,2,-1.0,False,69
-0.22347097,0.024745781,2,-1.0,False,69
-0.1996841,0.023786867,2,-1.0,False,69
-0.17696191,0.022722192,1,-1.0,False,69
-0.15639561,0.020566294,0,-1.0,False,69
-0.13905916,0.017336452,0,-1.0,False,69
-0.1250083,0.014050863,0,-1.0,False,69
-0.11428368,0.010724616,0,-1.0,False,69
-0.10691357,0.007370116,0,-1.0,False,69
-0.10291596,0.003997611,0,-1.0,False,69
-0.10230013,0.00061582396,0,-1.0,False,69
-0.10506749,-0.0027673624,2,-1.0,False,69
-0.10921169,-0.0041441964,2,-1.0,False,69
-0.1147229,-0.0055112117,2,-1.0,False,69
-0.1215875,-0.006864602,2,-1.0,False,69
-0.12978762,-0.008200124,2,-1.0,False,69
-0.13930063,-0.009513001,2,-1.0,False,69
-0.15009849,-0.010797857,2,-1.0,False,69
-0.16214713,-0.012048654,0,-1.0,False,69
-0.1774058,-0.015258659,0,-1.0,False,69
-0.19581866,-0.01841287,0,-1.0,False,69
-0.21731243,-0.021493752,0,-1.0,False,69
-0.24179344,-0.024481026,0,-1.0,False,69
-0.2691451,-0.027351646,0,-1.0,False,69
-0.29922512,-0.03008003,0,-1.0,False,69
-0.33186373,-0.032638602,0,-1.0,False,69
-0.36686236,-0.034998618,0,-1.0,False,69
-0.40399364,-0.037131302,0,-1.0,False,69
-0.44300285,-0.039009213,2,-1.0,False,69
-0.4816107,-0.038607813,2,-1.0,False,69
-0.51953256,-0.03792189,2,-1.0,False,69
-0.55648494,-0.036952388,0,-1.0,False,69
-0.5941911,-0.03770614,0,-1.0,False,69
-0.6323717,-0.038180646,0,-1.0,False,69
-0.670751,-0.038379252,0,-1.0,False,69
-0.7090621,-0.03831111,0,-1.0,False,69
-0.7470529,-0.037990797,0,-1.0,False,69
-0.7844905,-0.03743762,0,-1.0,False,69
-0.8211652,-0.036674675,0,-1.0,False,69
-0.85689294,-0.035727758,0,-1.0,False,69
-0.89151716,-0.034624238,0,-1.0,False,69
-0.9249092,-0.03339198,0,-1.0,False,69
-0.9569675,-0.032058336,0,-1.0,False,69
-0.9876169,-0.03064937,0,-1.0,False,69
-1.0168061,-0.0291892,0,-1.0,False,69
-1.0445056,-0.027699582,2,-1.0,False,69
-1.0687053,-0.024199665,2,-1.0,False,69
-1.0894102,-0.020704867,0,-1.0,False,69
-1.1086351,-0.019224886,0,-1.0,False,69
-1.1264023,-0.01776723,0,-1.0,False,69
-1.1427398,-0.016337475,0,-1.0,False,69
-1.1576792,-0.0149394665,0,-1.0,False,69
-1.1712548,-0.013575534,0,-1.0,False,69
-1.1835015,-0.012246684,0,-1.0,False,69
-1.1944543,-0.0109528,0,-1.0,False,69
-1.2,0.0,2,-1.0,False,69
-1.1967582,0.003241896,2,-1.0,False,69
-1.1902636,0.0064944453,2,-1.0,False,69
-1.180496,0.009767694,2,-1.0,False,69
-1.1674255,0.013070449,2,-1.0,False,69
-1.1510159,0.016409589,2,-1.0,False,69
-1.1312267,0.01978931,2,-1.0,False,69
-1.1080164,0.023210295,2,-1.0,False,69
-1.0813475,0.026668796,2,-1.0,False,69
-1.0511918,0.030155689,2,-1.0,False,69
-1.0175363,0.03365551,2,-1.0,False,69
-0.9803907,0.03714562,2,-1.0,False,69
-0.93979514,0.040595576,2,-1.0,False,69
-0.8958282,0.043966923,2,-1.0,False,69
-0.84861463,0.047213554,2,-1.0,False,69
-0.7983318,0.050282877,2,-1.0,False,69
-0.74521387,0.053117886,2,-1.0,False,69
-0.6895537,0.05566023,2,-1.0,False,69
-0.63169956,0.057854105,2,-1.0,False,69
-0.57204884,0.059650723,2,-1.0,False,69
-0.51103604,0.061012823,2,-1.0,False,69
-0.4491174,0.061918624,2,-1.0,False,69
-0.38675275,0.06236465,2,-1.0,False,69
-0.32438585,0.06236689,2,-1.0,False,69
-0.2624257,0.061960164,2,-1.0,False,69
-0.20122996,0.06119572,2,-1.0,False,69
-0.14109236,0.060137603,2,-1.0,False,69
-0.08223413,0.058858234,2,-1.0,False,69
-0.0248002,0.057433926,2,-1.0,False,69
0.031140642,0.055940844,2,-1.0,False,69
0.08559239,0.054451745,2,-1.0,False,69
0.1386261,0.05303371,2,-1.0,False,69
0.1903729,0.051746808,2,-1.0,False,69
0.24101646,0.050643563,2,-1.0,False,69
0.29078555,0.049769085,2,-1.0,False,69
0.33994707,0.049161527,2,-1.0,False,69
0.38879985,0.048852775,2,-1.0,False,69
0.43766898,0.048869114,2,-1.0,False,69
0.48690072,0.049231753,2,-1.0,True,69
-0.5767082,0.0,0,-1.0,False,70
-0.5773116,-0.00060336245,0,-1.0,False,70
-0.5785138,-0.0012022577,0,-1.0,False,70
-0.58030605,-0.0017922554,0,-1.0,False,70
-0.5826751,-0.0023689992,0,-1.0,False,70
-0.5856033,-0.0029282428,0,-1.0,False,70
-0.5890692,-0.003465886,0,-1.0,False,70
-0.5930472,-0.003978009,0,-1.0,False,70
-0.59750813,-0.0044609057,0,-1.0,False,70
-0.60241926,-0.0049111163,0,-1.0,False,70
-0.6077447,-0.0053254566,0,-1.0,False,70
-0.61344576,-0.0057010436,0,-1.0,False,70
-0.619481,-0.0060353214,0,-1.0,False,70
-0.6258071,-0.00632608,0,-1.0,False,70
-0.6323786,-0.006571473,0,-1.0,False,70
-0.63914865,-0.0067700283,0,-1.0,False,70
-0.6460693,-0.0069206567,0,-1.0,False,70
-0.65309197,-0.007022654,0,-1.0,False,70
-0.66016763,-0.0070757004,0,-1.0,False,70
-0.6672475,-0.0070798495,0,-1.0,False,70
-0.674283,-0.007035523,0,-1.0,False,70
-0.6812265,-0.0069434904,0,-1.0,False,70
-0.6880314,-0.006804853,0,-1.0,False,70
-0.6946524,-0.0066210204,0,-1.0,False,70
-0.70104605,-0.006393687,0,-1.0,False,70
-0.7071709,-0.0061248057,0,-1.0,False,70
-0.7129874,-0.005816561,0,-1.0,False,70
-0.7184588,-0.0054713436,0,-1.0,False,70
-0.7235505,-0.0050917207,0,-1.0,False,70
-0.7282309,-0.0046804133,0,-1.0,False,70
-0.73247117,-0.004240271,0,-1.0,False,70
-0.73624545,-0.0037742513,0,-1.0,False,70
-0.73953086,-0.0032853966,0,-1.0,False,70
-0.74230766,-0.0027768204,0,-1.0,False,70
-0.74455935,-0.0022516896,0,-1.0,False,70
-0.74627256,-0.0017132125,0,-1.0,False,70
-0.7474372,-0.0011646278,0,-1.0,False,70
-0.7480464,-0.0006091955,0,-1.0,False,70
-0.7480966,-5.01888e-05,0,-1.0,False,70
-0.74758744,0.00050911214,0,-1.0,False,70
-0.746522,0.0010654266,0,-1.0,False,70
-0.74490654,0.0016154797,2,-1.0,False,70
-0.74075055,0.0041560084,2,-1.0,False,70
-0.73407865,0.006671869,2,-1.0,False,70
-0.72493106,0.0091476375,2,-1.0,False,70
-0.7133635,0.01156748,2,-1.0,False,70
-0.69944847,0.013915074,2,-1.0,False,70
-0.68327487,0.016173618,2,-1.0,False,70
-0.66494894,0.01832591,2,-1.0,False,70
-0.64459443,0.020354548,2,-1.0,False,70
-0.6223522,0.022242218,2,-1.0,False,70
-0.5983801,0.023972083,2,-1.0,False,70
-0.57285184,0.02552825,2,-1.0,False,70
-0.54595554,0.026896305,2,-1.0,False,70
-0.5178917,0.028063854,2,-1.0,False,70
-0.48887065,0.029021055,0,-1.0,False,70
-0.46110958,0.027761064,0,-1.0,False,70
-0.43481445,0.026295135,2,-1.0,False,70
-0.40817735,0.026637098,2,-1.0,False,70
-0.38138872,0.026788633,2,-1.0,False,70
-0.35463458,0.026754119,2,-1.0,False,70
-0.32809412,0.026540462,2,-1.0,False,70
-0.3019373,0.02615681,2,-1.0,False,70
-0.27632314,0.025614193,2,-1.0,False,70
-0.25139803,0.024925103,2,-1.0,False,70
-0.22729498,0.024103044,2,-1.0,False,70
-0.2041329,0.023162078,2,-1.0,False,70
-0.1820165,0.0221164,1,-1.0,False,70
-0.16203657,0.019979943,0,-1.0,False,70
-0.14526701,0.01676955,0,-1.0,False,70
-0.13176379,0.01350322,0,-1.0,False,70
-0.12156778,0.010196009,0,-1.0,False,70
-0.11470735,0.0068604345,0,-1.0,False,70
-0.11120034,0.0035070046,0,-1.0,False,70
-0.11105551,0.00014483133,0,-1.0,False,70
-0.114273205,-0.0032176974,2,-1.0,False,70
-0.11884543,-0.004572224,2,-1.0,False,70
-0.124760434,-0.0059150024,2,-1.0,False,70
-0.13200237,-0.007241929,2,-1.0,False,70
-0.1405508,-0.008548451,2,-1.0,False,70
-0.1503803,-0.009829485,2,-1.0,False,70
-0.16145965,-0.011079361,2,-1.0,False,70
-0.17375143,-0.012291771,0,-1.0,False,70
-0.18921119,-0.01545976,0,-1.0,False,70
-0.20777889,-0.018567698,0,-1.0,False,70
-0.22937642,-0.021597536,0,-1.0,False,70
-0.25390506,-0.024528624,0,-1.0,False,70
-0.28124282,-0.027337758,0,-1.0,False,70
-0.31124228,-0.029999463,0,-1.0,False,70
-0.34372884,-0.03248657,0,-1.0,False,70
-0.37849993,-0.034771074,0,-1.0,False,70
-0.4153252,-0.03682527,0,-1.0,False,70
-0.45394832,-0.038623117,2,-1.0,False,70
-0.49209002,-0.038141705,2,-1.0,False,70
-0.5294677,-0.037377667,2,-1.0,False,70
-0.5658013,-0.036333654,0,-1.0,False,70
-0.6028193,-0.03701798,0,-1.0,False,70
-0.6402487,-0.037429404,0,-1.0,False,70
-0.677821,-0.037572276,0,-1.0,False,70
-0.71527743,-0.037456434,0,-1.0,False,70
-0.7523742,-0.037096772,0,-1.0,False,70
-0.7888867,-0.036512524,0,-1.0,False,70
-0.8246131,-0.035726354,0,-1.0,False,70
-0.8593764,-0.034763318,0,-1.0,False,70
-0.8930262,-0.03364979,0,-1.0,False,70
-0.92543864,-0.03241246,0,-1.0,False,70
-0.956516,-0.031077394,0,-1.0,False,70
-0.9861854,-0.029669337,0,-1.0,False,70
-1.0143964,-0.028211098,0,-1.0,False,70
-1.0411197,-0.026723191,0,-1.0,False,70
-1.0663433,-0.025223607,2,-1.0,False,70
-1.088071,-0.02172773,0,-1.0,False,70
-1.1083175,-0.0202465,0,-1.0,False,70
-1.127106,-0.01878841,0,-1.0,False,70
-1.1444658,-0.017359901,0,-1.0,False,70
-1.1604314,-0.015965587,0,-1.0,False,70
-1.1750399,-0.01460845,0,-1.0,False,70
-1.1883299,-0.013290074,0,-1.0,False,70
-1.2,0.0,2,-1.0,False,70
-1.1967582,0.003241896,2,-1.0,False,70
-1.1902636,0.0064944453,2,-1.0,False,70
-1.180496,0.009767694,2,-1.0,False,70
-1.1674255,0.013070449,2,-1.0,False,70
-1.1510159,0.016409589,2,-1.0,False,70
-1.1312267,0.01978931,2,-1.0,False,70
-1.1080164,0.023210295,2,-1.0,False,70
-1.0813475,0.026668796,2,-1.0,False,70
-1.0511918,0.030155689,2,-1.0,False,70
-1.0175363,0.03365551,2,-1.0,False,70
-0.9803907,0.03714562,2,-1.0,False,70
-0.93979514,0.040595576,2,-1.0,False,70
-0.8958282,0.043966923,2,-1.0,False,70
-0.84861463,0.047213554,2,-1.0,False,70
-0.7983318,0.050282877,2,-1.0,False,70
-0.74521387,0.053117886,2,-1.0,False,70
-0.6895537,0.05566023,2,-1.0,False,70
-0.63169956,0.057854105,2,-1.0,False,70
-0.57204884,0.059650723,2,-1.0,False,70
-0.51103604,0.061012823,2,-1.0,False,70
-0.4491174,0.061918624,2,-1.0,False,70
-0.38675275,0.06236465,2,-1.0,False,70
-0.32438585,0.06236689,2,-1.0,False,70
-0.2624257,0.061960164,2,-1.0,False,70
-0.20122996,0.06119572,2,-1.0,False,70
-0.14109236,0.060137603,2,-1.0,False,70
-0.08223413,0.058858234,2,-1.0,False,70
-0.0248002,0.057433926,2,-1.0,False,70
0.031140642,0.055940844,2,-1.0,False,70
0.08559239,0.054451745,2,-1.0,False,70
0.1386261,0.05303371,2,-1.0,False,70
0.1903729,0.051746808,2,-1.0,False,70
0.24101646,0.050643563,2,-1.0,False,70
0.29078555,0.049769085,2,-1.0,False,70
0.33994707,0.049161527,2,-1.0,False,70
0.38879985,0.048852775,2,-1.0,False,70
0.43766898,0.048869114,2,-1.0,False,70
0.48690072,0.049231753,2,-1.0,True,70
-0.5858844,0.0,0,-1.0,False,71
-0.58641994,-0.00053557166,0,-1.0,False,71
-0.58748716,-0.0010671971,0,-1.0,False,71
-0.5890781,-0.0015909625,0,-1.0,False,71
-0.59118116,-0.00210302,0,-1.0,False,71
-0.59378076,-0.0025996177,0,-1.0,False,71
-0.5968579,-0.003077133,0,-1.0,False,71
-0.60038996,-0.0035321023,0,-1.0,False,71
-0.6043512,-0.0039612493,0,-1.0,False,71
-0.60871273,-0.0043615126,0,-1.0,False,71
-0.61344284,-0.004730072,0,-1.0,False,71
-0.6185072,-0.0050643706,0,-1.0,False,71
-0.6238693,-0.0053621363,0,-1.0,False,71
-0.62949073,-0.0056213974,0,-1.0,False,71
-0.6353312,-0.0058404985,0,-1.0,False,71
-0.6413493,-0.00601811,0,-1.0,False,71
-0.64750254,-0.0061532333,0,-1.0,False,71
-0.6537478,-0.0062452075,0,-1.0,False,71
-0.66004145,-0.006293703,0,-1.0,False,71
-0.6663402,-0.0062987204,0,-1.0,False,71
-0.67260075,-0.0062605804,0,-1.0,False,71
-0.6787807,-0.006179911,0,-1.0,False,71
-0.6848383,-0.006057635,0,-1.0,False,71
-0.69073325,-0.0058949487,0,-1.0,False,71
-0.6964266,-0.005693307,0,-1.0,False,71
-0.701881,-0.0054543987,0,-1.0,False,71
-0.7070611,-0.0051801256,0,-1.0,False,71
-0.7119337,-0.004872583,0,-1.0,False,71
-0.71646774,-0.0045340336,0,-1.0,False,71
-0.7206346,-0.0041668885,0,-1.0,False,71
-0.72440827,-0.003773686,0,-1.0,False,71
-0.7277654,-0.003357073,0,-1.0,False,71
-0.7306852,-0.0029197866,0,-1.0,False,71
-0.73314977,-0.0024646379,0,-1.0,False,71
-0.7351443,-0.0019944983,0,-1.0,False,71
-0.73665655,-0.0015122861,0,-1.0,False,71
-0.7376775,-0.0010209556,0,-1.0,False,71
-0.738201,-0.0005234865,0,-1.0,False,71
-0.7382239,-2.2875349e-05,0,-1.0,False,71
-0.737746,0.00047787302,0,-1.0,False,71
-0.7367703,0.0009757534,0,-1.0,False,71
-0.7353025,0.0014677682,2,-1.0,False,71
-0.73135155,0.003950936,2,-1.0,False,71
-0.72494143,0.0064101457,2,-1.0,False,71
-0.71611136,0.008830051,2,-1.0,False,71
-0.7049164,0.011194958,2,-1.0,False,71
-0.69142765,0.013488764,2,-1.0,False,71
-0.6757327,0.01569497,2,-1.0,False,71
-0.6579359,0.017796772,2,-1.0,False,71
-0.6381587,0.019777248,2,-1.0,False,71
-0.616539,0.021619633,2,-1.0,False,71
-0.5932313,0.023307689,2,-1.0,False,71
-0.5684052,0.024826143,2,-1.0,False,71
-0.542244,0.026161179,2,-1.0,False,71
-0.51494306,0.027300945,2,-1.0,False,71
-0.48670703,0.028236035,0,-1.0,False,71
-0.4597471,0.026959911,0,-1.0,False,71
-0.43426317,0.025483947,2,-1.0,False,71
-0.40844125,0.025821922,2,-1.0,False,71
-0.38246593,0.025975319,2,-1.0,False,71
-0.35651776,0.025948165,2,-1.0,False,71
-0.33077088,0.025746876,2,-1.0,False,71
-0.3053909,0.025379987,2,-1.0,False,71
-0.28053308,0.024857836,2,-1.0,False,71
-0.2563409,0.024192158,2,-1.0,False,71
-0.23294522,0.023395682,2,-1.0,False,71
-0.21046352,0.022481702,2,-1.0,False,71
-0.18899983,0.021463685,1,-1.0,False,71
-0.16964494,0.019354893,0,-1.0,False,71
-0.15347321,0.016171733,0,-1.0,False,71
-0.14054114,0.012932068,0,-1.0,False,71
-0.13089015,0.009651003,0,-1.0,False,71
-0.12454886,0.006341277,0,-1.0,False,71
-0.12153509,0.0030137708,0,-1.0,False,71
-0.12185698,-0.00032189066,2,-1.0,False,71
-0.123513676,-0.0016566901,2,-1.0,False,71
-0.1265007,-0.002987019,2,-1.0,False,71
-0.13080983,-0.004309142,2,-1.0,False,71
-0.13642894,-0.005619099,2,-1.0,False,71
-0.14334154,-0.006912611,2,-1.0,False,71
-0.15152654,-0.008185,2,-1.0,False,71
-0.16095766,-0.0094311135,2,-1.0,False,71
-0.17160293,-0.010645275,2,-1.0,False,71
-0.18342417,-0.011821243,0,-1.0,False,71
-0.19837637,-0.014952198,0,-1.0,False,71
-0.21639876,-0.018022388,0,-1.0,False,71
-0.23741257,-0.021013813,0,-1.0,False,71
-0.26131865,-0.023906067,0,-1.0,False,71
-0.287995,-0.026676381,0,-1.0,False,71
-0.31729493,-0.029299911,0,-1.0,False,71
-0.34904522,-0.031750284,0,-1.0,False,71
-0.38304564,-0.03400042,0,-1.0,False,71
-0.41906923,-0.036023606,0,-1.0,False,71
-0.45686403,-0.03779479,2,-1.0,False,71
-0.494156,-0.037291966,2,-1.0,False,71
-0.5306685,-0.036512498,0,-1.0,False,71
-0.568128,-0.03745948,2,-1.0,False,71
-0.6042545,-0.0361265,0,-1.0,False,71
-0.64078194,-0.03652747,0,-1.0,False,71
-0.6774485,-0.036666587,0,-1.0,False,71
-0.7140018,-0.03655325,0,-1.0,False,71
-0.75020343,-0.036201626,0,-1.0,False,71
-0.7858334,-0.035630003,0,-1.0,False,71
-0.8206934,-0.03485993,0,-1.0,False,71
-0.8546086,-0.033915233,0,-1.0,False,71
-0.8874296,-0.032821022,0,-1.0,False,71
-0.91903234,-0.031602733,0,-1.0,False,71
-0.9493176,-0.030285262,0,-1.0,False,71
-0.97820985,-0.028892271,0,-1.0,False,71
-1.0056555,-0.027445622,0,-1.0,False,71
-1.0316205,-0.02596501,0,-1.0,False,71
-1.0560882,-0.02446774,2,-1.0,False,71
-1.0770569,-0.020968629,0,-1.0,False,71
-1.0965356,-0.019478653,0,-1.0,False,71
-1.1145415,-0.018005988,0,-1.0,False,71
-1.1310984,-0.016556837,0,-1.0,False,71
-1.1462339,-0.015135611,0,-1.0,False,71
-1.1599791,-0.013745145,0,-1.0,False,71
-1.172366,-0.012386881,0,-1.0,False,71
-1.1834271,-0.011061075,0,-1.0,False,71
-1.193194,-0.009766968,0,-1.0,False,71
-1.2,0.0,2,-1.0,False,71
-1.1967582,0.003241896,2,-1.0,False,71
-1.1902636,0.0064944453,2,-1.0,False,71
-1.180496,0.009767694,2,-1.0,False,71
-1.1674255,0.013070449,2,-1.0,False,71
-1.1510159,0.016409589,2,-1.0,False,71
-1.1312267,0.01978931,2,-1.0,False,71
-1.1080164,0.023210295,2,-1.0,False,71
-1.0813475,0.026668796,2,-1.0,False,71
-1.0511918,0.030155689,2,-1.0,False,71
-1.0175363,0.03365551,2,-1.0,False,71
-0.9803907,0.03714562,2,-1.0,False,71
-0.93979514,0.040595576,2,-1.0,False,71
-0.8958282,0.043966923,2,-1.0,False,71
-0.84861463,0.047213554,2,-1.0,False,71
-0.7983318,0.050282877,2,-1.0,False,71
-0.74521387,0.053117886,2,-1.0,False,71
-0.6895537,0.05566023,2,-1.0,False,71
-0.63169956,0.057854105,2,-1.0,False,71
-0.57204884,0.059650723,2,-1.0,False,71
-0.51103604,0.061012823,2,-1.0,False,71
-0.4491174,0.061918624,2,-1.0,False,71
-0.38675275,0.06236465,2,-1.0,False,71
-0.32438585,0.06236689,2,-1.0,False,71
-0.2624257,0.061960164,2,-1.0,False,71
-0.20122996,0.06119572,2,-1.0,False,71
-0.14109236,0.060137603,2,-1.0,False,71
-0.08223413,0.058858234,2,-1.0,False,71
-0.0248002,0.057433926,2,-1.0,False,71
0.031140642,0.055940844,2,-1.0,False,71
0.08559239,0.054451745,2,-1.0,False,71
0.1386261,0.05303371,2,-1.0,False,71
0.1903729,0.051746808,2,-1.0,False,71
0.24101646,0.050643563,2,-1.0,False,71
0.29078555,0.049769085,2,-1.0,False,71
0.33994707,0.049161527,2,-1.0,False,71
0.38879985,0.048852775,2,-1.0,False,71
0.43766898,0.048869114,2,-1.0,False,71
0.48690072,0.049231753,2,-1.0,True,71
-0.45442235,0.0,2,-1.0,False,72
-0.45393744,0.0004848929,2,-1.0,False,72
-0.45297122,0.0009662277,2,-1.0,False,72
-0.45153075,0.0014404757,2,-1.0,False,72
-0.4496266,0.0019041665,2,-1.0,False,72
-0.44727266,0.0023539176,2,-1.0,False,72
-0.4444862,0.002786461,2,-1.0,False,72
-0.44128752,0.0031986714,2,-1.0,False,72
-0.43769994,0.0035875917,2,-1.0,False,72
-0.4337495,0.003950457,2,-1.0,False,72
-0.42946476,0.004284718,0,-1.0,False,72
-0.4268767,0.0025880598,0,-1.0,False,72
-0.42600393,0.00087278103,0,-1.0,False,72
-0.4268527,-0.0008487674,0,-1.0,False,72
-0.42941692,-0.0025642188,0,-1.0,False,72
-0.43367812,-0.0042612217,0,-1.0,False,72
-0.43960562,-0.0059274766,0,-1.0,False,72
-0.4471564,-0.00755078,0,-1.0,False,72
-0.45627546,-0.009119086,0,-1.0,False,72
-0.46689606,-0.010620585,0,-1.0,False,72
-0.47893986,-0.012043808,0,-1.0,False,72
-0.49231762,-0.013377748,0,-1.0,False,72
-0.50692964,-0.014612013,0,-1.0,False,72
-0.52266663,-0.015736979,0,-1.0,False,72
-0.5394106,-0.016743971,0,-1.0,False,72
-0.557036,-0.017625427,0,-1.0,False,72
-0.5754111,-0.018375067,0,-1.0,False,72
-0.5943991,-0.018988037,0,-1.0,False,72
-0.61386013,-0.019461019,0,-1.0,False,72
-0.63365245,-0.019792302,0,-1.0,False,72
-0.65363425,-0.019981813,0,-1.0,False,72
-0.67366534,-0.020031096,0,-1.0,False,72
-0.6936086,-0.019943234,0,-1.0,False,72
-0.7133313,-0.019722726,0,-1.0,False,72
-0.7327066,-0.019375335,0,-1.0,False,72
-0.7516145,-0.018907884,0,-1.0,False,72
-0.7699426,-0.018328048,0,-1.0,False,72
-0.7875867,-0.017644117,0,-1.0,False,72
-0.80445147,-0.016864782,0,-1.0,False,72
-0.82045037,-0.015998911,0,-1.0,False,72
-0.8355057,-0.015055359,0,-1.0,False,72
-0.8495485,-0.014042792,0,-1.0,False,72
-0.8625181,-0.012969549,0,-1.0,False,72
-0.87436163,-0.011843531,0,-1.0,False,72
-0.8850337,-0.0106721325,0,-1.0,False,72
-0.8944959,-0.009462186,0,-1.0,False,72
-0.90271586,-0.0082199555,2,-1.0,False,72
-0.90766704,-0.0049511446,2,-1.0,False,72
-0.909334,-0.001666989,2,-1.0,False,72
-0.9077118,0.0016222203,2,-1.0,False,72
-0.90280527,0.0049065123,2,-1.0,False,72
-0.89462966,0.008175605,2,-1.0,False,72
-0.8832114,0.011418278,2,-1.0,False,72
-0.8685896,0.014621803,2,-1.0,False,72
-0.85081816,0.017771423,2,-1.0,False,72
-0.8299682,0.020849973,2,-1.0,False,72
-0.8061306,0.023837626,2,-1.0,False,72
-0.7794187,0.026711853,2,-1.0,False,72
-0.7499711,0.029447626,2,-1.0,False,72
-0.7179532,0.032017894,2,-1.0,False,72
-0.6835589,0.03439435,2,-1.0,False,72
-0.6470103,0.036548533,2,-1.0,False,72
-0.6085572,0.03845312,2,-1.0,False,72
-0.56847376,0.04008343,2,-1.0,False,72
-0.5270548,0.041418977,2,-1.0,False,72
-0.4846099,0.042444896,2,-1.0,False,72
-0.44145674,0.04315315,2,-1.0,False,72
-0.39791346,0.043543298,2,-1.0,False,72
-0.3542906,0.043622836,2,-1.0,False,72
-0.3108837,0.043406922,2,-1.0,False,72
-0.26796603,0.042917658,2,-1.0,False,72
-0.22578314,0.042182896,2,-1.0,False,72
-0.18454833,0.041234802,2,-1.0,False,72
-0.14444007,0.040108267,2,-1.0,False,72
-0.10560074,0.038839325,2,-1.0,False,72
-0.068137,0.037463736,2,-1.0,False,72
-0.032121215,0.036015783,2,-1.0,False,72
0.0024061669,0.034527384,2,-1.0,False,72
0.035433613,0.033027448,2,-1.0,False,72
0.06697518,0.03154156,2,-1.0,False,72
0.09706703,0.030091854,2,-1.0,False,72
0.12576413,0.028697103,2,-1.0,False,72
0.15313707,0.02737294,2,-1.0,False,72
0.17926922,0.026132155,2,-1.0,False,72
0.2042543,0.024985071,2,-1.0,False,72
0.22819422,0.023939917,2,-1.0,False,72
0.25119743,0.02300321,2,-1.0,False,72
0.27337754,0.02218012,2,-1.0,False,72
0.29485235,0.021474808,2,-1.0,False,72
0.3157431,0.02089073,2,-1.0,False,72
0.33617398,0.020430893,2,-1.0,False,72
0.3562721,0.020098113,2,-1.0,False,72
0.3761673,0.019895207,2,-1.0,False,72
0.39599246,0.019825172,2,-1.0,False,72
0.4158838,0.01989133,2,-1.0,False,72
0.43598124,0.020097453,2,-1.0,False,72
0.45642912,0.020447863,2,-1.0,False,72
0.4773766,0.020947494,2,-1.0,False,72
0.49897856,0.021601936,2,-1.0,True,72
-0.4595324,0.0,2,-1.0,False,73
-0.45900995,0.00052245497,2,-1.0,False,73
-0.4579689,0.0010410643,2,-1.0,False,73
-0.45641688,0.0015520141,2,-1.0,False,73
-0.4543653,0.0020515542,2,-1.0,False,73
-0.45182928,0.0025360284,2,-1.0,False,73
-0.4488274,0.0030019064,2,-1.0,False,73
-0.44538155,0.0034458118,2,-1.0,False,73
-0.441517,0.0038645514,2,-1.0,False,73
-0.43726188,0.0042551407,2,-1.0,False,73
-0.43264705,0.00461483,2,-1.0,False,73
-0.4277059,0.0049411245,0,-1.0,False,73
-0.42447412,0.0032318071,0,-1.0,False,73
-0.42297482,0.0014992809,0,-1.0,False,73
-0.42321882,-0.00024398896,0,-1.0,False,73
-0.42520434,-0.0019855115,0,-1.0,False,73
-0.42891714,-0.0037127996,0,-1.0,False,73
-0.43433052,-0.0054134014,0,-1.0,False,73
-0.44140548,-0.007074939,0,-1.0,False,73
-0.45009062,-0.008685161,0,-1.0,False,73
-0.46032265,-0.010232015,0,-1.0,False,73
-0.47202638,-0.011703741,0,-1.0,False,73
-0.48511538,-0.013088992,0,-1.0,False,73
-0.49949235,-0.014376977,0,-1.0,False,73
-0.51505,-0.015557618,0,-1.0,False,73
-0.5316717,-0.016621727,0,-1.0,False,73
-0.5492329,-0.017561186,0,-1.0,False,73
-0.567602,-0.01836912,0,-1.0,False,73
-0.586642,-0.019040052,0,-1.0,False,73
-0.6062121,-0.019570041,0,-1.0,False,73
-0.62616885,-0.019956766,0,-1.0,False,73
-0.64636844,-0.020199573,0,-1.0,False,73
-0.66666794,-0.020299478,0,-1.0,False,73
-0.686927,-0.020259101,0,-1.0,False,73
-0.70700955,-0.02008257,0,-1.0,False,73
-0.72678494,-0.019775357,0,-1.0,False,73
-0.74612904,-0.019344093,0,-1.0,False,73
-0.76492536,-0.018796353,0,-1.0,False,73
-0.7830658,-0.018140424,0,-1.0,False,73
-0.80045086,-0.01738507,0,-1.0,False,73
-0.8169902,-0.016539304,0,-1.0,False,73
-0.8326024,-0.0156121785,0,-1.0,False,73
-0.847215,-0.014612606,0,-1.0,False,73
-0.86076415,-0.013549193,0,-1.0,False,73
-0.8731943,-0.012430126,0,-1.0,False,73
-0.88445735,-0.011263079,0,-1.0,False,73
-0.89451253,-0.010055156,0,-1.0,False,73
-0.9033254,-0.008812871,2,-1.0,False,73
-0.90886754,-0.005542144,2,-1.0,False,73
-0.9111219,-0.0022543436,2,-1.0,False,73
-0.9100817,0.0010402218,2,-1.0,False,73
-0.90575,0.0043316786,2,-1.0,False,73
-0.89814,0.0076099527,2,-1.0,False,73
-0.8872759,0.010864136,2,-1.0,False,73
-0.873194,0.014081894,2,-1.0,False,73
-0.85594505,0.01724894,2,-1.0,False,73
-0.83559644,0.020348608,2,-1.0,False,73
-0.8122349,0.02336158,2,-1.0,False,73
-0.7859691,0.02626579,2,-1.0,False,73
-0.7569325,0.029036582,2,-1.0,False,73
-0.72528535,0.031647127,2,-1.0,False,73
-0.69121623,0.034069158,2,-1.0,False,73
-0.6549422,0.036273975,2,-1.0,False,73
-0.61670846,0.038233757,2,-1.0,False,73
-0.57678545,0.039923035,2,-1.0,False,73
-0.5354652,0.041320242,2,-1.0,False,73
-0.493056,0.042409223,2,-1.0,False,73
-0.4498755,0.043180473,2,-1.0,False,73
-0.40624347,0.043632045,2,-1.0,False,73
-0.36247352,0.04376995,2,-1.0,False,73
-0.3188655,0.04360802,2,-1.0,False,73
-0.27569824,0.04316726,2,-1.0,False,73
-0.23322351,0.042474717,2,-1.0,False,73
-0.19166143,0.041562084,2,-1.0,False,73
-0.15119736,0.04046408,2,-1.0,False,73
-0.11198047,0.039216883,2,-1.0,False,73
-0.07412384,0.03785663,2,-1.0,False,73
-0.03770565,0.03641819,2,-1.0,False,73
-0.0027714814,0.034934167,2,-1.0,False,73
0.030662771,0.033434253,2,-1.0,False,73
0.062607594,0.031944823,2,-1.0,False,73
0.09309638,0.030488791,2,-1.0,False,73
0.12218205,0.02908566,2,-1.0,False,73
0.14993379,0.027751734,2,-1.0,False,73
0.17643417,0.0265004,2,-1.0,False,73
0.20177668,0.025342502,2,-1.0,False,73
0.2260634,0.024286715,2,-1.0,False,73
0.24940334,0.023339942,2,-1.0,False,73
0.27191103,0.022507673,2,-1.0,False,73
0.29370534,0.021794336,2,-1.0,False,73
0.31490895,0.02120361,2,-1.0,False,73
0.33564767,0.020738699,2,-1.0,False,73
0.35605025,0.020402582,2,-1.0,False,73
0.37624845,0.020198219,2,-1.0,False,73
0.3963772,0.020128733,2,-1.0,False,73
0.41657475,0.020197567,2,-1.0,False,73
0.43698338,0.020408608,2,-1.0,False,73
0.45774963,0.020766277,2,-1.0,False,73
0.47902524,0.021275615,2,-1.0,True,73
-0.56552607,0.0,0,-1.0,False,74
-0.5662124,-0.00068637397,0,-1.0,False,74
-0.56758004,-0.0013676415,0,-1.0,False,74
-0.5696188,-0.002038738,0,-1.0,False,74
-0.5723135,-0.0026946834,0,-1.0,False,74
-0.57564414,-0.003330622,0,-1.0,False,74
-0.57958597,-0.003941866,0,-1.0,False,74
-0.5841099,-0.004523934,0,-1.0,False,74
-0.5891825,-0.005072589,0,-1.0,False,74
-0.5947664,-0.0055838786,0,-1.0,False,74
-0.60082054,-0.006054167,0,-1.0,False,74
-0.6073007,-0.0064801704,0,-1.0,False,74
-0.6141597,-0.0068589826,0,-1.0,False,74
-0.6213478,-0.0071881004,0,-1.0,False,74
-0.62881327,-0.007465445,0,-1.0,False,74
-0.6365026,-0.0076893745,0,-1.0,False,74
-0.6443613,-0.0078586945,0,-1.0,False,74
-0.652334,-0.007972659,0,-1.0,False,74
-0.6603649,-0.008030968,0,-1.0,False,74
-0.6683987,-0.008033761,0,-1.0,False,74
-0.6763803,-0.007981596,0,-1.0,False,74
-0.6842557,-0.007875435,0,-1.0,False,74
-0.6919724,-0.0077166194,0,-1.0,False,74
-0.69947916,-0.0075068367,0,-1.0,False,74
-0.70672727,-0.007248095,0,-1.0,False,74
-0.71366996,-0.0069426866,0,-1.0,False,74
-0.7202631,-0.006593157,0,-1.0,False,74
-0.7264654,-0.006202269,0,-1.0,False,74
-0.73223835,-0.0057729706,0,-1.0,False,74
-0.73754674,-0.0053083654,0,-1.0,False,74
-0.7423584,-0.004811682,0,-1.0,False,74
-0.7466447,-0.0042862496,0,-1.0,False,74
-0.75038016,-0.003735475,0,-1.0,False,74
-0.75354296,-0.0031628236,0,-1.0,False,74
-0.7561148,-0.0025718038,0,-1.0,False,74
-0.7580807,-0.0019659528,0,-1.0,False,74
-0.7594295,-0.0013488295,0,-1.0,False,74
-0.76015353,-0.0007240045,0,-1.0,False,74
-0.7602486,-9.505662e-05,0,-1.0,False,74
-0.7597142,0.000534432,0,-1.0,False,74
-0.75855327,0.0011608788,0,-1.0,False,74
-0.7567726,0.0017807035,2,-1.0,False,74
-0.7523823,0.0043903324,2,-1.0,False,74
-0.74540764,0.006974628,2,-1.0,False,74
-0.7358895,0.009518115,2,-1.0,False,74
-0.7238847,0.012004824,2,-1.0,False,74
-0.7094665,0.0144182,2,-1.0,False,74
-0.6927254,0.016741084,2,-1.0,False,74
-0.6737696,0.018955806,2,-1.0,False,74
-0.6527252,0.021044374,2,-1.0,False,74
-0.6297364,0.022988781,2,-1.0,False,74
-0.60496503,0.024771431,2,-1.0,False,74
-0.5785894,0.026375636,2,-1.0,False,74
-0.5508032,0.027786197,2,-1.0,False,74
-0.52181315,0.028990004,1,-1.0,False,74
-0.49283656,0.028976612,1,-1.0,False,74
-0.46409035,0.028746223,0,-1.0,False,74
-0.43678805,0.027302276,2,-1.0,False,74
-0.40912953,0.027658531,2,-1.0,False,74
-0.38131276,0.027816787,2,-1.0,False,74
-0.353531,0.027781755,2,-1.0,False,74
-0.3259701,0.027560867,2,-1.0,False,74
-0.29880613,0.027163975,2,-1.0,False,74
-0.2722032,0.026602946,2,-1.0,False,74
-0.24631199,0.025891207,2,-1.0,False,74
-0.22126874,0.025043242,2,-1.0,False,74
-0.19719464,0.024074111,2,-1.0,False,74
-0.17419568,0.022998964,1,-1.0,False,74
-0.15336303,0.020832637,0,-1.0,False,74
-0.13577043,0.017592605,0,-1.0,False,74
-0.1214733,0.014297131,0,-1.0,False,74
-0.110511996,0.010961305,0,-1.0,False,74
-0.10291455,0.0075974464,0,-1.0,False,74
-0.09869889,0.0042156563,0,-1.0,False,74
-0.09787444,0.00082444947,0,-1.0,False,74
-0.100443,-0.0025685544,2,-1.0,False,74
-0.104398906,-0.0039559114,2,-1.0,False,74
-0.1097332,-0.0053342953,2,-1.0,False,74
-0.116433255,-0.0067000487,2,-1.0,False,74
-0.12448233,-0.00804908,2,-1.0,False,74
-0.1338591,-0.009376769,2,-1.0,False,74
-0.14453699,-0.0106778825,2,-1.0,False,74
-0.1564835,-0.011946519,0,-1.0,False,74
-0.17165956,-0.015176062,0,-1.0,False,74
-0.19001138,-0.01835182,0,-1.0,False,74
-0.2114679,-0.021456527,0,-1.0,False,74
-0.235938,-0.024470089,0,-1.0,False,74
-0.26330754,-0.027369551,0,-1.0,False,74
-0.29343686,-0.030129302,0,-1.0,False,74
-0.32615843,-0.032721583,0,-1.0,False,74
-0.36127573,-0.035117302,0,-1.0,False,74
-0.3985629,-0.037287176,0,-1.0,False,74
-0.43776602,-0.039203107,2,-1.0,False,74
-0.47660577,-0.03883976,2,-1.0,False,74
-0.51479685,-0.038191043,2,-1.0,False,74
-0.55205387,-0.03725705,2,-1.0,False,74
-0.58809775,-0.036043897,0,-1.0,False,74
-0.6246609,-0.036563165,0,-1.0,False,74
-0.6614777,-0.03681676,0,-1.0,False,74
-0.6982896,-0.036811903,0,-1.0,False,74
-0.73485047,-0.03656088,0,-1.0,False,74
-0.77093095,-0.036080442,0,-1.0,False,74
-0.806322,-0.03539104,0,-1.0,False,74
-0.84083784,-0.03451586,0,-1.0,False,74
-0.87431765,-0.03347983,0,-1.0,False,74
-0.9066262,-0.032308593,0,-1.0,False,74
-0.9376539,-0.031027623,0,-1.0,False,74
-0.96731526,-0.02966141,0,-1.0,False,74
-0.9955481,-0.028232854,0,-1.0,False,74
-1.022311,-0.026762806,0,-1.0,False,74
-1.0475807,-0.02526977,2,-1.0,False,74
-1.0693505,-0.021769771,0,-1.0,False,74
-1.0896257,-0.020275291,0,-1.0,False,74
-1.1084213,-0.018795514,0,-1.0,False,74
-1.1257589,-0.017337566,0,-1.0,False,74
-1.1416656,-0.015906679,0,-1.0,False,74
-1.1561719,-0.014506405,0,-1.0,False,74
-1.1693108,-0.013138818,0,-1.0,False,74
-1.1811155,-0.011804706,0,-1.0,False,74
-1.1916193,-0.010503764,0,-1.0,False,74
-1.2,0.0,2,-1.0,False,74
-1.1967582,0.003241896,2,-1.0,False,74
-1.1902636,0.0064944453,2,-1.0,False,74
-1.180496,0.009767694,2,-1.0,False,74
-1.1674255,0.013070449,2,-1.0,False,74
-1.1510159,0.016409589,2,-1.0,False,74
-1.1312267,0.01978931,2,-1.0,False,74
-1.1080164,0.023210295,2,-1.0,False,74
-1.0813475,0.026668796,2,-1.0,False,74
-1.0511918,0.030155689,2,-1.0,False,74
-1.0175363,0.03365551,2,-1.0,False,74
-0.9803907,0.03714562,2,-1.0,False,74
-0.93979514,0.040595576,2,-1.0,False,74
-0.8958282,0.043966923,2,-1.0,False,74
-0.84861463,0.047213554,2,-1.0,False,74
-0.7983318,0.050282877,2,-1.0,False,74
-0.74521387,0.053117886,2,-1.0,False,74
-0.6895537,0.05566023,2,-1.0,False,74
-0.63169956,0.057854105,2,-1.0,False,74
-0.57204884,0.059650723,2,-1.0,False,74
-0.51103604,0.061012823,2,-1.0,False,74
-0.4491174,0.061918624,2,-1.0,False,74
-0.38675275,0.06236465,2,-1.0,False,74
-0.32438585,0.06236689,2,-1.0,False,74
-0.2624257,0.061960164,2,-1.0,False,74
-0.20122996,0.06119572,2,-1.0,False,74
-0.14109236,0.060137603,2,-1.0,False,74
-0.08223413,0.058858234,2,-1.0,False,74
-0.0248002,0.057433926,2,-1.0,False,74
0.031140642,0.055940844,2,-1.0,False,74
0.08559239,0.054451745,2,-1.0,False,74
0.1386261,0.05303371,2,-1.0,False,74
0.1903729,0.051746808,2,-1.0,False,74
0.24101646,0.050643563,2,-1.0,False,74
0.29078555,0.049769085,2,-1.0,False,74
0.33994707,0.049161527,2,-1.0,False,74
0.38879985,0.048852775,2,-1.0,False,74
0.43766898,0.048869114,2,-1.0,False,74
0.48690072,0.049231753,2,-1.0,True,74
-0.42499766,0.0,0,-1.0,False,75
-0.42672643,-0.0017287711,0,-1.0,False,75
-0.43017155,-0.0034451298,0,-1.0,False,75
-0.43530825,-0.0051366957,0,-1.0,False,75
-0.4420994,-0.006791159,0,-1.0,False,75
-0.45049575,-0.008396332,0,-1.0,False,75
-0.46043596,-0.009940221,0,-1.0,False,75
-0.47184706,-0.011411112,0,-1.0,False,75
-0.48464477,-0.012797693,0,-1.0,False,75
-0.49873394,-0.014089183,0,-1.0,False,75
-0.5140094,-0.015275496,0,-1.0,False,75
-0.5303568,-0.016347406,0,-1.0,False,75
-0.54765356,-0.017296724,0,-1.0,False,75
-0.56577003,-0.01811647,0,-1.0,False,75
-0.58457106,-0.018801028,0,-1.0,False,75
-0.60391736,-0.019346282,0,-1.0,False,75
-0.62366706,-0.019749705,0,-1.0,False,75
-0.6436775,-0.020010415,0,-1.0,False,75
-0.6638067,-0.020129178,0,-1.0,False,75
-0.683915,-0.020108353,0,-1.0,False,75
-0.7038668,-0.019951802,0,-1.0,False,75
-0.72353154,-0.019664738,0,-1.0,False,75
-0.7427851,-0.019253548,0,-1.0,False,75
-0.76151067,-0.018725581,0,-1.0,False,75
-0.7795996,-0.018088926,0,-1.0,False,75
-0.7969518,-0.017352177,0,-1.0,False,75
-0.81347597,-0.01652421,0,-1.0,False,75
-0.82908994,-0.015613982,0,-1.0,False,75
-0.8437203,-0.014630332,0,-1.0,False,75
-0.8573021,-0.013581831,0,-1.0,False,75
-0.8697788,-0.012476655,0,-1.0,False,75
-0.8811013,-0.011322495,0,-1.0,False,75
-0.8912278,-0.01012649,0,-1.0,False,75
-0.900123,-0.008895207,2,-1.0,False,75
-0.9057576,-0.005634633,2,-1.0,False,75
-0.90811396,-0.0023563355,2,-1.0,False,75
-0.9071848,0.0009291808,2,-1.0,False,75
-0.9029729,0.004211864,2,-1.0,False,75
-0.8954914,0.0074814837,2,-1.0,False,75
-0.88476443,0.010727006,2,-1.0,False,75
-0.8708284,0.013936007,2,-1.0,False,75
-0.85373425,0.017094152,2,-1.0,False,75
-0.8335495,0.020184774,2,-1.0,False,75
-0.81036085,0.023188604,2,-1.0,False,75
-0.7842772,0.026083676,2,-1.0,False,75
-0.7554317,0.028845489,2,-1.0,False,75
-0.7239843,0.03144741,2,-1.0,False,75
-0.6901229,0.033861402,2,-1.0,False,75
-0.6540639,0.036059026,2,-1.0,False,75
-0.61605114,0.038012724,2,-1.0,False,75
-0.5763539,0.03969726,2,-1.0,False,75
-0.5352626,0.041091274,2,-1.0,False,75
-0.49308386,0.042178735,2,-1.0,False,75
-0.45013368,0.042950194,2,-1.0,False,75
-0.40673003,0.043403655,2,-1.0,False,75
-0.36318505,0.043544985,2,-1.0,False,75
-0.31979725,0.043387786,2,-1.0,False,75
-0.2768445,0.042952742,2,-1.0,False,75
-0.23457798,0.042266537,2,-1.0,False,75
-0.19321752,0.041360456,2,-1.0,False,75
-0.15294869,0.040268827,2,-1.0,False,75
-0.11392128,0.039027415,2,-1.0,False,75
-0.07624927,0.037672002,2,-1.0,False,75
-0.04001215,0.036237124,2,-1.0,False,75
-0.0052570356,0.034755114,2,-1.0,False,75
0.02799839,0.033255424,2,-1.0,False,75
0.059762627,0.03176424,2,-1.0,False,75
0.09006694,0.03030431,2,-1.0,False,75
0.11896196,0.028895019,2,-1.0,False,75
0.1465145,0.027552545,2,-1.0,False,75
0.17280468,0.02629018,2,-1.0,False,75
0.19792335,0.025118666,2,-1.0,False,75
0.22196992,0.024046572,2,-1.0,False,75
0.24505061,0.023080684,2,-1.0,False,75
0.26727697,0.022226362,2,-1.0,False,75
0.28876483,0.02148788,2,-1.0,False,75
0.30963358,0.020868745,2,-1.0,False,75
0.33000556,0.020371959,2,-1.0,False,75
0.35000584,0.02000027,2,-1.0,False,75
0.3697622,0.019756379,2,-1.0,False,75
0.38940534,0.019643128,2,-1.0,False,75
0.40906897,0.019663643,2,-1.0,False,75
0.42889044,0.019821472,2,-1.0,False,75
0.44901112,0.020120677,2,-1.0,False,75
0.46957704,0.020565927,2,-1.0,False,75
0.49073958,0.021162534,2,-1.0,True,75
-0.41386208,0.0,0,-1.0,False,76
-0.4156703,-0.0018082391,0,-1.0,False,76
-0.41927394,-0.003603633,0,-1.0,False,76
-0.4246473,-0.005373358,0,-1.0,False,76
-0.43175194,-0.007104642,0,-1.0,False,76
-0.44053677,-0.00878481,0,-1.0,False,76
-0.4509381,-0.010401348,0,-1.0,False,76
-0.4628801,-0.011941997,0,-1.0,False,76
-0.47627497,-0.013394874,0,-1.0,False,76
-0.49102357,-0.014748611,0,-1.0,False,76
-0.5070161,-0.015992535,0,-1.0,False,76
-0.52413297,-0.017116854,0,-1.0,False,76
-0.5422458,-0.018112848,0,-1.0,False,76
-0.5612189,-0.01897307,0,-1.0,False,76
-0.5809104,-0.019691516,0,-1.0,False,76
-0.6011742,-0.020263793,0,-1.0,False,76
-0.6218614,-0.020687215,0,-1.0,False,76
-0.64282227,-0.020960873,0,-1.0,False,76
-0.66390795,-0.02108564,0,-1.0,False,76
-0.68497205,-0.021064123,0,-1.0,False,76
-0.7058726,-0.02090055,0,-1.0,False,76
-0.7264732,-0.020600611,0,-1.0,False,76
-0.7466445,-0.020171266,0,-1.0,False,76
-0.766265,-0.019620491,0,-1.0,False,76
-0.785222,-0.01895705,0,-1.0,False,76
-0.80341226,-0.018190216,0,-1.0,False,76
-0.8207418,-0.017329544,0,-1.0,False,76
-0.8371264,-0.016384618,0,-1.0,False,76
-0.85249126,-0.015364863,0,-1.0,False,76
-0.8667706,-0.014279367,0,-1.0,False,76
-0.87990737,-0.013136744,0,-1.0,False,76
-0.8918524,-0.011945033,0,-1.0,False,76
-0.90256405,-0.010711641,2,-1.0,False,76
-0.91000736,-0.007443309,2,-1.0,False,76
-0.9141594,-0.004152075,2,-1.0,False,76
-0.915008,-0.0008485611,2,-1.0,False,76
-0.91255057,0.0024574182,2,-1.0,False,76
-0.90679437,0.005756216,2,-1.0,False,76
-0.89775664,0.009037704,2,-1.0,False,76
-0.88546604,0.012290643,2,-1.0,False,76
-0.8699639,0.015502103,2,-1.0,False,76
-0.8513069,0.018656967,2,-1.0,False,76
-0.8295694,0.021737551,2,-1.0,False,76
-0.804846,0.024723388,2,-1.0,False,76
-0.77725476,0.027591227,2,-1.0,False,76
-0.7469395,0.030315284,2,-1.0,False,76
-0.7140717,0.032867793,2,-1.0,False,76
-0.67885184,0.03521986,2,-1.0,False,76
-0.64150923,0.03734261,2,-1.0,False,76
-0.6023006,0.039208613,2,-1.0,False,76
-0.5615072,0.040793408,2,-1.0,False,76
-0.5194301,0.04207711,2,-1.0,False,76
-0.47638425,0.043045845,2,-1.0,False,76
-0.43269134,0.043692917,2,-1.0,False,76
-0.38867182,0.04401953,2,-1.0,False,76
-0.34463683,0.044034988,2,-1.0,False,76
-0.3008805,0.043756332,2,-1.0,False,76
-0.257673,0.043207485,2,-1.0,False,76
-0.21525502,0.04241797,2,-1.0,False,76
-0.17383365,0.041421372,2,-1.0,False,76
-0.13357997,0.04025369,2,-1.0,False,76
-0.0946282,0.03895176,2,-1.0,False,76
-0.05707638,0.037551824,2,-1.0,False,76
-0.020987997,0.036088385,2,-1.0,False,76
0.013605339,0.034593336,2,-1.0,False,76
0.046700757,0.03309542,2,-1.0,False,76
0.078320675,0.031619914,2,-1.0,False,76
0.10850928,0.030188607,2,-1.0,False,76
0.13732918,0.028819902,2,-1.0,False,76
0.16485827,0.027529085,2,-1.0,False,76
0.19118692,0.026328659,2,-1.0,False,76
0.21641564,0.025228724,2,-1.0,False,76
0.24065302,0.024237374,2,-1.0,False,76
0.26401412,0.023361094,2,-1.0,False,76
0.28661922,0.02260511,2,-1.0,False,76
0.30859298,0.021973748,2,-1.0,False,76
0.3300637,0.021470716,2,-1.0,False,76
0.3511631,0.02109939,2,-1.0,False,76
0.37202612,0.020863038,2,-1.0,False,76
0.39279112,0.020765016,2,-1.0,False,76
0.4136001,0.020808944,2,-1.0,False,76
0.43459892,0.020998847,2,-1.0,False,76
0.4559382,0.02133925,2,-1.0,False,76
0.47777346,0.021835273,2,-1.0,True,76
-0.40875193,0.0,0,-1.0,False,77
-0.41059634,-0.0018444107,0,-1.0,False,77
-0.41427213,-0.0036757884,0,-1.0,False,77
-0.41975322,-0.005481117,0,-1.0,False,77
-0.42700067,-0.007247421,0,-1.0,False,77
-0.43596247,-0.008961809,0,-1.0,False,77
-0.446574,-0.010611535,0,-1.0,False,77
-0.4587581,-0.012184094,0,-1.0,False,77
-0.47242543,-0.013667338,0,-1.0,False,77
-0.48747507,-0.015049633,0,-1.0,False,77
-0.5037951,-0.01632003,0,-1.0,False,77
-0.52126354,-0.017468471,0,-1.0,False,77
-0.53974956,-0.018485984,0,-1.0,False,77
-0.55911446,-0.0193649,0,-1.0,False,77
-0.5792135,-0.020099036,0,-1.0,False,77
-0.5998973,-0.020683859,0,-1.0,False,77
-0.62101394,-0.021116603,0,-1.0,False,77
-0.6424103,-0.021396346,0,-1.0,False,77
-0.6639343,-0.021524008,0,-1.0,False,77
-0.6854366,-0.021502309,0,-1.0,False,77
-0.70677227,-0.021335652,0,-1.0,False,77
-0.7278022,-0.021029957,0,-1.0,False,77
-0.74839467,-0.020592444,0,-1.0,False,77
-0.76842606,-0.020031396,0,-1.0,False,77
-0.78778195,-0.01935589,0,-1.0,False,77
-0.8063575,-0.018575527,0,-1.0,False,77
-0.82405764,-0.017700173,0,-1.0,False,77
-0.84079736,-0.016739717,0,-1.0,False,77
-0.8565012,-0.01570386,0,-1.0,False,77
-0.87110317,-0.014601931,0,-1.0,False,77
-0.8845459,-0.013442746,0,-1.0,False,77
-0.89678043,-0.012234513,0,-1.0,False,77
-0.90776515,-0.010984758,0,-1.0,False,77
-0.9174655,-0.009700303,2,-1.0,False,77
-0.92385274,-0.0063872673,2,-1.0,False,77
-0.9269092,-0.0030564799,2,-1.0,False,77
-0.92662674,0.00028249962,2,-1.0,False,77
-0.923006,0.00362073,2,-1.0,False,77
-0.9160568,0.0069492133,2,-1.0,False,77
-0.90579855,0.010258219,2,-1.0,False,77
-0.8922619,0.013536643,2,-1.0,False,77
-0.8754905,0.016771413,2,-1.0,False,77
-0.8555435,0.019946996,2,-1.0,False,77
-0.8324985,0.02304503,2,-1.0,False,77
-0.80645436,0.026044134,2,-1.0,False,77
-0.77753437,0.028919969,2,-1.0,False,77
-0.7458888,0.031645544,2,-1.0,False,77
-0.711697,0.03419187,2,-1.0,False,77
-0.67516804,0.03652892,2,-1.0,False,77
-0.6365411,0.038626917,2,-1.0,False,77
-0.5960833,0.04045787,2,-1.0,False,77
-0.554086,0.041997228,2,-1.0,False,77
-0.51086044,0.043225564,2,-1.0,False,77
-0.46673042,0.04413005,2,-1.0,False,77
-0.42202482,0.044705603,2,-1.0,False,77
-0.3770693,0.044955533,2,-1.0,False,77
-0.33217767,0.04489162,2,-1.0,False,77
-0.2876441,0.044533577,2,-1.0,False,77
-0.24373604,0.043908045,2,-1.0,False,77
-0.20068893,0.043047123,2,-1.0,False,77
-0.15870221,0.041986708,2,-1.0,False,77
-0.117937475,0.04076474,2,-1.0,False,77
-0.07851788,0.039419595,2,-1.0,False,77
-0.040529247,0.037988633,2,-1.0,False,77
-0.004022157,0.03650709,2,-1.0,False,77
0.030985113,0.035007272,2,-1.0,False,77
0.06450318,0.033518065,2,-1.0,False,77
0.0965679,0.032064725,2,-1.0,False,77
0.12723681,0.030668903,2,-1.0,False,77
0.15658563,0.029348832,2,-1.0,False,77
0.18470527,0.028119637,2,-1.0,False,77
0.211699,0.026993722,2,-1.0,False,77
0.23768018,0.025981186,2,-1.0,False,77
0.2627704,0.025090244,2,-1.0,False,77
0.28709805,0.024327634,2,-1.0,False,77
0.31079707,0.023698995,2,-1.0,False,77
0.33400625,0.023209205,2,-1.0,False,77
0.35686895,0.022862699,2,-1.0,False,77
0.37953267,0.02266372,2,-1.0,False,77
0.40214923,0.02261655,2,-1.0,False,77
0.42487493,0.022725698,2,-1.0,False,77
0.44787097,0.022996046,2,-1.0,False,77
0.47130394,0.02343296,2,-1.0,False,77
0.49534628,0.024042357,2,-1.0,True,77
-0.4292517,0.0,0,-1.0,False,78
-0.43094987,-0.001698193,0,-1.0,False,78
-0.43433404,-0.0033841473,0,-1.0,False,78
-0.4393797,-0.00504566,0,-1.0,False,78
-0.4460503,-0.006670604,0,-1.0,False,78
-0.45429727,-0.008246985,0,-1.0,False,78
-0.46406028,-0.00976301,0,-1.0,False,78
-0.47526747,-0.011207178,0,-1.0,False,78
-0.48783585,-0.012568395,0,-1.0,False,78
-0.50167197,-0.013836102,0,-1.0,False,78
-0.5166724,-0.015000435,0,-1.0,False,78
-0.5327248,-0.016052378,0,-1.0,False,78
-0.5497087,-0.016983941,0,-1.0,False,78
-0.567497,-0.017788317,0,-1.0,False,78
-0.58595705,-0.018460032,0,-1.0,False,78
-0.60495216,-0.018995067,0,-1.0,False,78
-0.6243431,-0.019390957,0,-1.0,False,78
-0.6439899,-0.019646825,0,-1.0,False,78
-0.66375333,-0.019763395,0,-1.0,False,78
-0.68349624,-0.019742936,0,-1.0,False,78
-0.7030854,-0.019589169,0,-1.0,False,78
-0.72239256,-0.019307133,0,-1.0,False,78
-0.7412956,-0.018903002,0,-1.0,False,78
-0.75967944,-0.018383894,0,-1.0,False,78
-0.7774371,-0.017757645,0,-1.0,False,78
-0.7944697,-0.017032597,0,-1.0,False,78
-0.81068707,-0.016217383,0,-1.0,False,78
-0.8260078,-0.015320715,0,-1.0,False,78
-0.84035903,-0.014351217,0,-1.0,False,78
-0.85367626,-0.01331727,0,-1.0,False,78
-0.86590314,-0.012226887,0,-1.0,False,78
-0.8769908,-0.0110876225,0,-1.0,False,78
-0.8868973,-0.009906518,0,-1.0,False,78
-0.8955874,-0.008690072,2,-1.0,False,78
-0.9010316,-0.0054442333,2,-1.0,False,78
-0.90321237,-0.0021807572,2,-1.0,False,78
-0.90212274,0.0010896147,2,-1.0,False,78
-0.8977662,0.0043565533,2,-1.0,False,78
-0.8901567,0.007609523,2,-1.0,False,78
-0.8793195,0.010837171,2,-1.0,False,78
-0.8652927,0.014026757,2,-1.0,False,78
-0.8481291,0.01716365,2,-1.0,False,78
-0.82789814,0.020230925,2,-1.0,False,78
-0.80468905,0.023209123,2,-1.0,False,78
-0.77861285,0.026076179,2,-1.0,False,78
-0.7498053,0.028807597,2,-1.0,False,78
-0.7184284,0.031376895,2,-1.0,False,78
-0.68467206,0.033756327,2,-1.0,False,78
-0.6487541,0.035917908,2,-1.0,False,78
-0.6109195,0.037834674,2,-1.0,False,78
-0.57143736,0.039482117,2,-1.0,False,78
-0.5305977,0.040839676,2,-1.0,False,78
-0.48870552,0.041892163,2,-1.0,False,78
-0.44607458,0.04263094,2,-1.0,False,78
-0.40301985,0.043054737,2,-1.0,False,78
-0.35984984,0.04316999,2,-1.0,False,78
-0.3168592,0.042990673,2,-1.0,False,78
-0.27432153,0.04253764,2,-1.0,False,78
-0.23248401,0.041837513,2,-1.0,False,78
-0.19156271,0.04092131,2,-1.0,False,78
-0.1517398,0.039822906,2,-1.0,False,78
-0.1131623,0.038577497,2,-1.0,False,78
-0.07594212,0.03722018,2,-1.0,False,78
-0.04015734,0.03578478,2,-1.0,False,78
-0.0058544367,0.0343029,2,-1.0,False,78
0.02694885,0.03280329,2,-1.0,False,78
0.058260307,0.031311452,2,-1.0,False,78
0.08810984,0.029849542,2,-1.0,False,78
0.11654622,0.028436372,2,-1.0,False,78
0.14363386,0.02708763,2,-1.0,False,78
0.16945001,0.025816157,2,-1.0,False,78
0.19408229,0.024632284,2,-1.0,False,78
0.21762651,0.023544213,2,-1.0,False,78
0.24018487,0.022558367,2,-1.0,False,78
0.26186463,0.021679768,2,-1.0,False,78
0.28277698,0.020912347,2,-1.0,False,78
0.30303624,0.020259256,2,-1.0,False,78
0.3227594,0.019723134,2,-1.0,False,78
0.34206572,0.019306336,2,-1.0,False,78
0.36107686,0.019011147,2,-1.0,False,78
0.37991682,0.018839955,2,-1.0,False,78
0.39871222,0.018795403,2,-1.0,False,78
0.41759273,0.018880513,2,-1.0,False,78
0.43669152,0.019098802,2,-1.0,False,78
0.45614588,0.019454356,2,-1.0,False,78
0.4760978,0.019951906,2,-1.0,False,78
0.49669465,0.020596853,2,-1.0,True,78
-0.47343683,0.0,2,-1.0,False,79
-0.47281164,0.00062520383,2,-1.0,False,79
-0.47156587,0.0012457722,2,-1.0,False,79
-0.46970874,0.0018571083,2,-1.0,False,79
-0.46725407,0.0024546916,2,-1.0,False,79
-0.46421996,0.0030341158,2,-1.0,False,79
-0.4606288,0.003591126,2,-1.0,False,79
-0.45650718,0.0041216556,2,-1.0,False,79
-0.4518853,0.0046218587,2,-1.0,False,79
-0.44679716,0.0050881472,2,-1.0,False,79
-0.44127995,0.0055172183,2,-1.0,False,79
-0.43537384,0.005906083,2,-1.0,False,79
-0.42912176,0.006252095,0,-1.0,False,79
-0.4245688,0.0045529664,0,-1.0,False,79
-0.42174768,0.0028211193,0,-1.0,False,79
-0.42067862,0.0010690669,0,-1.0,False,79
-0.42136922,-0.000690628,0,-1.0,False,79
-0.42381462,-0.0024453865,0,-1.0,False,79
-0.42799726,-0.0041826405,0,-1.0,False,79
-0.43388712,-0.0058898623,0,-1.0,False,79
-0.44144174,-0.007554606,0,-1.0,False,79
-0.4506063,-0.009164564,0,-1.0,False,79
-0.46131393,-0.010707644,0,-1.0,False,79
-0.473486,-0.012172066,0,-1.0,False,79
-0.4870325,-0.013546498,0,-1.0,False,79
-0.5018527,-0.014820195,0,-1.0,False,79
-0.51783586,-0.015983175,0,-1.0,False,79
-0.5348623,-0.017026395,0,-1.0,False,79
-0.55280423,-0.017941935,0,-1.0,False,79
-0.57152736,-0.018723173,0,-1.0,False,79
-0.5908923,-0.019364947,0,-1.0,False,79
-0.610756,-0.019863667,0,-1.0,False,79
-0.6309734,-0.02021741,0,-1.0,False,79
-0.6513994,-0.020425955,0,-1.0,False,79
-0.67189014,-0.020490762,0,-1.0,False,79
-0.692305,-0.020414902,0,-1.0,False,79
-0.71250796,-0.020202937,0,-1.0,False,79
-0.7323687,-0.01986075,0,-1.0,False,79
-0.75176406,-0.019395353,0,-1.0,False,79
-0.7705787,-0.018814648,0,-1.0,False,79
-0.7887059,-0.018127194,0,-1.0,False,79
-0.80604786,-0.017341971,0,-1.0,False,79
-0.822516,-0.016468154,0,-1.0,False,79
-0.83803093,-0.015514894,0,-1.0,False,79
-0.8525221,-0.01449115,0,-1.0,False,79
-0.8659276,-0.013405527,0,-1.0,False,79
-0.87819374,-0.012266167,0,-1.0,False,79
-0.8892744,-0.011080668,0,-1.0,False,79
-0.89913046,-0.009856031,2,-1.0,False,79
-0.9057291,-0.006598646,2,-1.0,False,79
-0.9090496,-0.0033204367,2,-1.0,False,79
-0.90908164,-3.2085718e-05,2,-1.0,False,79
-0.90582526,0.003256362,2,-1.0,False,79
-0.8992904,0.0065348684,2,-1.0,False,79
-0.88949764,0.009792769,2,-1.0,False,79
-0.87647945,0.013018169,2,-1.0,False,79
-0.86028206,0.016197396,2,-1.0,False,79
-0.84096754,0.019314542,2,-1.0,False,79
-0.8186164,0.02235114,2,-1.0,False,79
-0.7933304,0.025286011,2,-1.0,False,79
-0.765235,0.02809534,2,-1.0,False,79
-0.73448205,0.030753007,2,-1.0,False,79
-0.7012508,0.033231217,2,-1.0,False,79
-0.6657494,0.03550142,2,-1.0,False,79
-0.6282139,0.03753553,2,-1.0,False,79
-0.5889065,0.039307326,2,-1.0,False,79
-0.5481125,0.040794004,2,-1.0,False,79
-0.5061348,0.041977692,2,-1.0,False,79
-0.46328807,0.042846773,2,-1.0,False,79
-0.41989115,0.043396905,2,-1.0,False,79
-0.37625957,0.043631587,2,-1.0,False,79
-0.3326974,0.043562178,2,-1.0,False,79
-0.28948998,0.04320741,2,-1.0,False,79
-0.24689756,0.04259242,2,-1.0,False,79
-0.20515014,0.041747417,2,-1.0,False,79
-0.164444,0.040706135,2,-1.0,False,79
-0.12493977,0.039504237,2,-1.0,False,79
-0.08676197,0.0381778,2,-1.0,False,79
-0.049999956,0.03676201,2,-1.0,False,79
-0.014709872,0.03529008,2,-1.0,False,79
0.019082643,0.033792518,2,-1.0,False,79
0.051379256,0.032296613,2,-1.0,False,79
0.082205504,0.030826252,2,-1.0,False,79
0.111607395,0.029401891,2,-1.0,False,79
0.13964812,0.02804072,2,-1.0,False,79
0.16640504,0.026756922,2,-1.0,False,79
0.19196707,0.025562026,2,-1.0,False,79
0.21643233,0.02446527,2,-1.0,False,79
0.23990634,0.023473999,2,-1.0,False,79
0.26250035,0.022594022,2,-1.0,False,79
0.28433034,0.021829976,2,-1.0,False,79
0.30551597,0.021185642,2,-1.0,False,79
0.32618022,0.020664236,2,-1.0,False,79
0.34644887,0.02026865,2,-1.0,False,79
0.36645055,0.02000169,2,-1.0,False,79
0.3863168,0.019866256,2,-1.0,False,79
0.40618232,0.019865502,2,-1.0,False,79
0.42618528,0.020002978,2,-1.0,False,79
0.44646803,0.020282732,2,-1.0,False,79
0.46717742,0.0207094,2,-1.0,False,79
0.48846567,0.021288257,2,-1.0,True,79
-0.4349295,0.0,0,-1.0,False,80
-0.43658668,-0.0016572046,0,-1.0,False,80
-0.4398891,-0.003302409,0,-1.0,False,80
-0.44481274,-0.0049236533,0,-1.0,False,80
-0.4513218,-0.0065090624,0,-1.0,False,80
-0.4593687,-0.008046902,0,-1.0,False,80
-0.46889436,-0.009525652,0,-1.0,False,80
-0.47982848,-0.010934096,0,-1.0,False,80
-0.4920899,-0.012261431,0,-1.0,False,80
-0.5055873,-0.013497395,0,-1.0,False,80
-0.5202197,-0.014632416,0,-1.0,False,80
-0.53587747,-0.015657758,0,-1.0,False,80
-0.55244315,-0.016565688,0,-1.0,False,80
-0.5697928,-0.017349627,0,-1.0,False,80
-0.58779705,-0.01800428,0,-1.0,False,80
-0.6063228,-0.018525762,0,-1.0,False,80
-0.6252345,-0.018911682,0,-1.0,False,80
-0.64439565,-0.01916117,0,-1.0,False,80
-0.66367054,-0.019274894,0,-1.0,False,80
-0.6829256,-0.019255001,0,-1.0,False,80
-0.7020306,-0.019105034,0,-1.0,False,80
-0.7208604,-0.018829795,0,-1.0,False,80
-0.7392956,-0.018435188,0,-1.0,False,80
-0.7572236,-0.01792802,0,-1.0,False,80
-0.7745394,-0.017315803,0,-1.0,False,80
-0.791146,-0.01660655,0,-1.0,False,80
-0.8069545,-0.015808566,0,-1.0,False,80
-0.82188475,-0.014930254,0,-1.0,False,80
-0.8358647,-0.013979954,0,-1.0,False,80
-0.8488305,-0.01296579,0,-1.0,False,80
-0.86072606,-0.011895561,0,-1.0,False,80
-0.8715027,-0.0107766455,0,-1.0,False,80
-0.88111866,-0.009615952,0,-1.0,False,80
-0.8895386,-0.008419885,0,-1.0,False,80
-0.8967329,-0.0071943454,2,-1.0,False,80
-0.9006776,-0.0039447458,2,-1.0,False,80
-0.90136003,-0.0006823978,2,-1.0,False,80
-0.8987779,0.0025821233,2,-1.0,False,80
-0.89293957,0.0058383713,2,-1.0,False,80
-0.88386416,0.009075415,2,-1.0,False,80
-0.87158287,0.0122812465,2,-1.0,False,80
-0.8561407,0.015442243,2,-1.0,False,80
-0.83759797,0.018542707,2,-1.0,False,80
-0.8160334,0.021564543,2,-1.0,False,80
-0.7915463,0.02448709,2,-1.0,False,80
-0.76425916,0.02728716,2,-1.0,False,80
-0.7343198,0.02993934,2,-1.0,False,80
-0.7019032,0.032416567,2,-1.0,False,80
-0.66721225,0.034690984,2,-1.0,False,80
-0.6304772,0.036735073,2,-1.0,False,80
-0.5919542,0.038522996,2,-1.0,False,80
-0.55192214,0.040032074,2,-1.0,False,80
-0.5106779,0.041244246,2,-1.0,False,80
-0.4685305,0.04214736,2,-1.0,False,80
-0.42579427,0.042736225,2,-1.0,False,80
-0.38278112,0.043013174,2,-1.0,False,80
-0.33979294,0.042988174,2,-1.0,False,80
-0.2971145,0.042678438,2,-1.0,False,80
-0.25500697,0.04210752,2,-1.0,False,80
-0.21370287,0.0413041,2,-1.0,False,80
-0.17340237,0.040300515,2,-1.0,False,80
-0.13427113,0.039131224,2,-1.0,False,80
-0.096439816,0.03783132,2,-1.0,False,80
-0.060004592,0.036435224,2,-1.0,False,80
-0.025028968,0.03497562,2,-1.0,False,80
0.008453698,0.033482667,2,-1.0,False,80
0.04043717,0.03198347,2,-1.0,False,80
0.07093901,0.030501842,2,-1.0,False,80
0.09999725,0.029058244,2,-1.0,False,80
0.12766716,0.027669897,2,-1.0,False,80
0.15401818,0.026351029,2,-1.0,False,80
0.17913136,0.025113182,2,-1.0,False,80
0.20309693,0.02396557,2,-1.0,False,80
0.22601236,0.022915434,2,-1.0,False,80
0.24798079,0.021968419,2,-1.0,False,80
0.2691097,0.021128908,2,-1.0,False,80
0.28951,0.020400332,2,-1.0,False,80
0.30929548,0.019785458,2,-1.0,False,80
0.32858214,0.019286642,2,-1.0,False,80
0.34748816,0.018906038,2,-1.0,False,80
0.36613396,0.018645806,2,-1.0,False,80
0.3846422,0.018508255,2,-1.0,False,80
0.40313822,0.018496005,2,-1.0,False,80
0.4217503,0.018612089,2,-1.0,False,80
0.44061038,0.018860055,2,-1.0,False,80
0.45985442,0.019244052,2,-1.0,False,80
0.47962332,0.019768879,2,-1.0,True,80
-0.46352962,0.0,2,-1.0,False,81
-0.4629777,0.00055191584,2,-1.0,False,81
-0.46187794,0.00109976,2,-1.0,False,81
-0.46023846,0.0016394944,2,-1.0,False,81
-0.45807132,0.0021671485,2,-1.0,False,81
-0.45539245,0.0026788516,2,-1.0,False,81
-0.4522216,0.0031708665,2,-1.0,False,81
-0.44858196,0.003639619,2,-1.0,False,81
-0.44450024,0.0040817303,2,-1.0,False,81
-0.4400062,0.004494043,2,-1.0,False,81
-0.43513253,0.0048736497,2,-1.0,False,81
-0.42991462,0.0052179145,0,-1.0,False,81
-0.42639014,0.0035244974,0,-1.0,False,81
-0.42458442,0.0018057226,0,-1.0,False,81
-0.42451042,7.398742e-05,0,-1.0,False,81
-0.4261687,-0.0016582783,0,-1.0,False,81
-0.42954734,-0.0033786434,0,-1.0,False,81
-0.43462205,-0.005074707,0,-1.0,False,81
-0.44135618,-0.006734136,0,-1.0,False,81
-0.44970092,-0.008344716,0,-1.0,False,81
-0.45959532,-0.009894421,0,-1.0,False,81
-0.47096685,-0.011371503,0,-1.0,False,81
-0.48373145,-0.012764605,0,-1.0,False,81
-0.49779433,-0.014062897,0,-1.0,False,81
-0.51305056,-0.015256237,0,-1.0,False,81
-0.5293859,-0.016335336,0,-1.0,False,81
-0.5466778,-0.017291935,0,-1.0,False,81
-0.5647968,-0.01811898,0,-1.0,False,81
-0.5836076,-0.01881078,0,-1.0,False,81
-0.6029707,-0.01936314,0,-1.0,False,81
-0.6227442,-0.01977346,0,-1.0,False,81
-0.642785,-0.020040786,0,-1.0,False,81
-0.6629508,-0.020165816,0,-1.0,False,81
-0.68310165,-0.020150853,0,-1.0,False,81
-0.7031014,-0.019999715,0,-1.0,False,81
-0.722819,-0.019717574,0,-1.0,False,81
-0.74212974,-0.0193108,0,-1.0,False,81
-0.7609165,-0.018786727,0,-1.0,False,81
-0.7790699,-0.018153442,0,-1.0,False,81
-0.7964895,-0.017419552,0,-1.0,False,81
-0.8130834,-0.016593954,0,-1.0,False,81
-0.828769,-0.015685627,0,-1.0,False,81
-0.8434725,-0.014703441,0,-1.0,False,81
-0.8571285,-0.013656006,0,-1.0,False,81
-0.86968005,-0.012551533,0,-1.0,False,81
-0.88107777,-0.011397748,0,-1.0,False,81
-0.8912796,-0.010201829,0,-1.0,False,81
-0.90024996,-0.0089703705,2,-1.0,False,81
-0.90595937,-0.005709389,2,-1.0,False,81
-0.9083898,-0.0024304695,2,-1.0,False,81
-0.90753394,0.0008558845,2,-1.0,False,81
-0.90339434,0.0041396343,2,-1.0,False,81
-0.89598376,0.0074105775,2,-1.0,False,81
-0.885326,0.01065772,2,-1.0,False,81
-0.87145734,0.013868691,2,-1.0,False,81
-0.8544281,0.017029213,2,-1.0,False,81
-0.8343054,0.020122685,2,-1.0,False,81
-0.8111755,0.023129899,2,-1.0,False,81
-0.7851466,0.026028952,2,-1.0,False,81
-0.7563512,0.028795384,2,-1.0,False,81
-0.7249486,0.03140259,2,-1.0,False,81
-0.69112605,0.033822544,2,-1.0,False,81
-0.6550993,0.03602677,2,-1.0,False,81
-0.6171117,0.03798764,2,-1.0,False,81
-0.57743186,0.03967982,2,-1.0,False,81
-0.53635,0.041081816,2,-1.0,False,81
-0.4941726,0.042177428,2,-1.0,False,81
-0.45121557,0.042957015,2,-1.0,False,81
-0.4077972,0.0434184,2,-1.0,False,81
-0.36422992,0.04356725,2,-1.0,False,81
-0.3208129,0.043417007,2,-1.0,False,81
-0.27782473,0.042988203,2,-1.0,False,81
-0.23551728,0.042307433,2,-1.0,False,81
-0.19411136,0.04140592,2,-1.0,False,81
-0.1537934,0.040317968,2,-1.0,False,81
-0.11471403,0.03907937,2,-1.0,False,81
-0.076988064,0.03772596,2,-1.0,False,81
-0.040695723,0.036292344,2,-1.0,False,81
-0.0058847717,0.034810953,2,-1.0,False,81
0.027426569,0.03331134,2,-1.0,False,81
0.05924637,0.031819798,2,-1.0,False,81
0.08960555,0.030359183,2,-1.0,False,81
0.11855452,0.028948968,2,-1.0,False,81
0.14615995,0.02760543,2,-1.0,False,81
0.17250188,0.026341934,2,-1.0,False,81
0.19767118,0.025169294,2,-1.0,False,81
0.22176732,0.024096144,2,-1.0,False,81
0.24489664,0.023129318,2,-1.0,False,81
0.26717085,0.02227422,2,-1.0,False,81
0.28870603,0.02153517,2,-1.0,False,81
0.30962172,0.020915696,2,-1.0,False,81
0.33004057,0.02041884,2,-1.0,False,81
0.35008794,0.020047368,2,-1.0,False,81
0.36989194,0.019804014,2,-1.0,False,81
0.3895836,0.019691633,2,-1.0,False,81
0.40929696,0.01971338,2,-1.0,False,81
0.42916977,0.019872818,2,-1.0,False,81
0.4493438,0.020174034,2,-1.0,False,81
0.46996552,0.020621717,2,-1.0,False,81
0.49118674,0.021221202,2,-1.0,True,81
-0.44294938,0.0,2,-1.0,False,82
-0.44254836,0.00040101368,2,-1.0,False,82
-0.44174924,0.0007991078,2,-1.0,False,82
-0.44055787,0.0011913866,2,-1.0,False,82
-0.43898287,0.001575002,2,-1.0,False,82
-0.43703568,0.0019471764,2,-1.0,False,82
-0.43473047,0.0023052257,2,-1.0,False,82
-0.43208387,0.0026465813,0,-1.0,False,82
-0.43111506,0.0009688095,0,-1.0,False,82
-0.43183103,-0.0007159533,0,-1.0,False,82
-0.43422657,-0.0023955503,0,-1.0,False,82
-0.43828443,-0.0040578395,0,-1.0,False,82
-0.44397515,-0.0056907344,0,-1.0,False,82
-0.4512574,-0.0072822487,0,-1.0,False,82
-0.46007797,-0.00882056,0,-1.0,False,82
-0.47037205,-0.010294088,0,-1.0,False,82
-0.48206365,-0.0116915945,0,-1.0,False,82
-0.49506596,-0.0130023025,0,-1.0,False,82
-0.509282,-0.0142160375,0,-1.0,False,82
-0.52460533,-0.01532338,0,-1.0,False,82
-0.5409212,-0.01631583,0,-1.0,False,82
-0.55810714,-0.017185971,0,-1.0,False,82
-0.5760348,-0.01792762,0,-1.0,False,82
-0.59457076,-0.01853597,0,-1.0,False,82
-0.61357844,-0.019007692,0,-1.0,False,82
-0.63291943,-0.01934101,0,-1.0,False,82
-0.6524552,-0.019535726,0,-1.0,False,82
-0.6720484,-0.019593192,0,-1.0,False,82
-0.6915646,-0.019516261,0,-1.0,False,82
-0.7108738,-0.019309156,0,-1.0,False,82
-0.7298511,-0.018977325,0,-1.0,False,82
-0.7483784,-0.01852727,0,-1.0,False,82
-0.7663447,-0.017966315,0,-1.0,False,82
-0.7836471,-0.017302427,0,-1.0,False,82
-0.8001911,-0.016543971,0,-1.0,False,82
-0.8158906,-0.015699519,0,-1.0,False,82
-0.8306683,-0.014777658,0,-1.0,False,82
-0.8444551,-0.013786825,0,-1.0,False,82
-0.85719025,-0.012735169,0,-1.0,False,82
-0.8688207,-0.011630447,0,-1.0,False,82
-0.87930065,-0.010479941,0,-1.0,False,82
-0.8885911,-0.009290423,0,-1.0,False,82
-0.8966592,-0.008068129,2,-1.0,False,82
-0.901478,-0.0048187706,2,-1.0,False,82
-0.9030319,-0.0015538749,2,-1.0,False,82
-0.9013159,0.00171593,2,-1.0,False,82
-0.8963356,0.004980311,2,-1.0,False,82
-0.888107,0.008228609,2,-1.0,False,82
-0.8766578,0.011449238,2,-1.0,False,82
-0.86202866,0.01462912,2,-1.0,False,82
-0.8442755,0.017753202,2,-1.0,False,82
-0.82347137,0.020804089,2,-1.0,False,82
-0.79970956,0.023761813,2,-1.0,False,82
-0.77310574,0.026603824,2,-1.0,False,82
-0.7438005,0.029305214,2,-1.0,False,82
-0.7119613,0.0318392,2,-1.0,False,82
-0.67778337,0.034177925,2,-1.0,False,82
-0.64148986,0.036293514,2,-1.0,False,82
-0.6033305,0.038159378,2,-1.0,False,82
-0.56357884,0.03975168,2,-1.0,False,82
-0.522528,0.04105081,2,-1.0,False,82
-0.48048523,0.04204278,2,-1.0,False,82
-0.43776488,0.04272033,2,-1.0,False,82
-0.39468122,0.043083668,2,-1.0,False,82
-0.3515405,0.04314071,2,-1.0,False,82
-0.30863371,0.042906817,2,-1.0,False,82
-0.26622966,0.04240403,2,-1.0,False,82
-0.22456975,0.041659914,2,-1.0,False,82
-0.18386362,0.04070613,2,-1.0,False,82
-0.14428672,0.039576903,2,-1.0,False,82
-0.10597925,0.038307477,2,-1.0,False,82
-0.069046475,0.036932774,2,-1.0,False,82
-0.03356026,0.035486214,2,-1.0,False,82
0.0004386141,0.033998873,2,-1.0,False,82
0.03293749,0.032498877,2,-1.0,False,82
0.063948564,0.031011071,2,-1.0,False,82
0.093505494,0.029556936,2,-1.0,False,82
0.12166015,0.028154654,2,-1.0,False,82
0.14847948,0.026819328,2,-1.0,False,82
0.17404276,0.025563274,2,-1.0,False,82
0.19843912,0.024396375,2,-1.0,False,82
0.22176558,0.023326447,2,-1.0,False,82
0.24412519,0.022359613,2,-1.0,False,82
0.26562583,0.021500643,2,-1.0,False,82
0.28637913,0.020753285,2,-1.0,False,82
0.3064997,0.020120557,2,-1.0,False,82
0.3261047,0.01960501,2,-1.0,False,82
0.34531364,0.019208957,2,-1.0,False,82
0.3642483,0.018934665,2,-1.0,False,82
0.38303286,0.01878454,2,-1.0,False,82
0.4017941,0.018761264,2,-1.0,False,82
0.42066205,0.018867925,2,-1.0,False,82
0.43977016,0.019108111,2,-1.0,False,82
0.45925614,0.019486003,2,-1.0,False,82
0.47926256,0.020006424,2,-1.0,False,82
0.49993744,0.020674882,2,-1.0,True,82
-0.4296501,0.0,0,-1.0,False,83
-0.43134543,-0.0016953233,0,-1.0,False,83
-0.43472385,-0.0033784243,0,-1.0,False,83
-0.43976095,-0.005037117,0,-1.0,False,83
-0.44642025,-0.0066592917,0,-1.0,False,83
-0.45465323,-0.008232973,0,-1.0,False,83
-0.4643996,-0.009746386,0,-1.0,False,83
-0.47558767,-0.011188049,0,-1.0,False,83
-0.48813456,-0.012546889,0,-1.0,False,83
-0.5019469,-0.013812369,0,-1.0,False,83
-0.5169216,-0.0149746435,0,-1.0,False,83
-0.5329463,-0.016024718,0,-1.0,False,83
-0.5499009,-0.016954621,0,-1.0,False,83
-0.5676585,-0.017757561,0,-1.0,False,83
-0.5860865,-0.018428074,0,-1.0,False,83
-0.6050487,-0.018962156,0,-1.0,False,83
-0.62440604,-0.019357342,0,-1.0,False,83
-0.6440188,-0.01961276,0,-1.0,False,83
-0.6637479,-0.019729126,0,-1.0,False,83
-0.68345666,-0.019708704,0,-1.0,False,83
-0.7030118,-0.019555202,0,-1.0,False,83
-0.72228545,-0.01927364,0,-1.0,False,83
-0.7411556,-0.018870175,0,-1.0,False,83
-0.75950754,-0.018351898,0,-1.0,False,83
-0.7772342,-0.017726628,0,-1.0,False,83
-0.79423684,-0.017002683,0,-1.0,False,83
-0.8104255,-0.01618867,0,-1.0,False,83
-0.8257188,-0.01529328,0,-1.0,False,83
-0.8400439,-0.014325119,0,-1.0,False,83
-0.85333645,-0.013292546,0,-1.0,False,83
-0.86554,-0.012203562,0,-1.0,False,83
-0.87660575,-0.0110657085,0,-1.0,False,83
-0.8864918,-0.009886017,0,-1.0,False,83
-0.89516276,-0.008670979,2,-1.0,False,83
-0.9005893,-0.0054265414,2,-1.0,False,83
-0.9027538,-0.0021644756,2,-1.0,False,83
-0.9016493,0.0011044543,2,-1.0,False,83
-0.8972794,0.0043698936,2,-1.0,False,83
-0.88965815,0.007621278,2,-1.0,False,83
-0.8788109,0.010847227,2,-1.0,False,83
-0.86477596,0.01403497,2,-1.0,False,83
-0.84760606,0.017169846,2,-1.0,False,83
-0.8273712,0.020234914,2,-1.0,False,83
-0.8041605,0.023210693,2,-1.0,False,83
-0.77808535,0.02607511,2,-1.0,False,83
-0.7492817,0.028803673,2,-1.0,False,83
-0.7179118,0.031369913,2,-1.0,False,83
-0.68416566,0.033746112,2,-1.0,False,83
-0.64826137,0.03590433,2,-1.0,False,83
-0.6104437,0.037817653,2,-1.0,False,83
-0.57098204,0.03946165,2,-1.0,False,83
-0.5301662,0.040815827,2,-1.0,False,83
-0.48830113,0.04186508,2,-1.0,False,83
-0.4457003,0.04260084,2,-1.0,False,83
-0.40267837,0.043021906,2,-1.0,False,83
-0.35954362,0.043134764,2,-1.0,False,83
-0.3165902,0.042953424,2,-1.0,False,83
-0.27409145,0.042498752,2,-1.0,False,83
-0.23229408,0.04179736,2,-1.0,False,83
-0.19141383,0.04088024,2,-1.0,False,83
-0.1516326,0.03978123,2,-1.0,False,83
-0.113097146,0.038535465,2,-1.0,False,83
-0.07591916,0.037177987,2,-1.0,False,83
-0.040176604,0.03574255,2,-1.0,False,83
-0.0059159156,0.03426069,2,-1.0,False,83
0.026845166,0.032761082,2,-1.0,False,83
0.058114354,0.031269185,2,-1.0,False,83
0.08792143,0.029807083,2,-1.0,False,83
0.11631498,0.028393544,2,-1.0,False,83
0.14335918,0.02704421,2,-1.0,False,83
0.16913107,0.025771877,2,-1.0,False,83
0.19371791,0.024586841,2,-1.0,False,83
0.21721518,0.023497267,2,-1.0,False,83
0.23972473,0.022509549,2,-1.0,False,83
0.2613534,0.021628674,2,-1.0,False,83
0.28221193,0.020858545,2,-1.0,False,83
0.3024142,0.020202277,2,-1.0,False,83
0.3220767,0.019662475,2,-1.0,False,83
0.34131816,0.019241463,2,-1.0,False,83
0.36025965,0.018941483,2,-1.0,False,83
0.37902454,0.01876488,2,-1.0,False,83
0.39773878,0.01871425,2,-1.0,False,83
0.41653135,0.01879257,2,-1.0,False,83
0.43553463,0.0190033,2,-1.0,False,83
0.45488513,0.019350477,2,-1.0,False,83
0.47472388,0.019838765,2,-1.0,False,83
0.4951974,0.020473516,2,-1.0,True,83
-0.5987648,0.0,0,-1.0,False,84
-0.5992058,-0.00044102047,0,-1.0,False,84
-0.6000846,-0.0008788175,0,-1.0,False,84
-0.60139483,-0.0013101943,0,-1.0,False,84
-0.6031268,-0.0017320064,0,-1.0,False,84
-0.605268,-0.0021411886,0,-1.0,False,84
-0.6078028,-0.0025347793,0,-1.0,False,84
-0.6107127,-0.0029099442,0,-1.0,False,84
-0.6139767,-0.0032640016,0,-1.0,False,84
-0.6175712,-0.0035944413,0,-1.0,False,84
-0.62147015,-0.003898947,0,-1.0,False,84
-0.6256455,-0.0041754134,0,-1.0,False,84
-0.6300675,-0.004421962,0,-1.0,False,84
-0.6347045,-0.0046369545,0,-1.0,False,84
-0.63952345,-0.0048190067,0,-1.0,False,84
-0.6444905,-0.0049669915,0,-1.0,False,84
-0.6495705,-0.0050800503,0,-1.0,False,84
-0.6547281,-0.0051575913,0,-1.0,False,84
-0.65992737,-0.0051992917,0,-1.0,False,84
-0.66513246,-0.0052050943,0,-1.0,False,84
-0.6703077,-0.0051752008,0,-1.0,False,84
-0.6754177,-0.0051100655,0,-1.0,False,84
-0.68042815,-0.005010384,0,-1.0,False,84
-0.68530524,-0.0048770807,0,-1.0,False,84
-0.6900165,-0.004711296,0,-1.0,False,84
-0.6945309,-0.0045143706,0,-1.0,False,84
-0.6988187,-0.004287831,0,-1.0,False,84
-0.7028521,-0.0040333713,0,-1.0,False,84
-0.7066049,-0.0037528381,0,-1.0,False,84
-0.71005315,-0.0034482128,0,-1.0,False,84
-0.7131747,-0.0031215965,0,-1.0,False,84
-0.71594995,-0.002775195,0,-1.0,False,84
-0.7183612,-0.0024113029,0,-1.0,False,84
-0.72039354,-0.0020322902,0,-1.0,False,84
-0.7220341,-0.0016405896,0,-1.0,False,84
-0.7232728,-0.0012386842,0,-1.0,False,84
-0.7241019,-0.00082909653,0,-1.0,False,84
-0.7245163,-0.0004143777,0,-1.0,False,84
-0.72451335,2.9024093e-06,0,-1.0,False,84
-0.7240932,0.00042016458,0,-1.0,False,84
-0.7232584,0.0008348297,0,-1.0,False,84
-0.72201407,0.001244328,2,-1.0,False,84
-0.71836793,0.0036461088,2,-1.0,False,84
-0.71234274,0.0060251635,2,-1.0,False,84
-0.70397645,0.0083663035,2,-1.0,False,84
-0.6933224,0.010654072,2,-1.0,False,84
-0.68044966,0.012872705,2,-1.0,False,84
-0.66544354,0.015006153,2,-1.0,False,84
-0.6484054,0.017038172,2,-1.0,False,84
-0.6294529,0.018952504,2,-1.0,False,84
-0.6087197,0.020733133,2,-1.0,False,84
-0.5863551,0.022364624,2,-1.0,False,84
-0.5625226,0.02383252,2,-1.0,False,84
-0.5373988,0.025123786,2,-1.0,False,84
-0.5111715,0.026227256,2,-1.0,False,84
-0.48403746,0.027134074,1,-1.0,False,84
-0.4571994,0.02683806,0,-1.0,False,84
-0.43185607,0.025343351,2,-1.0,False,84
-0.40619212,0.025663935,2,-1.0,False,84
-0.38039064,0.02580148,2,-1.0,False,84
-0.35463047,0.025760157,2,-1.0,False,84
-0.329084,0.025546473,2,-1.0,False,84
-0.303915,0.02516901,2,-1.0,False,84
-0.2792769,0.024638092,2,-1.0,False,84
-0.25531152,0.0239654,2,-1.0,False,84
-0.23214795,0.023163563,2,-1.0,False,84
-0.20990221,0.022245742,2,-1.0,False,84
-0.18867697,0.021225242,1,-1.0,False,84
-0.16956182,0.01911515,0,-1.0,False,84
-0.15363012,0.015931686,0,-1.0,False,84
-0.14093758,0.012692545,0,-1.0,False,84
-0.13152488,0.009412698,0,-1.0,False,84
-0.12542008,0.0061047985,0,-1.0,False,84
-0.1226404,0.0027796852,0,-1.0,False,84
-0.123193406,-0.00055300735,2,-1.0,False,84
-0.1250776,-0.001884205,2,-1.0,False,84
-0.12828787,-0.0032102608,2,-1.0,False,84
-0.13281526,-0.004527385,2,-1.0,False,84
-0.13864681,-0.0058315475,2,-1.0,False,84
-0.1457652,-0.0071183895,2,-1.0,False,84
-0.15414834,-0.00838314,2,-1.0,False,84
-0.16376889,-0.009620551,2,-1.0,False,84
-0.17459373,-0.010824844,2,-1.0,False,84
-0.18658341,-0.011989679,0,-1.0,False,84
-0.20169155,-0.015108149,0,-1.0,False,84
-0.21985586,-0.018164298,0,-1.0,False,84
-0.2409958,-0.021139942,0,-1.0,False,84
-0.26501033,-0.024014523,0,-1.0,False,84
-0.2917755,-0.026765179,0,-1.0,False,84
-0.32114255,-0.029367045,0,-1.0,False,84
-0.35293636,-0.031793818,0,-1.0,False,84
-0.38695496,-0.034018595,0,-1.0,False,84
-0.4229699,-0.03601496,0,-1.0,False,84
-0.46072817,-0.037758265,2,-1.0,False,84
-0.49795517,-0.037227005,2,-1.0,False,84
-0.5343743,-0.036419142,0,-1.0,False,84
-0.5717127,-0.03733834,0,-1.0,False,84
-0.6096914,-0.037978735,0,-1.0,False,84
-0.6480316,-0.038340196,0,-1.0,False,84
-0.6864601,-0.038428474,0,-1.0,False,84
-0.7247151,-0.038255036,0,-1.0,False,84
-0.7625516,-0.037836526,0,-1.0,False,84
-0.7997456,-0.037193976,0,-1.0,False,84
-0.83609736,-0.03635178,0,-1.0,False,84
-0.871434,-0.035336584,0,-1.0,False,84
-0.90561014,-0.034176152,0,-1.0,False,84
-0.93850845,-0.03289831,0,-1.0,False,84
-0.9700385,-0.031530038,0,-1.0,False,84
-1.0001352,-0.030096715,0,-1.0,False,84
-1.0287567,-0.02862159,0,-1.0,False,84
-1.0558822,-0.027125414,2,-1.0,False,84
-1.0795084,-0.023626264,2,-1.0,False,84
-1.0996464,-0.020138,0,-1.0,False,84
-1.1183153,-0.018668883,0,-1.0,False,84
-1.1355408,-0.017225567,0,-1.0,False,84
-1.1513537,-0.015812855,0,-1.0,False,84
-1.1657877,-0.014433912,0,-1.0,False,84
-1.1788782,-0.013090465,0,-1.0,False,84
-1.1906612,-0.011783014,0,-1.0,False,84
-1.2,0.0,2,-1.0,False,84
-1.1967582,0.003241896,2,-1.0,False,84
-1.1902636,0.0064944453,2,-1.0,False,84
-1.180496,0.009767694,2,-1.0,False,84
-1.1674255,0.013070449,2,-1.0,False,84
-1.1510159,0.016409589,2,-1.0,False,84
-1.1312267,0.01978931,2,-1.0,False,84
-1.1080164,0.023210295,2,-1.0,False,84
-1.0813475,0.026668796,2,-1.0,False,84
-1.0511918,0.030155689,2,-1.0,False,84
-1.0175363,0.03365551,2,-1.0,False,84
-0.9803907,0.03714562,2,-1.0,False,84
-0.93979514,0.040595576,2,-1.0,False,84
-0.8958282,0.043966923,2,-1.0,False,84
-0.84861463,0.047213554,2,-1.0,False,84
-0.7983318,0.050282877,2,-1.0,False,84
-0.74521387,0.053117886,2,-1.0,False,84
-0.6895537,0.05566023,2,-1.0,False,84
-0.63169956,0.057854105,2,-1.0,False,84
-0.57204884,0.059650723,2,-1.0,False,84
-0.51103604,0.061012823,2,-1.0,False,84
-0.4491174,0.061918624,2,-1.0,False,84
-0.38675275,0.06236465,2,-1.0,False,84
-0.32438585,0.06236689,2,-1.0,False,84
-0.2624257,0.061960164,2,-1.0,False,84
-0.20122996,0.06119572,2,-1.0,False,84
-0.14109236,0.060137603,2,-1.0,False,84
-0.08223413,0.058858234,2,-1.0,False,84
-0.0248002,0.057433926,2,-1.0,False,84
0.031140642,0.055940844,2,-1.0,False,84
0.08559239,0.054451745,2,-1.0,False,84
0.1386261,0.05303371,2,-1.0,False,84
0.1903729,0.051746808,2,-1.0,False,84
0.24101646,0.050643563,2,-1.0,False,84
0.29078555,0.049769085,2,-1.0,False,84
0.33994707,0.049161527,2,-1.0,False,84
0.38879985,0.048852775,2,-1.0,False,84
0.43766898,0.048869114,2,-1.0,False,84
0.48690072,0.049231753,2,-1.0,True,84
-0.5875067,0.0,0,-1.0,False,85
-0.5880303,-0.0005236217,0,-1.0,False,85
-0.5890737,-0.0010433887,0,-1.0,False,85
-0.59062916,-0.0015554785,0,-1.0,False,85
-0.5926853,-0.0020561318,0,-1.0,False,85
-0.595227,-0.0025416845,0,-1.0,False,85
-0.5982356,-0.0030085978,0,-1.0,False,85
-0.6016891,-0.0034534873,0,-1.0,False,85
-0.6055622,-0.0038731527,0,-1.0,False,85
-0.6098268,-0.004264603,0,-1.0,False,85
-0.6144519,-0.004625081,0,-1.0,False,85
-0.619404,-0.004952088,0,-1.0,False,85
-0.6246474,-0.0052434006,0,-1.0,False,85
-0.6301445,-0.0054970905,0,-1.0,False,85
-0.63585603,-0.005711535,0,-1.0,False,85
-0.64174145,-0.00588543,0,-1.0,False,85
-0.64775926,-0.0060177953,0,-1.0,False,85
-0.65386724,-0.0061079757,0,-1.0,False,85
-0.66002285,-0.0061556427,0,-1.0,False,85
-0.66618365,-0.0061607882,0,-1.0,False,85
-0.6723074,-0.006123716,0,-1.0,False,85
-0.6783524,-0.006045032,0,-1.0,False,85
-0.684278,-0.0059256265,0,-1.0,False,85
-0.6900447,-0.0057666623,0,-1.0,False,85
-0.6956142,-0.0055695516,0,-1.0,False,85
-0.7009502,-0.0053359387,0,-1.0,False,85
-0.70601785,-0.005067677,0,-1.0,False,85
-0.7107847,-0.0047668093,0,-1.0,False,85
-0.7152202,-0.004435546,0,-1.0,False,85
-0.71929646,-0.004076244,0,-1.0,False,85
-0.72298783,-0.0036913857,0,-1.0,False,85
-0.7262714,-0.0032835635,0,-1.0,False,85
-0.7291269,-0.0028554592,0,-1.0,False,85
-0.7315367,-0.0024098298,0,-1.0,False,85
-0.7334862,-0.0019494926,0,-1.0,False,85
-0.7349635,-0.001477313,0,-1.0,False,85
-0.7359597,-0.0009961929,0,-1.0,False,85
-0.73646873,-0.00050906045,0,-1.0,False,85
-0.7364876,-1.8860661e-05,0,-1.0,False,85
-0.73601615,0.0004714527,0,-1.0,False,85
-0.73505723,0.00095892564,0,-1.0,False,85
-0.73361665,0.001440612,2,-1.0,False,85
-0.72970307,0.0039135823,2,-1.0,False,85
-0.72334033,0.006362735,2,-1.0,False,85
-0.71456754,0.008772741,2,-1.0,False,85
-0.70343965,0.011127933,2,-1.0,False,85
-0.6900274,0.013412248,2,-1.0,False,85
-0.67441815,0.015609246,2,-1.0,False,85
-0.6567159,0.01770219,2,-1.0,False,85
-0.6370417,0.019674242,2,-1.0,False,85
-0.615533,0.021508735,2,-1.0,False,85
-0.59234345,0.023189534,2,-1.0,False,85
-0.567642,0.02470147,2,-1.0,False,85
-0.54161114,0.026030835,2,-1.0,False,85
-0.5144453,0.027165862,2,-1.0,False,85
-0.48634806,0.02809722,0,-1.0,False,85
-0.45952964,0.026818419,0,-1.0,False,85
-0.43418878,0.025340855,2,-1.0,False,85
-0.4085105,0.025678292,2,-1.0,False,85
-0.38267833,0.025832176,2,-1.0,False,85
-0.35687184,0.025806475,2,-1.0,False,85
-0.33126432,0.025607515,2,-1.0,False,85
-0.3060206,0.02524373,2,-1.0,False,85
-0.28129527,0.024725325,2,-1.0,False,85
-0.25723135,0.024063915,2,-1.0,False,85
-0.23395927,0.02327209,2,-1.0,False,85
-0.21159625,0.02236301,2,-1.0,False,85
-0.19024624,0.021350019,1,-1.0,False,85
-0.17099997,0.019246263,0,-1.0,False,85
-0.1549319,0.016068073,0,-1.0,False,85
-0.1420986,0.012833291,0,-1.0,False,85
-0.13254158,0.009557031,0,-1.0,False,85
-0.1262895,0.006252073,0,-1.0,False,85
-0.12336014,0.0029293639,0,-1.0,False,85
-0.12376152,-0.0004013819,2,-1.0,False,85
-0.12549256,-0.001731037,2,-1.0,False,85
-0.1285485,-0.0030559504,2,-1.0,False,85
-0.13292085,-0.00437234,2,-1.0,False,85
