cart_position,cart_velocity,pole_angle,pole_angular_velocity,action,reward,done,episode_id
0.027395604,-0.006112156,0.035859793,0.019736802,0,1.0,False,0
0.027273363,-0.20172954,0.03625453,0.32351476,0,1.0,False,0
0.02323877,-0.39734846,0.04272482,0.62740684,1,1.0,False,0
0.015291802,-0.20284806,0.05527296,0.34847975,0,1.0,False,0
0.01123484,-0.39871082,0.062242556,0.65806717,1,1.0,False,0
0.003260624,-0.20450792,0.0754039,0.3856144,1,1.0,False,0
-0.0008295343,-0.010532887,0.08311619,0.11762639,0,1.0,False,0
-0.0010401921,-0.20674129,0.08546872,0.43533102,1,1.0,False,0
-0.0051750178,-0.012926685,0.09417533,0.17076753,1,1.0,False,0
-0.0054335515,0.18073,0.097590685,-0.090783656,0,1.0,False,0
-0.0018189516,-0.015645478,0.095775016,0.23102412,1,1.0,False,0
-0.0021318612,0.17798671,0.10039549,-0.029978251,1,1.0,False,0
0.0014278733,0.3715363,0.09979593,-0.28937405,0,1.0,False,0
0.0088586,0.17514342,0.094008446,0.033040907,1,1.0,False,0
0.012361468,0.3688003,0.09466927,-0.228564,0,1.0,False,0
0.019737475,0.17246196,0.090097986,0.09241601,1,1.0,False,0
0.023186713,0.36618474,0.091946304,-0.17053656,0,1.0,False,0
0.030510409,0.16987528,0.08853558,0.14967795,1,1.0,False,0
0.033907913,0.36362523,0.09152913,-0.1138132,1,1.0,False,0
0.04118042,0.5573246,0.08925287,-0.37627402,0,1.0,False,0
0.05232691,0.3610558,0.08172739,-0.056837194,1,1.0,False,0
0.059548028,0.5549166,0.08059064,-0.32265666,0,1.0,False,0
0.07064636,0.35874507,0.07413752,-0.0056864056,1,1.0,False,0
0.07782126,0.5527298,0.07402378,-0.27408776,0,1.0,False,0
0.08887585,0.35663402,0.068542026,0.040993545,1,1.0,False,0
0.09600854,0.55070955,0.0693619,-0.22930062,0,1.0,False,0
0.107022725,0.3546685,0.06477589,0.08442993,1,1.0,False,0
0.114116095,0.548805,0.066464484,-0.1871333,0,1.0,False,0
0.1250922,0.35279816,0.06272182,0.12575394,1,1.0,False,0
0.13214816,0.5469681,0.0652369,-0.14650013,1,1.0,False,0
0.14308752,0.7410981,0.062306896,-0.41790968,0,1.0,False,0
0.15790948,0.5451511,0.053948704,-0.10625311,1,1.0,False,0
0.1688125,0.7394601,0.051823642,-0.38143933,0,1.0,False,0
0.1836017,0.54364204,0.044194855,-0.07287727,0,1.0,False,0
0.19447455,0.3479153,0.04273731,0.23341525,1,1.0,False,0
0.20143285,0.5424014,0.047405615,-0.04548654,1,1.0,False,0
0.21228088,0.7368126,0.046495885,-0.3228438,0,1.0,False,0
0.22701713,0.5410605,0.040039007,-0.015868038,1,1.0,False,0
0.23783834,0.73558605,0.039721645,-0.29565418,0,1.0,False,0
0.25255007,0.539921,0.033808563,0.009286979,1,1.0,False,0
0.2633485,0.7345422,0.033994302,-0.27254015,0,1.0,False,0
0.27803934,0.53895205,0.0285435,0.030667907,1,1.0,False,0
0.28881836,0.7336533,0.029156858,-0.25287434,0,1.0,False,0
0.30349144,0.5381274,0.02409937,0.048860736,0,1.0,False,0
0.314254,0.34266832,0.025076587,0.34904873,1,1.0,False,0
0.32110736,0.5374248,0.03205756,0.064377606,0,1.0,False,0
0.33185583,0.34185827,0.033345114,0.36700004,1,1.0,False,0
0.33869302,0.5364909,0.040685114,0.08501501,0,1.0,False,0
0.34942284,0.3408101,0.042385414,0.39025146,1,1.0,False,0
0.35623902,0.5353056,0.05019044,0.111227736,1,1.0,False,0
0.36694515,0.7296738,0.052415,-0.16520756,1,1.0,False,0
0.38153863,0.9240078,0.049110845,-0.44090527,0,1.0,False,0
0.40001878,0.7282265,0.04029274,-0.13315459,0,1.0,False,0
0.4145833,0.5325512,0.03762965,0.17196292,1,1.0,False,0
0.42523432,0.727115,0.041068908,-0.10861557,1,1.0,False,0
0.43977663,0.9216251,0.038896598,-0.38806385,0,1.0,False,0
0.45820913,0.7259732,0.031135319,-0.08337532,0,1.0,False,0
0.47272858,0.5304191,0.029467814,0.21896599,1,1.0,False,0
0.483337,0.72510767,0.033847135,-0.06427784,1,1.0,False,0
0.49783912,0.9197284,0.032561574,-0.34609258,0,1.0,False,0
0.5162337,0.72415876,0.025639724,-0.04332222,0,1.0,False,0
0.5307169,0.5286787,0.02477328,0.25733873,1,1.0,False,0
0.54129046,0.7234384,0.029920055,-0.027428523,1,1.0,False,0
0.5557592,0.9181188,0.029371485,-0.3105232,0,1.0,False,0
0.5741216,0.7225909,0.02316102,-0.008723984,1,1.0,False,0
0.5885734,0.91737324,0.02298654,-0.29401028,0,1.0,False,0
0.6069209,0.7219312,0.017106336,0.005832717,1,1.0,False,0
0.6213595,0.9168037,0.01722299,-0.28140426,0,1.0,False,0
0.6396956,0.7214404,0.011594905,0.016660605,1,1.0,False,0
0.6541244,0.9163941,0.011928116,-0.27234155,0,1.0,False,0
0.6724523,0.721104,0.006481285,0.024079543,1,1.0,False,0
0.68687433,0.91613245,0.006962876,-0.26655143,0,1.0,False,0
0.705197,0.7209118,0.0016318471,0.028319478,1,1.0,False,0
0.7196152,0.9160103,0.0021982368,-0.26384813,0,1.0,False,0
0.7379354,0.7208571,-0.0030787261,0.029527325,1,1.0,False,0
0.7523526,0.916023,-0.0024881796,-0.26412538,0,1.0,False,0
0.77067304,0.72093666,-0.0077706873,0.027771711,1,1.0,False,0
0.78509176,0.9161692,-0.007215253,-0.2673528,0,1.0,False,0
0.8034152,0.72115093,-0.012562308,0.023045689,1,1.0,False,0
0.8178382,0.9164508,-0.012101395,-0.27357417,0,1.0,False,0
0.8361672,0.72150356,-0.017572878,0.015267516,0,1.0,False,0
0.85059726,0.526638,-0.017267527,0.3023546,1,1.0,False,0
0.86113,0.72200173,-0.011220436,0.004276274,1,1.0,False,0
0.87557006,0.9172828,-0.01113491,-0.2919256,0,1.0,False,0
0.8939157,0.7223214,-0.016973423,-0.0027751897,0,1.0,False,0
0.90836215,0.5274469,-0.017028926,0.28450444,1,1.0,False,0
0.9189111,0.7228075,-0.011338837,-0.013500269,1,1.0,False,0
0.93336725,0.9180902,-0.011608843,-0.30973905,0,1.0,False,0
0.95172906,0.7231356,-0.017803624,-0.02073972,0,1.0,False,0
0.96619177,0.52827346,-0.018218419,0.2662732,1,1.0,False,0
0.9767572,0.72365063,-0.012892954,-0.03209982,0,1.0,False,0
0.99123025,0.5287159,-0.01353495,0.25648752,1,1.0,False,0
1.0018046,0.72402847,-0.0084052,-0.04043363,1,1.0,False,0
1.0162851,0.9192699,-0.009213872,-0.33575657,0,1.0,False,0
1.0346705,0.7242803,-0.015929004,-0.045993406,0,1.0,False,0
1.0491561,0.52939034,-0.016848871,0.24162151,1,1.0,False,0
1.0597439,0.72474885,-0.012016442,-0.056328014,0,1.0,False,0
1.0742389,0.52980125,-0.013143002,0.23253955,1,1.0,False,0
1.0848349,0.7251085,-0.008492211,-0.06425997,1,1.0,False,0
1.0993371,0.9203512,-0.009777411,-0.3596101,0,1.0,False,0
1.1177441,0.7253696,-0.016969612,-0.07002618,0,1.0,False,0
1.1322515,0.530495,-0.018370137,0.21725482,1,1.0,False,0
1.1428614,0.72587466,-0.01402504,-0.08116577,0,1.0,False,0
1.1573789,0.5309565,-0.015648356,0.20705943,1,1.0,False,0
1.1679981,0.7262987,-0.011507167,-0.09051839,0,1.0,False,0
1.182524,0.5313436,-0.013317535,0.19851193,1,1.0,False,0
1.1931509,0.72665346,-0.009347296,-0.09834215,0,1.0,False,0
1.2076839,0.5316667,-0.011314139,0.19137713,1,1.0,False,0
1.2183173,0.7269487,-0.0074865967,-0.104853354,0,1.0,False,0
1.2328563,0.5319348,-0.009583664,0.18545821,1,1.0,False,0
1.243495,0.7271925,-0.0058744997,-0.110232525,1,1.0,False,0
1.2580388,0.92239815,-0.00807915,-0.404763,0,1.0,False,0
1.2764868,0.7273917,-0.016174411,-0.114638135,0,1.0,False,0
1.2910346,0.5325052,-0.018467173,0.1728983,1,1.0,False,0
1.3016847,0.72788656,-0.015009207,-0.12555274,0,1.0,False,0
1.3162425,0.5329828,-0.017520262,0.1623574,1,1.0,False,0
1.326902,0.7283511,-0.014273114,-0.1358008,0,1.0,False,0
1.3414692,0.5334365,-0.01698913,0.15234521,1,1.0,False,0
1.3521378,0.72879755,-0.013942225,-0.14564863,1,1.0,False,0
1.3667138,0.9241164,-0.016855197,-0.44269726,0,1.0,False,0
1.3851961,0.7292369,-0.025709143,-0.1553748,0,1.0,False,0
1.3997809,0.5344923,-0.028816639,0.12908791,1,1.0,False,0
1.4104707,0.730015,-0.02623488,-0.17254522,0,1.0,False,0
1.425071,0.53527814,-0.029685786,0.11174734,1,1.0,False,0
1.4357766,0.7308126,-0.027450839,-0.19015148,0,1.0,False,0
1.4503928,0.5360939,-0.031253867,0.09374699,1,1.0,False,0
1.4611146,0.7316496,-0.029378928,-0.20863037,0,1.0,False,0
1.4757477,0.5369597,-0.033551537,0.07464217,1,1.0,False,0
1.4864869,0.7325462,-0.032058693,-0.22843474,0,1.0,False,0
1.5011379,0.5378967,-0.036627386,0.053965833,1,1.0,False,0
1.5118958,0.7335242,-0.03554807,-0.2500446,0,1.0,False,0
1.5265663,0.53892744,-0.04054896,0.03121718,0,1.0,False,0
1.5373448,0.34440973,-0.039924618,0.31083578,1,1.0,False,0
1.544233,0.5400771,-0.0337079,0.0058339145,1,1.0,False,0
1.5550345,0.73566586,-0.033591226,-0.2972908,0,1.0,False,0
1.5697478,0.54103845,-0.039537042,-0.015388357,0,1.0,False,0
1.5805686,0.34650514,-0.039844807,0.2645627,1,1.0,False,0
1.5874987,0.5421725,-0.034553554,-0.04041665,0,1.0,False,0
1.5983422,0.34756264,-0.035361886,0.24116716,1,1.0,False,0
1.6052934,0.5431714,-0.030538544,-0.062456794,1,1.0,False,0
1.6161568,0.7387176,-0.03178768,-0.36461625,0,1.0,False,0
1.6309311,0.5440615,-0.039080005,-0.08212359,0,1.0,False,0
1.6418124,0.3495209,-0.04072248,0.19797789,1,1.0,False,0
1.6488029,0.54520094,-0.03676292,-0.10726793,0,1.0,False,0
1.6597068,0.35062456,-0.038908277,0.17359355,1,1.0,False,0
1.6667193,0.54628116,-0.035436407,-0.13110535,0,1.0,False,0
1.677645,0.35168424,-0.038058516,0.1501906,1,1.0,False,0
1.6846787,0.54732996,-0.035054702,-0.1542519,0,1.0,False,0
1.6956252,0.352727,-0.038139742,0.12716922,1,1.0,False,0
1.7026798,0.548374,-0.035596356,-0.1772982,0,1.0,False,0
1.7136472,0.35377902,-0.03914232,0.10394617,0,1.0,False,0
1.7207228,0.15923925,-0.037063397,0.38402742,1,1.0,False,0
1.7239076,0.35486728,-0.02938285,0.07989277,1,1.0,False,0
1.731005,0.5503979,-0.027784992,-0.2219138,0,1.0,False,0
1.742013,0.35568383,-0.03222327,0.06187676,1,1.0,False,0
1.7491266,0.5512526,-0.030985733,-0.24079613,0,1.0,False,0
1.7601516,0.35658666,-0.035801657,0.041954257,0,1.0,False,0
1.7672834,0.16199592,-0.034962572,0.32312992,1,1.0,False,0
1.7705233,0.35759783,-0.028499972,0.019629456,0,1.0,False,0
1.7776753,0.16289595,-0.028107384,0.30318582,1,1.0,False,0
1.7809331,0.35840696,-0.022043668,0.0017726443,1,1.0,False,0
1.7881013,0.553838,-0.022008214,-0.29778302,0,1.0,False,0
1.7991781,0.35903656,-0.027963875,-0.012121527,0,1.0,False,0
1.8063588,0.1643266,-0.028206306,0.27160895,1,1.0,False,0
1.8096453,0.35983944,-0.022774126,-0.029835219,0,1.0,False,0
1.8168422,0.16505137,-0.02337083,0.2555761,1,1.0,False,0
1.8201432,0.36049905,-0.018259307,-0.044385776,0,1.0,False,0
1.8273531,0.16564363,-0.019147024,0.24248071,1,1.0,False,0
1.8306661,0.36103377,-0.01429741,-0.05617967,1,1.0,False,0
1.8378867,0.5563578,-0.015421003,-0.35333902,0,1.0,False,0
1.8490138,0.36145848,-0.022487784,-0.06555841,0,1.0,False,0
1.856243,0.16666603,-0.023798952,0.21994552,1,1.0,False,0
1.8595763,0.36211994,-0.019400042,-0.080148555,0,1.0,False,0
1.8668188,0.16728139,-0.021003012,0.20635103,1,1.0,False,0
1.8701644,0.3626973,-0.016875992,-0.0928826,0,1.0,False,0
1.8774183,0.16782124,-0.018733643,0.19442855,1,1.0,False,0
1.8807747,0.3632061,-0.014845073,-0.10410467,0,1.0,False,0
1.8880389,0.16829999,-0.016927166,0.18385798,1,1.0,False,0
1.8914049,0.36366,-0.013250007,-0.114116415,0,1.0,False,0
1.8986781,0.1687304,-0.015532335,0.17435695,1,1.0,False,0
1.9020526,0.36407116,-0.012045196,-0.12318517,0,1.0,False,0
1.9093341,0.16912381,-0.014508899,0.1656734,1,1.0,False,0
1.9127166,0.36445042,-0.011195431,-0.13155113,0,1.0,False,0
1.9200056,0.16949062,-0.013826454,0.15757887,1,1.0,False,0
1.9233954,0.36480775,-0.010674876,-0.1394337,0,1.0,False,0
1.9306916,0.16984032,-0.01346355,0.14986245,1,1.0,False,0
1.9340883,0.36515245,-0.010466302,-0.14703736,0,1.0,False,0
1.9413913,0.17018193,-0.013407049,0.14232537,1,1.0,False,0
1.944795,0.3654933,-0.010560541,-0.15455692,0,1.0,False,0
1.9521049,0.17052414,-0.013651679,0.13477579,1,1.0,False,0
1.9555154,0.36583894,-0.0109561635,-0.1621826,0,1.0,False,0
1.9628322,0.17087553,-0.014199816,0.1270239,1,1.0,False,0
1.9662497,0.366198,-0.011659337,-0.17010485,0,1.0,False,0
1.9735737,0.17124486,-0.015061434,0.11887722,1,1.0,False,0
1.9769986,0.36657932,-0.01268389,-0.17851914,0,1.0,False,0
1.9843302,0.17164117,-0.016254272,0.110135615,1,1.0,False,0
1.9877629,0.3669922,-0.014051561,-0.1876308,0,1.0,False,0
1.9951028,0.1720741,-0.017804177,0.1005865,1,1.0,False,0
1.9985442,0.36744663,-0.015792446,-0.19766,0,1.0,False,0
2.0058932,0.17255408,-0.019745648,0.08999958,1,1.0,False,0
2.0093443,0.36795342,-0.017945655,-0.20884712,0,1.0,False,0
2.0167034,0.17309259,-0.022122597,0.0781213,1,1.0,False,0
2.0201652,0.36852458,-0.020560171,-0.22145846,0,1.0,False,0
2.0275357,0.17370245,-0.02498934,0.06466869,0,1.0,False,0
2.0310097,-0.021052469,-0.023695968,0.34936377,1,1.0,False,0
2.0305886,0.17439833,-0.016708693,0.049303897,1,1.0,False,0
2.0340767,0.36975583,-0.015722614,-0.24860358,0,1.0,False,0
2.0414717,0.17486192,-0.020694686,0.039078917,1,1.0,False,0
2.044969,0.37027442,-0.019913107,-0.26006088,0,1.0,False,0
2.0523746,0.17544232,-0.025114326,0.02627527,0,1.0,False,0
2.0558834,-0.01931064,-0.02458882,0.31092975,1,1.0,False,0
2.0554972,0.17615284,-0.018370224,0.0105947675,1,1.0,False,0
2.0590203,0.37153336,-0.01815833,-0.2878271,0,1.0,False,0
2.0664508,0.176675,-0.023914872,-0.0009260128,0,1.0,False,0
2.0699844,-0.018095952,-0.023933392,0.2841166,1,1.0,False,0
2.0696225,0.17735903,-0.01825106,-0.016017677,0,1.0,False,0
2.0731697,-0.017496485,-0.018571414,0.2708514,1,1.0,False,0
2.0728197,0.17788549,-0.013154386,-0.027630692,1,1.0,False,0
2.0763774,0.3731936,-0.013707,-0.3244348,0,1.0,False,0
2.0838413,0.17826946,-0.020195695,-0.036105786,0,1.0,False,0
2.0874066,-0.016557144,-0.02091781,0.2501374,1,1.0,False,0
2.0870755,0.17885718,-0.015915062,-0.04906935,0,1.0,False,0
2.0906527,-0.01603299,-0.016896449,0.23855005,1,1.0,False,0
2.090332,0.17932622,-0.012125448,-0.059414245,1,1.0,False,0
2.0939186,0.3746199,-0.013313733,-0.35589805,0,1.0,False,0
2.1014109,0.17968975,-0.020431694,-0.06744284,0,1.0,False,0
2.1050048,-0.015133401,-0.02178055,0.21872438,1,1.0,False,0
2.104702,0.18029302,-0.017406063,-0.080748685,0,1.0,False,0
2.1083078,-0.014575148,-0.019021038,0.20639215,1,1.0,False,0
2.1080165,0.18081357,-0.014893194,-0.09222974,0,1.0,False,0
2.1116326,-0.014091788,-0.016737789,0.19571742,1,1.0,False,0
2.1113508,0.18126553,-0.01282344,-0.10219818,0,1.0,False,0
2.1149762,-0.013670317,-0.014867404,0.18641156,1,1.0,False,0
2.1147027,0.18166116,-0.011139173,-0.11092413,0,1.0,False,0
2.118336,-0.013299416,-0.013357655,0.17822374,1,1.0,False,0
2.11807,0.18201111,-0.009793181,-0.118642956,0,1.0,False,0
2.1217103,-0.01296916,-0.01216604,0.17093429,1,1.0,False,0
2.121451,0.1823248,-0.008747354,-0.12556168,0,1.0,False,0
2.1250973,-0.01267076,-0.011258588,0.16434875,1,1.0,False,0
2.1248438,0.18261053,-0.007971613,-0.13186458,0,1.0,False,0
2.1284962,-0.012396326,-0.010608904,0.15829279,1,1.0,False,0
2.1282482,0.18287589,-0.007443048,-0.137718,0,1.0,False,0
2.1319058,-0.012138665,-0.0101974085,0.15260749,1,1.0,False,0
2.1316628,0.1831278,-0.0071452586,-0.14327498,0,1.0,False,0
2.1353254,-0.011891091,-0.010010758,0.14714521,1,1.0,False,0
2.1350877,0.18337278,-0.007067854,-0.14867903,0,1.0,False,0
2.138755,-0.011647254,-0.010041434,0.14176579,1,1.0,False,0
2.1385221,0.18361706,-0.007206119,-0.15406805,0,1.0,False,0
2.1421945,-0.011400976,-0.01028748,0.13633282,1,1.0,False,0
2.1419666,0.1838668,-0.0075608236,-0.15957782,0,1.0,False,0
2.145644,-0.01114609,-0.01075238,0.1307103,1,1.0,False,0
2.145421,0.18412822,-0.008138174,-0.16534537,0,1.0,False,0
2.1491034,-0.010876292,-0.011445081,0.124759115,1,1.0,False,0
2.148886,0.18440774,-0.008949899,-0.17151253,0,1.0,False,0
2.152574,-0.010584979,-0.012380149,0.1183336,1,1.0,False,0
2.1523623,0.18471214,-0.010013477,-0.1782293,0,1.0,False,0
2.1560566,-0.010265089,-0.013578063,0.11127797,1,1.0,False,0
2.1558514,0.18504877,-0.011352504,-0.18565764,0,1.0,False,0
2.1595523,-0.009908928,-0.015065657,0.1034225,1,1.0,False,0
2.1593542,0.18542565,-0.012997206,-0.19397525,0,1.0,False,0
2.1630626,-0.009507988,-0.016876712,0.094579436,1,1.0,False,0
2.1628726,0.18585174,-0.014985123,-0.20337993,0,1.0,False,0
2.1665895,-0.009052741,-0.019052722,0.0845385,1,1.0,False,0
2.1664085,0.18633707,-0.017361952,-0.21409418,0,1.0,False,0
2.1701353,-0.008532418,-0.021643836,0.07306183,1,1.0,False,0
2.1699646,0.18689303,-0.020182598,-0.22637047,0,1.0,False,0
2.1737025,-0.007934755,-0.024710009,0.059878405,1,1.0,False,0
2.1735437,0.18753262,-0.02351244,-0.24049714,0,1.0,False,0
2.1772945,-0.007245709,-0.028322384,0.044677563,0,1.0,False,0
2.1771495,-0.20195033,-0.027428832,0.32829168,1,1.0,False,0
2.1731105,-0.006448843,-0.020862998,0.027086707,1,1.0,False,0
2.1729815,0.18896599,-0.020321265,-0.27210504,0,1.0,False,0
2.176761,-0.005860187,-0.025763365,0.014099857,0,1.0,False,0
2.1766436,-0.20060337,-0.025481367,0.2985441,1,1.0,False,0
2.1726315,-0.0051276335,-0.019510485,-0.0020650297,0,1.0,False,0
2.172529,-0.19996442,-0.019551786,0.28439882,1,1.0,False,0
2.1685297,-0.0045691472,-0.01386381,-0.014385941,1,1.0,False,0
2.1684384,0.19074886,-0.014151529,-0.3114106,0,1.0,False,0
2.1722534,-0.0041686515,-0.02037974,-0.023224046,0,1.0,False,0
2.17217,-0.1989925,-0.020844223,0.2629598,1,1.0,False,0
2.16819,-0.0035793153,-0.015585026,-0.03622405,0,1.0,False,0
2.1681185,-0.19847435,-0.016309507,0.25150117,1,1.0,False,0
2.164149,-0.0031233435,-0.011279483,-0.046281133,0,1.0,False,0
2.1640866,-0.19808175,-0.012205106,0.24282178,1,1.0,False,0
2.160125,-0.0027876105,-0.00734867,-0.053685825,0,1.0,False,0
2.1600692,-0.19780342,-0.008422387,0.23666951,1,1.0,False,0
2.1561131,-0.0025621636,-0.0036889967,-0.05865815,1,1.0,False,0
2.156062,0.19261248,-0.0048621595,-0.3525027,0,1.0,False,0
2.159914,-0.0024399878,-0.011912214,-0.06135691,0,1.0,False,0
2.1598654,-0.19738914,-0.013139351,0.22754395,1,1.0,False,0
2.1559174,-0.0020819001,-0.008588472,-0.069254465,0,1.0,False,0
2.155876,-0.19707967,-0.009973562,0.22070643,1,1.0,False,0
2.1519344,-0.0018165918,-0.0055594333,-0.07510581,0,1.0,False,0
2.151898,-0.1968584,-0.0070615495,0.21581793,1,1.0,False,0
2.1479607,-0.0016362161,-0.002745191,-0.079084136,0,1.0,False,0
2.147928,-0.19671871,-0.004326874,0.2127314,1,1.0,False,0
2.1439936,-0.0015351609,-7.224548e-05,-0.08131326,0,1.0,False,0
2.1439629,-0.19665608,-0.0016985107,0.21134686,1,1.0,False,0
2.14003,-0.0015098813,0.0025284267,-0.08187136,0,1.0,False,0
2.1399996,-0.19666798,0.00089099945,0.21160822,1,1.0,False,0
2.1360662,-0.0015587853,0.0051231636,-0.080793515,1,1.0,False,0
2.1360352,0.19348936,0.0035072935,-0.37185568,0,1.0,False,0
2.139905,-0.0016822502,-0.00392982,-0.078068934,0,1.0,False,0
2.1398714,-0.19674765,-0.0054911985,0.21337153,1,1.0,False,0
2.1359363,-0.0015476187,-0.001223768,-0.08103849,0,1.0,False,0
2.1359053,-0.19665201,-0.0028445378,0.21125808,1,1.0,False,0
2.1319723,-0.0014894992,0.0013806238,-0.08232079,0,1.0,False,0
2.1319425,-0.19663121,-0.000265792,0.21079741,1,1.0,False,0
2.1280098,-0.0015054637,0.0039501563,-0.08196935,0,1.0,False,0
2.1279798,-0.19668382,0.0023107692,0.21195723,1,1.0,False,0
2.124046,-0.0015949801,0.006549914,-0.07999587,1,1.0,False,0
2.1240141,0.19343247,0.0049499967,-0.3706051,0,1.0,False,0
2.127883,-0.0017594598,-0.0024621056,-0.07636551,0,1.0,False,0
2.1278477,-0.19684602,-0.0039894157,0.2155396,1,1.0,False,0
2.1239107,-0.001667272,0.0003213763,-0.07839909,0,1.0,False,0
2.1238775,-0.19679382,-0.0012466055,0.21438521,1,1.0,False,0
2.1199415,-0.0016540776,0.0030410988,-0.078690685,0,1.0,False,0
2.1199083,-0.1968195,0.0014672851,0.21495016,1,1.0,False,0
2.115972,-0.0017185482,0.0057662884,-0.077269554,0,1.0,False,0
2.1159377,-0.19692269,0.0042208973,0.21722706,1,1.0,False,0
2.1119993,-0.0018613279,0.008565438,-0.07412143,1,1.0,False,0
2.111962,0.19313678,0.00708301,-0.36408967,0,1.0,False,0
2.1158247,-0.0020851083,-0.0001987834,-0.06918178,0,1.0,False,0
2.115783,-0.1972042,-0.0015824189,0.22343843,1,1.0,False,0
2.111839,-0.0020596767,0.0028863496,-0.06974324,0,1.0,False,0
2.1117978,-0.19722289,0.0014914848,0.22384895,1,1.0,False,0
2.1078534,-0.0021222872,0.0059684636,-0.06836314,0,1.0,False,0
2.107811,-0.1973293,0.004601201,0.22619689,1,1.0,False,0
2.1038642,-0.002273405,0.009125139,-0.06503111,1,1.0,False,0
2.103819,0.19271654,0.007824517,-0.3548211,0,1.0,False,0
2.1076732,-0.0025157908,0.00072809466,-0.05968118,0,1.0,False,0
2.1076229,-0.19764817,-0.00046552892,0.23323138,1,1.0,False,0
2.10367,-0.002519574,0.004199099,-0.059598356,0,1.0,False,0
2.1036196,-0.19770148,0.0030071314,0.23440646,1,1.0,False,0
2.0996654,-0.0026226225,0.0076952605,-0.057326417,1,1.0,False,0
2.099613,0.19238815,0.006548732,-0.34757152,0,1.0,False,0
2.1034608,-0.002826331,-0.00040269844,-0.052830774,0,1.0,False,0
2.1034043,-0.19794251,-0.0014593139,0.23972507,1,1.0,False,0
2.0994453,-0.002799738,0.0033351874,-0.053417806,0,1.0,False,0
2.0993893,-0.19796935,0.0022668315,0.24031553,1,1.0,False,0
2.09543,-0.0028798562,0.007073142,-0.051651515,1,1.0,False,0
2.0953724,0.19213997,0.0060401116,-0.34209445,0,1.0,False,0
2.0992153,-0.0030673987,-0.00080177706,-0.047512956,0,1.0,False,0
2.0991538,-0.19817784,-0.0017520362,0.2449169,1,1.0,False,0
2.0951903,-0.0030309123,0.0031463017,-0.04831815,0,1.0,False,0
2.0951297,-0.19819784,0.0021799386,0.2453558,1,1.0,False,0
2.0911658,-0.0031070893,0.0070870547,-0.046638727,1,1.0,False,0
2.0911036,0.19191253,0.00615428,-0.33707723,0,1.0,False,0
2.0949419,-0.0032964624,-0.00058726437,-0.042459942,0,1.0,False,0
2.0948758,-0.19840999,-0.0014364632,0.25003764,1,1.0,False,0
2.0909076,-0.0032675522,0.0035642895,-0.043098032,0,1.0,False,0
2.0908422,-0.19844043,0.002702329,0.25070733,1,1.0,False,0
2.0868735,-0.0033571748,0.0077164755,-0.041122004,1,1.0,False,0
2.0868063,0.19165328,0.0068940353,-0.33136037,0,1.0,False,0
2.0906394,-0.0035661228,0.00026682828,-0.036511384,0,1.0,False,0
2.090568,-0.1986919,-0.00046339937,0.25625572,1,1.0,False,0
2.0865943,-0.0035633352,0.004661715,-0.036573336,0,1.0,False,0
2.086523,-0.19875182,0.0039302483,0.25757676,1,1.0,False,0
2.082548,-0.0036862046,0.009081784,-0.033863924,1,1.0,False,0
2.0824742,0.19130434,0.008404505,-0.32366768,0,1.0,False,0
2.0863004,-0.0039362693,0.0019311516,-0.028346205,0,1.0,False,0
2.0862217,-0.19908586,0.0013642275,0.2649454,1,1.0,False,0
2.0822399,-0.003983408,0.0066631353,-0.02730693,1,1.0,False,0
2.0821602,0.19104236,0.006116997,-0.31788012,0,1.0,False,0
2.0859811,-0.0041661803,-0.00024060589,-0.023274422,0,1.0,False,0
2.0858977,-0.19928467,-0.0007060943,0.2693326,1,1.0,False,0
2.081912,-0.0041526593,0.004680557,-0.023572968,1,1.0,False,0
2.081829,0.19090186,0.004209098,-0.31477547,0,1.0,False,0
2.085647,-0.004279799,-0.0020864112,-0.020768099,0,1.0,False,0
2.0855615,-0.19937177,-0.0025017732,0.27125582,1,1.0,False,0
2.081574,-0.0042142053,0.002923343,-0.022215134,0,1.0,False,0
2.0814898,-0.19937795,0.0024790403,0.2713887,1,1.0,False,0
2.0775023,-0.004291469,0.007906814,-0.02051129,1,1.0,False,0
2.0774164,0.1907162,0.007496589,-0.31068906,0,1.0,False,0
2.0812306,-0.0045117475,0.0012828072,-0.015651403,0,1.0,False,0
2.0811405,-0.19965208,0.00096977915,0.277436,1,1.0,False,0
2.0771475,-0.00454397,0.006518499,-0.014940912,1,1.0,False,0
2.0770564,0.1904839,0.006219681,-0.30556008,0,1.0,False,0
2.080866,-0.0047261347,0.00010847935,-0.010922113,0,1.0,False,0
2.0807717,-0.19984964,-0.00010996292,0.28179502,1,1.0,False,0
2.0767746,-0.004726122,0.005525938,-0.010922569,1,1.0,False,0
2.0766802,0.19031614,0.0053074863,-0.30185688,0,1.0,False,0
2.0804865,-0.004881047,-0.00072965125,-0.007504827,0,1.0,False,0
2.0803888,-0.19999252,-0.0008797478,0.28494778,1,1.0,False,0
2.076389,-0.0048580393,0.0048192083,-0.008012467,1,1.0,False,0
2.0762918,0.19019447,0.004658959,-0.299171,0,1.0,False,0
2.0800958,-0.0049935826,-0.001324461,-0.0050223614,0,1.0,False,0
2.0799959,-0.20009652,-0.0014249082,0.28724238,1,1.0,False,0
2.075994,-0.004954271,0.0043199398,-0.0058896025,1,1.0,False,0
2.0758948,0.19010545,0.0042021475,-0.2972064,0,1.0,False,0
2.079697,-0.0050761406,-0.0017419807,-0.0032011666,0,1.0,False,0
2.0795953,-0.20017307,-0.001806004,0.28893164,1,1.0,False,0
2.075592,-0.0050254078,0.0039726286,-0.0043203393,1,1.0,False,0
2.0754914,0.19003935,0.003886222,-0.29574722,0,1.0,False,0
2.0792923,-0.005137792,-0.0020287223,-0.001841169,0,1.0,False,0
2.0791895,-0.20023058,-0.0020655456,0.29020098,1,1.0,False,0
2.0751848,-0.005079246,0.0037384739,-0.0031326793,1,1.0,False,0
2.0750833,0.1899889,0.0036758203,-0.29463375,0,1.0,False,0
2.0788832,-0.0051852725,-0.0022168544,-0.0007937759,0,1.0,False,0
2.0787795,-0.20027536,-0.00223273,0.2911889,1,1.0,False,0
2.0747738,-0.0051216446,0.0035910478,-0.0021973834,1,1.0,False,0
2.0746715,0.18994862,0.0035471001,-0.29374513,0,1.0,False,0
2.0784705,-0.0052237213,-0.0023278024,5.438719e-05,0,1.0,False,0
2.078366,-0.20031221,-0.0023267148,0.29200196,1,1.0,False,0
2.0743597,-0.0051571624,0.0035133243,-0.0014138784,1,1.0,False,0
2.0742567,0.18991423,0.0034850468,-0.29298624,0,1.0,False,0
2.078055,-0.005257239,-0.002374678,0.00079378206,0,1.0,False,0
2.0779498,-0.20034505,-0.0023588024,0.29272652,1,1.0,False,0
2.073943,-0.0051895506,0.0034957281,-0.0006994035,1,1.0,False,0
2.073839,0.1898821,0.0034817401,-0.29227734,0,1.0,False,0
2.0776367,-0.005289328,-0.0023638066,0.0015016475,0,1.0,False,0
2.0775309,-0.2003773,-0.0023337738,0.29343784,1,1.0,False,0
2.0735233,-0.005222152,0.003534983,1.9775925e-05,1,1.0,False,0
2.0734189,0.18984893,0.0035353783,-0.29154572,0,1.0,False,0
2.077216,-0.0053232573,-0.0022955362,0.0022501142,0,1.0,False,0
2.0771093,-0.20041221,-0.002250534,0.2942079,1,1.0,False,0
2.073101,-0.0052582473,0.003633624,0.0008160262,1,1.0,False,0
2.072996,0.18981141,0.0036499444,-0.29071823,0,1.0,False,0
2.0767922,-0.005362401,-0.0021644204,0.003113602,0,1.0,False,0
2.076685,-0.20045325,-0.0021021483,0.29511285,1,1.0,False,0
2.072676,-0.005301387,0.0038001086,0.0017676725,1,1.0,False,0
2.0725698,0.18976586,0.003835462,-0.28971386,0,1.0,False,0
2.0763652,-0.005410573,-0.0019588151,0.004176263,0,1.0,False,0
2.076257,-0.20050438,-0.0018752898,0.2962405,1,1.0,False,0
2.0722468,-0.0053557428,0.0040495205,0.0029667446,1,1.0,False,0
2.0721397,0.1897079,0.0041088555,-0.28843576,0,1.0,False,0
2.075934,-0.005472404,-0.0016598599,0.0055402196,0,1.0,False,0
2.0758245,-0.20057051,-0.0015490556,0.29769897,1,1.0,False,0
2.071813,-0.005426512,0.004404924,0.0045279097,1,1.0,False,0
2.0717046,0.18963198,0.0044954824,-0.28676197,0,1.0,False,0
2.0754972,-0.005553783,-0.0012397569,0.0073354067,0,1.0,False,0
2.075386,-0.20065793,-0.0010930488,0.29962692,1,1.0,False,0
2.071373,-0.0055204183,0.0048994897,0.006599465,1,1.0,False,0
2.0712626,0.18953092,0.0050314786,-0.2845336,0,1.0,False,0
2.0750532,-0.0056624236,-0.0006591931,0.009731972,0,1.0,False,0
2.07494,-0.20077491,-0.00046455368,0.30220684,1,1.0,False,0
2.0709243,-0.005646346,0.0055795833,0.009377441,1,1.0,False,0
2.0708115,0.18939514,0.005767132,-0.28153986,0,1.0,False,0
2.0745993,-0.0058085937,0.00013633499,0.012956413,1,1.0,False,0
2.0744832,0.1893114,0.00039546326,-0.2796835,0,1.0,False,0
2.0782695,-0.005816188,-0.0051982068,0.013124134,0,1.0,False,0
2.0781531,-0.20086321,-0.0049357237,0.30416244,1,1.0,False,0
2.0741358,-0.005671264,0.0011475249,0.009926999,1,1.0,False,0
2.0740225,0.18943422,0.0013460648,-0.28239366,0,1.0,False,0
2.077811,-0.005706914,-0.0043018083,0.010713516,0,1.0,False,0
2.077697,-0.2007669,-0.004087538,0.30203608,1,1.0,False,0
2.0736816,-0.0055869385,0.0019531837,0.008066831,1,1.0,False,0
2.0735698,0.18950695,0.0021145202,-0.2839992,0,1.0,False,0
2.07736,-0.005645099,-0.0035654637,0.00934988,0,1.0,False,0
2.0772471,-0.20071574,-0.0033784662,0.30090573,1,1.0,False,0
2.073233,-0.005545794,0.0026396485,0.0071592224,1,1.0,False,0
2.0731218,0.1895382,0.0027828328,-0.2846897,0,1.0,False,0
2.0769126,-0.005623329,-0.002910961,0.008869617,0,1.0,False,0
2.0768,-0.20070341,-0.0027335687,0.3006327,1,1.0,False,0
2.072786,-0.0055426056,0.003279085,0.007088897,1,1.0,False,0
2.0726752,0.18953216,0.0034208628,-0.28455764,0,1.0,False,0
2.0764658,-0.005638408,-0.00227029,0.009202242,0,1.0,False,0
2.076353,-0.20072773,-0.002086245,0.301168,1,1.0,False,0
2.0723386,-0.005576102,0.003937115,0.007827846,1,1.0,False,0
2.072227,0.18948917,0.0040936717,-0.28361028,0,1.0,False,0
2.076017,-0.0056909346,-0.0015785337,0.010360954,0,1.0,False,0
2.075903,-0.20079021,-0.0013713145,0.30254543,1,1.0,False,0
2.0718873,-0.0056487434,0.0046795937,0.009430323,1,1.0,False,0
2.0717742,0.18940578,0.0048682,-0.28177246,0,1.0,False,0
2.0755625,-0.0057852673,-0.00076724915,0.012441884,1,1.0,False,0
2.0754466,0.18934768,-0.0005184115,-0.280483,0,1.0,False,0
2.0792336,-0.0057668737,-0.006128072,0.012036355,0,1.0,False,0
2.0791183,-0.2008004,-0.005887345,0.30277953,1,1.0,False,0
2.0751023,-0.0055950456,0.0001682456,0.008245684,1,1.0,False,0
2.0749903,0.18952449,0.0003331593,-0.28438416,0,1.0,False,0
2.078781,-0.005602209,-0.0053545237,0.00840383,0,1.0,False,0
2.0786688,-0.20064697,-0.0051864474,0.29939255,1,1.0,False,0
2.0746558,-0.005451468,0.0008014036,0.0050784308,1,1.0,False,0
2.0745468,0.18965898,0.00090297224,-0.28735155,0,1.0,False,0
2.07834,-0.005475836,-0.0048440583,0.005616044,0,1.0,False,0
2.0782306,-0.20052798,-0.0047317375,0.2967667,1,1.0,False,0
2.07422,-0.0053388984,0.0012035961,0.0025952097,1,1.0,False,0
2.0741131,0.18976577,0.0012555002,-0.28970772,0,1.0,False,0
2.0779085,-0.005374061,-0.0045386543,0.0033709088,0,1.0,False,0
2.077801,-0.20043063,-0.004471236,0.2946184,1,1.0,False,0
2.0737925,-0.005245218,0.0014211317,0.00052865845,1,1.0,False,0
2.0736876,0.18985632,0.0014317048,-0.29170555,0,1.0,False,0
2.0774846,-0.0052860123,-0.004402406,0.0014285794,0,1.0,False,0
2.077379,-0.20034455,-0.0043738345,0.29271924,1,1.0,False,0
2.073372,-0.005160512,0.0014805505,-0.0013399123,0,1.0,False,0
2.073269,-0.20030366,0.0014537523,0.29180977,1,1.0,False,0
2.0692627,-0.005202472,0.007289948,-0.00041429888,1,1.0,False,0
2.0691586,0.18981418,0.007281662,-0.29078826,0,1.0,False,0
2.072955,-0.0054108435,0.0014658964,0.0041822824,1,1.0,False,0
2.0728467,0.18969005,0.0015495421,-0.28803778,0,1.0,False,0
2.0766406,-0.00545396,-0.0042112134,0.005133459,0,1.0,False,0
2.0765314,-0.20051527,-0.0041085444,0.29648474,1,1.0,False,0
2.0725212,-0.0053349845,0.0018211502,0.00250887,1,1.0,False,0
2.0724144,0.1897608,0.0018713276,-0.2895989,0,1.0,False,0
2.0762098,-0.005387784,-0.0039206506,0.0036736303,0,1.0,False,0
2.076102,-0.20045328,-0.0038471778,0.29511696,1,1.0,False,0
2.0720928,-0.005276702,0.0020551616,0.0012231893,1,1.0,False,0
2.0719874,0.18981571,0.0020796254,-0.2908106,0,1.0,False,0
2.0757837,-0.005335828,-0.0037365868,0.0025274893,0,1.0,False,0
2.075677,-0.20040399,-0.003686037,0.29402915,1,1.0,True,0
0.015229926,-0.045622468,-0.047997043,0.033921257,0,1.0,False,1
0.014317477,-0.24002443,-0.047318615,0.3110827,0,1.0,False,1
0.009516988,-0.43444142,-0.041096963,0.5884752,0,1.0,False,1
0.00082815974,-0.6289645,-0.029327458,0.8679344,0,1.0,False,1
-0.01175113,-0.8236754,-0.01196877,1.151254,1,1.0,False,1
-0.028224638,-0.6283993,0.011056312,0.85484225,1,1.0,False,1
-0.040792625,-0.4334298,0.028153157,0.5656563,0,1.0,False,1
-0.04946122,-0.62893516,0.039466284,0.8670741,1,1.0,False,1
-0.062039923,-0.43437186,0.056807764,0.58705646,1,1.0,False,1
-0.07072736,-0.2400896,0.068548895,0.31279567,0,1.0,False,1
-0.07552915,-0.43611774,0.074804805,0.6262849,1,1.0,False,1
-0.08425151,-0.24211527,0.087330505,0.35806715,1,1.0,False,1
-0.08909381,-0.048336368,0.09449185,0.09414902,0,1.0,False,1
-0.09006054,-0.24467671,0.09637483,0.415085,1,1.0,False,1
-0.09495407,-0.051043388,0.10467653,0.1542732,1,1.0,False,1
-0.095974945,0.14243616,0.107761994,-0.10363886,0,1.0,False,1
-0.09312622,-0.054051876,0.10568921,0.22100429,1,1.0,False,1
-0.09420726,0.13941309,0.1101093,-0.036559068,1,1.0,False,1
-0.091419,0.3327979,0.10937812,-0.2925729,0,1.0,False,1
-0.084763035,0.13630025,0.10352667,0.032505363,1,1.0,False,1
-0.08203703,0.32979697,0.10417677,-0.22580321,0,1.0,False,1
-0.07544109,0.13335237,0.09966071,0.09783876,1,1.0,False,1
-0.072774045,0.3269152,0.10161748,-0.16181304,0,1.0,False,1
-0.06623574,0.13049641,0.09838122,0.16111943,1,1.0,False,1
-0.06362581,0.32408234,0.10160361,-0.09897789,1,1.0,False,1
-0.057144165,0.51761246,0.09962405,-0.35795584,0,1.0,False,1
-0.04679192,0.32122576,0.09246493,-0.0355954,1,1.0,False,1
-0.040367402,0.51490843,0.09175303,-0.2977324,0,1.0,False,1
-0.030069232,0.31860653,0.085798375,0.022419484,1,1.0,False,1
-0.023697102,0.5123999,0.086246766,-0.24200758,0,1.0,False,1
-0.013449104,0.31615868,0.081406616,0.076585315,1,1.0,False,1
-0.00712593,0.51002496,0.08293832,-0.18934394,1,1.0,False,1
0.0030745692,0.70386845,0.079151444,-0.4547538,0,1.0,False,1
0.017151939,0.5077218,0.07005637,-0.13820869,0,1.0,False,1
0.027306374,0.31166998,0.06729219,0.17572737,1,1.0,False,1
0.033539772,0.5057676,0.07080674,-0.094991125,1,1.0,False,1
0.043655124,0.699807,0.06890692,-0.36452115,0,1.0,False,1
0.057651266,0.5037769,0.061616495,-0.05093117,1,1.0,False,1
0.067726806,0.69796365,0.060597874,-0.3235548,0,1.0,False,1
0.08168608,0.50203353,0.054126777,-0.012394196,1,1.0,False,1
0.09172675,0.6963392,0.053878892,-0.28752026,0,1.0,False,1
0.10565353,0.5004919,0.048128486,0.021657059,1,1.0,False,1
0.11566337,0.6948918,0.04856163,-0.2554608,0,1.0,False,1
0.1295612,0.49911132,0.043452412,0.05213519,1,1.0,False,1
0.13954343,0.69358414,0.044495117,-0.22652772,0,1.0,False,1
0.15341511,0.49785548,0.03996456,0.07985196,1,1.0,False,1
0.16337222,0.69238245,0.0415616,-0.19995901,0,1.0,False,1
0.17721987,0.49669147,0.037562422,0.10553957,1,1.0,False,1
0.1871537,0.69125557,0.039673213,-0.17505994,0,1.0,False,1
0.20097882,0.49558893,0.036172014,0.1298699,1,1.0,False,1
0.21089059,0.6901745,0.038769413,-0.15118535,0,1.0,False,1
0.22469409,0.4945195,0.035745706,0.15347202,1,1.0,False,1
0.23458447,0.6891119,0.038815144,-0.12772308,1,1.0,False,1
0.24836671,0.8836569,0.036260683,-0.40791205,0,1.0,False,1
0.26603985,0.6880401,0.028102443,-0.10402137,0,1.0,False,1
0.27980065,0.49252692,0.026022015,0.19739363,1,1.0,False,1
0.2896512,0.6872672,0.029969888,-0.086968265,0,1.0,False,1
0.30339652,0.49172872,0.028230522,0.2150175,1,1.0,False,1
0.3132311,0.68643594,0.032530874,-0.06862829,0,1.0,False,1
0.32695982,0.49086308,0.031158308,0.2341382,1,1.0,False,1
0.3367771,0.6855263,0.03584107,-0.048555847,0,1.0,False,1
0.35048762,0.48990923,0.034869954,0.25521633,1,1.0,False,1
0.3602858,0.68451643,0.03997428,-0.026267305,1,1.0,False,1
0.37397614,0.879043,0.039448936,-0.30607474,0,1.0,False,1
0.39155698,0.68338174,0.033327438,-0.0012162356,1,1.0,False,1
0.40522462,0.8780103,0.033303116,-0.28320044,0,1.0,False,1
0.42278484,0.68242955,0.027639106,0.019797288,1,1.0,False,1
0.4364334,0.87714446,0.028035052,-0.26403865,0,1.0,False,1
0.4539763,0.6816338,0.022754278,0.037353326,1,1.0,False,1
0.467609,0.87642217,0.023501344,-0.24806443,0,1.0,False,1
0.48513743,0.6809726,0.018540056,0.05193771,1,1.0,False,1
0.4987569,0.87582386,0.01957881,-0.2348385,0,1.0,False,1
0.5162734,0.68042773,0.01488204,0.06395533,1,1.0,False,1
0.5298819,0.8753332,0.016161148,-0.22399531,0,1.0,False,1
0.54738855,0.67998403,0.011681241,0.07374133,1,1.0,False,1
0.56098825,0.8749366,0.013156068,-0.21523334,0,1.0,False,1
0.578487,0.679629,0.008851401,0.08157038,1,1.0,False,1
0.5920796,0.874623,0.010482809,-0.20830682,0,1.0,False,1
0.60957205,0.6793527,0.0063166716,0.08766438,1,1.0,False,1
0.62315905,0.87438357,0.0080699595,-0.20301896,0,1.0,False,1
0.64064676,0.6791471,0.0040095802,0.092198685,1,1.0,False,1
0.6542297,0.8742114,0.005853554,-0.19921653,0,1.0,False,1
0.67171395,0.6790062,0.0018692235,0.095307164,1,1.0,False,1
0.68529403,0.87410134,0.0037753668,-0.19678544,0,1.0,False,1
0.7027761,0.6789256,-0.00016034191,0.09708606,1,1.0,False,1
0.7163546,0.87404984,0.0017813792,-0.19564745,0,1.0,False,1
0.7338356,0.67890245,-0.00213157,0.097596884,1,1.0,False,1
0.74741364,0.87405485,-0.00017963219,-0.19575779,0,1.0,False,1
0.7648947,0.67893547,-0.004094788,0.09686847,1,1.0,False,1
0.77847344,0.8741159,-0.0021574185,-0.19710353,0,1.0,False,1
0.7959558,0.6790249,-0.006099489,0.09489804,1,1.0,False,1
0.8095363,0.8742337,-0.0042015286,-0.19970301,0,1.0,False,1
0.82702094,0.6791721,-0.008195588,0.091651574,1,1.0,False,1
0.84060436,0.87441057,-0.006362557,-0.20360576,0,1.0,False,1
0.8580926,0.6793802,-0.010434672,0.08706333,1,1.0,False,1
0.8716802,0.8746501,-0.008693405,-0.2088934,0,1.0,False,1
0.8891732,0.6796535,-0.012871274,0.08103458,1,1.0,False,1
0.9027662,0.8749576,-0.0112505825,-0.21568131,0,1.0,False,1
0.92026544,0.6799983,-0.015564209,0.07343155,1,1.0,False,1
0.93386537,0.87533987,-0.014095577,-0.22412103,0,1.0,False,1
0.95137215,0.6804222,-0.018577999,0.06408249,1,1.0,False,1
0.9649806,0.8758055,-0.017296348,-0.23440352,0,1.0,False,1
0.98249674,0.6809349,-0.021984419,0.05277379,1,1.0,False,1
0.99611545,0.87636507,-0.020928944,-0.24676353,0,1.0,False,1
1.0136427,0.6815482,-0.025864214,0.039245147,1,1.0,False,1
1.0272737,0.8770313,-0.02507931,-0.26148468,0,1.0,False,1
1.0448143,0.6822762,-0.030309005,0.02318362,0,1.0,False,1
1.0584599,0.4876017,-0.02984533,0.30615175,1,1.0,False,1
1.0682119,0.6831359,-0.023722297,0.004207749,0,1.0,False,1
1.0818746,0.4883621,-0.023638142,0.28931263,1,1.0,False,1
1.0916418,0.68381304,-0.01785189,-0.010730811,1,1.0,False,1
1.1053181,0.8791864,-0.018066507,-0.30899233,0,1.0,False,1
1.1229018,0.6843264,-0.024246352,-0.022061393,0,1.0,False,1
1.1365883,0.48956046,-0.02468758,0.262874,1,1.0,False,1
1.1463796,0.68502593,-0.0194301,-0.037492294,0,1.0,False,1
1.1600801,0.4901879,-0.020179946,0.24899746,1,1.0,False,1
1.1698838,0.6855922,-0.015199997,-0.049981717,0,1.0,False,1
1.1835957,0.49069142,-0.016199632,0.23786698,1,1.0,False,1
1.1934096,0.686041,-0.011442292,-0.059881434,1,1.0,False,1
1.2071303,0.8813251,-0.01263992,-0.35615242,0,1.0,False,1
1.2247568,0.68638515,-0.019762969,-0.06748183,0,1.0,False,1
1.2384845,0.49155203,-0.021112606,0.21890083,1,1.0,False,1
1.2483156,0.68696934,-0.016734589,-0.08036641,0,1.0,False,1
1.2620549,0.4920912,-0.018341918,0.20699008,1,1.0,False,1
1.2718968,0.68747056,-0.014202115,-0.091421895,0,1.0,False,1
1.2856462,0.49255505,-0.016030554,0.19674665,1,1.0,False,1
1.2954973,0.68790257,-0.01209562,-0.10094979,0,1.0,False,1
1.3092554,0.49295604,-0.0141146155,0.1878926,1,1.0,False,1
1.3191144,0.68827707,-0.010356763,-0.1092093,0,1.0,False,1
1.33288,0.49330503,-0.0125409495,0.18018821,1,1.0,False,1
1.3427461,0.6886042,-0.008937186,-0.11642441,1,1.0,False,1
1.3565181,0.883853,-0.011265674,-0.41191348,0,1.0,False,1
1.3741952,0.6888926,-0.019503944,-0.12280341,0,1.0,False,1
1.3879731,0.49405542,-0.021960013,0.16366296,1,1.0,False,1
1.3978542,0.6894847,-0.018686753,-0.13586606,0,1.0,False,1
1.4116439,0.49463537,-0.021404075,0.1508634,1,1.0,False,1
1.4215366,0.69005716,-0.018386805,-0.14849448,0,1.0,False,1
1.4353378,0.49520326,-0.021356696,0.13833153,1,1.0,False,1
1.4452418,0.6906245,-0.018590065,-0.16101184,0,1.0,False,1
1.4590544,0.49577355,-0.021810303,0.12574892,1,1.0,False,1
1.4689698,0.69120103,-0.019295324,-0.17373435,0,1.0,False,1
1.4827938,0.49636048,-0.02277001,0.11279961,1,1.0,False,1
1.492721,0.6918012,-0.020514019,-0.18697925,0,1.0,False,1
1.506557,0.49697864,-0.024253603,0.09916237,1,1.0,False,1
1.5164967,0.6924397,-0.022270355,-0.20107277,0,1.0,False,1
1.5303454,0.49764317,-0.026291812,0.08450255,1,1.0,False,1
1.5402982,0.6931319,-0.024601761,-0.21635817,0,1.0,False,1
1.554161,0.49837017,-0.028928924,0.06846389,1,1.0,False,1
1.5641283,0.6938947,-0.027559645,-0.23320407,0,1.0,False,1
1.5780063,0.49917713,-0.032223728,0.05065984,1,1.0,False,1
1.5879898,0.69474596,-0.03121053,-0.25201327,0,1.0,False,1
1.6018847,0.50008327,-0.036250796,0.030664185,1,1.0,False,1
1.6118864,0.69570583,-0.035637513,-0.27323225,0,1.0,False,1
1.6258005,0.50111,-0.041102156,0.008000907,0,1.0,False,1
1.6358227,0.3066009,-0.04094214,0.28743753,1,1.0,False,1
1.6419547,0.5022821,-0.035193387,-0.017871879,1,1.0,False,1
1.6520003,0.6978906,-0.035550825,-0.3214477,0,1.0,False,1
1.6659582,0.50329244,-0.04197978,-0.040184695,0,1.0,False,1
1.676024,0.30879685,-0.042783473,0.23896325,1,1.0,False,1
1.6822,0.5045031,-0.03800421,-0.06690193,0,1.0,False,1
1.69229,0.309946,-0.039342247,0.21355239,1,1.0,False,1
1.698489,0.5056077,-0.035071198,-0.0912767,0,1.0,False,1
1.708601,0.31100553,-0.03689673,0.19013824,1,1.0,False,1
1.7148211,0.50663537,-0.03309397,-0.11395199,0,1.0,False,1
1.7249539,0.31200287,-0.03537301,0.16810907,1,1.0,False,1
1.7311939,0.5076128,-0.032010827,-0.1355198,0,1.0,False,1
1.7413461,0.31296366,-0.03472122,0.14689478,1,1.0,False,1
1.7476054,0.5085652,-0.031783327,-0.15653665,0,1.0,False,1
1.7577767,0.31391236,-0.03491406,0.12595238,1,1.0,False,1
1.764055,0.50951666,-0.032395013,-0.17753787,0,1.0,False,1
1.7742454,0.31487292,-0.03594577,0.10475208,0,1.0,False,1
1.7805429,0.120284036,-0.03385073,0.38588107,1,1.0,False,1
1.7829485,0.31586978,-0.026133107,0.08272031,1,1.0,False,1
1.7892659,0.5113564,-0.024478702,-0.21809177,0,1.0,False,1
1.799493,0.31659278,-0.028840536,0.06677014,1,1.0,False,1
1.8058249,0.5121161,-0.027505133,-0.23487082,0,1.0,False,1
1.8160672,0.31739768,-0.03220255,0.049010802,0,1.0,False,1
1.8224151,0.12275195,-0.031222334,0.33136213,1,1.0,False,1
1.8248701,0.3183041,-0.024595091,0.028999008,1,1.0,False,1
1.8312362,0.51377,-0.024015112,-0.27134135,0,1.0,False,1
1.8415116,0.31899878,-0.029441938,0.013671415,0,1.0,False,1
1.8478916,0.12431117,-0.02916851,0.2969216,1,1.0,False,1
1.8503778,0.31983653,-0.023230078,-0.004816007,0,1.0,False,1
1.8567746,0.1250553,-0.023326399,0.280448,1,1.0,False,1
1.8592757,0.3205021,-0.017717438,-0.019499797,0,1.0,False,1
1.8656857,0.12563865,-0.018107435,0.26754084,1,1.0,False,1
1.8681985,0.32101429,-0.012756618,-0.030797862,1,1.0,False,1
1.8746188,0.51631683,-0.013372575,-0.32747817,0,1.0,False,1
1.8849452,0.32138777,-0.01992214,-0.039042186,0,1.0,False,1
1.8913729,0.1265571,-0.020702982,0.24728912,1,1.0,False,1
1.893904,0.3219685,-0.0157572,-0.05185142,0,1.0,False,1
1.9003434,0.127076,-0.016794229,0.23581862,1,1.0,False,1
1.902885,0.32243383,-0.012077856,-0.06211405,0,1.0,False,1
1.9093336,0.1274871,-0.013320137,0.2267339,1,1.0,False,1
1.9118834,0.32279685,-0.008785459,-0.07012075,1,1.0,False,1
1.9183393,0.51804364,-0.010187874,-0.36556253,0,1.0,False,1
1.9287001,0.32306796,-0.017499125,-0.07610934,0,1.0,False,1
1.9351615,0.12820119,-0.019021312,0.21100157,1,1.0,False,1
1.9377255,0.32358986,-0.01480128,-0.08762035,0,1.0,False,1
1.9441973,0.12868316,-0.016553687,0.20035626,1,1.0,False,1
1.946771,0.3240379,-0.012546562,-0.09750228,0,1.0,False,1
1.9532517,0.129098,-0.014496608,0.19119596,1,1.0,False,1
1.9558337,0.3244243,-0.010672688,-0.106024556,0,1.0,False,1
1.9623222,0.12945692,-0.012793179,0.18327217,1,1.0,False,1
1.9649113,0.32475957,-0.009127735,-0.11341892,0,1.0,False,1
1.9714065,0.12976958,-0.011396114,0.17637035,1,1.0,False,1
1.9740019,0.32505277,-0.007868707,-0.11988577,0,1.0,False,1
1.980503,0.13004442,-0.010266422,0.1703043,1,1.0,False,1
1.9831039,0.3253118,-0.0068603368,-0.12559961,0,1.0,False,1
1.9896101,0.1302888,-0.009372328,0.16491108,1,1.0,False,1
1.9922159,0.32554364,-0.0060741073,-0.13071376,0,1.0,False,1
1.9987267,0.13050924,-0.008688383,0.1600467,1,1.0,False,1
2.0013368,0.3257545,-0.0054874485,-0.13536449,0,1.0,False,1
2.007852,0.13071157,-0.008194738,0.15558219,1,1.0,False,1
2.0104663,0.32594988,-0.0050830944,-0.13967468,0,1.0,False,1
2.0169852,0.1309011,-0.007876588,0.1514003,1,1.0,False,1
2.0196033,0.32613495,-0.004848582,-0.14375709,1,1.0,False,1
2.026126,0.521326,-0.007723724,-0.4379657,0,1.0,False,1
2.0365524,0.3263142,-0.016483039,-0.1477275,0,1.0,False,1
2.0430787,0.13143215,-0.019437589,0.13971011,1,1.0,False,1
2.0457075,0.32682702,-0.016643386,-0.15904112,0,1.0,False,1
2.052244,0.13194725,-0.019824209,0.1283451,1,1.0,False,1
2.054883,0.3273475,-0.017257307,-0.17052561,0,1.0,False,1
2.0614297,0.13247675,-0.02066782,0.11666359,1,1.0,False,1
2.0640793,0.32788864,-0.018334547,-0.18246755,0,1.0,False,1
2.0706372,0.13303377,-0.021983897,0.10437558,1,1.0,False,1
2.0732977,0.32846376,-0.019896386,-0.19516131,0,1.0,False,1
2.0798671,0.13363197,-0.023799613,0.091179356,1,1.0,False,1
2.0825398,0.32908684,-0.021976026,-0.20891632,0,1.0,False,1
2.0891216,0.1342859,-0.026154352,0.0767541,1,1.0,False,1
2.0918071,0.32977283,-0.02461927,-0.22406453,0,1.0,False,1
2.0984027,0.13501124,-0.02910056,0.060751993,1,1.0,False,1
2.1011028,0.3305381,-0.02788552,-0.24096845,0,1.0,False,1
2.1077137,0.13582535,-0.03270489,0.04278983,0,1.0,False,1
2.1104302,-0.058812734,-0.031849094,0.3249773,1,1.0,False,1
2.109254,0.13674788,-0.025349546,0.022423096,0,1.0,False,1
2.1119888,-0.058001537,-0.024901085,0.30700138,1,1.0,False,1
2.1108289,0.13746624,-0.018761057,0.0065704826,1,1.0,False,1
2.113578,0.33285215,-0.018629648,-0.29197225,0,1.0,False,1
2.1202352,0.13800071,-0.024469092,-0.0052226023,0,1.0,False,1
2.1229951,-0.05676193,-0.024573544,0.2796407,1,1.0,False,1
2.12186,0.1387018,-0.01898073,-0.02069025,1,1.0,False,1
2.124634,0.33409074,-0.019394536,-0.31930086,0,1.0,False,1
2.1313157,0.1392503,-0.025780553,-0.032796804,0,1.0,False,1
2.134101,-0.055492654,-0.026436487,0.2516419,1,1.0,False,1
2.132991,0.13999663,-0.02140365,-0.04926099,0,1.0,False,1
2.1357908,-0.054811977,-0.02238887,0.2365928,1,1.0,False,1
2.1346946,0.14062257,-0.017657014,-0.063067324,0,1.0,False,1
2.1375072,-0.054241832,-0.01891836,0.22399282,1,1.0,False,1
2.1364222,0.14114533,-0.014438504,-0.07459714,0,1.0,False,1
2.1392453,-0.053766686,-0.015930448,0.21349563,1,1.0,False,1
2.1381698,0.14157936,-0.011660534,-0.084169604,1,1.0,False,1
2.1410015,0.3368665,-0.0133439265,-0.3805085,0,1.0,False,1
2.1477387,0.14193656,-0.020954097,-0.09206263,0,1.0,False,1
2.1505775,-0.052878894,-0.02279535,0.19393633,1,1.0,False,1
2.14952,0.1425616,-0.018916624,-0.1058495,0,1.0,False,1
2.1523712,-0.052284233,-0.021033613,0.1808058,1,1.0,False,1
2.1513255,0.14313228,-0.017417496,-0.118437566,0,1.0,False,1
2.1541882,-0.051735837,-0.019786248,0.1686998,1,1.0,False,1
2.1531534,0.14366366,-0.016412253,-0.13015886,0,1.0,False,1
2.1560266,-0.05121939,-0.01901543,0.15730137,1,1.0,False,1
2.1550024,0.14416958,-0.015869401,-0.14131929,0,1.0,False,1
2.1578856,-0.05072154,-0.018695788,0.14631516,1,1.0,False,1
2.1568713,0.14466308,-0.015769485,-0.15220681,0,1.0,False,1
2.1597645,-0.050229553,-0.018813621,0.13545978,1,1.0,False,1
2.1587598,0.14515676,-0.016104424,-0.1630987,0,1.0,False,1
2.161663,-0.049730998,-0.019366398,0.124460526,1,1.0,False,1
2.1606684,0.14566298,-0.01687719,-0.17426883,0,1.0,False,1
2.1635816,-0.04921342,-0.020362565,0.11304247,1,1.0,False,1
2.1625974,0.1461943,-0.018101716,-0.18599452,0,1.0,False,1
2.1655214,-0.048664045,-0.021821607,0.100923486,1,1.0,False,1
2.164548,0.14676374,-0.019803137,-0.19856343,0,1.0,False,1
2.1674833,-0.048069455,-0.023774406,0.087807305,1,1.0,False,1
2.1665218,0.14738506,-0.02201826,-0.21228063,0,1.0,False,1
2.1694696,-0.04741527,-0.026263872,0.07337619,0,1.0,False,1
2.1685214,-0.24215105,-0.024796348,0.35765842,1,1.0,False,1
2.1636782,-0.04668551,-0.01764318,0.05726088,1,1.0,False,1
2.1627445,0.14868492,-0.016497962,-0.24093597,0,1.0,False,1
2.1657183,-0.04619753,-0.021316681,0.046497732,0,1.0,False,1
2.1647942,-0.24100743,-0.020386726,0.33237955,1,1.0,False,1
2.159974,-0.045601323,-0.013739135,0.03333803,1,1.0,False,1
2.1590621,0.14971493,-0.013072374,-0.26364788,0,1.0,False,1
2.1620564,-0.045218017,-0.018345332,0.024883388,0,1.0,False,1
2.1611521,-0.24007215,-0.017847665,0.31172216,1,1.0,False,1
2.1563506,-0.044700526,-0.011613221,0.013464486,1,1.0,False,1
2.1554565,0.15058602,-0.011343931,-0.2828598,0,1.0,False,1
2.1584682,-0.044372294,-0.017001128,0.006223822,0,1.0,False,1
2.1575809,-0.23924635,-0.016876651,0.29349458,1,1.0,False,1
2.152796,-0.043887902,-0.0110067595,-0.004462874,0,1.0,False,1
2.1519182,-0.23885028,-0.0110960165,0.28472707,1,1.0,False,1
2.1471412,-0.04357185,-0.005401476,-0.011434718,1,1.0,False,1
2.1462698,0.15162715,-0.00563017,-0.30581698,0,1.0,False,1
2.1493022,-0.04341412,-0.011746509,-0.014914962,0,1.0,False,1
2.148434,-0.23836567,-0.012044809,0.2740388,1,1.0,False,1
2.1436667,-0.04307394,-0.006564033,-0.02241864,0,1.0,False,1
2.1428053,-0.23810114,-0.007012406,0.26818606,1,1.0,False,1
2.1380432,-0.042879824,-0.0016486848,-0.02670036,1,1.0,False,1
2.1371856,0.15226573,-0.002182692,-0.31990302,0,1.0,False,1
2.140231,-0.042825066,-0.008580753,-0.027909221,0,1.0,False,1
2.1393745,-0.23782292,-0.009138937,0.2620541,1,1.0,False,1
2.134618,-0.042571716,-0.003897855,-0.033497307,0,1.0,False,1
2.1337667,-0.23763755,-0.004567801,0.25795326,1,1.0,False,1
2.1290138,-0.04245069,0.00059126405,-0.03616691,0,1.0,False,1
2.1281648,-0.23758112,-0.00013207414,0.2567025,1,1.0,False,1
2.123413,-0.042457275,0.005001976,-0.036022075,1,1.0,False,1
2.122564,0.15259258,0.0042815343,-0.32712263,0,1.0,False,1
2.1256158,-0.042590056,-0.0022609183,-0.033092584,0,1.0,False,1
2.124764,-0.23767951,-0.0029227699,0.25887614,1,1.0,False,1
2.1200104,-0.042515956,0.002254753,-0.034727234,0,1.0,False,1
2.1191602,-0.23767017,0.0015602082,0.25866625,1,1.0,False,1
2.1144068,-0.042570528,0.006733533,-0.03352417,1,1.0,False,1
2.1135554,0.15245421,0.0060630497,-0.324075,0,1.0,False,1
2.1166043,-0.042753536,-0.0004184507,-0.029486235,0,1.0,False,1
2.1157494,-0.23786949,-0.0010081754,0.26306462,1,1.0,False,1
2.110992,-0.042733155,0.0042531174,-0.02993611,1,1.0,False,1
2.1101372,0.15232754,0.003654395,-0.3212741,0,1.0,False,1
2.1131837,-0.042846255,-0.002771087,-0.027440965,0,1.0,False,1
2.1123269,-0.23792836,-0.0033199063,0.26436636,1,1.0,False,1
2.1075683,-0.04275918,0.001967421,-0.02936184,0,1.0,False,1
2.106713,-0.23790929,0.0013801842,0.26394117,1,1.0,False,1
2.101955,-0.042807065,0.0066590076,-0.028306104,1,1.0,False,1
2.1010988,0.15221876,0.0060928855,-0.31888062,0,1.0,False,1
2.1041431,-0.042989433,-0.0002847268,-0.024282468,0,1.0,False,1
2.1032834,-0.2381073,-0.0007703762,0.2683106,1,1.0,False,1
2.0985212,-0.042974364,0.004595836,-0.0246152,0,1.0,False,1
2.0976617,-0.23816192,0.004103532,0.2695142,1,1.0,False,1
2.0928986,-0.04309877,0.009493817,-0.021871615,1,1.0,False,1
2.0920365,0.15188575,0.009056384,-0.3115441,0,1.0,False,1
2.0950744,-0.043364044,0.0028255025,-0.016018853,0,1.0,False,1
2.094207,-0.2385264,0.0025051255,0.2775542,1,1.0,False,1
2.0894365,-0.04344028,0.008056209,-0.014337547,1,1.0,False,1
2.0885677,0.15156521,0.0077694585,-0.3044678,0,1.0,False,1
2.091599,-0.043666594,0.0016801028,-0.009344726,0,1.0,False,1
2.0907257,-0.2388126,0.0014932082,0.2838678,1,1.0,False,1
2.0859494,-0.043711975,0.0071705645,-0.008343784,1,1.0,False,1
2.0850751,0.1513064,0.0070036887,-0.2987557,0,1.0,False,1
2.0881014,-0.043914672,0.0010285747,-0.0038722071,0,1.0,False,1
2.087223,-0.23905136,0.0009511305,0.28913507,1,1.0,False,1
2.082442,-0.043942984,0.006733832,-0.0032477283,1,1.0,False,1
2.0815632,0.15108176,0.0066688773,-0.29379848,0,1.0,False,1
2.0845847,-0.044134643,0.0007929081,0.000980248,0,1.0,False,1
2.083702,-0.23926796,0.000812513,0.29391325,1,1.0,False,1
2.0789168,-0.0441576,0.006690778,0.0014866804,1,1.0,False,1
2.0780334,0.15086776,0.0067205112,-0.28907773,0,1.0,False,1
2.0810509,-0.044349376,0.0009389567,0.0057171714,0,1.0,False,1
2.080164,-0.23948479,0.0010533001,0.2986962,1,1.0,False,1
2.0753741,-0.04437786,0.007027224,0.006345653,1,1.0,False,1
2.0744867,0.1506426,0.0071541374,-0.28411183,0,1.0,False,1
2.0774996,-0.044580642,0.0014719004,0.010818845,0,1.0,False,1
2.076608,-0.23972367,0.0016882773,0.3039658,1,1.0,False,1
2.0718133,-0.044625822,0.0077675935,0.011815804,1,1.0,False,1
2.070921,0.15038387,0.008003909,-0.27840626,0,1.0,False,1
2.0739286,-0.04485134,0.0024357843,0.016790297,0,1.0,False,1
2.0730317,-0.24000813,0.0027715901,0.31024075,1,1.0,False,1
2.0682313,-0.044925783,0.0089764055,0.018433187,1,1.0,False,1
2.067333,0.15006629,0.009345069,-0.27140412,0,1.0,False,1
2.0703342,-0.045187753,0.0039169863,0.024211574,1,1.0,False,1
2.0694304,0.1498778,0.004401218,-0.26723292,0,1.0,False,1
2.072428,-0.045306683,-0.00094344065,0.026834918,0,1.0,False,1
2.0715218,-0.2404151,-0.00040674227,0.31922004,1,1.0,False,1
2.0667136,-0.04528735,0.0059776586,0.02640886,1,1.0,False,1
2.0658078,0.14974837,0.0065058353,-0.26438206,0,1.0,False,1
2.0688028,-0.04546583,0.0012181941,0.03034574,0,1.0,False,1
2.0678935,-0.24060524,0.0018251089,0.32341278,1,1.0,False,1
2.0630813,-0.045509316,0.008293364,0.03130597,1,1.0,False,1
2.0621712,0.14949273,0.008919484,-0.25874883,0,1.0,False,1
2.065161,-0.045755416,0.0037445072,0.03673404,1,1.0,False,1
2.064246,0.14931265,0.004479188,-0.25476512,0,1.0,False,1
2.0672321,-0.04587298,-0.0006161141,0.03932726,0,1.0,False,1
2.0663147,-0.2409861,0.00017043106,0.33181572,1,1.0,False,1
2.061495,-0.045866564,0.0068067457,0.039186556,1,1.0,False,1
2.0605776,0.14915712,0.007590477,-0.25134102,0,1.0,False,1
2.0635607,-0.046072397,0.0025636563,0.04372639,1,1.0,False,1
2.0626395,0.1490127,0.003438184,-0.24814658,0,1.0,False,1
2.0656197,-0.046158183,-0.0015247476,0.04561884,0,1.0,False,1
2.0646966,-0.24125823,-0.0006123708,0.3378203,1,1.0,False,1
2.0598712,-0.046127576,0.006144035,0.044944335,1,1.0,False,1
2.0589488,0.14890574,0.007042922,-0.24579377,0,1.0,False,1
2.0619268,-0.046316095,0.0021270465,0.049102306,1,1.0,False,1
2.0610006,0.1487753,0.0031090926,-0.24290876,0,1.0,False,1
2.063976,-0.046390932,-0.0017490827,0.05075323,0,1.0,False,1
2.0630481,-0.24148776,-0.0007340181,0.3428838,1,1.0,False,1
2.0582185,-0.046355374,0.006123658,0.04996949,1,1.0,False,1
2.0572913,0.14867824,0.0071230475,-0.2407751,0,1.0,False,1
2.0602648,-0.046544738,0.0023075456,0.054146096,1,1.0,False,1
2.059334,0.14854406,0.0033904677,-0.23780788,0,1.0,False,1
2.062305,-0.046626173,-0.0013656901,0.05594256,1,1.0,False,1
2.0613723,0.14851533,-0.00024683896,-0.23717093,0,1.0,False,1
2.0643427,-0.04660309,-0.004990258,0.055434115,0,1.0,False,1
2.0634105,-0.24165313,-0.0038815753,0.34653842,1,1.0,False,1
2.0585775,-0.046476185,0.0030491927,0.052634012,1,1.0,False,1
2.057648,0.1486019,0.004101873,-0.23908532,0,1.0,False,1
2.06062,-0.046578396,-0.0006798332,0.054888636,1,1.0,False,1
2.0596886,0.1485533,0.00041793956,-0.23800871,0,1.0,False,1
2.0626595,-0.046574626,-0.0043422347,0.054806024,0,1.0,False,1
2.061728,-0.24163404,-0.0032461141,0.3461158,1,1.0,False,1
2.0568955,-0.04646607,0.0036762014,0.05241101,1,1.0,False,1
2.0559661,0.14860298,0.0047244215,-0.23910978,0,1.0,False,1
2.0589383,-0.04658615,-5.7773985e-05,0.055059608,1,1.0,False,1
2.0580065,0.14853664,0.0010434182,-0.23764154,0,1.0,False,1
2.0609772,-0.04660021,-0.0037094129,0.055370323,0,1.0,False,1
2.0600452,-0.24166878,-0.0026020063,0.34688058,1,1.0,False,1
2.0552118,-0.046509914,0.0043356055,0.0533783,1,1.0,False,1
2.0542815,0.1485496,0.0054031718,-0.23793356,0,1.0,False,1
2.0572526,-0.04664912,0.00064450037,0.056448776,1,1.0,False,1
2.0563195,0.14846358,0.0017734758,-0.23603074,0,1.0,False,1
2.059289,-0.04668366,-0.0029471389,0.05721107,0,1.0,False,1
2.058355,-0.24176323,-0.0018029176,0.3489627,1,1.0,False,1
2.05352,-0.046615683,0.0051763365,0.055711795,1,1.0,False,1
2.0525875,0.14843166,0.006290572,-0.23533347,0,1.0,False,1
2.0555563,-0.046779595,0.0015839029,0.05932704,1,1.0,False,1
2.0546207,0.14831962,0.0027704437,-0.23285574,0,1.0,False,1
2.0575871,-0.046841815,-0.0018866711,0.06069979,0,1.0,False,1
2.0566502,-0.24193667,-0.00067267526,0.35278687,1,1.0,False,1
2.0518115,-0.046805155,0.006383062,0.0598919,1,1.0,False,1
2.0508754,0.1482247,0.0075809,-0.23077032,0,1.0,False,1
2.05384,-0.047004756,0.0029654938,0.06429422,1,1.0,False,1
2.0528998,0.14807455,0.004251378,-0.22745161,0,1.0,False,1
2.0558612,-0.047107898,-0.0002976541,0.06656932,1,1.0,False,1
2.054919,0.14801832,0.0010337323,-0.2262075,0,1.0,False,1
2.0578794,-0.047118388,-0.0034904177,0.066801324,0,1.0,False,1
2.0569372,-0.24219012,-0.0021543913,0.35838097,1,1.0,False,1
2.0520933,-0.047037613,0.005013228,0.06501948,1,1.0,False,1
2.0511525,0.1480121,0.006313618,-0.22607753,0,1.0,False,1
2.0541127,-0.047199506,0.0017920672,0.06859024,1,1.0,False,1
2.0531688,0.1478967,0.0031638718,-0.22352675,0,1.0,False,1
2.0561268,-0.04727032,-0.0013066629,0.07015251,1,1.0,False,1
2.0551813,0.14787033,9.638734e-05,-0.22294238,0,1.0,False,1
2.0581388,-0.04725299,-0.00436246,0.06977094,0,1.0,False,1
2.0571938,-0.24231213,-0.0029670415,0.3610743,1,1.0,False,1
2.0523474,-0.047148127,0.0042544445,0.06745729,1,1.0,False,1
2.0514045,0.14791258,0.00560359,-0.2238803,0,1.0,False,1
2.0543628,-0.04728902,0.001125984,0.070564926,1,1.0,False,1
2.053417,0.14781678,0.0025372826,-0.22176254,0,1.0,False,1
2.0563734,-0.047341354,-0.0018979681,0.07171967,1,1.0,False,1
2.0554264,0.14780775,-0.0004635747,-0.22156146,0,1.0,False,1
2.0583825,-0.04730757,-0.004894804,0.07097519,0,1.0,False,1
2.0574365,-0.242359,-0.0034753003,0.36210978,1,1.0,False,1
2.0525892,-0.047187828,0.0037668953,0.068333045,1,1.0,False,1
2.0516455,0.14787991,0.005133556,-0.22315903,0,1.0,False,1
2.054603,-0.04731503,0.00067037554,0.07113879,1,1.0,False,1
2.0536568,0.1477973,0.0020931514,-0.22133255,0,1.0,False,1
2.0566127,-0.047354504,-0.0023334997,0.0720099,1,1.0,False,1
2.0556657,0.14780082,-0.0008933017,-0.22140834,0,1.0,False,1
2.0586216,-0.047308348,-0.0053214687,0.07099267,0,1.0,False,1
2.0576756,-0.2423536,-0.003901615,0.3619919,1,1.0,False,1
2.0528286,-0.047176417,0.003338223,0.06808128,1,1.0,False,1
2.051885,0.14789751,0.0046998486,-0.22354655,0,1.0,False,1
2.054843,-0.047291294,0.00022891758,0.07061518,1,1.0,False,1
2.0538971,0.14782737,0.0016412211,-0.22199552,0,1.0,False,1
2.0568535,-0.047317997,-0.0027986893,0.07120466,1,1.0,False,1
2.0559072,0.14784397,-0.0013745959,-0.22235994,0,1.0,False,1
2.058864,-0.04725831,-0.0058217947,0.06988906,0,1.0,False,1
2.057919,-0.24229631,-0.0044240137,0.36072952,1,1.0,False,1
2.053073,-0.047111757,0.0027905765,0.06665488,1,1.0,False,1
2.0521307,0.14797008,0.0041236742,-0.2251463,0,1.0,False,1
2.0550902,-0.04721057,-0.00037925152,0.06883454,1,1.0,False,1
2.054146,0.14791682,0.0009974393,-0.22396801,0,1.0,False,1
2.0571043,-0.047219377,-0.003481921,0.069029376,0,1.0,False,1
2.05616,-0.24229124,-0.0021013336,0.3606117,1,1.0,False,1
2.051314,-0.047139477,0.0051109004,0.067266926,1,1.0,False,1
2.0503714,0.14790882,0.0064562387,-0.22379911,0,1.0,False,1
2.0533295,-0.0473048,0.0019802565,0.070913345,1,1.0,False,1
2.0523834,0.1477887,0.0033985237,-0.22114414,0,1.0,False,1
2.055339,-0.04738166,-0.0010243593,0.07260888,1,1.0,False,1
2.0543916,0.14775497,0.0004278183,-0.22039707,0,1.0,False,1
2.0573466,-0.047373105,-0.003980123,0.07242078,0,1.0,False,1
2.056399,-0.24243777,-0.0025317073,0.36384532,1,1.0,False,1
2.0515504,-0.047279928,0.004745199,0.07036517,1,1.0,False,1
2.0506048,0.14777367,0.0061525023,-0.22081685,0,1.0,False,1
2.0535603,-0.04743568,0.0017361651,0.07380045,1,1.0,False,1
2.0526116,0.14766134,0.0032121742,-0.2183342,0,1.0,False,1
2.0555649,-0.04750638,-0.0011545097,0.075360246,1,1.0,False,1
2.0546148,0.1476321,0.0003526952,-0.21768671,0,1.0,False,1
2.0575674,-0.04749489,-0.004001039,0.075107455,1,1.0,False,1
2.0566175,0.14768419,-0.0024988898,-0.21883513,0,1.0,False,1
2.059571,-0.04740195,-0.0068755923,0.0730585,0,1.0,False,1
2.058623,-0.24242467,-0.0054144226,0.36356425,1,1.0,False,1
2.0537746,-0.047226176,0.0018568625,0.069178976,1,1.0,False,1
2.05283,0.14786911,0.003240442,-0.22291753,0,1.0,False,1
2.0557873,-0.047299013,-0.0012179086,0.070785806,1,1.0,False,1
2.0548415,0.14784038,0.0001978075,-0.22228113,0,1.0,False,1
2.0577981,-0.0472844,-0.0042478153,0.07046419,0,1.0,False,1
2.0568526,-0.2423452,-0.0028385315,0.3618039,1,1.0,False,1
2.0520058,-0.047183014,0.0043975464,0.06822726,1,1.0,False,1
2.051062,0.14787562,0.0057620914,-0.22306497,0,1.0,False,1
2.0540195,-0.047328215,0.001300792,0.07142995,1,1.0,False,1
2.053073,0.14777507,0.002729391,-0.22084229,0,1.0,False,1
2.0560284,-0.047385797,-0.0016874545,0.07270036,1,1.0,False,1
2.0550807,0.1477603,-0.00023344741,-0.22051449,0,1.0,False,1
2.0580359,-0.047358308,-0.0046437373,0.07209478,0,1.0,False,1
2.0570889,-0.24241337,-0.0032018416,0.363309,1,1.0,False,1
2.0522406,-0.047246065,0.0040643383,0.06961818,1,1.0,False,1
2.0512955,0.14781739,0.005456702,-0.22177966,0,1.0,False,1
2.054252,-0.04738214,0.0010211084,0.07261952,1,1.0,False,1
2.0533042,0.14772516,0.0024734987,-0.21974108,0,1.0,False,1
2.0562587,-0.04743206,-0.0019213227,0.07372107,1,1.0,False,1
2.0553102,0.14771739,-0.00044690113,-0.21956742,0,1.0,False,1
2.0582645,-0.04739818,-0.0048382496,0.0729745,0,1.0,False,1
2.0573165,-0.24245043,-0.0033787594,0.364127,1,1.0,True,1
-0.03774345,-0.024188692,-0.009422927,0.046918396,0,1.0,False,2
-0.038227223,-0.21917427,-0.008484559,0.33661348,0,1.0,False,2
-0.04261071,-0.41417447,-0.00175229,0.6266088,0,1.0,False,2
-0.050894197,-0.6092719,0.010779886,0.9187393,1,1.0,False,2
-0.06307963,-0.4142973,0.029154673,0.6294637,0,1.0,False,2
-0.07136558,-0.60981375,0.041743945,0.93118393,1,1.0,False,2
-0.08356185,-0.41527924,0.060367625,0.65190554,1,1.0,False,2
-0.09186744,-0.22104765,0.073405735,0.3788262,1,1.0,False,2
-0.0962884,-0.027040763,0.08098226,0.11016145,0,1.0,False,2
-0.09682921,-0.22322415,0.08318549,0.4272549,1,1.0,False,2
-0.10129369,-0.029372837,0.09173059,0.16191174,1,1.0,False,2
-0.10188115,0.16432434,0.09496882,-0.10048152,0,1.0,False,2
-0.098594666,-0.0320213,0.09295919,0.2205887,1,1.0,False,2
-0.09923509,0.16165744,0.09737097,-0.04138442,0,1.0,False,2
-0.09600194,-0.034716174,0.096543275,0.28036258,1,1.0,False,2
-0.096696265,0.15890555,0.10215053,0.019622104,1,1.0,False,2
-0.09351815,0.3524255,0.102542974,-0.23916456,0,1.0,False,2
-0.08646964,0.15599951,0.09775968,0.08402151,1,1.0,False,2
-0.08334965,0.3495941,0.09944011,-0.17628825,0,1.0,False,2
-0.076357774,0.15320003,0.09591434,0.14603475,1,1.0,False,2
-0.07329377,0.3468269,0.098835036,-0.11491502,1,1.0,False,2
-0.06635723,0.540404,0.09653674,-0.37485337,0,1.0,False,2
-0.055549152,0.34405285,0.08903967,-0.05336025,1,1.0,False,2
-0.048668094,0.53779274,0.08797247,-0.31667575,0,1.0,False,2
-0.037912242,0.34153506,0.081638955,0.0024028658,1,1.0,False,2
-0.031081539,0.53539705,0.08168701,-0.26344642,0,1.0,False,2
-0.020373598,0.3392099,0.07641808,0.05384232,1,1.0,False,2
-0.0135894,0.53315765,0.07749493,-0.21378525,0,1.0,False,2
-0.0029262467,0.33701825,0.073219225,0.10230163,1,1.0,False,2
0.0038141182,0.5310187,0.07526525,-0.16641209,1,1.0,False,2
0.014434491,0.72498703,0.07193701,-0.43443385,0,1.0,False,2
0.028934233,0.5289243,0.06324834,-0.119969144,0,1.0,False,2
0.03951272,0.33295587,0.06084895,0.19197837,1,1.0,False,2
0.046171837,0.52715695,0.06468852,-0.08090558,1,1.0,False,2
0.056714974,0.7212948,0.06307041,-0.35249814,0,1.0,False,2
0.07114087,0.5253354,0.056020446,-0.040612943,1,1.0,False,2
0.081647575,0.7196111,0.055208188,-0.315108,0,1.0,False,2
0.0960398,0.523748,0.04890603,-0.005537973,1,1.0,False,2
0.10651476,0.71813565,0.048795268,-0.28239825,0,1.0,False,2
0.120877475,0.5223529,0.043147303,0.02526647,1,1.0,False,2
0.13132453,0.7168304,0.04365263,-0.2534969,0,1.0,False,2
0.14566113,0.52111316,0.038582694,0.052629046,1,1.0,False,2
0.1560834,0.7156613,0.039635275,-0.22763541,0,1.0,False,2
0.17039663,0.519996,0.035082567,0.07728175,1,1.0,False,2
0.18079655,0.7145979,0.0366282,-0.20412934,0,1.0,False,2
0.1950885,0.5189718,0.032545615,0.09987927,1,1.0,False,2
0.20546794,0.71361256,0.0345432,-0.18236054,0,1.0,False,2
0.2197402,0.5180138,0.03089599,0.12101626,1,1.0,False,2
0.23010047,0.71267974,0.033316314,-0.1617614,0,1.0,False,2
0.24435405,0.5170971,0.030081088,0.141243,1,1.0,False,2
0.254696,0.7117756,0.032905947,-0.14180015,0,1.0,False,2
0.2689315,0.5161982,0.030069945,0.16107973,1,1.0,False,2
0.27925548,0.71087706,0.033291537,-0.12196729,0,1.0,False,2
0.29347304,0.5152944,0.030852193,0.18103011,1,1.0,False,2
0.30377892,0.70996153,0.034472797,-0.10176262,0,1.0,False,2
0.31797814,0.51436293,0.032437544,0.20159397,1,1.0,False,2
0.3282654,0.7090063,0.036469422,-0.08068256,0,1.0,False,2
0.34244552,0.51338106,0.03485577,0.22327983,1,1.0,False,2
0.35271314,0.70798796,0.039321367,-0.05820765,1,1.0,False,2
0.3668729,0.9025247,0.038157213,-0.3382297,0,1.0,False,2
0.3849234,0.7068811,0.03139262,-0.033762466,1,1.0,False,2
0.39906102,0.90153915,0.030717371,-0.31637773,0,1.0,False,2
0.41709182,0.7059935,0.024389816,-0.014168057,0,1.0,False,2
0.43121168,0.51053035,0.024106456,0.28610927,1,1.0,False,2
0.44142228,0.7053004,0.029828642,0.0011257523,1,1.0,False,2
0.4555283,0.8999821,0.029851155,-0.28199863,0,1.0,False,2
0.47352794,0.7044474,0.024211183,0.01994774,1,1.0,False,2
0.48761687,0.8992139,0.024610138,-0.26499903,0,1.0,False,2
0.50560117,0.7037495,0.019310158,0.03534345,1,1.0,False,2
0.51967615,0.89858925,0.020017026,-0.2511849,0,1.0,False,2
0.5376479,0.7031873,0.014993328,0.047743957,1,1.0,False,2
0.5517117,0.8980911,0.015948208,-0.24017099,0,1.0,False,2
0.5696735,0.70274496,0.011144787,0.057499476,1,1.0,False,2
0.5837284,0.8977054,0.012294777,-0.23164646,0,1.0,False,2
0.6016825,0.7024099,0.007661848,0.064889155,1,1.0,False,2
0.6157307,0.8974212,0.008959631,-0.22536659,0,1.0,False,2
0.63367915,0.70217234,0.004452299,0.070129015,1,1.0,False,2
0.6477226,0.89723015,0.0058548795,-0.22114587,0,1.0,False,2
0.6656672,0.70202506,0.0014319621,0.07337816,1,1.0,False,2
0.6797077,0.89712644,0.0028995252,-0.21885264,0,1.0,False,2
0.6976502,0.7019631,-0.0014775274,0.07474352,1,1.0,False,2
0.7116895,0.89710623,1.7342898e-05,-0.21840522,0,1.0,False,2
0.7296316,0.70198405,-0.0043507614,0.07428318,1,1.0,False,2
0.7436713,0.8971681,-0.0028650977,-0.21976924,0,1.0,False,2
0.7616146,0.7020872,-0.0072604823,0.072008535,1,1.0,False,2
0.7756564,0.8973125,-0.0058203116,-0.22295623,0,1.0,False,2
0.79360265,0.7022742,-0.010279437,0.06788507,1,1.0,False,2
0.8076481,0.897542,-0.008921735,-0.22802326,0,1.0,False,2
0.82559896,0.7025487,-0.0134822,0.061832123,1,1.0,False,2
0.8396499,0.89786136,-0.012245558,-0.23507385,0,1.0,False,2
0.8576072,0.70291644,-0.016947035,0.053721428,1,1.0,False,2
0.8716655,0.8982773,-0.015872607,-0.24425988,0,1.0,False,2
0.88963103,0.7033856,-0.020757804,0.043374475,1,1.0,False,2
0.90369874,0.89879894,-0.019890314,-0.25578478,0,1.0,False,2
0.9216747,0.70396656,-0.02500601,0.030558646,0,1.0,False,2
0.93575406,0.50921196,-0.024394836,0.3152482,1,1.0,False,2
0.9459383,0.70467275,-0.018089874,0.014972875,1,1.0,False,2
0.96003175,0.9000494,-0.017790414,-0.28336227,0,1.0,False,2
0.9780327,0.70518565,-0.023457661,0.0036569785,0,1.0,False,2
0.9921365,0.5104078,-0.02338452,0.28884742,1,1.0,False,2
1.0023446,0.7058553,-0.017607573,-0.011118077,0,1.0,False,2
1.0164617,0.51099026,-0.017829934,0.27595785,1,1.0,False,2
1.0266815,0.70636195,-0.012310778,-0.02229489,1,1.0,False,2
1.0408088,0.9016583,-0.0127566755,-0.31883645,0,1.0,False,2
1.058842,0.70672035,-0.019133404,-0.030203648,0,1.0,False,2
1.0729764,0.5118779,-0.019737476,0.2563816,1,1.0,False,2
1.0832139,0.70727605,-0.014609845,-0.04246091,0,1.0,False,2
1.0973594,0.5123666,-0.015459063,0.2455769,1,1.0,False,2
1.1076068,0.70770586,-0.010547525,-0.051941816,1,1.0,False,2
1.1217608,0.90297747,-0.011586362,-0.34793383,0,1.0,False,2
1.1398205,0.70802224,-0.018545039,-0.058926884,0,1.0,False,2
1.1539809,0.513171,-0.019723576,0.22784774,1,1.0,False,2
1.1642443,0.70856917,-0.015166621,-0.070990875,0,1.0,False,2
1.1784157,0.51366794,-0.016586438,0.21686858,1,1.0,False,2
1.188689,0.709023,-0.0122490665,-0.08099993,0,1.0,False,2
1.2028694,0.5140788,-0.013869066,0.20779335,1,1.0,False,2
1.2131511,0.70939624,-0.009713198,-0.08923209,0,1.0,False,2
1.227339,0.5144149,-0.01149784,0.20037057,1,1.0,False,2
1.2376273,0.7096994,-0.007490429,-0.095917106,1,1.0,False,2
1.2518213,0.90492785,-0.009408771,-0.3909538,0,1.0,False,2
1.2699199,0.70994073,-0.017227847,-0.101252146,0,1.0,False,2
1.2841187,0.51506984,-0.01925289,0.18594605,1,1.0,False,2
1.29442,0.7104619,-0.01553397,-0.112747714,0,1.0,False,2
1.3086293,0.51556593,-0.017788924,0.17499416,1,1.0,False,2
1.3189406,0.7109379,-0.014289041,-0.123247094,0,1.0,False,2
1.3331593,0.5160235,-0.016753983,0.16489375,1,1.0,False,2
1.3434799,0.71138126,-0.013456108,-0.13302715,0,1.0,False,2
1.3577074,0.51645464,-0.01611665,0.15538037,1,1.0,False,2
1.3680365,0.71180356,-0.013009043,-0.1423431,1,1.0,False,2
1.3822726,0.9071094,-0.015855905,-0.4391016,0,1.0,False,2
1.4004148,0.7122154,-0.024637938,-0.1514588,0,1.0,False,2
1.4146591,0.51745474,-0.027667113,0.1333507,1,1.0,False,2
1.4250082,0.71296185,-0.0250001,-0.16793083,0,1.0,False,2
1.4392674,0.51820654,-0.028358717,0.11676164,1,1.0,False,2
1.4496316,0.71372306,-0.026023483,-0.18473163,0,1.0,False,2
1.463906,0.51898295,-0.029718116,0.09962961,1,1.0,False,2
1.4742857,0.71451795,-0.027725523,-0.2022792,0,1.0,False,2
1.488576,0.5198032,-0.03177111,0.08153033,1,1.0,False,2
1.498972,0.7153659,-0.0301405,-0.22100472,0,1.0,False,2
1.5132794,0.52068746,-0.034560595,0.06202035,1,1.0,False,2
1.5236932,0.71628743,-0.03332019,-0.24136321,0,1.0,False,2
1.538019,0.5216569,-0.038147453,0.04062621,1,1.0,False,2
1.548452,0.7173045,-0.03733493,-0.26384434,0,1.0,False,2
1.5627981,0.5227348,-0.042611815,0.016832909,0,1.0,False,2
1.5732528,0.32824907,-0.042275157,0.29577264,1,1.0,False,2
1.5798178,0.52394736,-0.036359705,-0.009937767,0,1.0,False,2
1.5902967,0.32936522,-0.03655846,0.27105516,1,1.0,False,2
1.5968841,0.5249893,-0.031137357,-0.032930642,1,1.0,False,2
1.6073838,0.7205436,-0.03179597,-0.33527285,0,1.0,False,2
1.6217947,0.52588826,-0.038501427,-0.052783832,0,1.0,False,2
1.6323125,0.3313389,-0.039557103,0.2275073,1,1.0,False,2
1.6389393,0.52700317,-0.035006955,-0.07738628,0,1.0,False,2
1.6494794,0.3324001,-0.036554683,0.20404954,1,1.0,False,2
1.6561273,0.52802527,-0.03247369,-0.09993681,0,1.0,False,2
1.6666878,0.33338338,-0.03447243,0.18232647,1,1.0,False,2
1.6733555,0.5289812,-0.030825898,-0.12102885,0,1.0,False,2
1.6839352,0.33431417,-0.033246476,0.16177163,1,1.0,False,2
1.6906214,0.5298959,-0.030011043,-0.14121152,0,1.0,False,2
1.7012193,0.33521634,-0.032835275,0.1418544,1,1.0,False,2
1.7079237,0.5307928,-0.029998185,-0.16100398,0,1.0,False,2
1.7185395,0.33611286,-0.033218265,0.12206639,1,1.0,False,2
1.7252618,0.5316946,-0.030776938,-0.18090872,0,1.0,False,2
1.7358956,0.33702624,-0.034395114,0.101908505,1,1.0,False,2
1.7426362,0.5326238,-0.032356944,-0.20142448,0,1.0,False,2
1.7532886,0.3379792,-0.036385432,0.08087831,0,1.0,False,2
1.7600483,0.14339721,-0.034767866,0.36186314,1,1.0,False,2
1.7629162,0.33899567,-0.027530603,0.05842311,1,1.0,False,2
1.7696961,0.5345013,-0.02636214,-0.24281721,0,1.0,False,2
1.7803861,0.33976564,-0.031218484,0.041435227,0,1.0,False,2
1.7871815,0.14510493,-0.03038978,0.32410726,1,1.0,False,2
1.7900835,0.34064612,-0.023907635,0.021997679,1,1.0,False,2
1.7968965,0.53610265,-0.023467682,-0.27813148,0,1.0,False,2
1.8076185,0.3413232,-0.029030312,0.007058369,0,1.0,False,2
1.814445,0.14662935,-0.028889144,0.29044238,1,1.0,False,2
1.8173776,0.34215108,-0.023080297,-0.011210055,0,1.0,False,2
1.8242207,0.1473676,-0.023304498,0.27410233,1,1.0,False,2
1.827168,0.34281418,-0.01782245,-0.025838826,1,1.0,False,2
1.8340242,0.53818715,-0.018339228,-0.32409123,0,1.0,False,2
1.844788,0.34333104,-0.024821052,-0.03724768,0,1.0,False,2
1.8516546,0.14857365,-0.025566004,0.24750178,1,1.0,False,2
1.854626,0.3440512,-0.020615969,-0.053134352,0,1.0,False,2
1.861507,0.14923085,-0.021678656,0.23297344,1,1.0,False,2
1.8644917,0.34465575,-0.017019188,-0.066468045,0,1.0,False,2
1.8713849,0.14978188,-0.018348549,0.22079702,1,1.0,False,2
1.8743805,0.34516123,-0.013932608,-0.07761685,0,1.0,False,2
1.8812836,0.15024176,-0.015484946,0.21063793,1,1.0,False,2
1.8842885,0.34558165,-0.011272186,-0.08688917,0,1.0,False,2
1.8912002,0.15062308,-0.01300997,0.20221616,1,1.0,False,2
1.8942126,0.34592864,-0.008965647,-0.094542235,0,1.0,False,2
1.9011312,0.15093634,-0.0108564915,0.19529861,1,1.0,False,2
1.9041499,0.34621188,-0.0069505195,-0.1007892,1,1.0,False,2
1.9110742,0.54143274,-0.008966303,-0.39565685,0,1.0,False,2
1.9219028,0.34643918,-0.016879441,-0.10581429,0,1.0,False,2
1.9288316,0.15156312,-0.018995726,0.18149582,1,1.0,False,2
1.9318628,0.34695166,-0.015365811,-0.11711854,0,1.0,False,2
1.9388019,0.1520532,-0.017708182,0.17067726,1,1.0,False,2
1.9418429,0.3474241,-0.014294636,-0.12753904,0,1.0,False,2
1.9487914,0.15250981,-0.016845416,0.16060005,1,1.0,False,2
1.9518416,0.3478688,-0.013633416,-0.13734922,0,1.0,False,2
1.958799,0.15294476,-0.0163804,0.15100159,1,1.0,False,2
1.9618579,0.3482974,-0.013360369,-0.14680366,0,1.0,False,2
1.9688239,0.1533693,-0.016296443,0.14163455,1,1.0,False,2
1.9718913,0.3487208,-0.0134637505,-0.15614474,0,1.0,False,2
1.9788656,0.15379418,-0.016586645,0.13226047,1,1.0,False,2
1.9819416,0.34914976,-0.013941436,-0.16560882,0,1.0,False,2
1.9889245,0.15423012,-0.017253613,0.12264357,1,1.0,False,2
1.9920092,0.34959495,-0.014800741,-0.17543238,0,1.0,False,2
1.999001,0.15468791,-0.018309388,0.112544894,1,1.0,False,2
2.0020947,0.35006738,-0.016058492,-0.18585783,0,1.0,False,2
2.0090961,0.15517882,-0.019775648,0.10171632,1,1.0,False,2
2.0121996,0.35057852,-0.01774132,-0.19713959,0,1.0,False,2
2.0192113,0.15571477,-0.021684114,0.08989437,1,1.0,False,2
2.0223255,0.3511407,-0.019886225,-0.20955026,0,1.0,False,2
2.0293484,0.15630865,-0.024077231,0.07679386,1,1.0,False,2
2.0324745,0.35176736,-0.022541353,-0.22338723,0,1.0,False,2
2.03951,0.1569747,-0.027009098,0.062100913,0,1.0,False,2
2.0426495,-0.03774979,-0.02576708,0.34614143,1,1.0,False,2
2.0418944,0.15772903,-0.01884425,0.045445845,1,1.0,False,2
2.045049,0.35311607,-0.017935334,-0.25312254,0,1.0,False,2
2.0521114,0.15825473,-0.022997785,0.033849724,0,1.0,False,2
2.0552764,-0.036530003,-0.02232079,0.3191888,1,1.0,False,2
2.0545459,0.15890262,-0.015937015,0.019551143,1,1.0,False,2
2.0577238,0.35424945,-0.015545992,-0.27811718,0,1.0,False,2
2.0648088,0.15935269,-0.021108335,0.0096222935,0,1.0,False,2
2.067996,-0.03546028,-0.02091589,0.29557127,1,1.0,False,2
2.0672867,0.15995352,-0.015004464,-0.0036341383,1,1.0,False,2
2.0704858,0.3552874,-0.015077148,-0.30101314,0,1.0,False,2
2.0775914,0.16038355,-0.02109741,-0.013123106,0,1.0,False,2
2.080799,-0.03442958,-0.021359872,0.27282938,1,1.0,False,2
2.0801105,0.16099054,-0.015903285,-0.026513249,0,1.0,False,2
2.0833304,-0.03389978,-0.01643355,0.2611099,1,1.0,False,2
2.0826523,0.16145286,-0.0112113515,-0.036710743,1,1.0,False,2
2.0858815,0.35673377,-0.011945566,-0.33290976,0,1.0,False,2
2.0930161,0.16178386,-0.018603763,-0.044017687,0,1.0,False,2
2.0962517,-0.033066448,-0.019484116,0.24273801,1,1.0,False,2
2.0955906,0.16232832,-0.014629356,-0.056026474,0,1.0,False,2
2.0988371,-0.03258085,-0.015749885,0.23200512,1,1.0,False,2
2.0981855,0.16276257,-0.011109782,-0.06560395,1,1.0,False,2
2.1014407,0.35804203,-0.012421861,-0.36177126,0,1.0,False,2
2.1086016,0.16309883,-0.019657286,-0.07303095,0,1.0,False,2
2.1118636,-0.031735886,-0.021117905,0.21338578,1,1.0,False,2
2.1112287,0.16368152,-0.01685019,-0.08588318,0,1.0,False,2
2.1145024,-0.031194888,-0.018567855,0.20143622,1,1.0,False,2
2.1138785,0.16418763,-0.014539129,-0.09704567,0,1.0,False,2
2.1171622,-0.030722959,-0.016480044,0.19101496,1,1.0,False,2
2.1165478,0.16463083,-0.012659743,-0.10682085,0,1.0,False,2
2.1198404,-0.030307438,-0.014796161,0.18184125,1,1.0,False,2
2.1192343,0.16502307,-0.011159335,-0.115472354,0,1.0,False,2
2.1225348,-0.029937217,-0.013468782,0.1736691,1,1.0,False,2
2.121936,0.16537489,-0.009995401,-0.123232186,0,1.0,False,2
2.1252434,-0.029602451,-0.012460045,0.16628061,1,1.0,False,2
2.1246514,0.16569562,-0.009134432,-0.13030691,0,1.0,False,2
2.1279655,-0.029294295,-0.011740571,0.15948027,1,1.0,False,2
2.1273794,0.16599375,-0.008550965,-0.13688326,0,1.0,False,2
2.1306994,-0.02900468,-0.011288631,0.15308975,1,1.0,False,2
2.1301193,0.16627708,-0.008226836,-0.14313301,0,1.0,False,2
2.1334448,-0.028726097,-0.011089496,0.14694318,1,1.0,False,2
2.1328702,0.16655289,-0.0081506325,-0.14921753,0,1.0,False,2
2.1362014,-0.028451404,-0.011134983,0.14088294,1,1.0,False,2
2.1356323,0.16682824,-0.008317324,-0.15529199,0,1.0,False,2
2.138969,-0.028173644,-0.011423164,0.13475545,1,1.0,False,2
2.1384053,0.16711006,-0.008728055,-0.16150932,0,1.0,False,2
2.1417477,-0.027885867,-0.011958241,0.1284074,1,1.0,False,2
2.1411898,0.16740534,-0.009390093,-0.16802408,0,1.0,False,2
2.144538,-0.027580962,-0.012750574,0.12168182,1,1.0,False,2
2.1439865,0.16772133,-0.010316938,-0.17499638,0,1.0,False,2
2.1473408,-0.027251467,-0.013816866,0.114414126,1,1.0,False,2
2.1467957,0.16806571,-0.011528583,-0.1825957,0,1.0,False,2
2.150157,-0.0268894,-0.015180497,0.1064282,1,1.0,False,2
2.1496193,0.16844676,-0.013051934,-0.19100519,0,1.0,False,2
2.1529882,-0.026486058,-0.016872037,0.09753199,1,1.0,False,2
2.1524584,0.1688736,-0.014921397,-0.20042592,0,1.0,False,2
2.155836,-0.026031805,-0.018929916,0.0875129,1,1.0,False,2
2.1553154,0.1693563,-0.017179659,-0.21108182,0,1.0,False,2
2.1587024,-0.025515858,-0.021401294,0.07613272,1,1.0,False,2
2.1581922,0.16990626,-0.019878639,-0.22322482,0,1.0,False,2
2.1615903,-0.024926014,-0.024343137,0.06312191,0,1.0,False,2
2.1610918,-0.21969064,-0.023080697,0.3480261,1,1.0,False,2
2.156698,-0.024248138,-0.016120177,0.04815532,1,1.0,False,2
2.156213,0.17110121,-0.015157069,-0.24956976,0,1.0,False,2
2.159635,-0.023801045,-0.020148465,0.038294036,0,1.0,False,2
2.159159,-0.21862836,-0.019382585,0.32455245,1,1.0,False,2
2.1547863,-0.023235865,-0.012891535,0.02582063,1,1.0,False,2
2.1543217,0.17206857,-0.012375123,-0.27090168,0,1.0,False,2
2.157763,-0.022874627,-0.017793156,0.017852528,0,1.0,False,2
2.1573055,-0.21773694,-0.017436106,0.30486882,1,1.0,False,2
2.1529508,-0.02237091,-0.011338729,0.0067383624,1,1.0,False,2
2.1525035,0.17291181,-0.011203961,-0.2895004,0,1.0,False,2
2.1559618,-0.022048606,-0.01699397,-0.0003720304,0,1.0,False,2
2.1555207,-0.21692277,-0.017001411,0.28690103,1,1.0,False,2
2.1511822,-0.021562535,-0.01126339,-0.011095154,0,1.0,False,2
2.1507509,-0.21652116,-0.011485293,0.27801287,1,1.0,False,2
2.1464205,-0.021237258,-0.0059250356,-0.01827027,1,1.0,False,2
2.1459959,0.17396916,-0.0062904414,-0.3128167,0,1.0,False,2
2.149475,-0.021062613,-0.012546775,-0.022124212,0,1.0,False,2
2.149054,-0.2160024,-0.012989259,0.26657382,1,1.0,False,2
2.144734,-0.0206975,-0.0076577836,-0.030177573,0,1.0,False,2
2.14432,-0.2157088,-0.008261335,0.26007944,1,1.0,False,2
2.1400058,-0.020469896,-0.0030597462,-0.03519773,1,1.0,False,2
2.1395965,0.1746958,-0.003763701,-0.32884446,0,1.0,False,2
2.1430902,-0.020372372,-0.01034059,-0.03735081,0,1.0,False,2
2.1426828,-0.21534452,-0.011087607,0.2520517,1,1.0,False,2
2.138376,-0.020066015,-0.0060465727,-0.044107746,0,1.0,False,2
2.1379747,-0.21510074,-0.0069287275,0.24666132,1,1.0,False,2
2.1336727,-0.019880524,-0.001995501,-0.048199017,0,1.0,False,2
2.133275,-0.2149738,-0.0029594814,0.24385364,1,1.0,False,2
2.1289756,-0.019809706,0.0019175914,-0.049761303,1,1.0,False,2
2.1285794,0.1752847,0.00092236535,-0.3418386,0,1.0,False,2
2.132085,-0.019850366,-0.005914407,-0.048864953,0,1.0,False,2
2.131688,-0.21488701,-0.0068917056,0.24194607,1,1.0,False,2
2.1273904,-0.0196673,-0.0020527842,-0.052902687,0,1.0,False,2
2.126997,-0.21475975,-0.0031108381,0.23913187,1,1.0,False,2
2.1227016,-0.019593503,0.0016717992,-0.054530684,0,1.0,False,2
2.12231,-0.21473938,0.0005811855,0.23867925,1,1.0,False,2
2.118015,-0.019625742,0.0053547705,-0.05382031,1,1.0,False,2
2.1176226,0.17541902,0.004278364,-0.34480897,0,1.0,False,2
2.121131,-0.01976353,-0.0026178153,-0.050779983,0,1.0,False,2
2.1207356,-0.21484785,-0.0036334149,0.24107586,1,1.0,False,2
2.1164386,-0.019674182,0.0011881022,-0.052750934,0,1.0,False,2
2.1160452,-0.21481314,0.00013308345,0.24030662,1,1.0,False,2
2.111749,-0.019693099,0.0049392157,-0.052334335,0,1.0,False,2
2.111355,-0.21488552,0.003892529,0.24190286,1,1.0,False,2
2.1070573,-0.01981939,0.008730586,-0.04954973,1,1.0,False,2
2.106661,0.1751763,0.0077395914,-0.33946535,0,1.0,False,2
2.1101646,-0.020054925,0.00095028465,-0.044351872,0,1.0,False,2
2.1097634,-0.21519049,6.324725e-05,0.24863073,1,1.0,False,2
2.1054597,-0.020069443,0.005035862,-0.04403225,1,1.0,False,2
2.1050582,0.17497994,0.0041552167,-0.33512208,0,1.0,False,2
2.108558,-0.020200904,-0.0025472245,-0.041131705,0,1.0,False,2
2.1081538,-0.21528624,-0.0033698587,0.25074646,1,1.0,False,2
2.1038482,-0.020116327,0.0016450706,-0.04299748,0,1.0,False,2
2.1034458,-0.21526183,0.000785121,0.25020403,1,1.0,False,2
2.0991406,-0.020151097,0.0057892017,-0.042231154,1,1.0,False,2
2.0987375,0.17488736,0.0049445787,-0.33308193,0,1.0,False,2
2.1022353,-0.020304617,-0.0017170599,-0.038843833,0,1.0,False,2
2.1018293,-0.2154019,-0.0024939366,0.25329685,1,1.0,False,2
2.097521,-0.02024443,0.0025720003,-0.040171668,0,1.0,False,2
2.0971162,-0.21540317,0.001768567,0.25332165,1,1.0,False,2
2.0928082,-0.020306516,0.0068349997,-0.038802925,1,1.0,False,2
2.092402,0.17471676,0.0060589416,-0.32932153,0,1.0,False,2
2.0958965,-0.02049092,-0.0005274892,-0.034734067,0,1.0,False,2
2.0954866,-0.2156053,-0.0012221705,0.2577824,1,1.0,False,2
2.0911744,-0.020465925,0.003933477,-0.035285782,0,1.0,False,2
2.0907652,-0.21564406,0.0032277615,0.2586356,1,1.0,False,2
2.0864522,-0.02056834,0.008400474,-0.033027504,1,1.0,False,2
2.086041,0.17443214,0.0077399234,-0.3230482,0,1.0,False,2
2.0895295,-0.02079916,0.0012789594,-0.027934497,0,1.0,False,2
2.0891135,-0.21593943,0.00072026957,0.26515168,1,1.0,False,2
2.0847948,-0.020827765,0.006023303,-0.027303979,1,1.0,False,2
2.0843782,0.17420729,0.0054772235,-0.31808043,0,1.0,False,2
2.0878623,-0.02099224,-0.00088438473,-0.023675214,0,1.0,False,2
2.0874424,-0.2161015,-0.001357889,0.26872855,1,1.0,False,2
2.0831206,-0.020960193,0.004016682,-0.024382358,0,1.0,False,2
2.0827012,-0.21613951,0.0035290348,0.26956517,1,1.0,False,2
2.0783784,-0.021068104,0.008920338,-0.022002596,1,1.0,False,2
2.0779572,0.17392479,0.008480286,-0.31185776,0,1.0,False,2
2.0814357,-0.021316942,0.002243131,-0.016512515,0,1.0,False,2
2.0810094,-0.21647099,0.0019128807,0.2768773,1,1.0,False,2
2.07668,-0.02137638,0.0074504265,-0.015201691,1,1.0,False,2
2.0762522,0.17363793,0.007146393,-0.30552465,0,1.0,False,2
2.079725,-0.021585124,0.0010359001,-0.010596509,0,1.0,False,2
2.0792935,-0.21672192,0.00082396995,0.28241307,1,1.0,False,2
2.074959,-0.021611728,0.0064722314,-0.01000986,1,1.0,False,2
2.0745268,0.17341681,0.0062720343,-0.3006437,0,1.0,False,2
2.077995,-0.021793976,0.00025916,-0.0059893304,0,1.0,False,2
2.0775592,-0.21691965,0.0001393734,0.28677535,1,1.0,False,2
2.0732207,-0.02179968,0.0058748806,-0.005863613,1,1.0,False,2
2.072785,0.17323753,0.005757608,-0.29668716,0,1.0,False,2
2.0762496,-0.021966027,-0.00017613516,-0.0021939639,0,1.0,False,2
2.0758102,-0.21708545,-0.00022001444,0.29043338,1,1.0,False,2
2.0714686,-0.021960365,0.005588653,-0.0023189236,1,1.0,False,2
2.0710292,0.173081,0.0055422746,-0.29323334,0,1.0,False,2
2.074491,-0.022119537,-0.00032239192,0.0011923829,0,1.0,False,2
2.0740485,-0.21723686,-0.00029854427,0.29377356,1,1.0,False,2
2.0697038,-0.022110656,0.005576927,0.0009965051,1,1.0,False,2
2.0692616,0.17293087,0.0055968575,-0.28992164,0,1.0,False,2
2.0727203,-0.02227044,-0.00020157527,0.004521218,0,1.0,False,2
2.0722747,-0.2173895,-0.000111150905,0.29714054,1,1.0,False,2
2.067927,-0.022265963,0.00583166,0.004422559,1,1.0,False,2
2.0674818,0.17277187,0.005920111,-0.2864147,0,1.0,False,2
2.0709372,-0.022434007,0.0001918167,0.00812947,0,1.0,False,2
2.0704885,-0.21755871,0.0003544061,0.30087292,1,1.0,False,2
2.0661373,-0.022441812,0.006371864,0.008301778,1,1.0,False,2
2.0656884,0.17258818,0.0065379,-0.28236395,0,1.0,False,2
2.0691402,-0.022626411,0.00089062075,0.012373802,0,1.0,False,2
2.0686877,-0.21776113,0.0011380968,0.3053376,1,1.0,False,2
2.0643325,-0.022655409,0.0072448486,0.0130138155,1,1.0,False,2
2.0638793,0.1723619,0.007505125,-0.2773745,0,1.0,False,2
2.0673265,-0.022866318,0.0019576352,0.01766606,1,1.0,False,2
2.0668693,0.1722275,0.0023109564,-0.27439857,0,1.0,False,2
2.0703137,-0.022927344,-0.003177015,0.019012343,0,1.0,False,2
2.0698552,-0.21800359,-0.0027967682,0.3106912,1,1.0,False,2
2.0654953,-0.022841902,0.0034170558,0.017127562,1,1.0,False,2
2.0650384,0.17223088,0.003759607,-0.27447528,0,1.0,False,2
2.0684829,-0.022944514,-0.0017298987,0.01939105,0,1.0,False,2
2.0680242,-0.21804161,-0.0013420777,0.31152767,1,1.0,False,2
2.0636632,-0.022900568,0.004888476,0.018421797,1,1.0,False,2
2.0632052,0.17215094,0.0052569117,-0.27271476,0,1.0,False,2
2.0666482,-0.023045627,-0.00019738352,0.02162157,0,1.0,False,2
2.0661874,-0.21816474,0.00023504786,0.3142422,1,1.0,False,2
2.061824,-0.023046145,0.0065198923,0.021633422,1,1.0,False,2
2.0613632,0.17198169,0.0069525605,-0.2689853,0,1.0,False,2
2.0648026,-0.023238776,0.0015728547,0.02588238,1,1.0,False,2
2.064338,0.17186058,0.0020905023,-0.26630387,0,1.0,False,2
2.0677752,-0.023291143,-0.0032355753,0.027037676,0,1.0,False,2
2.0673094,-0.21836655,-0.0026948217,0.318698,1,1.0,False,2
2.062942,-0.023206316,0.003679138,0.025166433,1,1.0,False,2
2.0624778,0.17186268,0.004182467,-0.26635343,0,1.0,False,2
2.065915,-0.023318714,-0.0011446016,0.027645756,0,1.0,False,2
2.0654488,-0.21842423,-0.0005916865,0.31996733,1,1.0,False,2
2.0610802,-0.023293858,0.00580766,0.027097864,1,1.0,False,2
2.0606143,0.17174433,0.006349617,-0.26374704,0,1.0,False,2
2.0640492,-0.023467677,0.0010746765,0.030931842,1,1.0,False,2
2.06358,0.17163885,0.0016933134,-0.26141182,0,1.0,False,2
2.0670128,-0.023507236,-0.003534923,0.031804718,0,1.0,False,2
2.0665426,-0.21857832,-0.0028988286,0.32337025,1,1.0,False,2
2.062171,-0.023415208,0.0035685762,0.029774558,1,1.0,False,2
2.0617027,0.17165539,0.0041640676,-0.26178032,0,1.0,False,2
2.0651357,-0.023525758,-0.0010715389,0.032213096,0,1.0,False,2
2.0646653,-0.21863233,-0.00042727691,0.32455775,1,1.0,False,2
2.0602927,-0.023504293,0.006063878,0.031740107,1,1.0,False,2
2.0598226,0.17153017,0.00669868,-0.25902346,0,1.0,False,2
2.0632532,-0.023686761,0.0015182112,0.035764787,1,1.0,False,2
2.0627794,0.17141339,0.0022335069,-0.25643873,0,1.0,False,2
2.0662076,-0.023740383,-0.002895268,0.036947828,0,1.0,False,2
2.065733,-0.21882069,-0.0021563114,0.32871586,1,1.0,False,2
2.0613565,-0.023668114,0.004418006,0.035353716,1,1.0,False,2
2.060883,0.1713902,0.0051250802,-0.255932,0,1.0,False,2
2.064311,-0.023804544,6.4400742e-06,0.03836303,1,1.0,False,2
2.063835,0.17131731,0.00077370065,-0.25431788,0,1.0,False,2
2.0672612,-0.023815675,-0.004312657,0.038609,0,1.0,False,2
2.0667849,-0.21887551,-0.0035404766,0.32992813,1,1.0,False,2
2.0624073,-0.023703346,0.003058086,0.036130805,1,1.0,False,2
2.0619333,0.17137462,0.0037807021,-0.2555857,0,1.0,False,2
2.0653608,-0.023801109,-0.0013310119,0.038287323,1,1.0,False,2
2.0648847,0.1713399,-0.0005652654,-0.25481525,0,1.0,False,2
2.0683115,-0.023773972,-0.0056615705,0.03768933,0,1.0,False,2
2.067836,-0.21881428,-0.004907784,0.32858062,1,1.0,False,2
2.0634599,-0.023622805,0.0016638283,0.03435404,1,1.0,False,2
2.0629873,0.17147525,0.002350909,-0.25780347,0,1.0,False,2
2.0664167,-0.02368019,-0.0028051604,0.03562004,0,1.0,False,2
2.0659432,-0.2187618,-0.0020927596,0.3274166,1,1.0,False,2
2.061568,-0.023610119,0.0044555725,0.03407444,1,1.0,False,2
2.0610957,0.17144765,0.0051370612,-0.25719938,0,1.0,False,2
2.0645247,-0.02374726,-6.926479e-06,0.037099414,1,1.0,False,2
2.0640497,0.1713748,0.0007350618,-0.2555857,0,1.0,False,2
2.0674772,-0.023757648,-0.004376652,0.03732899,0,1.0,False,2
2.067002,-0.21881656,-0.0036300723,0.32862782,1,1.0,False,2
2.062626,-0.023643123,0.0029424843,0.03480236,1,1.0,False,2
2.0621529,0.1714365,0.0036385313,-0.25695074,0,1.0,False,2
2.0655818,-0.023737201,-0.0015004833,0.03687762,0,1.0,False,2
2.0651069,-0.2188376,-0.00076293084,0.32908675,1,1.0,False,2
2.0607302,-0.023704799,0.0058188043,0.03616333,1,1.0,False,2
2.060256,0.17133322,0.006542071,-0.25467804,0,1.0,False,2
2.0636828,-0.023881517,0.00144851,0.04006117,1,1.0,False,2
2.0632052,0.17121963,0.0022497333,-0.2521644,0,1.0,False,2
2.0666294,-0.023934372,-0.0027935544,0.041227296,0,1.0,False,2
2.066151,-0.21901615,-0.0019690085,0.3330275,1,1.0,False,2
2.0617704,-0.02386623,0.004691542,0.03972432,1,1.0,False,2
2.0612931,0.17118813,0.0054860283,-0.2514747,0,1.0,False,2
2.064717,-0.02401173,0.00045653447,0.042933572,1,1.0,False,2
2.0642366,0.17110367,0.0013152059,-0.24960528,0,1.0,False,2
2.067659,-0.024037035,-0.0036768997,0.0434922,0,1.0,False,2
2.067178,-0.21910606,-0.0028070556,0.33501276,1,1.0,False,2
2.0627959,-0.023944281,0.0038931998,0.041445967,1,1.0,False,2
2.0623171,0.17112163,0.004722119,-0.25000608,0,1.0,False,2
2.0657394,-0.02406744,-0.00027800255,0.044162553,1,1.0,False,2
2.065258,0.17105849,0.0006052485,-0.24860807,0,1.0,False,2
2.0686793,-0.024072092,-0.004366913,0.0442657,0,1.0,False,2
2.068198,-0.21913116,-0.003481599,0.33556762,1,1.0,False,2
2.063815,-0.023959825,0.0032297536,0.041788828,1,1.0,False,2
2.0633361,0.17111567,0.0040655304,-0.24987334,0,1.0,False,2
2.0667584,-0.024064109,-0.0009319365,0.04408917,1,1.0,False,2
2.066277,0.17107119,-5.015311e-05,-0.24888764,0,1.0,False,2
2.0696986,-0.024050042,-0.005027906,0.04377946,0,1.0,False,2
2.0692174,-0.21909954,-0.004152317,0.3348718,1,1.0,False,2
2.0648355,-0.023918735,0.0025451193,0.04088235,1,1.0,False,2
2.064357,0.17116663,0.0033627662,-0.25099647,0,1.0,False,2
2.0677805,-0.024003182,-0.0016571634,0.04274523,1,1.0,False,2
2.0673003,0.17114249,-0.0008022588,-0.2504601,0,1.0,False,2
2.0707233,-0.023967993,-0.005811461,0.041969683,0,1.0,False,2
2.0702438,-0.21900614,-0.0049720667,0.33281338,1,1.0,False,2
2.0658638,-0.023813764,0.0016842008,0.038566675,1,1.0,False,2
2.0653875,0.17128399,0.0024555344,-0.25358438,0,1.0,False,2
2.068813,-0.02387293,-0.0026161536,0.03987204,0,1.0,False,2
2.0683358,-0.21895728,-0.0018187128,0.3317284,1,1.0,False,2
2.0639565,-0.023809478,0.004815855,0.038472492,1,1.0,False,2
2.0634804,0.17124309,0.005585305,-0.2526871,0,1.0,False,2
2.0669053,-0.023958173,0.000531563,0.04175229,1,1.0,False,2
2.066426,0.17115615,0.0013666088,-0.25076288,0,1.0,False,2
2.0698493,-0.023985287,-0.0036486487,0.04235079,0,1.0,False,2
2.0693696,-0.21905473,-0.002801633,0.3338803,1,1.0,False,2
2.0649884,-0.023893015,0.0038759732,0.040315207,1,1.0,False,2
2.0645106,0.17117314,0.0046822773,-0.2511423,0,1.0,False,2
2.067934,-0.024015358,-0.0003405686,0.043013826,1,1.0,False,2
2.0674536,0.17111148,0.0005197079,-0.24977653,0,1.0,False,2
2.070876,-0.024017895,-0.0044758227,0.043070275,0,1.0,False,2
2.0703955,-0.21907538,-0.0036144173,0.33433768,1,1.0,False,2
2.066014,-0.023902172,0.0030723365,0.04051715,1,1.0,False,2
2.065536,0.17117558,0.0038826794,-0.25119483,0,1.0,True,2
0.0073130657,0.0028491146,0.026365023,0.031169277,0,1.0,False,3
0.007370048,-0.19264081,0.02698841,0.33205268,0,1.0,False,3
0.003517232,-0.3881363,0.033629462,0.63312274,1,1.0,False,3
-0.0042454945,-0.19349924,0.046291918,0.35121742,0,1.0,False,3
-0.008115479,-0.3892479,0.053316265,0.6581308,1,1.0,False,3
-0.015900437,-0.194907,0.066478886,0.38270125,1,1.0,False,3
-0.019798577,-0.0007888286,0.07413291,0.1116976,0,1.0,False,3
-0.019814353,-0.19689044,0.076366864,0.42681724,1,1.0,False,3
-0.023752162,-0.0029285052,0.0849032,0.15915231,1,1.0,False,3
-0.023810733,0.19088177,0.088086255,-0.10558434,0,1.0,False,3
-0.019993097,-0.005384846,0.08597457,0.21353805,1,1.0,False,3
-0.020100795,0.18840943,0.09024533,-0.050834298,0,1.0,False,3
-0.016332606,-0.007882866,0.08922864,0.2689021,1,1.0,False,3
-0.016490262,0.18585992,0.09460668,0.005642491,1,1.0,False,3
-0.012773064,0.3795067,0.09471953,-0.25575587,0,1.0,False,3
-0.0051829303,0.18316899,0.089604415,0.065236494,1,1.0,False,3
-0.0015195505,0.3768996,0.090909146,-0.19788517,0,1.0,False,3
0.006018442,0.18060291,0.08695144,0.1220345,1,1.0,False,3
0.0096305,0.37437847,0.08939213,-0.1419992,0,1.0,False,3
0.017118068,0.17809753,0.08655214,0.17749292,1,1.0,False,3
0.02068002,0.3718811,0.090102,-0.086679764,1,1.0,False,3
0.028117642,0.56560373,0.08836841,-0.3496308,0,1.0,False,3
0.039429717,0.3693434,0.08137579,-0.030442517,1,1.0,False,3
0.046816584,0.5632098,0.080766946,-0.2963817,0,1.0,False,3
0.05808078,0.3670349,0.07483931,0.020641036,1,1.0,False,3
0.06542148,0.5610082,0.07525213,-0.2475223,0,1.0,False,3
0.07664164,0.36489674,0.07030168,0.067915685,1,1.0,False,3
0.083939575,0.55894405,0.07166,-0.2017846,1,1.0,False,3
0.095118456,0.7529718,0.06762431,-0.47102937,0,1.0,False,3
0.1101779,0.55696315,0.05820372,-0.15782191,0,1.0,False,3
0.121317156,0.36105826,0.05504728,0.15264003,1,1.0,False,3
0.12853833,0.55535054,0.058100082,-0.122181244,1,1.0,False,3
0.13964534,0.7495941,0.055656455,-0.39598307,0,1.0,False,3
0.15463722,0.5537284,0.047736794,-0.08628497,1,1.0,False,3
0.16571179,0.74813473,0.046011094,-0.363533,0,1.0,False,3
0.18067448,0.5523901,0.038740434,-0.056704253,0,1.0,False,3
0.19172229,0.35673472,0.03760635,0.24794547,1,1.0,False,3
0.19885698,0.5513,0.04256526,-0.032642413,1,1.0,False,3
0.20988297,0.7457865,0.04191241,-0.31159756,0,1.0,False,3
0.22479871,0.55009323,0.03568046,-0.005996848,1,1.0,False,3
0.23580056,0.7446858,0.035560522,-0.28721207,0,1.0,False,3
0.25069427,0.54907525,0.029816281,0.016470855,1,1.0,False,3
0.2616758,0.7437572,0.0301457,-0.26665756,0,1.0,False,3
0.27655095,0.54821825,0.024812547,0.035379052,1,1.0,False,3
0.2875153,0.7429758,0.02552013,-0.24937314,0,1.0,False,3
0.3023748,0.5474989,0.020532666,0.051248875,0,1.0,False,3
0.31332478,0.3520886,0.021557642,0.35033867,1,1.0,False,3
0.32036656,0.5468974,0.028564416,0.06453075,0,1.0,False,3
0.33130452,0.35137784,0.029855032,0.36608732,1,1.0,False,3
0.33833206,0.54606307,0.037176777,0.08296564,0,1.0,False,3
0.34925333,0.3504285,0.03883609,0.38714224,1,1.0,False,3
0.3562619,0.54497826,0.046578936,0.10695258,1,1.0,False,3
0.36716145,0.73940283,0.048717987,-0.17067873,0,1.0,False,3
0.3819495,0.5436187,0.04530441,0.13696651,1,1.0,False,3
0.3928219,0.7380634,0.048043743,-0.14108641,1,1.0,False,3
0.40758318,0.93246555,0.045222014,-0.4182337,0,1.0,False,3
0.4262325,0.7367329,0.03685734,-0.11164416,0,1.0,False,3
0.44096714,0.5411027,0.034624457,0.19243541,1,1.0,False,3
0.4517892,0.7357127,0.038473167,-0.08912701,1,1.0,False,3
0.46650344,0.9302626,0.036690626,-0.3694277,0,1.0,False,3
0.4851087,0.7346391,0.029302072,-0.065405264,0,1.0,False,3
0.4998015,0.5391096,0.027993966,0.23637672,1,1.0,False,3
0.51058364,0.7338206,0.0327215,-0.04734627,1,1.0,False,3
0.5252601,0.92845845,0.031774573,-0.32952833,0,1.0,False,3
0.54382926,0.73289895,0.025184007,-0.026996965,1,1.0,False,3
0.55848724,0.92765087,0.024644068,-0.31162888,0,1.0,False,3
0.57704026,0.7321866,0.018411491,-0.011276955,1,1.0,False,3
0.591684,0.92703974,0.01818595,-0.29809445,0,1.0,False,3
0.6102248,0.73166335,0.012224063,0.0002680744,0,1.0,False,3
0.624858,0.53636825,0.012229424,0.29678264,1,1.0,False,3
0.6355854,0.73131377,0.018165076,0.007981617,1,1.0,False,3
0.6502117,0.9261705,0.018324709,-0.2789151,0,1.0,False,3
0.6687351,0.73079205,0.012746408,0.019490605,1,1.0,False,3
0.6833509,0.9257289,0.013136219,-0.26914358,0,1.0,False,3
0.7018655,0.73042196,0.0077533475,0.02765347,1,1.0,False,3
0.71647394,0.92543185,0.008306417,-0.26257315,0,1.0,False,3
0.7349826,0.73019236,0.0030549543,0.032718107,1,1.0,False,3
0.74958646,0.9252704,0.0037093165,-0.25899938,0,1.0,False,3
0.76809186,0.7300956,-0.0014706713,0.034851197,1,1.0,False,3
0.78269374,0.92523867,-0.00077364733,-0.2582954,0,1.0,False,3
0.80119854,0.73012775,-0.005939555,0.03414343,1,1.0,False,3
0.8158011,0.9253344,-0.0052566864,-0.26040757,0,1.0,False,3
0.8343078,0.73028785,-0.010464838,0.03061272,1,1.0,False,3
0.84891355,0.9255583,-0.009852583,-0.26535353,0,1.0,False,3
0.86742467,0.73057836,-0.0151596535,0.024205603,1,1.0,False,3
0.88203627,0.9259144,-0.014675541,-0.27322155,0,1.0,False,3
0.90055454,0.7310049,-0.020139972,0.014796776,1,1.0,False,3
0.91517466,0.9264098,-0.019844037,-0.28417188,0,1.0,False,3
0.9337028,0.7315764,-0.025527475,0.0021868784,0,1.0,False,3
0.9483344,0.5368297,-0.025483737,0.28670752,1,1.0,False,3
0.959071,0.73230565,-0.019749587,-0.01390258,0,1.0,False,3
0.9737171,0.53747237,-0.020027637,0.27248427,1,1.0,False,3
0.98446655,0.7328743,-0.014577953,-0.026447553,1,1.0,False,3
0.999124,0.9282023,-0.015106903,-0.3236941,0,1.0,False,3
1.017688,0.7332986,-0.021580786,-0.035813294,0,1.0,False,3
1.032354,0.5384927,-0.02229705,0.24998331,1,1.0,False,3
1.0431238,0.7339258,-0.017297385,-0.049648337,0,1.0,False,3
1.0578024,0.5390561,-0.018290352,0.23752731,1,1.0,False,3
1.0685835,0.73443455,-0.013539806,-0.06086835,0,1.0,False,3
1.0832722,0.5395093,-0.014757173,0.2275121,1,1.0,False,3
1.0940624,0.734839,-0.01020693,-0.06978899,1,1.0,False,3
1.1087592,0.9301058,-0.011602711,-0.3656747,0,1.0,False,3
1.1273613,0.73515064,-0.018916205,-0.07667276,0,1.0,False,3
1.1420643,0.5403049,-0.020449659,0.20998251,1,1.0,False,3
1.1528704,0.7357132,-0.016250009,-0.08908041,0,1.0,False,3
1.1675847,0.5408279,-0.018031618,0.19843166,1,1.0,False,3
1.1784012,0.7362031,-0.014062984,-0.099884436,0,1.0,False,3
1.1931252,0.54128546,-0.016060673,0.18832868,1,1.0,False,3
1.203951,0.7366334,-0.0122941,-0.10937716,0,1.0,False,3
1.2186837,0.5416898,-0.014481642,0.17940183,1,1.0,False,3
1.2295175,0.73701596,-0.010893606,-0.11781414,0,1.0,False,3
1.2442578,0.5420518,-0.013249889,0.17141213,1,1.0,False,3
1.2550988,0.73736084,-0.009821646,-0.1254211,0,1.0,False,3
1.2698461,0.5423809,-0.012330068,0.1641471,1,1.0,False,3
1.2806937,0.7376772,-0.009047126,-0.13239999,0,1.0,False,3
1.2954472,0.54268605,-0.011695126,0.15741502,1,1.0,False,3
1.3063009,0.73797345,-0.0085468255,-0.13893437,0,1.0,False,3
1.3210604,0.54297495,-0.011325513,0.15103996,1,1.0,False,3
1.3319199,0.7382572,-0.008304714,-0.1451943,1,1.0,False,3
1.346685,0.93349713,-0.0112086,-0.4404856,0,1.0,False,3
1.365355,0.7385356,-0.020018313,-0.1513569,0,1.0,False,3
1.3801256,0.5437059,-0.02304545,0.13494405,1,1.0,False,3
1.3909998,0.7391502,-0.020346569,-0.16491936,0,1.0,False,3
1.4057828,0.54432535,-0.023644958,0.12127597,1,1.0,False,3
1.4166694,0.739778,-0.021219438,-0.17877194,0,1.0,False,3
1.4314649,0.544966,-0.024794877,0.10714218,1,1.0,False,3
1.4423642,0.74043435,-0.022652032,-0.19325913,0,1.0,False,3
1.4571729,0.5456436,-0.026517216,0.09219284,1,1.0,False,3
1.4680858,0.7411354,-0.024673358,-0.2087369,0,1.0,False,3
1.4829085,0.5463748,-0.028848097,0.076061875,1,1.0,False,3
1.4938359,0.7418982,-0.02732686,-0.22558133,0,1.0,False,3
1.5086739,0.5471772,-0.031838484,0.05835796,1,1.0,False,3
1.5196174,0.74274087,-0.030671326,-0.24419777,0,1.0,False,3
1.5344722,0.54807013,-0.03555528,0.038655046,1,1.0,False,3
1.5454336,0.7436834,-0.034782182,-0.2650305,0,1.0,False,3
1.5603074,0.5490747,-0.04008279,0.01648207,1,1.0,False,3
1.5712888,0.7447479,-0.03975315,-0.28857315,0,1.0,False,3
1.5861838,0.5502147,-0.045524612,-0.008688252,0,1.0,False,3
1.5971881,0.35577422,-0.04569838,0.26929072,1,1.0,False,3
1.6043036,0.55151755,-0.040312562,-0.037448358,0,1.0,False,3
1.6153339,0.35699615,-0.04106153,0.24224797,1,1.0,False,3
1.6224738,0.55267984,-0.036216572,-0.06309886,0,1.0,False,3
1.6335274,0.35809535,-0.037478548,0.21794112,1,1.0,False,3
1.6406894,0.55373245,-0.033119727,-0.08632459,0,1.0,False,3
1.651764,0.35910052,-0.034846216,0.1957278,1,1.0,False,3
1.658946,0.5547032,-0.030931663,-0.10774074,0,1.0,False,3
1.6700401,0.3600378,-0.033086475,0.17502517,1,1.0,False,3
1.6772408,0.5556173,-0.029585974,-0.12790912,0,1.0,False,3
1.6883532,0.36093137,-0.032144155,0.15529492,1,1.0,False,3
1.6955718,0.55649847,-0.029038258,-0.14735293,0,1.0,False,3
1.7067018,0.36180413,-0.031985316,0.1360294,1,1.0,False,3
1.7139379,0.55736923,-0.029264728,-0.16657034,0,1.0,False,3
1.7250853,0.36267817,-0.032596134,0.11673865,1,1.0,False,3
1.7323388,0.5582516,-0.030261362,-0.18604729,0,1.0,False,3
1.7435038,0.36357543,-0.033982307,0.09693785,1,1.0,False,3
1.7507753,0.5591675,-0.03204355,-0.20626979,0,1.0,False,3
1.7619587,0.3645181,-0.036168948,0.07613527,1,1.0,False,3
1.7692491,0.5601394,-0.03464624,-0.22773612,0,1.0,False,3
1.7804519,0.36552927,-0.03920096,0.053819954,0,1.0,False,3
1.7877624,0.17099068,-0.038124565,0.3338815,1,1.0,False,3
1.7911823,0.36663392,-0.031446934,0.02942398,1,1.0,False,3
1.798515,0.5621924,-0.030858455,-0.27301258,0,1.0,False,3
1.8097588,0.36752403,-0.036318704,0.009779998,0,1.0,False,3
1.8171092,0.17294127,-0.036123104,0.29078633,1,1.0,False,3
1.8205681,0.36855918,-0.030307379,-0.013066992,0,1.0,False,3
1.8279393,0.17388469,-0.030568719,0.26990163,1,1.0,False,3
1.831417,0.36942923,-0.025170686,-0.032263946,0,1.0,False,3
1.8388056,0.1746771,-0.025815966,0.2523723,1,1.0,False,3
1.8422991,0.370158,-0.02076852,-0.048340384,0,1.0,False,3
1.8497022,0.1753399,-0.021735327,0.23771821,1,1.0,False,3
1.853209,0.37076554,-0.016980963,-0.06174065,1,1.0,False,3
1.8606243,0.56612676,-0.018215775,-0.35973245,0,1.0,False,3
1.8719469,0.37126845,-0.025410425,-0.07284857,0,1.0,False,3
1.8793722,0.17651983,-0.026867395,0.21171018,1,1.0,False,3
1.8829026,0.37201542,-0.022633193,-0.08932542,0,1.0,False,3
1.890343,0.17722507,-0.0244197,0.19613168,1,1.0,False,3
1.8938875,0.37268764,-0.020497067,-0.10415346,0,1.0,False,3
1.9013412,0.17786534,-0.022580136,0.18199289,1,1.0,False,3
1.9048985,0.373303,-0.01894028,-0.117726855,0,1.0,False,3
1.9123646,0.17845747,-0.021294815,0.1689209,1,1.0,False,3
1.9159337,0.37387764,-0.017916398,-0.13040312,0,1.0,False,3
1.9234113,0.17901687,-0.020524459,0.15657401,1,1.0,False,3
1.9269916,0.37442657,-0.01739298,-0.14251257,0,1.0,False,3
1.9344802,0.17955798,-0.020243231,0.14463282,1,1.0,False,3
1.9380714,0.3749639,-0.017350575,-0.1543671,0,1.0,False,3
1.9455706,0.18009463,-0.020437917,0.132792,1,1.0,False,3
1.9491725,0.37550327,-0.017782077,-0.1662681,0,1.0,False,3
1.9566826,0.18064032,-0.021107439,0.12075247,1,1.0,False,3
1.9602953,0.37605822,-0.01869239,-0.17851421,0,1.0,False,3
1.9678165,0.18120869,-0.022262674,0.10821379,1,1.0,False,3
1.9714407,0.37664247,-0.020098398,-0.19140893,0,1.0,False,3
1.9789735,0.18181372,-0.023926577,0.09486664,1,1.0,False,3
1.9826099,0.37727028,-0.022029243,-0.20526804,0,1.0,False,3
1.9901552,0.18247017,-0.026134605,0.080385156,1,1.0,False,3
1.9938046,0.37795684,-0.024526902,-0.2204274,0,1.0,False,3
2.0013638,0.1831939,-0.02893545,0.06441896,0,1.0,False,3
2.0050275,-0.011501495,-0.02764707,0.34783396,1,1.0,False,3
2.0047977,0.18400256,-0.02069039,0.046562754,1,1.0,False,3
2.0084777,0.379415,-0.019759135,-0.2525757,0,1.0,False,3
2.016066,0.18458068,-0.02481065,0.033809915,0,1.0,False,3
2.0197575,-0.010176856,-0.024134452,0.31856272,1,1.0,False,3
2.0195541,0.18528037,-0.017763197,0.018367432,0,1.0,False,3
2.0232596,-0.009582396,-0.017395848,0.30539337,1,1.0,False,3
2.023068,0.18578307,-0.011287982,0.0072753625,1,1.0,False,3
2.0267837,0.38106507,-0.011142474,-0.28894758,0,1.0,False,3
2.034405,0.18610378,-0.016921425,0.00020040326,0,1.0,False,3
2.038127,-0.008771457,-0.016917417,0.28749675,1,1.0,False,3
2.0379517,0.18658762,-0.0111674825,-0.010473409,1,1.0,False,3
2.0416834,0.38186792,-0.011376951,-0.30665877,0,1.0,False,3
2.0493207,0.18690993,-0.017510127,-0.01758546,0,1.0,False,3
2.0530589,-0.00795659,-0.017861836,0.2695218,1,1.0,False,3
2.0528998,0.18741564,-0.0124714,-0.028740915,1,1.0,False,3
2.056648,0.3827142,-0.013046218,-0.32533246,0,1.0,False,3
2.0643024,0.18778041,-0.019552868,-0.036792144,0,1.0,False,3
2.068058,-0.0070557683,-0.02028871,0.2496581,1,1.0,False,3
2.0679169,0.18834995,-0.015295548,-0.049354646,0,1.0,False,3
2.071684,-0.006549371,-0.016282642,0.23846343,1,1.0,False,3
2.071553,0.18880136,-0.011513373,-0.059310712,1,1.0,False,3
2.0753288,0.3840865,-0.012699587,-0.35560384,0,1.0,False,3
2.0830107,0.18914738,-0.019811664,-0.06695233,0,1.0,False,3
2.0867937,-0.0056850105,-0.02115071,0.21941465,1,1.0,False,3
2.08668,0.18973279,-0.016762419,-0.07986434,0,1.0,False,3
2.0904746,-0.0051449034,-0.018359704,0.20748322,1,1.0,False,3
2.0903716,0.1902347,-0.014210041,-0.090934254,0,1.0,False,3
2.0941763,-0.0046807164,-0.016028725,0.19723175,1,1.0,False,3
2.0940828,0.1906668,-0.01208409,-0.10046411,0,1.0,False,3
2.097896,-0.00427991,-0.014093373,0.18838196,1,1.0,False,3
2.0978105,0.19104081,-0.010325734,-0.108713344,0,1.0,False,3
2.1016314,-0.0039316663,-0.0125,0.18069406,1,1.0,False,3
2.1015527,0.19136691,-0.008886119,-0.11590581,0,1.0,False,3
2.10538,-0.003626604,-0.011204235,0.17396042,1,1.0,False,3
2.1053076,0.19165389,-0.007725027,-0.12223592,0,1.0,False,3
2.1091406,-0.0033565343,-0.010169745,0.16799986,1,1.0,False,3
2.1090734,0.19190949,-0.006809748,-0.1278739,0,1.0,False,3
2.1129117,-0.0031142412,-0.009367226,0.16265288,1,1.0,False,3
2.1128492,0.19214055,-0.006114168,-0.13297038,1,1.0,False,3
2.116692,0.38734955,-0.008773576,-0.42757595,0,1.0,False,3
2.124439,0.19235295,-0.017325094,-0.13767171,0,1.0,False,3
2.1282861,-0.0025166306,-0.020078529,0.14949547,1,1.0,False,3
2.1282358,0.192887,-0.01708862,-0.1494536,0,1.0,False,3
2.1320937,-0.0019861343,-0.02007769,0.13778962,1,1.0,False,3
2.1320539,0.19341755,-0.0173219,-0.16115928,0,1.0,False,3
2.1359222,-0.0014521923,-0.020545084,0.1260091,1,1.0,False,3
2.135893,0.19395797,-0.018024903,-0.17308411,0,1.0,False,3
2.1397724,-0.00090142887,-0.021486584,0.11385848,1,1.0,False,3
2.1397543,0.19452171,-0.019209415,-0.18552513,0,1.0,False,3
2.1436448,-0.00032020846,-0.022919917,0.10103659,1,1.0,False,3
2.1436384,0.1951226,-0.020899186,-0.19878848,0,1.0,False,3
2.1475408,0.00030569945,-0.024874955,0.08722914,1,1.0,False,3
2.147547,0.19577521,-0.023130372,-0.2131969,0,1.0,False,3
2.1514623,0.0009914662,-0.027394312,0.07210083,0,1.0,False,3
2.1514823,-0.19372725,-0.025952294,0.3560164,1,1.0,False,3
2.1476076,0.0017538811,-0.018831966,0.055264324,1,1.0,False,3
2.1476429,0.19714072,-0.01772668,-0.24330024,0,1.0,False,3
2.1515856,0.0022763992,-0.022592684,0.04373895,0,1.0,False,3
2.151631,-0.19251442,-0.021717906,0.3292089,1,1.0,False,3
2.147781,0.0029098617,-0.015133726,0.029757071,1,1.0,False,3
2.147839,0.19824554,-0.014538585,-0.26766202,0,1.0,False,3
2.151804,0.0033340554,-0.019891826,0.020400096,0,1.0,False,3
2.1518705,-0.19149706,-0.019483823,0.30674115,1,1.0,False,3
2.1480408,0.0038970308,-0.013349001,0.007977753,1,1.0,False,3
2.1481185,0.19920786,-0.013189446,-0.28888687,0,1.0,False,3
2.1521027,0.004276446,-0.018967183,-0.00039277485,0,1.0,False,3
2.1521883,-0.19056842,-0.018975038,0.28624594,1,1.0,False,3
2.148377,0.0048189275,-0.01325012,-0.012360651,0,1.0,False,3
2.1484733,-0.19011052,-0.013497333,0.27611244,1,1.0,False,3
2.1446712,0.005201374,-0.007975085,-0.020796819,1,1.0,False,3
2.1447752,0.20043679,-0.008391021,-0.31598526,0,1.0,False,3
2.148784,0.0054353527,-0.014710726,-0.025960352,0,1.0,False,3
2.1488926,-0.18947259,-0.015229933,0.26204512,1,1.0,False,3
2.1451032,0.0058634225,-0.009989031,-0.035402335,0,1.0,False,3
2.1452203,-0.18911387,-0.010697078,0.25411227,1,1.0,False,3
2.141438,0.006159173,-0.005614832,-0.0419254,0,1.0,False,3
2.1415613,-0.18888181,-0.00645334,0.24898072,1,1.0,False,3
2.1377835,0.006331699,-0.0014737255,-0.045730725,1,1.0,False,3
2.1379104,0.20147476,-0.00238834,-0.33887827,0,1.0,False,3
2.1419399,0.0063868663,-0.009165905,-0.04694944,0,1.0,False,3
2.1420674,-0.18860246,-0.010104894,0.24282753,1,1.0,False,3
2.1382954,0.0066623595,-0.0052483436,-0.053025536,0,1.0,False,3
2.1384287,-0.18838395,-0.006308854,0.23799689,1,1.0,False,3
2.134661,0.0068275644,-0.0015489165,-0.056669343,0,1.0,False,3
2.1347976,-0.18827215,-0.0026823033,0.23552449,1,1.0,False,3
2.1310322,0.0068880273,0.0020281863,-0.058003314,1,1.0,False,3
2.1311698,0.20198084,0.0008681201,-0.35004565,0,1.0,False,3
2.1352096,0.0068465527,-0.0061327927,-0.057089098,0,1.0,False,3
2.1353464,-0.18818693,-0.0072745746,0.23365259,1,1.0,False,3
2.1315827,0.007038202,-0.0026015227,-0.061316058,0,1.0,False,3
2.1317234,-0.18804635,-0.003827844,0.23054494,1,1.0,False,3
2.1279626,0.007130087,0.00078305474,-0.063342966,0,1.0,False,3
2.1281052,-0.18800308,-0.0004838045,0.22958691,1,1.0,False,3
2.124345,0.007125779,0.004107934,-0.063248575,1,1.0,False,3
2.1244876,0.2021886,0.0028429623,-0.3546326,0,1.0,False,3
2.1285315,0.0070263334,-0.0042496896,-0.061054565,0,1.0,False,3
2.128672,-0.18803443,-0.0054707807,0.23028453,1,1.0,False,3
2.1249113,0.0071652685,-0.0008650902,-0.06411903,0,1.0,False,3
2.1250546,-0.18794426,-0.0021474708,0.22829083,1,1.0,False,3
2.1212957,0.007208305,0.0024183458,-0.065068714,0,1.0,False,3
2.1214397,-0.18794824,0.0011169714,0.22837624,1,1.0,False,3
2.1176808,0.007157736,0.005684496,-0.06395415,1,1.0,False,3
2.117824,0.20219773,0.004405413,-0.3548382,0,1.0,False,3
2.121868,0.0070134145,-0.0026913506,-0.060769364,0,1.0,False,3
2.1220083,-0.18806985,-0.003906738,0.23106322,1,1.0,False,3
2.1182468,0.0071077123,0.00071452634,-0.06284947,0,1.0,False,3
2.118389,-0.18802448,-0.0005424631,0.2300588,1,1.0,False,3
2.1146286,0.0071052224,0.004058713,-0.062795185,1,1.0,False,3
2.1147707,0.20216875,0.0028028095,-0.3541948,0,1.0,False,3
2.118814,0.007007055,-0.0042810864,-0.060629386,0,1.0,False,3
2.1189542,-0.18805325,-0.0054936744,0.23069976,1,1.0,False,3
2.1151931,0.007146767,-0.00087967905,-0.06371099,0,1.0,False,3
2.115336,-0.18796256,-0.0021538988,0.22869428,1,1.0,False,3
2.1115768,0.007190104,0.0024199865,-0.0646673,0,1.0,False,3
2.1117206,-0.18796647,0.0011266407,0.22877817,1,1.0,False,3
2.1079612,0.007139373,0.005702204,-0.06354916,1,1.0,False,3
2.108104,0.2021791,0.0044312207,-0.35442758,0,1.0,False,3
2.1121476,0.0069944295,-0.0026573306,-0.060350653,0,1.0,False,3
2.1122875,-0.18808933,-0.0038643437,0.23149268,1,1.0,False,3
2.1085258,0.0070876353,0.00076551,-0.062406678,0,1.0,False,3
2.1086674,-0.18804528,-0.0004826235,0.23051767,1,1.0,False,3
2.1049066,0.0070835613,0.00412773,-0.06231745,0,1.0,False,3
2.1050482,-0.18809733,0.002881381,0.23166494,1,1.0,False,3
2.1012862,0.006983333,0.00751468,-0.06010771,1,1.0,False,3
2.101426,0.20199674,0.0063125254,-0.35041025,0,1.0,False,3
2.105466,0.0067855828,-0.0006956797,-0.055743497,0,1.0,False,3
2.1056015,-0.18832639,-0.0018105496,0.23671986,1,1.0,False,3
2.101835,0.0068213847,0.0029238476,-0.05653362,0,1.0,False,3
2.1019714,-0.18834236,0.0017931751,0.23707037,1,1.0,False,3
2.0982046,0.0067539196,0.0065345825,-0.055046402,1,1.0,False,3
2.0983396,0.20178157,0.0054336544,-0.34566048,0,1.0,False,3
2.1023753,0.0065827467,-0.001479555,-0.051269077,0,1.0,False,3
2.1025069,-0.18851796,-0.0025049367,0.24094667,1,1.0,False,3
2.0987365,0.006639686,0.0023139967,-0.05252533,0,1.0,False,3
2.0988693,-0.18851537,0.0012634902,0.24088678,1,1.0,False,3
2.095099,0.006588511,0.006081226,-0.051397335,1,1.0,False,3
2.0952308,0.20162274,0.005053279,-0.3421554,0,1.0,False,3
2.0992634,0.006429259,-0.0017898289,-0.04788326,0,1.0,False,3
2.099392,-0.18866698,-0.002747494,0.24423443,1,1.0,False,3
2.0956185,0.006494105,0.0021371944,-0.049313866,0,1.0,False,3
2.0957484,-0.18865843,0.0011509171,0.2440426,1,1.0,False,3
2.0919752,0.006447067,0.0060317693,-0.048277076,1,1.0,False,3
2.0921042,0.20148201,0.0050662276,-0.33905083,0,1.0,False,3
2.096134,0.006288338,-0.0017147893,-0.044774625,0,1.0,False,3
2.0962596,-0.18880898,-0.0026102818,0.24736677,1,1.0,False,3
2.0924835,0.0063501513,0.0023370537,-0.04613835,0,1.0,False,3
2.0926104,-0.18880524,0.0014142868,0.24728103,1,1.0,False,3
2.0888343,0.0062964903,0.0063599073,-0.04495547,1,1.0,False,3
2.0889602,0.20132667,0.005460798,-0.33562502,0,1.0,False,3
2.0929868,0.0061274297,-0.0012517025,-0.04122506,0,1.0,False,3
2.0931094,-0.18897656,-0.0020762037,0.2510627,1,1.0,False,3
2.0893297,0.0061749876,0.0029450497,-0.0422744,0,1.0,False,3
2.0894532,-0.18898907,0.0020995617,0.25133625,1,1.0,False,3
2.0856736,0.006102836,0.007126287,-0.040683683,1,1.0,False,3
2.0857956,0.20112188,0.0063126134,-0.3311097,0,1.0,False,3
2.089818,0.0059106397,-0.00030958085,-0.03644279,0,1.0,False,3
2.0899363,-0.18920687,-0.0010384367,0.25614244,1,1.0,False,3
2.086152,0.0059298915,0.0040844125,-0.03686784,0,1.0,False,3
2.0862708,-0.1892504,0.0033470555,0.25710097,1,1.0,False,3
2.0824857,0.005823614,0.008489074,-0.03452438,1,1.0,False,3
2.0826023,0.2008228,0.007798587,-0.32451686,0,1.0,False,3
2.0866187,0.005590687,0.0013082495,-0.029384837,0,1.0,False,3
2.0867305,-0.18955,0.00072055275,0.26371056,1,1.0,False,3
2.0829394,0.005561658,0.005994764,-0.028745001,1,1.0,False,3
2.0830507,0.20059712,0.0054198643,-0.3195305,0,1.0,False,3
2.0870626,0.005398411,-0.00097074587,-0.02514329,0,1.0,False,3
2.0871706,-0.1897096,-0.0014736117,0.2672332,1,1.0,False,3
2.0833764,0.005433345,0.0038710523,-0.025914153,1,1.0,False,3
2.0834851,0.20049956,0.0033527692,-0.31737322,0,1.0,False,3
2.087495,0.0053300248,-0.002994695,-0.023634827,0,1.0,False,3
2.0876017,-0.18974885,-0.0034673915,0.26810175,1,1.0,False,3
2.0838068,0.0054224115,0.0018946432,-0.02567281,0,1.0,False,3
2.0839152,-0.18972667,0.001381187,0.2676073,1,1.0,False,3
2.0801206,0.005375553,0.0067333328,-0.024639674,1,1.0,False,3
2.080228,0.2004003,0.0062405393,-0.31519058,0,1.0,False,3
2.0842361,0.005190012,-6.327207e-05,-0.020546142,0,1.0,False,3
2.0843399,-0.18993104,-0.0004741949,0.2721168,1,1.0,False,3
2.0805414,0.005197683,0.0049681417,-0.02071563,1,1.0,False,3
2.0806453,0.20024803,0.004553829,-0.3118269,0,1.0,False,3
2.0846503,0.005061504,-0.0016827094,-0.017711338,0,1.0,False,3
2.0847514,-0.19003628,-0.0020369363,0.2744402,1,1.0,False,3
2.0809507,0.0051146797,0.0034518677,-0.018884486,1,1.0,False,3
2.081053,0.20018695,0.003074178,-0.3104763,0,1.0,False,3
2.0850568,0.0050213425,-0.0031353482,-0.016825465,0,1.0,False,3
2.0851572,-0.1900555,-0.0034718574,0.27486658,1,1.0,False,3
2.081356,0.0051158103,0.002025474,-0.018909356,1,1.0,False,3
2.0814583,0.20020865,0.0016472869,-0.31095254,0,1.0,False,3
2.0854626,0.005063274,-0.004571764,-0.017750556,0,1.0,False,3
2.085564,-0.18999282,-0.0049267747,0.27348644,1,1.0,False,3
2.081764,0.0051990855,0.00054295367,-0.020746337,0,1.0,False,3
2.081868,-0.18993065,0.00012802689,0.27210784,1,1.0,False,3
2.0780692,0.005189476,0.005570184,-0.020534696,1,1.0,False,3
2.0781732,0.2002311,0.00515949,-0.31145498,0,1.0,False,3
2.0821776,0.005036028,-0.0010696095,-0.017149374,0,1.0,False,3
2.0822785,-0.19007057,-0.001412597,0.2751959,1,1.0,False,3
2.0784771,0.0050715096,0.0040913206,-0.01793224,1,1.0,False,3
2.0785785,0.20013455,0.003732676,-0.3093215,0,1.0,False,3
2.0825813,0.004959613,-0.0024537542,-0.015463736,0,1.0,False,3
2.0826805,-0.19012706,-0.002763029,0.276444,1,1.0,False,3
2.078878,0.0050341995,0.0027658509,-0.017109111,1,1.0,False,3
2.0789785,0.20011638,0.0024236687,-0.3089181,0,1.0,False,3
2.0829809,0.0049599754,-0.0037546933,-0.015471799,0,1.0,False,3
2.08308,-0.19010793,-0.004064129,0.2760241,1,1.0,False,3
2.0792778,0.00507177,0.0014563531,-0.017937863,0,1.0,False,3
2.0793793,-0.19007103,0.0010975958,0.2752042,1,1.0,False,3
2.075578,0.0050352374,0.00660168,-0.017132338,1,1.0,False,3
2.0756786,0.20006189,0.006259033,-0.30772507,0,1.0,False,3
2.0796797,0.004851319,0.00010453177,-0.013074798,0,1.0,False,3
2.0797768,-0.19027214,-0.00015696419,0.27964112,1,1.0,False,3
2.0759714,0.0048520584,0.005435858,-0.01309132,1,1.0,False,3
2.0760684,0.19989564,0.0051740315,-0.30405423,0,1.0,False,3
2.0800664,0.004700328,-0.0009070529,-0.009744029,0,1.0,False,3
2.0801604,-0.1904086,-0.0011019335,0.2826526,1,1.0,False,3
2.0763521,0.0047290483,0.004551118,-0.010377694,1,1.0,False,3
2.0764468,0.19978544,0.004343564,-0.30162123,0,1.0,False,3
2.0804424,0.0046018474,-0.0016888604,-0.0075715957,0,1.0,False,3
2.0805345,-0.19049585,-0.0018402922,0.284578,1,1.0,False,3
2.0767245,0.0046523074,0.0038512677,-0.008684778,1,1.0,False,3
2.0768178,0.19971882,0.0036775721,-0.3001501,0,1.0,False,3
2.080812,0.0045446386,-0.0023254298,-0.006309611,0,1.0,False,3
2.0809028,-0.19054389,-0.0024516222,0.28563872,1,1.0,False,3
2.077092,0.0046129446,0.0032611522,-0.007816433,1,1.0,False,3
2.0771842,0.19968797,0.0031048234,-0.29946864,0,1.0,False,3
2.081178,0.0045219054,-0.0028845496,-0.005808136,0,1.0,False,3
2.0812685,-0.19055855,-0.0030007123,0.2859633,1,1.0,False,3
2.0774574,0.004606059,0.0027185536,-0.00766453,1,1.0,False,3
2.0775495,0.19968891,0.002565263,-0.29948848,0,1.0,False,3
2.0815432,0.0045304946,-0.0034245066,-0.005997625,0,1.0,False,3
2.0816338,-0.19054218,-0.0035444591,0.28560287,1,1.0,False,3
2.077823,0.0046301447,0.002167598,-0.008195849,1,1.0,False,3
2.0779157,0.19972095,0.0020036811,-0.30019408,0,1.0,False,3
2.0819101,0.0045704893,-0.0040002004,-0.006879911,0,1.0,False,3
2.0820014,-0.19049387,-0.0041377987,0.28453824,1,1.0,False,3
2.0781915,0.0046868557,0.0015529657,-0.00944686,1,1.0,False,3
2.0782852,0.1997865,0.0013640285,-0.3016394,0,1.0,False,3
2.082281,0.0046451353,-0.0046687596,-0.008526603,0,1.0,False,3
2.0823739,-0.19040956,-0.004839292,0.28267962,1,1.0,False,3
2.0785658,0.0047810916,0.0008143009,-0.011525654,0,1.0,False,3
2.0786614,-0.19035253,0.0005837878,0.2814141,1,1.0,False,3
2.0748544,0.0047610905,0.0062120697,-0.011084662,1,1.0,False,3
2.0749495,0.1997934,0.005990376,-0.30180115,0,1.0,False,3
2.0789454,0.004586589,-4.5646775e-05,-0.007235022,0,1.0,False,3
2.0790372,-0.19053471,-0.00019034721,0.2854335,1,1.0,False,3
2.0752265,0.0045899577,0.005518323,-0.007309452,1,1.0,False,3
2.0753183,0.19963233,0.0053721336,-0.29824618,0,1.0,False,3
2.079311,0.00443422,-0.0005927899,-0.0038738374,0,1.0,False,3
2.0793996,-0.19067922,-0.0006702667,0.288622,1,1.0,False,3
2.075586,0.004452278,0.0051021734,-0.004272249,1,1.0,False,3
2.075675,0.19950068,0.0050167283,-0.295341,0,1.0,False,3
2.079665,0.0043075755,-0.0008900921,-0.0010801273,0,1.0,False,3
2.0797513,-0.1908016,-0.00091169466,0.29132184,1,1.0,False,3
2.0759351,0.0043333396,0.004914742,-0.0016484931,1,1.0,False,3
2.076022,0.19938447,0.004881772,-0.2927767,0,1.0,False,3
2.0800095,0.0041932496,-0.0009737622,0.0014418506,1,1.0,False,3
2.0800934,0.19932915,-0.0009449252,-0.29154816,0,1.0,False,3
2.08408,0.0042206873,-0.006775888,0.0008366083,0,1.0,False,3
2.0841644,-0.19080344,-0.006759156,0.29137397,1,1.0,False,3
2.0803483,0.004414236,-0.0009316764,-0.0034330145,0,1.0,False,3
2.0804365,-0.19069435,-0.0010003367,0.2889558,1,1.0,False,3
2.0766227,0.004441861,0.0047787796,-0.004042444,1,1.0,False,3
2.0767117,0.19949496,0.0046979305,-0.2952138,0,1.0,False,3
2.0807014,0.004306342,-0.001206345,-0.0010529128,0,1.0,False,3
2.0807877,-0.19079828,-0.0012274033,0.29124916,1,1.0,False,3
2.0769715,0.004341143,0.0045975796,-0.0018206289,1,1.0,False,3
2.0770583,0.19939686,0.004561167,-0.29304942,0,1.0,False,3
2.0810463,0.0042101727,-0.0012998213,0.0010685357,1,1.0,False,3
2.0811305,0.19935074,-0.0012784506,-0.29202422,0,1.0,False,3
2.0851176,0.0042470414,-0.0071189348,0.00025522857,0,1.0,False,3
2.0852025,-0.1907721,-0.00711383,0.29068357,1,1.0,False,3
2.081387,0.004450567,-0.0013001589,-0.0042344606,0,1.0,False,3
2.081476,-0.19065271,-0.0013848481,0.28803796,1,1.0,False,3
2.077663,0.0044889585,0.0043759113,-0.0050814063,1,1.0,False,3
2.0777528,0.19954789,0.004274283,-0.29638046,0,1.0,False,3
2.0817437,0.004365258,-0.0016533264,-0.0023525788,0,1.0,False,3
2.081831,-0.19073294,-0.001700378,0.28980824,1,1.0,False,3
2.0780165,0.004413213,0.0040957867,-0.0034104774,1,1.0,False,3
2.0781047,0.19947618,0.0040275776,-0.2947983,0,1.0,False,3
2.0820942,0.0042970474,-0.0018683891,-0.0008478863,0,1.0,False,3
2.0821803,-0.19079806,-0.0018853468,0.29124495,1,1.0,False,3
2.0783641,0.004350724,0.003939552,-0.00203199,1,1.0,False,3
2.0784512,0.19941595,0.0038989126,-0.29346934,0,1.0,False,3
2.0824394,0.0042386334,-0.0019704744,0.00044069404,0,1.0,False,3
2.0825243,-0.190855,-0.0019616606,0.29250127,1,1.0,False,3
2.0787072,0.004294863,0.0038883646,-0.0007997015,1,1.0,False,3
2.078793,0.19936083,0.0038723708,-0.29225326,0,1.0,False,3
2.0827804,0.0041838847,-0.0019726946,0.0016484332,0,1.0,False,3
2.082864,-0.19090971,-0.0019397261,0.2937083,1,1.0,False,3
2.0790458,0.004239833,0.0039344397,0.00041424108,1,1.0,False,3
2.0791306,0.19930513,0.003942725,-0.29102474,0,1.0,False,3
2.0831168,0.004127191,-0.0018777698,0.0028990738,1,1.0,False,3
2.0831993,0.19927602,-0.0018197884,-0.2903757,0,1.0,False,3
2.0871847,0.0041800663,-0.007627303,0.0017327105,0,1.0,False,3
2.0872684,-0.19083168,-0.0075926487,0.2919994,1,1.0,False,3
2.0834517,0.0043977094,-0.0017526605,-0.003068444,0,1.0,False,3
2.0835397,-0.19069906,-0.0018140293,0.28906098,1,1.0,False,3
2.0797257,0.0044487095,0.00396719,-0.004193519,1,1.0,False,3
2.0798147,0.19951354,0.00388332,-0.2956221,0,1.0,False,3
2.0838048,0.004336445,-0.0020291223,-0.0017169826,0,1.0,False,3
2.0838916,-0.19075635,-0.002063462,0.29032505,1,1.0,False,3
2.0800765,0.0043949666,0.0037430387,-0.0030079633,1,1.0,False,3
2.0801644,0.19946304,0.0036828795,-0.29450756,0,1.0,False,3
2.0841537,0.0042887744,-0.0022072718,-0.0006653959,0,1.0,False,3
2.0842395,-0.19080146,-0.0022205797,0.2913203,1,1.0,True,3
0.040560428,-0.04227732,-0.022743024,0.012185048,0,1.0,False,4
0.03971488,-0.23706585,-0.022499323,0.2976064,0,1.0,False,4
0.034973565,-0.43185997,-0.016547196,0.5831094,0,1.0,False,4
0.026336364,-0.62674624,-0.0048850076,0.8705341,0,1.0,False,4
0.013801441,-0.8218014,0.012525675,1.1616772,1,1.0,False,4
-0.0026345877,-0.6268448,0.035759218,0.8729477,1,1.0,False,4
-0.015171484,-0.4322269,0.05321817,0.5917184,1,1.0,False,4
-0.023816021,-0.23788878,0.06505254,0.31626272,0,1.0,False,4
-0.028573798,-0.4338741,0.07137779,0.62873083,1,1.0,False,4
-0.03725128,-0.23981707,0.08395241,0.35935372,1,1.0,False,4
-0.04204762,-0.04598263,0.09113949,0.09427911,0,1.0,False,4
-0.042967275,-0.24228466,0.093025066,0.41426802,1,1.0,False,4
-0.047812965,-0.048595876,0.10131043,0.15230095,1,1.0,False,4
-0.048784886,0.1449405,0.104356445,-0.10678072,0,1.0,False,4
-0.045886073,-0.051510107,0.10222083,0.21691723,1,1.0,False,4
-0.046916276,0.14201328,0.10655918,-0.041851945,1,1.0,False,4
-0.04407601,0.33545864,0.10572214,-0.29910496,0,1.0,False,4
-0.037366837,0.13900101,0.099740036,0.02496053,1,1.0,False,4
-0.034586817,0.33256164,0.10023925,-0.23466247,0,1.0,False,4
-0.027935585,0.13616103,0.095546,0.087880656,1,1.0,False,4
-0.025212364,0.3297928,0.097303614,-0.17319445,0,1.0,False,4
-0.018616509,0.13342261,0.09383973,0.14852963,1,1.0,False,4
-0.015948055,0.32708424,0.09681032,-0.113136336,1,1.0,False,4
-0.009406371,0.5206953,0.09454759,-0.37377527,0,1.0,False,4
0.0010075354,0.3243664,0.08707208,-0.05284156,1,1.0,False,4
0.007494863,0.5181389,0.086015254,-0.31683236,0,1.0,False,4
0.017857641,0.32190382,0.07967861,0.00168933,1,1.0,False,4
0.024295717,0.51579803,0.07971239,-0.26482847,0,1.0,False,4
0.03461168,0.31963417,0.074415825,0.051893584,1,1.0,False,4
0.041004363,0.5136146,0.0754537,-0.21641366,0,1.0,False,4
0.051276654,0.3174996,0.071125425,0.09908415,1,1.0,False,4
0.057626646,0.5115339,0.07310711,-0.17033821,0,1.0,False,4
0.067857325,0.31544584,0.06970034,0.14448257,1,1.0,False,4
0.07416624,0.50950396,0.07258999,-0.12542252,1,1.0,False,4
0.08435632,0.703515,0.07008154,-0.3943499,0,1.0,False,4
0.09842662,0.5074722,0.062194545,-0.08042048,1,1.0,False,4
0.10857607,0.70165,0.060586136,-0.35285062,0,1.0,False,4
0.122609064,0.5057212,0.05352912,-0.041695196,1,1.0,False,4
0.13272348,0.7000363,0.05269522,-0.31702033,0,1.0,False,4
0.14672421,0.5042049,0.04635481,-0.008195813,1,1.0,False,4
0.15680832,0.69863254,0.046190895,-0.28590044,0,1.0,False,4
0.17078096,0.50288326,0.040472887,0.02098552,1,1.0,False,4
0.18083863,0.6974021,0.040892597,-0.25865805,0,1.0,False,4
0.19478667,0.50172096,0.035719436,0.046637382,1,1.0,False,4
0.2048211,0.696313,0.036652185,-0.2345652,0,1.0,False,4
0.21874735,0.50068706,0.03196088,0.06944996,1,1.0,False,4
0.22876109,0.6953366,0.03334988,-0.21298029,0,1.0,False,4
0.24266782,0.49975407,0.029090272,0.090033375,1,1.0,False,4
0.2526629,0.6944472,0.03089094,-0.19333148,0,1.0,False,4
0.26655185,0.49889734,0.02702431,0.10893394,1,1.0,False,4
0.2765298,0.6936218,0.02920299,-0.17510195,0,1.0,False,4
0.29040223,0.49809435,0.025700951,0.12664863,1,1.0,False,4
0.3003641,0.69283885,0.028233923,-0.15781641,0,1.0,False,4
0.3142209,0.49732432,0.025077594,0.14363822,1,1.0,False,4
0.32416737,0.6920783,0.02795036,-0.14102888,0,1.0,False,4
0.33800894,0.49656743,0.025129782,0.16033922,1,1.0,False,4
0.3479403,0.6913208,0.028336566,-0.12431117,0,1.0,False,4
0.36176673,0.49580455,0.025850343,0.17717524,1,1.0,False,4
0.3716828,0.6905472,0.029393848,-0.107241996,0,1.0,False,4
0.38549376,0.49501663,0.027249007,0.19456771,1,1.0,False,4
0.3953941,0.68973845,0.031140361,-0.08939631,0,1.0,False,4
0.40918884,0.4941843,0.029352436,0.21294647,1,1.0,False,4
0.41907254,0.68887454,0.033611365,-0.07033474,0,1.0,False,4
0.43285003,0.49328724,0.03220467,0.23276038,1,1.0,False,4
0.44271576,0.6879346,0.036859877,-0.0495927,1,1.0,False,4
0.45647445,0.8825092,0.035868023,-0.33042195,0,1.0,False,4
0.47412464,0.6868955,0.029259585,-0.026647203,1,1.0,False,4
0.48786256,0.88158584,0.028726641,-0.3099567,0,1.0,False,4
0.5054943,0.6860666,0.022527507,-0.008354414,0,1.0,False,4
0.5192156,0.490629,0.022360418,0.29135022,1,1.0,False,4
0.5290282,0.6854251,0.028187422,0.005802525,1,1.0,False,4
0.5427367,0.88013166,0.028303474,-0.27785537,0,1.0,False,4
0.56033933,0.68461764,0.022746366,0.023618385,1,1.0,False,4
0.57403165,0.8794061,0.023218734,-0.2618019,0,1.0,False,4
0.5916198,0.68396056,0.017982695,0.03811311,1,1.0,False,4
0.605299,0.87882006,0.018744959,-0.24884228,0,1.0,False,4
0.6228754,0.6834355,0.013768112,0.049693763,1,1.0,False,4
0.6365441,0.87835735,0.014761987,-0.2386136,0,1.0,False,4
0.65411127,0.6830277,0.009989715,0.05868888,1,1.0,False,4
0.6677718,0.87800497,0.011163493,-0.23082556,0,1.0,False,4
0.68533194,0.6827253,0.006546982,0.06535771,1,1.0,False,4
0.6989864,0.8777528,0.007854136,-0.22525243,0,1.0,False,4
0.71654147,0.68251944,0.0033490872,0.0698976,1,1.0,False,4
0.7301919,0.8775932,0.004747039,-0.2217268,0,1.0,False,4
0.7477437,0.68240374,0.00031250328,0.07244975,1,1.0,False,4
0.7613918,0.8775212,0.0017614983,-0.22013457,0,1.0,False,4
0.7789422,0.6823741,-0.002641193,0.07310349,1,1.0,False,4
0.7925897,0.87753385,-0.0011791233,-0.22041157,0,1.0,False,4
0.8101404,0.6824288,-0.005587355,0.071899176,1,1.0,False,4
0.82378894,0.87763035,-0.0041493713,-0.22254133,0,1.0,False,4
0.84134156,0.68256795,-0.008600198,0.06882983,1,1.0,False,4
0.8549929,0.87781215,-0.0072236015,-0.22655405,0,1.0,False,4
0.8725492,0.6827942,-0.011754682,0.06384156,1,1.0,False,4
0.8862051,0.8780827,-0.010477851,-0.23252673,0,1.0,False,4
0.9037667,0.683112,-0.015128386,0.056832798,1,1.0,False,4
0.917429,0.8784476,-0.01399173,-0.2405846,0,1.0,False,4
0.9349979,0.68352824,-0.018803421,0.047652323,1,1.0,False,4
0.9486685,0.8789147,-0.017850375,-0.25090343,0,1.0,False,4
0.9662468,0.68405217,-0.022868445,0.036096103,1,1.0,False,4
0.97992784,0.8794944,-0.022146523,-0.26371342,0,1.0,False,4
0.9975177,0.6846955,-0.02742079,0.021902805,0,1.0,False,4
1.0112116,0.4899773,-0.026982734,0.3058096,1,1.0,False,4
1.0210111,0.68547314,-0.020866543,0.004740589,0,1.0,False,4
1.0347207,0.49065658,-0.02077173,0.29076752,1,1.0,False,4
1.0445337,0.6860685,-0.01495638,-0.0083935205,1,1.0,False,4
1.0582551,0.8814017,-0.015124251,-0.30575758,0,1.0,False,4
1.0758832,0.68649846,-0.021239404,-0.01788259,0,1.0,False,4
1.0896131,0.49168748,-0.021597054,0.26802412,1,1.0,False,4
1.0994469,0.6871109,-0.016236572,-0.031391677,0,1.0,False,4
1.1131891,0.4922255,-0.016864406,0.25612453,1,1.0,False,4
1.1230336,0.6875841,-0.011741915,-0.041829623,1,1.0,False,4
1.1367853,0.88287246,-0.012578508,-0.33819398,0,1.0,False,4
1.1544428,0.6879317,-0.019342387,-0.04950402,0,1.0,False,4
1.1682013,0.4930924,-0.020332467,0.23701401,1,1.0,False,4
1.1780633,0.68849885,-0.015592188,-0.062012408,0,1.0,False,4
1.1918331,0.4936039,-0.016832436,0.22571059,1,1.0,False,4
1.2017052,0.6889623,-0.012318224,-0.072234035,0,1.0,False,4
1.2154845,0.4940191,-0.013762904,0.21653712,1,1.0,False,4
1.2253649,0.68933505,-0.009432162,-0.08045525,0,1.0,False,4
1.2391516,0.49434957,-0.011041267,0.20923693,1,1.0,False,4
1.2490386,0.68962765,-0.0068565286,-0.08690838,1,1.0,False,4
1.2628311,0.8848472,-0.008594696,-0.38174665,0,1.0,False,4
1.2805281,0.68984836,-0.01622963,-0.09178595,0,1.0,False,4
1.2943251,0.49496272,-0.018065348,0.19573267,1,1.0,False,4
1.3042243,0.6903384,-0.014150695,-0.1025939,0,1.0,False,4
1.3180311,0.49542204,-0.016202573,0.18559116,1,1.0,False,4
1.3279395,0.69077206,-0.012490749,-0.1121587,0,1.0,False,4
1.3417549,0.49583128,-0.014733924,0.17655745,1,1.0,False,4
1.3516716,0.6911609,-0.011202775,-0.12073688,1,1.0,False,4
1.3654948,0.8864416,-0.013617512,-0.41693303,0,1.0,False,4
1.3832237,0.69151527,-0.021956172,-0.12857404,0,1.0,False,4
1.397054,0.4967146,-0.024527654,0.15710191,1,1.0,False,4
1.4069883,0.69217896,-0.021385616,-0.14321688,0,1.0,False,4
1.4208318,0.4973697,-0.024249952,0.1426433,1,1.0,False,4
1.4307792,0.69283044,-0.021397086,-0.15759034,0,1.0,False,4
1.4446359,0.49802125,-0.024548894,0.12826626,1,1.0,False,4
1.4545963,0.6934861,-0.021983568,-0.17205934,0,1.0,False,4
1.4684659,0.4986856,-0.025424756,0.11360819,1,1.0,False,4
1.4784397,0.6941624,-0.023152592,-0.1869864,0,1.0,False,4
1.4923229,0.49937928,-0.02689232,0.0983038,1,1.0,False,4
1.5023105,0.69487613,-0.024926243,-0.20274082,0,1.0,False,4
1.516208,0.5001193,-0.02898106,0.08197602,1,1.0,False,4
1.5262104,0.6956445,-0.027341539,-0.21970777,0,1.0,False,4
1.5401233,0.5009238,-0.031735696,0.06422664,1,1.0,False,4
1.5501418,0.69648606,-0.030451162,-0.23829775,0,1.0,False,4
1.5640715,0.5018121,-0.035217118,0.044626605,1,1.0,False,4
1.5741078,0.6974209,-0.034324586,-0.25895634,0,1.0,False,4
1.5880562,0.50280535,-0.039503712,0.022705588,0,1.0,False,4
1.5981122,0.3082715,-0.0390496,0.3026676,1,1.0,False,4
1.6042777,0.5039276,-0.03299625,-0.0020704942,1,1.0,False,4
1.6143563,0.6995069,-0.03303766,-0.30497882,0,1.0,False,4
1.6283464,0.5048709,-0.039137233,-0.022895517,0,1.0,False,4
1.6384438,0.31033143,-0.039595146,0.25718683,1,1.0,False,4
1.6446505,0.5059957,-0.03445141,-0.047717407,0,1.0,False,4
1.6547704,0.31138423,-0.035405755,0.23389982,1,1.0,False,4
1.660998,0.5069937,-0.03072776,-0.06973762,0,1.0,False,4
1.6711379,0.31232545,-0.03212251,0.21309437,1,1.0,False,4
1.6773844,0.5078916,-0.027860625,-0.08954589,0,1.0,False,4
1.6875422,0.31317982,-0.029651543,0.19421843,1,1.0,False,4
1.6938058,0.5087131,-0.025767174,-0.10766884,0,1.0,False,4
1.7039801,0.3139697,-0.027920552,0.17677459,1,1.0,False,4
1.7102596,0.5094799,-0.02438506,-0.12458393,0,1.0,False,4
1.7204491,0.3147156,-0.026876738,0.16030712,1,1.0,False,4
1.7267435,0.5102118,-0.023670595,-0.1407321,0,1.0,False,4
1.7369477,0.31543672,-0.026485236,0.14439018,1,1.0,False,4
1.7432563,0.5109278,-0.023597434,-0.15652929,0,1.0,False,4
1.753475,0.3161515,-0.02672802,0.1286168,1,1.0,False,4
1.7597979,0.5116459,-0.024155684,-0.17237723,0,1.0,False,4
1.7700309,0.31687787,-0.027603228,0.112588525,1,1.0,False,4
1.7763685,0.51238424,-0.025351457,-0.18867366,0,1.0,False,4
1.7866161,0.31763402,-0.02912493,0.09590533,1,1.0,False,4
1.7929689,0.513161,-0.027206825,-0.20582233,0,1.0,False,4
1.8032321,0.3184385,-0.031323273,0.07815556,1,1.0,False,4
1.8096008,0.5139952,-0.02976016,-0.22424307,0,1.0,False,4
1.8198807,0.3193109,-0.03424502,0.05890579,0,1.0,False,4
1.8262669,0.12469626,-0.033066906,0.3405905,1,1.0,False,4
1.8287609,0.3202727,-0.026255095,0.037666317,1,1.0,False,4
1.8351663,0.51576114,-0.025501769,-0.26318336,0,1.0,False,4
1.8454815,0.3210123,-0.030765437,0.021348197,0,1.0,False,4
1.8519018,0.12634476,-0.030338472,0.30416772,1,1.0,False,4
1.8544286,0.32188565,-0.024255117,0.002073235,0,1.0,False,4
1.8608664,0.12711978,-0.024213653,0.28700578,1,1.0,False,4
1.8634088,0.32257852,-0.018473538,-0.013214518,1,1.0,False,4
1.8698603,0.5179605,-0.018737828,-0.31166834,0,1.0,False,4
1.8802196,0.32311043,-0.024971195,-0.024953166,0,1.0,False,4
1.8866818,0.12835531,-0.025470259,0.25974765,1,1.0,False,4
1.8892488,0.32383144,-0.020275306,-0.040858872,0,1.0,False,4
1.8957255,0.129006,-0.021092482,0.24535868,1,1.0,False,4
1.8983057,0.32442278,-0.01618531,-0.053901996,0,1.0,False,4
1.9047941,0.12953658,-0.01726335,0.23363072,1,1.0,False,4
1.9073848,0.3249009,-0.012590735,-0.06444725,0,1.0,False,4
1.9138829,0.1299617,-0.01387968,0.22423679,1,1.0,False,4
1.9164821,0.32527924,-0.009394944,-0.072791815,1,1.0,False,4
1.9229876,0.52053463,-0.010850781,-0.36842403,0,1.0,False,4
1.9333984,0.3255685,-0.01821926,-0.07918214,0,1.0,False,4
1.9399097,0.13071242,-0.019802904,0.20769733,1,1.0,False,4
1.942524,0.32611185,-0.015648957,-0.091166034,0,1.0,False,4
1.9490461,0.13121766,-0.017472278,0.19653885,1,1.0,False,4
1.9516705,0.3265851,-0.013541501,-0.10160419,0,1.0,False,4
1.9582022,0.13165982,-0.0155735845,0.18677586,1,1.0,False,4
1.9608355,0.3270011,-0.011838067,-0.11077896,0,1.0,False,4
1.9673755,0.13205075,-0.0140536465,0.17814575,1,1.0,False,4
1.9700165,0.32737097,-0.010490731,-0.118937284,0,1.0,False,4
1.9765639,0.13240089,-0.012869477,0.17041753,1,1.0,False,4
1.9792119,0.32770467,-0.009461127,-0.12629738,0,1.0,False,4
1.985766,0.13271952,-0.011987074,0.16338572,1,1.0,False,4
1.9884204,0.328011,-0.00871936,-0.13305458,0,1.0,False,4
1.9949806,0.13301502,-0.011380452,0.1568648,1,1.0,False,4
1.997641,0.32829803,-0.008243156,-0.13938655,0,1.0,False,4
2.004207,0.13329512,-0.011030886,0.15068445,1,1.0,False,4
2.006873,0.3285733,-0.008017197,-0.14545798,0,1.0,False,4
2.0134442,0.13356705,-0.0109263575,0.14468493,1,1.0,False,4
2.0161157,0.32884377,-0.008032659,-0.15142494,0,1.0,False,4
2.0226924,0.13383774,-0.011061158,0.13871308,1,1.0,False,4
2.0253692,0.32911634,-0.008286896,-0.15743884,0,1.0,False,4
2.0319514,0.13411403,-0.011435674,0.13261828,1,1.0,False,4
2.0346339,0.32939792,-0.008783308,-0.1636504,0,1.0,False,4
2.0412219,0.13440278,-0.012056315,0.12624875,1,1.0,False,4
2.0439098,0.32969534,-0.009531341,-0.1702133,0,1.0,False,4
2.0505037,0.13471112,-0.012935606,0.119447604,1,1.0,False,4
2.0531979,0.330016,-0.010546654,-0.17728816,0,1.0,False,4
2.0597982,0.13504656,-0.014092417,0.11204909,1,1.0,False,4
2.0624993,0.33036757,-0.0118514355,-0.18504639,0,1.0,False,4
2.0691066,0.13541718,-0.015552363,0.10387443,1,1.0,False,4
2.071815,0.3307585,-0.013474874,-0.19367436,0,1.0,False,4
2.0784302,0.13583189,-0.017348362,0.09472755,1,1.0,False,4
2.0811467,0.33119813,-0.015453811,-0.20337789,0,1.0,False,4
2.0877707,0.13630056,-0.019521369,0.08439033,1,1.0,False,4
2.0904968,0.3316968,-0.017833563,-0.21438713,0,1.0,False,4
2.0971305,0.13683431,-0.022121305,0.07261736,1,1.0,False,4
2.0998673,0.3322663,-0.020668957,-0.22696203,0,1.0,False,4
2.1065125,0.13744573,-0.025208198,0.05913015,1,1.0,False,4
2.1092615,0.3329199,-0.024025595,-0.24139833,0,1.0,False,4
2.11592,0.13814922,-0.028853562,0.04361049,1,1.0,False,4
2.1186829,0.3336728,-0.027981352,-0.25803456,0,1.0,False,4
2.1253564,0.13896126,-0.03314204,0.025692977,0,1.0,False,4
2.1281357,-0.055670127,-0.032628182,0.30773774,1,1.0,False,4
2.1270223,0.13990119,-0.026473429,0.0049459324,0,1.0,False,4
2.1298203,-0.054831292,-0.02637451,0.28916,1,1.0,False,4
2.1287236,0.14065664,-0.02059131,-0.011723095,1,1.0,False,4
2.1315367,0.33606774,-0.020825772,-0.31083104,0,1.0,False,4
2.1382582,0.1412486,-0.027042393,-0.024788026,0,1.0,False,4
2.141083,-0.053475313,-0.027538152,0.25924155,1,1.0,False,4
2.1400135,0.14202872,-0.022353321,-0.04199851,0,1.0,False,4
2.1428542,-0.05276567,-0.023193292,0.24354877,1,1.0,False,4
2.1417987,0.14267975,-0.018322317,-0.056358743,1,1.0,False,4
2.1446524,0.33805957,-0.019449491,-0.3547657,0,1.0,False,4
2.1514137,0.14321947,-0.026544806,-0.06827866,0,1.0,False,4
2.154278,-0.051512044,-0.02791038,0.21591246,1,1.0,False,4
2.1532478,0.14399756,-0.02359213,-0.08544232,0,1.0,False,4
2.1561277,-0.050778404,-0.025300976,0.19970489,1,1.0,False,4
2.1551123,0.1446961,-0.02130688,-0.10085073,0,1.0,False,4
2.158006,-0.050114106,-0.023323894,0.18503451,1,1.0,False,4
2.1570039,0.14533366,-0.019623203,-0.114914015,0,1.0,False,4
2.1599104,-0.049501695,-0.021921484,0.17151392,1,1.0,False,4
2.1589205,0.14592704,-0.018491205,-0.12800317,0,1.0,False,4
2.161839,-0.048925202,-0.021051269,0.15878913,1,1.0,False,4
2.1608605,0.1464917,-0.017875487,-0.14045991,0,1.0,False,4
2.1637902,-0.04836972,-0.020684684,0.14653043,1,1.0,False,4
2.162823,0.14704224,-0.017754076,-0.15260568,0,1.0,False,4
2.1657639,-0.04782105,-0.02080619,0.13442378,1,1.0,False,4
2.1648073,0.14759265,-0.018117715,-0.1647499,0,1.0,False,4
2.1677592,-0.047265325,-0.021412712,0.12216276,1,1.0,False,4
2.1668139,0.14815676,-0.018969458,-0.17719801,0,1.0,False,4
2.169777,-0.04668866,-0.022513418,0.10944084,1,1.0,False,4
2.1688433,0.14874855,-0.0203246,-0.19025907,0,1.0,False,4
2.1718183,-0.04607683,-0.024129782,0.09594362,1,1.0,False,4
2.1708968,0.1493825,-0.022210909,-0.2042535,0,1.0,False,4
2.1738844,-0.04541489,-0.026295979,0.08134106,0,1.0,False,4
2.172976,-0.24015021,-0.024669157,0.36561292,1,1.0,False,4
2.168173,-0.044686534,-0.017356899,0.06525462,1,1.0,False,4
2.1672792,0.15067992,-0.016051807,-0.23285358,0,1.0,False,4
2.1702929,-0.044209044,-0.02070888,0.05472317,1,1.0,False,4
2.1694088,0.15120362,-0.019614415,-0.24442096,0,1.0,False,4
2.1724327,-0.043632757,-0.024502834,0.042011127,0,1.0,False,4
2.17156,-0.23839493,-0.023662612,0.3268636,1,1.0,False,4
2.1667922,-0.042944223,-0.01712534,0.02681343,0,1.0,False,4
2.1659334,-0.23781645,-0.016589072,0.3140443,1,1.0,False,4
2.161177,-0.042462163,-0.010308186,0.016176227,1,1.0,False,4
2.1603277,0.15280609,-0.009984661,-0.27974114,0,1.0,False,4
2.163384,-0.04217201,-0.0155794835,0.009775994,0,1.0,False,4
2.1625404,-0.2370671,-0.015383964,0.29750296,1,1.0,False,4
2.157799,-0.041729275,-0.009433905,8.189178e-06,1,1.0,False,4
2.1569645,0.1535267,-0.009433741,-0.29563627,0,1.0,False,4
2.1600351,-0.041459505,-0.015346466,-0.0059434487,0,1.0,False,4
2.159206,-0.23635805,-0.015465335,0.28185824,1,1.0,False,4
2.1544788,-0.041018948,-0.00982817,-0.015661981,0,1.0,False,4
2.1536584,-0.23599859,-0.010141409,0.2739039,1,1.0,False,4
2.1489384,-0.040733412,-0.0046633314,-0.02196031,1,1.0,False,4
2.1481237,0.15445511,-0.0051025376,-0.3161109,0,1.0,False,4
2.1512127,-0.040593795,-0.011424756,-0.025041513,0,1.0,False,4
2.1504009,-0.23555006,-0.0119255865,0.264015,1,1.0,False,4
2.14569,-0.040259935,-0.0066452865,-0.032405403,0,1.0,False,4
2.1448848,-0.23528597,-0.0072933943,0.2581735,1,1.0,False,4
2.140179,-0.04006065,-0.0021299247,-0.036800936,0,1.0,False,4
2.1393778,-0.23515199,-0.0028659434,0.2552092,1,1.0,False,4
2.1346748,-0.03998924,0.002238241,-0.038376298,1,1.0,False,4
2.133875,0.15510054,0.001470715,-0.3303522,0,1.0,False,4
2.136977,-0.040042315,-0.0051363287,-0.037205838,0,1.0,False,4
2.136176,-0.23509024,-0.0058804457,0.2538521,1,1.0,False,4
2.1314743,-0.039884813,-0.00080340356,-0.0406798,0,1.0,False,4
2.1306765,-0.23499523,-0.0016169995,0.25174955,1,1.0,False,4
2.1259768,-0.03985023,0.003417991,-0.041442983,1,1.0,False,4
2.1251798,0.15522254,0.0025891315,-0.33304554,0,1.0,False,4
2.1282842,-0.039936166,-0.0040717795,-0.03954726,0,1.0,False,4
2.1274855,-0.2349995,-0.004862725,0.2518482,1,1.0,False,4
2.1227853,-0.039808445,0.00017423942,-0.042364545,0,1.0,False,4
2.1219893,-0.2349329,-0.0006730515,0.25037336,1,1.0,False,4
2.1172907,-0.039801337,0.0043344153,-0.042521797,0,1.0,False,4
2.1164947,-0.23498517,0.0034839795,0.25152552,1,1.0,False,4
2.111795,-0.039913144,0.00851449,-0.040056456,1,1.0,False,4
2.1109967,0.15508568,0.0077133607,-0.33004087,0,1.0,False,4
2.1140983,-0.04014522,0.0011125436,-0.03493552,0,1.0,False,4
2.1132956,-0.2352831,0.00041383324,0.2580982,1,1.0,False,4
2.10859,-0.040167063,0.0055757975,-0.034454152,1,1.0,False,4
2.1077864,0.15487449,0.0048867147,-0.32537267,0,1.0,False,4
2.110884,-0.0403167,-0.0016207385,-0.03115268,0,1.0,False,4
2.1100776,-0.23541537,-0.0022437922,0.26101846,1,1.0,False,4
2.1053693,-0.040261462,0.0029765768,-0.032371357,0,1.0,False,4
2.104564,-0.23542598,0.0023291497,0.2612492,1,1.0,False,4
2.0998554,-0.040337346,0.0075541344,-0.03069815,1,1.0,False,4
2.0990489,0.15467547,0.006940171,-0.32098812,0,1.0,False,4
2.1021423,-0.040544633,0.00052040856,-0.026124643,0,1.0,False,4
2.1013315,-0.23567404,-2.0842922e-06,0.26672244,1,1.0,False,4
2.096618,-0.04055206,0.0053323642,-0.025961151,0,1.0,False,4
2.0958068,-0.23575008,0.004813141,0.26839942,1,1.0,False,4
2.0910919,-0.040697142,0.01018113,-0.022761537,1,1.0,False,4
2.090278,0.15427734,0.0097258985,-0.31221488,0,1.0,False,4
2.0933635,-0.040981818,0.0034816011,-0.01648065,0,1.0,False,4
2.0925438,-0.23615353,0.0031519881,0.27729872,1,1.0,False,4
2.0878208,-0.041076683,0.008697962,-0.014388401,1,1.0,False,4
2.0869992,0.15391946,0.008410195,-0.30431437,0,1.0,False,4
2.0900776,-0.041321333,0.002323907,-0.00899098,0,1.0,False,4
2.0892513,-0.23647654,0.0021440873,0.28442428,1,1.0,False,4
2.0845218,-0.04138523,0.007832573,-0.007581664,1,1.0,False,4
2.083694,0.15362352,0.0076809395,-0.29778308,0,1.0,False,4
2.0867665,-0.041607074,0.0017252781,-0.002687635,0,1.0,False,4
2.0859344,-0.23675373,0.0016715254,0.29053915,1,1.0,False,4
2.0811992,-0.04165565,0.007482308,-0.0016161398,1,1.0,False,4
2.0803661,0.1533582,0.0074499855,-0.29192895,0,1.0,False,4
2.0834334,-0.04186918,0.0016114064,0.00309427,0,1.0,False,4
2.0825958,-0.2370142,0.0016732919,0.29628518,1,1.0,False,4
2.0778556,-0.041916147,0.007598995,0.0041304505,1,1.0,False,4
2.0770173,0.153096,0.0076816045,-0.28614524,0,1.0,False,4
2.0800793,-0.04213465,0.0019586994,0.008950466,0,1.0,False,4
2.0792365,-0.23728465,0.002137709,0.30225074,1,1.0,False,4
2.0744908,-0.04219322,0.008182724,0.010242769,1,1.0,False,4
2.073647,0.15281042,0.008387579,-0.2798472,0,1.0,False,4
2.076703,-0.04243016,0.0027906348,0.015469284,1,1.0,False,4
2.0758545,0.15265165,0.0031000203,-0.27633187,0,1.0,False,4
2.0789075,-0.042514384,-0.0024266168,0.0173272,0,1.0,False,4
2.0780573,-0.23760144,-0.0020800729,0.3092435,1,1.0,False,4
2.0733054,-0.04244992,0.0041047973,0.015905317,1,1.0,False,4
2.0724564,0.15261292,0.0044229035,-0.27547967,0,1.0,False,4
2.0755086,-0.042571854,-0.0010866898,0.01859495,0,1.0,False,4
2.0746572,-0.2376782,-0.00071479083,0.3109348,1,1.0,False,4
2.0699036,-0.042546075,0.0055039055,0.018026551,1,1.0,False,4
2.0690527,0.15249652,0.0058644367,-0.27291477,0,1.0,False,4
2.0721025,-0.042708624,0.00040614133,0.021612044,0,1.0,False,4
2.0712483,-0.23783639,0.0008383822,0.31442308,1,1.0,False,4
2.0664916,-0.042726398,0.007126844,0.022004675,1,1.0,False,4
2.065637,0.15229262,0.0075669372,-0.26842114,0,1.0,False,4
2.068683,-0.042936493,0.0021985143,0.026638795,1,1.0,False,4
2.0678241,0.15215386,0.0027312902,-0.26534966,0,1.0,False,4
2.0708673,-0.043006968,-0.0025757032,0.028193481,0,1.0,False,4
2.070007,-0.23809189,-0.0020118335,0.32006264,1,1.0,False,4
2.0652454,-0.042941343,0.004389419,0.02674593,1,1.0,False,4
2.0643866,0.15211739,0.004924338,-0.26454887,0,1.0,False,4
2.0674288,-0.043074504,-0.00036663952,0.029683173,0,1.0,False,4
2.0665674,-0.23819119,0.00022702395,0.3222504,1,1.0,False,4
2.0618036,-0.043072477,0.0066720317,0.029639075,1,1.0,False,4
2.0609422,0.15195316,0.0072648134,-0.2609313,0,1.0,False,4
2.063981,-0.043271735,0.0020461872,0.03403415,1,1.0,False,4
2.0631158,0.15182081,0.0027268704,-0.2580025,0,1.0,False,4
2.066152,-0.043339964,-0.0024331794,0.03553929,0,1.0,False,4
2.0652854,-0.23842694,-0.0017223936,0.32745352,1,1.0,False,4
2.0605168,-0.04328051,0.004826677,0.034227937,1,1.0,False,4
2.0596511,0.1517719,0.005511236,-0.25692824,0,1.0,False,4
2.0626867,-0.043428306,0.0003726715,0.037487928,0,1.0,False,4
2.0618181,-0.2385556,0.0011224301,0.3302884,1,1.0,False,4
2.057047,-0.04344964,0.007728198,0.037959658,1,1.0,False,4
2.0561779,0.15156063,0.008487391,-0.25227496,0,1.0,False,4
2.059209,-0.043681473,0.0034418923,0.04307292,1,1.0,False,4
2.0583355,0.15139095,0.0043033506,-0.24852207,0,1.0,False,4
2.0613635,-0.04379219,-0.00066709076,0.045515113,0,1.0,False,4
2.0604875,-0.23890457,0.00024321147,0.33798748,1,1.0,False,4
2.0557094,-0.04378608,0.0070029614,0.04538127,1,1.0,False,4
2.0548337,0.15123476,0.007910587,-0.24508396,0,1.0,False,4
2.0578585,-0.04399928,0.0030089077,0.050083626,1,1.0,False,4
2.0569785,0.1510794,0.00401058,-0.24164845,0,1.0,False,4
2.06,-0.044099614,-0.00082238886,0.05229682,0,1.0,False,4
2.059118,-0.23920976,0.00022354754,0.34472016,1,1.0,False,4
2.054334,-0.044090994,0.007117951,0.052107736,1,1.0,False,4
2.053452,0.15092817,0.008160106,-0.23832095,0,1.0,False,4
2.0564706,-0.044309393,0.0033936866,0.056924704,1,1.0,False,4
2.0555844,0.15076374,0.0045321807,-0.23468556,0,1.0,False,4
2.0585997,-0.04442268,-0.00016153045,0.059423506,1,1.0,False,4
2.0577111,0.15070158,0.0010269397,-0.23331037,0,1.0,False,4
2.0607252,-0.04443502,-0.003639268,0.0596963,0,1.0,False,4
2.0598366,-0.2395046,-0.0024453418,0.3512288,1,1.0,False,4
2.0550463,-0.04434796,0.004579234,0.05777578,1,1.0,False,4
2.0541594,0.15070803,0.0057347496,-0.23345886,0,1.0,False,4
2.0571737,-0.044495385,0.0010655725,0.061027467,1,1.0,False,4
2.0562837,0.15061127,0.0022861217,-0.23131907,0,1.0,False,4
2.059296,-0.044543274,-0.0023402597,0.062084094,0,1.0,False,4
2.0584052,-0.2396316,-0.0010985777,0.35402775,1,1.0,False,4
2.0536125,-0.044494037,0.005981977,0.0609986,1,1.0,False,4
2.0527225,0.15054163,0.0072019487,-0.22979099,0,1.0,False,4
2.0557334,-0.044682484,0.002606129,0.065154955,1,1.0,False,4
2.0548398,0.15040201,0.0039092284,-0.22670458,0,1.0,False,4
2.0578477,-0.044775598,-0.0006248634,0.06720889,1,1.0,False,4
2.0569522,0.15035531,0.00071931444,-0.22567111,0,1.0,False,4
2.0599594,-0.044776917,-0.003794108,0.06723862,0,1.0,False,4
2.059064,-0.23984426,-0.0024493355,0.35872206,1,1.0,False,4
2.054267,-0.04468758,0.004725106,0.06526782,1,1.0,False,4
2.053373,0.1503663,0.006030462,-0.22592057,0,1.0,False,4
2.0563805,-0.04484131,0.001512051,0.06865847,1,1.0,False,4
2.0554838,0.15025893,0.0028852203,-0.22354701,0,1.0,False,4
2.0584888,-0.04490414,-0.0015857198,0.07004463,1,1.0,False,4
2.0575907,0.15024051,-0.00018482712,-0.22313818,0,1.0,False,4
2.0605955,-0.044878796,-0.0046475907,0.06948644,0,1.0,False,4
2.059698,-0.2399338,-0.0032578618,0.36069942,1,1.0,False,4
2.0548995,-0.0447657,0.0039561265,0.066990994,1,1.0,False,4
2.054004,0.15029931,0.0052959463,-0.22444113,0,1.0,False,4
2.05701,-0.044897933,0.00080712384,0.06990763,1,1.0,False,4
2.056112,0.15021244,0.0022052764,-0.22252055,0,1.0,False,4
2.0591164,-0.044940963,-0.0022451344,0.070857204,1,1.0,False,4
2.0582175,0.15021311,-0.0008279904,-0.22253323,0,1.0,False,4
2.0612218,-0.044897005,-0.005278655,0.0698884,0,1.0,False,4
2.0603237,-0.23994288,-0.003880887,0.36090124,1,1.0,False,4
2.055525,-0.044765983,0.0033371374,0.0669971,1,1.0,False,4
2.0546296,0.15030797,0.0046770796,-0.22463107,0,1.0,False,4
2.0576358,-0.044880517,0.00018445797,0.069523506,1,1.0,False,4
2.0567381,0.15023878,0.001574928,-0.22310121,0,1.0,False,4
2.059743,-0.044905636,-0.0028870963,0.07007808,1,1.0,False,4
2.0588448,0.15025759,-0.0014855347,-0.22351433,0,1.0,False,4
2.06185,-0.0448431,-0.0059558214,0.06869963,0,1.0,False,4
2.0609531,-0.23987916,-0.004581829,0.35949752,1,1.0,False,4
2.0561557,-0.04469238,0.0026081216,0.06537337,1,1.0,False,4
2.0552616,0.15039209,0.003915589,-0.22648554,0,1.0,False,4
2.0582695,-0.044785608,-0.0006141217,0.06742994,1,1.0,False,4
2.0573738,0.15034515,0.00073447695,-0.22544669,0,1.0,False,4
2.0603807,-0.0447873,-0.0037744567,0.06746783,0,1.0,False,4
2.059485,-0.23985493,-0.0024251002,0.3589575,1,1.0,False,4
2.054688,-0.04469859,0.00475405,0.06551088,1,1.0,False,4
2.053794,0.15035488,0.0060642674,-0.22566834,0,1.0,False,4
2.056801,-0.044853214,0.0015509009,0.068921305,1,1.0,False,4
2.055904,0.15024647,0.0029293268,-0.2232719,0,1.0,False,4
2.058909,-0.04491723,-0.0015361111,0.07033361,1,1.0,False,4
2.0580106,0.15022671,-0.00012943891,-0.22283357,0,1.0,False,4
2.0610151,-0.044893388,-0.0045861104,0.06980852,0,1.0,False,4
2.0601172,-0.23994929,-0.00318994,0.36104098,1,1.0,False,4
2.0553184,-0.044782143,0.0040308796,0.06735391,1,1.0,False,4
2.0544226,0.15028179,0.005377958,-0.22405453,0,1.0,False,4
2.0574281,-0.044916615,0.0008968674,0.07031995,1,1.0,False,4
2.05653,0.15019247,0.0023032664,-0.22207987,0,1.0,False,4
2.0595338,-0.044962328,-0.002138331,0.0713287,1,1.0,False,4
2.0586345,0.15019022,-0.000711757,-0.2220281,0,1.0,False,4
2.0616384,-0.04492156,-0.005152319,0.07043022,0,1.0,False,4
2.06074,-0.23996927,-0.003743715,0.36148313,1,1.0,False,4
2.0559404,-0.044794302,0.0034859474,0.06762207,1,1.0,False,4
2.0550447,0.1502775,0.004838389,-0.22395898,0,1.0,False,4
2.0580502,-0.04491327,0.00035920928,0.07024623,1,1.0,False,4
2.0571518,0.15020353,0.0017641338,-0.22232334,0,1.0,False,4
2.0601559,-0.044943593,-0.002682333,0.070915535,1,1.0,False,4
2.059257,0.15021671,-0.0012640225,-0.22261247,0,1.0,False,4
2.0622613,-0.04488715,-0.005716272,0.06967146,0,1.0,False,4
2.0613637,-0.23992668,-0.0043228427,0.3605454,1,1.0,False,4
2.056565,-0.044743553,0.0028880655,0.066502534,1,1.0,False,4
2.0556703,0.15033688,0.004218116,-0.2252678,0,1.0,False,4
2.058677,-0.044845108,-0.00028723967,0.0687427,1,1.0,False,4
2.05778,0.15028095,0.0010876143,-0.22403084,0,1.0,False,4
2.0607858,-0.04485652,-0.0033930026,0.06899496,1,1.0,False,4
2.0598886,0.15031391,-0.0020131033,-0.22475654,0,1.0,False,4
2.0628948,-0.04477921,-0.006508234,0.0672907,0,1.0,False,4
2.0619993,-0.23980725,-0.00516242,0.35791317,1,1.0,False,4
2.057203,-0.04461229,0.0019958431,0.06360687,1,1.0,False,4
2.056311,0.15048099,0.0032679804,-0.22844568,0,1.0,False,4
2.0593204,-0.04468751,-0.0013009332,0.06526628,1,1.0,False,4
2.0584269,0.15045308,4.3924574e-06,-0.2278268,0,1.0,False,4
2.061436,-0.044668946,-0.0045521436,0.064857505,0,1.0,False,4
2.0605423,-0.23972534,-0.0032549938,0.35610074,1,1.0,False,4
2.055748,-0.04455726,0.0038670208,0.0623932,1,1.0,False,4
2.0548568,0.15050903,0.005114885,-0.22906716,0,1.0,False,4
2.057867,-0.044685632,0.0005335418,0.06522479,1,1.0,False,4
2.0569732,0.15042867,0.0018380375,-0.22728975,0,1.0,False,4
2.0599818,-0.044719506,-0.0027077575,0.06597239,1,1.0,False,4
2.0590875,0.15044115,-0.0013883098,-0.22756362,0,1.0,False,4
2.0620964,-0.044660922,-0.005939582,0.06468106,0,1.0,False,4
2.061203,-0.23969722,-0.004645961,0.3554841,1,1.0,False,4
2.0564091,-0.044509515,0.0024637214,0.061339814,1,1.0,False,4
2.0555189,0.15057702,0.0036905177,-0.23056477,0,1.0,False,4
2.0585306,-0.044597466,-0.00092077785,0.06327998,1,1.0,False,4
2.0576384,0.15053767,0.00034482178,-0.22969331,0,1.0,False,4
2.0606492,-0.044589203,-0.0042490447,0.06309836,0,1.0,False,4
2.0597575,-0.23964998,-0.0029870772,0.35443765,1,1.0,False,4
2.0549645,-0.044485677,0.004101676,0.060814325,1,1.0,False,4
2.0540748,0.15057722,0.0053179623,-0.23057167,0,1.0,False,4
2.0570862,-0.044620313,0.0007065289,0.06378396,1,1.0,False,4
2.0561938,0.1504915,0.001982208,-0.22867596,0,1.0,True,4
0.0241802,0.025366882,-0.0034819462,-0.039627496,0,1.0,False,5
0.024687538,-0.16970496,-0.0042744963,0.25195482,0,1.0,False,5
0.021293437,-0.3647656,0.0007646001,0.54328644,0,1.0,False,5
0.013998126,-0.5598983,0.011630328,0.83621013,1,1.0,False,5
0.0028001592,-0.36493713,0.028354531,0.5472074,0,1.0,False,5
-0.0044985833,-0.5604457,0.03929868,0.8486875,1,1.0,False,5
-0.015707498,-0.36588117,0.056272432,0.56861687,1,1.0,False,5
-0.023025122,-0.17159177,0.06764477,0.29417944,0,1.0,False,5
-0.026456958,-0.36760965,0.07352836,0.6074062,1,1.0,False,5
-0.03380915,-0.17358859,0.085676484,0.33875886,1,1.0,False,5
-0.03728092,0.020216387,0.09245166,0.07427578,1,1.0,False,5
-0.036876593,0.2138997,0.09393717,-0.18786639,0,1.0,False,5
-0.0325986,0.017568085,0.090179846,0.13290957,1,1.0,False,5
-0.032247238,0.21129031,0.092838034,-0.13001606,0,1.0,False,5
-0.028021432,0.014969551,0.090237714,0.19045214,1,1.0,False,5
-0.02772204,0.20869245,0.09404676,-0.072456025,0,1.0,False,5
-0.023548191,0.012356845,0.09259764,0.24835494,1,1.0,False,5
-0.023301056,0.20604278,0.097564735,-0.013744487,1,1.0,False,5
-0.0191802,0.39964,0.097289845,-0.27412072,0,1.0,False,5
-0.0111874,0.20327424,0.09180743,0.04759313,1,1.0,False,5
-0.007121915,0.396968,0.0927593,-0.21477047,0,1.0,False,5
0.0008174449,0.20065077,0.08846389,0.10567155,1,1.0,False,5
0.00483046,0.39440092,0.09057732,-0.15784277,0,1.0,False,5
0.012718479,0.19810678,0.08742046,0.16198479,1,1.0,False,5
0.016680615,0.39187554,0.090660155,-0.10188952,1,1.0,False,5
0.024518125,0.5855891,0.08862237,-0.364649,0,1.0,False,5
0.03622991,0.3893268,0.08132939,-0.04538998,1,1.0,False,5
0.044016443,0.5831941,0.08042159,-0.31134513,0,1.0,False,5
0.055680323,0.38702396,0.074194685,0.0055774413,1,1.0,False,5
0.0634208,0.5810078,0.074306235,-0.2628045,0,1.0,False,5
0.07504096,0.38490814,0.06905014,0.052359156,1,1.0,False,5
0.08273912,0.57897556,0.07009733,-0.21776363,1,1.0,False,5
0.094318636,0.7730291,0.06574205,-0.48753735,0,1.0,False,5
0.10977922,0.5770441,0.055991307,-0.17488074,0,1.0,False,5
0.1213201,0.3811674,0.05249369,0.13492674,1,1.0,False,5
0.12894344,0.5754997,0.05519223,-0.14074409,1,1.0,False,5
0.14045344,0.7697895,0.052377347,-0.4155168,0,1.0,False,5
0.15584923,0.57396585,0.04406701,-0.10679223,0,1.0,False,5
0.16732855,0.37824103,0.041931164,0.19946152,1,1.0,False,5
0.17489336,0.57273895,0.045920394,-0.07970477,1,1.0,False,5
0.18634814,0.7671736,0.0443263,-0.3575534,0,1.0,False,5
0.20169161,0.5714504,0.03717523,-0.05122934,0,1.0,False,5
0.21312062,0.37581566,0.036150645,0.25294703,1,1.0,False,5
0.22063693,0.5704033,0.041209586,-0.02811771,1,1.0,False,5
0.23204501,0.76491076,0.04064723,-0.30751905,0,1.0,False,5
0.24734321,0.5692339,0.03449685,-0.0022992098,1,1.0,False,5
0.2587279,0.76384455,0.034450866,-0.28390148,0,1.0,False,5
0.2740048,0.5682486,0.028772837,0.019444909,1,1.0,False,5
0.28536975,0.76294637,0.029161735,-0.2640228,0,1.0,False,5
0.3006287,0.56742054,0.023881279,0.037713528,0,1.0,False,5
0.3119771,0.37196445,0.02463555,0.33783454,1,1.0,False,5
0.31941637,0.56672734,0.03139224,0.05302099,0,1.0,False,5
0.33075094,0.37116963,0.03245266,0.3554408,1,1.0,False,5
0.3381743,0.5658155,0.039561477,0.07316514,1,1.0,False,5
0.34949064,0.7603486,0.041024778,-0.20677817,0,1.0,False,5
0.3646976,0.5646648,0.036889214,0.09855853,1,1.0,False,5
0.3759909,0.75923914,0.038860384,-0.18226148,0,1.0,False,5
0.3911757,0.5635833,0.035215158,0.12242278,1,1.0,False,5
0.40244734,0.7581835,0.037663613,-0.15894543,0,1.0,False,5
0.41761103,0.56254315,0.034484703,0.14537749,1,1.0,False,5
0.4288619,0.7571547,0.03739225,-0.13622981,0,1.0,False,5
0.44400498,0.56151766,0.034667656,0.16801137,1,1.0,False,5
0.45523533,0.7561267,0.038027883,-0.11353651,1,1.0,False,5
0.47035787,0.95068365,0.035757154,-0.3939835,0,1.0,False,5
0.48937154,0.7550731,0.027877484,-0.090244785,0,1.0,False,5
0.504473,0.55956286,0.026072588,0.2111015,1,1.0,False,5
0.5156643,0.7543025,0.030294618,-0.07324422,1,1.0,False,5
0.53075033,0.94897735,0.028829733,-0.35621724,0,1.0,False,5
0.5497298,0.7534576,0.021705389,-0.054584745,0,1.0,False,5
0.564799,0.55803126,0.020613695,0.2448666,1,1.0,False,5
0.5759596,0.7528528,0.025511026,-0.041243646,1,1.0,False,5
0.5910167,0.9475998,0.024686154,-0.3257697,0,1.0,False,5
0.60996866,0.7521353,0.01817076,-0.02540517,1,1.0,False,5
0.6250114,0.946992,0.017662656,-0.3123001,0,1.0,False,5
0.64395124,0.7516229,0.011416654,-0.014099645,1,1.0,False,5
0.6589837,0.9465793,0.011134662,-0.30315873,0,1.0,False,5
0.6779153,0.75130045,0.005071487,-0.006985082,1,1.0,False,5
0.6929413,0.94634926,0.004931785,-0.29806358,0,1.0,False,5
0.7118683,0.7511574,-0.0010294868,-0.0038293537,1,1.0,False,5
0.7268914,0.94629407,-0.0011060738,-0.2968369,0,1.0,False,5
0.7458173,0.7511879,-0.007042812,-0.0045030336,0,1.0,False,5
0.7608411,0.55616766,-0.007132873,0.2859495,1,1.0,False,5
0.77196443,0.75139064,-0.0014138827,-0.008974513,1,1.0,False,5
0.78699225,0.94653285,-0.001593373,-0.3021032,0,1.0,False,5
0.80592287,0.7514336,-0.007635437,-0.009923216,1,1.0,False,5
0.8209516,0.9466642,-0.007833902,-0.3050054,0,1.0,False,5
0.8398848,0.7516548,-0.01393401,-0.014803358,0,1.0,False,5
0.85491794,0.5567354,-0.014230076,0.27345085,1,1.0,False,5
0.8660526,0.7520575,-0.0087610595,-0.023686089,1,1.0,False,5
0.8810938,0.947304,-0.009234781,-0.3191203,0,1.0,False,5
0.90003985,0.75231475,-0.015617187,-0.029363932,0,1.0,False,5
0.91508615,0.5574202,-0.016204465,0.25835097,1,1.0,False,5
0.92623454,0.7527697,-0.011037447,-0.039398704,1,1.0,False,5
0.94128996,0.9480482,-0.01182542,-0.3355435,0,1.0,False,5
0.9602509,0.7530965,-0.01853629,-0.046613038,0,1.0,False,5
0.9753128,0.5582452,-0.019468552,0.24016437,1,1.0,False,5
0.98647773,0.75363976,-0.014665265,-0.058595344,0,1.0,False,5
1.0015506,0.55873114,-0.01583717,0.22942474,1,1.0,False,5
1.0127252,0.75407577,-0.011248676,-0.06821141,0,1.0,False,5
1.0278066,0.5591169,-0.012612904,0.22090138,1,1.0,False,5
1.0389891,0.7544168,-0.008194877,-0.07573333,1,1.0,False,5
1.0540774,0.9496553,-0.009709544,-0.37099046,0,1.0,False,5
1.0730705,0.75467265,-0.017129352,-0.08138481,0,1.0,False,5
1.088164,0.5598003,-0.018757049,0.20584492,1,1.0,False,5
1.09936,0.7551854,-0.01464015,-0.0926954,0,1.0,False,5
1.1144637,0.5602763,-0.016494058,0.19533285,1,1.0,False,5
1.1256691,0.7556303,-0.012587401,-0.102507256,0,1.0,False,5
1.1407818,0.560691,-0.014637546,0.18617795,1,1.0,False,5
1.1519955,0.7560193,-0.010913987,-0.11108637,0,1.0,False,5
1.1671159,0.5610554,-0.013135714,0.17813337,1,1.0,False,5
1.1783371,0.75636286,-0.009573047,-0.11866431,0,1.0,False,5
1.1934644,0.5613794,-0.011946333,0.17098309,1,1.0,False,5
1.2046919,0.75667024,-0.008526671,-0.12544446,0,1.0,False,5
1.2198254,0.5616715,-0.011035561,0.16453624,1,1.0,False,5
1.2310587,0.75694966,-0.0077448357,-0.13160756,0,1.0,False,5
1.2461978,0.5619395,-0.010376987,0.15862194,1,1.0,False,5
1.2574365,0.75720847,-0.007204548,-0.13731652,0,1.0,False,5
1.2725807,0.5621904,-0.009950879,0.1530848,1,1.0,False,5
1.2838246,0.75745344,-0.0068891826,-0.14272073,0,1.0,False,5
1.2989736,0.56243086,-0.009743597,0.14778085,1,1.0,False,5
1.3102223,0.75769097,-0.00678798,-0.14795999,1,1.0,False,5
1.325376,0.95290947,-0.00974718,-0.44277665,0,1.0,False,5
1.3444343,0.75792676,-0.018602712,-0.15318213,0,1.0,False,5
1.3595928,0.563076,-0.021666355,0.13357449,1,1.0,False,5
1.3708543,0.7585015,-0.018994866,-0.16586436,0,1.0,False,5
1.3860244,0.56365657,-0.022312153,0.12076621,1,1.0,False,5
1.3972974,0.75909096,-0.01989683,-0.17887165,0,1.0,False,5
1.4124793,0.5642593,-0.023474263,0.1074687,1,1.0,False,5
1.4237645,0.75970966,-0.021324888,-0.19252683,0,1.0,False,5
1.4389586,0.56489915,-0.025175424,0.093353435,1,1.0,False,5
1.4502566,0.7603727,-0.023308355,-0.2071648,0,1.0,False,5
1.4654641,0.5655917,-0.027451653,0.07807535,1,1.0,False,5
1.4767759,0.7610962,-0.025890145,-0.2231407,0,1.0,False,5
1.4919978,0.5663537,-0.03035296,0.061264336,1,1.0,False,5
1.5033249,0.7618974,-0.029127672,-0.24083851,0,1.0,False,5
1.5185629,0.56720334,-0.033944443,0.042516317,1,1.0,False,5
1.5299069,0.7627952,-0.033094116,-0.2606802,0,1.0,False,5
1.5451628,0.56816095,-0.03830772,0.021383472,1,1.0,False,5
1.5565261,0.7638107,-0.037880052,-0.28313562,0,1.0,False,5
1.5718023,0.569249,-0.043542765,-0.0026364066,0,1.0,False,5
1.5831872,0.37477764,-0.043595493,0.27599654,1,1.0,False,5
1.5906827,0.5704936,-0.03807556,-0.030111453,1,1.0,False,5
1.6020926,0.7661403,-0.03867779,-0.3345603,0,1.0,False,5
1.6174154,0.5715895,-0.045368996,-0.05432089,0,1.0,False,5
1.6288472,0.37714648,-0.046455413,0.22370966,1,1.0,False,5
1.6363902,0.5729006,-0.04198122,-0.083257645,0,1.0,False,5
1.6478482,0.37840477,-0.043646373,0.19589016,1,1.0,False,5
1.6554163,0.57412297,-0.03972857,-0.110235535,0,1.0,False,5
1.6668987,0.37959218,-0.04193328,0.16965328,1,1.0,False,5
1.6744906,0.5752885,-0.038540214,-0.13595787,0,1.0,False,5
1.6859964,0.38073912,-0.041259374,0.14432141,1,1.0,False,5
1.6936111,0.5764269,-0.038372945,-0.16108729,0,1.0,False,5
1.7051396,0.38187474,-0.04159469,0.11924728,1,1.0,False,5
1.7127771,0.5775672,-0.039209746,-0.18626283,0,1.0,False,5
1.7243285,0.38302755,-0.042935003,0.09379766,1,1.0,False,5
1.731989,0.57873774,-0.041059047,-0.2121161,0,1.0,False,5
1.7435639,0.38422614,-0.04530137,0.0673374,0,1.0,False,5
1.7512484,0.18978198,-0.043954622,0.34539038,1,1.0,False,5
1.755044,0.38550073,-0.037046816,0.039177317,0,1.0,False,5
1.762754,0.19092907,-0.03626327,0.31994528,1,1.0,False,5
1.7665726,0.3865482,-0.029864363,0.016050424,1,1.0,False,5
1.7743036,0.58208543,-0.029543355,-0.28590345,0,1.0,False,5
1.7859453,0.387397,-0.035261422,-0.002682728,0,1.0,False,5
1.7936932,0.19279803,-0.035315078,0.27866957,1,1.0,False,5
1.7975491,0.3884055,-0.029741688,-0.024939181,0,1.0,False,5
1.8053173,0.19372243,-0.03024047,0.25821352,1,1.0,False,5
1.8091917,0.38926277,-0.0250762,-0.043852206,0,1.0,False,5
1.816977,0.1945092,-0.025953244,0.24081466,1,1.0,False,5
1.8208672,0.3899921,-0.02113695,-0.059940327,0,1.0,False,5
1.828667,0.19517948,-0.022335757,0.22599952,1,1.0,False,5
1.8325706,0.3906134,-0.017815767,-0.073644415,1,1.0,False,5
1.8403828,0.5859862,-0.019288655,-0.37189463,0,1.0,False,5
1.8521026,0.39114347,-0.026726548,-0.08535547,0,1.0,False,5
1.8599255,0.19641463,-0.028433656,0.19877683,1,1.0,False,5
1.8638537,0.39193147,-0.02445812,-0.102738276,0,1.0,False,5
1.8716924,0.19716842,-0.026512885,0.18212895,1,1.0,False,5
1.8756357,0.39265952,-0.022870308,-0.11879851,0,1.0,False,5
1.8834889,0.1978726,-0.025246277,0.1665822,1,1.0,False,5
1.8874464,0.39334667,-0.021914633,-0.13395709,0,1.0,False,5
1.8953134,0.19854535,-0.024593774,0.15173233,1,1.0,False,5
1.8992842,0.39401066,-0.021559129,-0.14860682,0,1.0,False,5
1.9071645,0.19920398,-0.024531266,0.13719742,1,1.0,False,5
1.9111485,0.39466855,-0.021787316,-0.16312268,0,1.0,False,5
1.9190419,0.19986516,-0.02504977,0.12260808,1,1.0,False,5
1.9230392,0.39533687,-0.02259761,-0.17787136,0,1.0,False,5
1.930946,0.20054547,-0.026155036,0.10759801,1,1.0,False,5
1.9349568,0.39603227,-0.024003075,-0.19322062,0,1.0,False,5
1.9428775,0.20126176,-0.027867489,0.09179477,0,1.0,False,5
1.9469028,0.0065500997,-0.026031593,0.3755569,1,1.0,False,5
1.9470338,0.20203194,-0.018520454,0.074781045,1,1.0,False,5
1.9510744,0.39741445,-0.017024834,-0.22368714,0,1.0,False,5
1.9590226,0.2025399,-0.021498576,0.06357724,1,1.0,False,5
1.9630735,0.39796337,-0.020227032,-0.23581034,0,1.0,False,5
1.9710327,0.20313618,-0.024943238,0.050424352,0,1.0,False,5
1.9750954,0.008380601,-0.023934752,0.3351343,1,1.0,False,5
1.975263,0.20383486,-0.017232066,0.03500072,1,1.0,False,5
1.9793397,0.39919963,-0.016532052,-0.2630689,0,1.0,False,5
1.9873238,0.20431753,-0.021793429,0.024354126,0,1.0,False,5
1.9914101,0.009514773,-0.021306347,0.3100821,1,1.0,False,5
1.9916004,0.2049337,-0.0151047055,0.010756631,1,1.0,False,5
1.995699,0.400269,-0.014889573,-0.2866535,0,1.0,False,5
2.0037045,0.20536251,-0.020622643,0.001296457,0,1.0,False,5
2.0078118,0.010542296,-0.020596713,0.287402,1,1.0,False,5
2.0080225,0.20595182,-0.014848673,-0.011705117,0,1.0,False,5
2.0121415,0.011045937,-0.015082775,0.27625614,1,1.0,False,5
2.0123625,0.20637979,-0.009557652,-0.021145485,1,1.0,False,5
2.01649,0.4016375,-0.009980562,-0.31682858,0,1.0,False,5
2.0245228,0.20665911,-0.016317133,-0.027309801,0,1.0,False,5
2.028656,0.011774917,-0.01686333,0.26018056,1,1.0,False,5
2.0288916,0.20713349,-0.011659718,-0.03777322,0,1.0,False,5
2.033034,0.012180664,-0.012415183,0.25120825,1,1.0,False,5
2.0332778,0.20747767,-0.0073910174,-0.045364663,1,1.0,False,5
2.0374274,0.40270483,-0.00829831,-0.34037033,0,1.0,False,5
2.0454814,0.20770194,-0.015105718,-0.05031572,0,1.0,False,5
2.0496354,0.012799799,-0.016112031,0.23756321,1,1.0,False,5
2.0498915,0.20814818,-0.011360767,-0.060158066,0,1.0,False,5
2.0540545,0.013190949,-0.012563929,0.22891892,1,1.0,False,5
2.0543182,0.20849016,-0.007985551,-0.06770049,1,1.0,False,5
2.0584881,0.40372568,-0.009339561,-0.36289215,0,1.0,False,5
2.0665627,0.20873772,-0.016597403,-0.073168755,0,1.0,False,5
2.0707374,0.013857599,-0.01806078,0.21423176,1,1.0,False,5
2.0710144,0.20923305,-0.013776144,-0.08409319,0,1.0,False,5
2.0751991,0.014311246,-0.015458007,0.2042117,1,1.0,False,5
2.0754855,0.20965081,-0.011373773,-0.093307115,0,1.0,False,5
2.0796783,0.014693708,-0.0132399155,0.19576581,1,1.0,False,5
2.0799723,0.21000251,-0.0093246,-0.10106415,0,1.0,False,5
2.0841722,0.0150154345,-0.011345883,0.18866237,1,1.0,False,5
2.0844727,0.21029785,-0.0075726355,-0.10757803,1,1.0,False,5
2.0886786,0.4055275,-0.009724196,-0.40264043,0,1.0,False,5
2.0967891,0.21054481,-0.017777005,-0.1130391,0,1.0,False,5
2.101,0.015682038,-0.020037787,0.17398271,1,1.0,False,5
2.1013136,0.21108495,-0.016558133,-0.12495353,0,1.0,False,5
2.1055353,0.016204081,-0.019057203,0.16245984,1,1.0,False,5
2.1058595,0.2115936,-0.015808007,-0.1361737,0,1.0,False,5
2.1100914,0.01670159,-0.01853148,0.15148042,1,1.0,False,5
2.1104255,0.21208392,-0.015501872,-0.1469907,0,1.0,False,5
2.114667,0.017187359,-0.018441686,0.14076166,1,1.0,False,5
2.1150107,0.2125685,-0.015626453,-0.1576818,0,1.0,False,5
2.1192622,0.017673733,-0.018780088,0.13003069,1,1.0,False,5
2.1196156,0.2130596,-0.016179474,-0.16851744,0,1.0,False,5
2.1238768,0.018172935,-0.019549824,0.119017735,1,1.0,False,5
2.1242404,0.21356945,-0.017169468,-0.17976831,0,1.0,False,5
2.1285117,0.01869735,-0.020764835,0.10744918,1,1.0,False,5
2.1288855,0.21411061,-0.018615851,-0.19171195,0,1.0,False,5
2.1331677,0.019259855,-0.02245009,0.095040806,1,1.0,False,5
2.133553,0.21469626,-0.020549275,-0.2046397,0,1.0,False,5
2.137847,0.019874113,-0.024642069,0.081490755,1,1.0,False,5
2.1382444,0.21534048,-0.023012253,-0.21886382,0,1.0,False,5
2.1425512,0.020554913,-0.02738953,0.06647217,0,1.0,False,5
2.1429625,-0.17416386,-0.026060086,0.35038927,1,1.0,False,5
2.1394792,0.021318829,-0.0190523,0.049604,1,1.0,False,5
2.1399055,0.21670872,-0.01806022,-0.24902868,0,1.0,False,5
2.1442397,0.021849276,-0.023040794,0.0379034,0,1.0,False,5
2.1446767,-0.17293482,-0.022282727,0.3232286,1,1.0,False,5
2.141218,0.022497222,-0.015818154,0.02360273,1,1.0,False,5
2.1416678,0.2178424,-0.0153461,-0.27402872,0,1.0,False,5
2.1460247,0.02294274,-0.020826675,0.013774767,0,1.0,False,5
2.1464837,-0.17187443,-0.020551179,0.29981455,1,1.0,False,5
2.1430461,0.023534328,-0.014554888,0.0007216857,1,1.0,False,5
2.1435168,0.21886197,-0.014540454,-0.29651773,0,1.0,False,5
2.147894,0.023950279,-0.02047081,-0.008455843,0,1.0,False,5
2.148373,-0.1708722,-0.020639926,0.27769867,1,1.0,False,5
2.1449556,0.024538029,-0.015085952,-0.021421969,0,1.0,False,5
2.1454463,-0.17036436,-0.0155143915,0.26646325,1,1.0,False,5
2.142039,0.024975538,-0.010185127,-0.031072387,0,1.0,False,5
2.1425385,-0.16999888,-0.0108065745,0.2583797,1,1.0,False,5
2.1391385,0.025275666,-0.0056389803,-0.037692092,1,1.0,False,5
2.1396441,0.22047803,-0.006392822,-0.33214882,0,1.0,False,5
2.1440537,0.025447648,-0.013035798,-0.04148872,0,1.0,False,5
2.1445625,-0.16948497,-0.013865573,0.24705295,1,1.0,False,5
2.141173,0.025832236,-0.008924514,-0.049971044,0,1.0,False,5
2.1416895,-0.16916062,-0.009923935,0.23988281,1,1.0,False,5
2.1383064,0.026101684,-0.005126279,-0.055913802,0,1.0,False,5
2.1388283,-0.16894639,-0.0062445547,0.23514734,1,1.0,False,5
2.1354494,0.02626422,-0.0015416078,-0.05949875,1,1.0,False,5
2.1359746,0.22140825,-0.0027315828,-0.35266766,0,1.0,False,5
2.1404028,0.02632524,-0.009784936,-0.06084734,0,1.0,False,5
2.1409295,-0.16865505,-0.011001883,0.22873238,1,1.0,False,5
2.1375563,0.026622372,-0.006427235,-0.06740052,0,1.0,False,5
2.1380887,-0.16840684,-0.0077752457,0.22324766,1,1.0,False,5
2.1347206,0.026825368,-0.0033102923,-0.0718777,0,1.0,False,5
2.135257,-0.16824897,-0.004747846,0.21975897,1,1.0,False,5
2.1318922,0.026940526,-0.00035266668,-0.07441783,0,1.0,False,5
2.132431,-0.16817637,-0.0018410232,0.2181538,1,1.0,False,5
2.1290674,0.026971852,0.002522053,-0.07510928,1,1.0,False,5
2.1296067,0.22205755,0.0010198673,-0.36699542,0,1.0,False,5
2.134048,0.026921129,-0.006320041,-0.0739911,0,1.0,False,5
2.1345863,-0.16810966,-0.0077998633,0.21669115,1,1.0,False,5
2.1312242,0.027122932,-0.0034660401,-0.07844195,0,1.0,False,5
2.1317668,-0.16794915,-0.0050348793,0.21314542,1,1.0,False,5
2.1284077,0.027244411,-0.00077197084,-0.08112148,0,1.0,False,5
2.1289525,-0.16786647,-0.0023944003,0.21131779,1,1.0,False,5
2.1255953,0.027289638,0.0018319554,-0.08211948,0,1.0,False,5
2.126141,-0.16785853,0.0001895658,0.21114087,1,1.0,False,5
2.122784,0.027260715,0.0044123833,-0.081482254,1,1.0,False,5
2.1233292,0.22231914,0.002782738,-0.3727698,0,1.0,False,5
2.1277754,0.027157767,-0.004672658,-0.07921076,0,1.0,False,5
2.1283185,-0.1678969,-0.0062568733,0.21199428,1,1.0,False,5
2.1249607,0.027313957,-0.0020169874,-0.08265577,0,1.0,False,5
2.1255069,-0.16777903,-0.003670103,0.2093901,1,1.0,False,5
2.1221514,0.027395213,0.0005176994,-0.08444828,0,1.0,False,5
2.1226993,-0.16773416,-0.0011712662,0.20839794,1,1.0,False,5
2.1193447,0.027404524,0.0029966924,-0.084654234,0,1.0,False,5
2.1198926,-0.16776025,0.0013036078,0.20897265,1,1.0,False,5
2.1165376,0.027343033,0.0054830606,-0.08329877,1,1.0,False,5
2.1170843,0.22238596,0.0038170854,-0.37424675,0,1.0,False,5
2.121532,0.027209995,-0.0036678498,-0.08036272,0,1.0,False,5
2.1220763,-0.16785918,-0.005275104,0.21116073,1,1.0,False,5
2.118719,0.027337791,-0.0010518894,-0.08318152,0,1.0,False,5
2.1192658,-0.16776906,-0.0027155199,0.20916934,1,1.0,False,5
2.1159105,0.027391609,0.0014678669,-0.08436895,0,1.0,False,5
2.1164584,-0.16775136,-0.00021951213,0.20877673,1,1.0,False,5
2.1131034,0.027373735,0.003956022,-0.083975434,0,1.0,False,5
2.1136508,-0.1678047,0.0022765137,0.209953,1,1.0,False,5
2.1102946,0.027284628,0.0064755734,-0.08201095,1,1.0,False,5
2.1108403,0.22231315,0.0048353546,-0.3726438,0,1.0,False,5
2.1152866,0.02712285,-0.0026175212,-0.078440174,0,1.0,False,5
2.115829,-0.16796148,-0.004186325,0.21341577,1,1.0,False,5
2.11247,0.02722007,8.199071e-05,-0.080584764,0,1.0,False,5
2.1130142,-0.16790305,-0.0015297047,0.21212402,1,1.0,False,5
2.109656,0.027240733,0.002712776,-0.081041045,0,1.0,False,5
2.110201,-0.16792,0.0010919549,0.21249653,1,1.0,False,5
2.1068425,0.027186321,0.0053418856,-0.07984174,0,1.0,False,5
2.1073864,-0.1680118,0.0037450506,0.21452177,1,1.0,False,5
2.104026,0.027056413,0.008035486,-0.076977454,1,1.0,False,5
2.1045673,0.22206226,0.006495937,-0.36711437,0,1.0,False,5
2.1090086,0.0268486,-0.00084635045,-0.07239027,0,1.0,False,5
2.1095455,-0.1682612,-0.0022941558,0.22002551,1,1.0,False,5
2.1061802,0.026893461,0.0021063543,-0.07338021,0,1.0,False,5
2.106718,-0.16825862,0.00063875015,0.21996653,1,1.0,False,5
2.1033528,0.026854191,0.0050380807,-0.07251483,0,1.0,False,5
2.10389,-0.16833963,0.0035877842,0.22175336,1,1.0,False,5
2.1005232,0.026730863,0.008022851,-0.069795676,1,1.0,False,5
2.1010578,0.22173688,0.006626938,-0.3599366,0,1.0,False,5
2.1054926,0.026521355,-0.0005717938,-0.065171435,0,1.0,False,5
2.106023,-0.1685924,-0.0018752224,0.22733104,1,1.0,False,5
2.1026511,0.026556307,0.0026713982,-0.06594282,0,1.0,False,5
2.1031823,-0.16860384,0.001352542,0.22758175,1,1.0,False,5
2.0998101,0.026498754,0.005904177,-0.06467422,1,1.0,False,5
2.1003401,0.22153556,0.0046106926,-0.3554885,0,1.0,False,5
2.104771,0.026348356,-0.0024990777,-0.061355285,0,1.0,False,5
2.1052978,-0.16873768,-0.0037261834,0.23053811,1,1.0,False,5
2.101923,0.026437324,0.000884579,-0.06331784,0,1.0,False,5
2.1024518,-0.1686973,-0.00038177776,0.22964405,1,1.0,False,5
2.099078,0.026430106,0.004211103,-0.06315928,0,1.0,False,5
2.0996065,-0.16875197,0.0029479174,0.2308493,1,1.0,False,5
2.0962315,0.026327735,0.0075649032,-0.060902305,1,1.0,False,5
2.096758,0.2213404,0.006346857,-0.3511889,0,1.0,False,5
2.1011848,0.026128776,-0.00067692035,-0.05651137,0,1.0,False,5
2.1017075,-0.16898346,-0.0018071478,0.2359579,1,1.0,False,5
2.0983276,0.026164262,0.0029120103,-0.057294503,0,1.0,False,5
2.098851,-0.16899933,0.0017661203,0.23630576,1,1.0,False,5
2.095471,0.026097352,0.0064922357,-0.055819552,1,1.0,False,5
2.095993,0.22112562,0.0053758444,-0.34644708,0,1.0,False,5
2.1004155,0.02592761,-0.001553097,-0.052073814,0,1.0,False,5
2.100934,-0.16917203,-0.0025945734,0.2401187,1,1.0,False,5
2.0975506,0.025986882,0.0022078005,-0.053381503,0,1.0,False,5
2.0980704,-0.16916665,0.0011401705,0.23999718,1,1.0,False,5
2.094687,0.02593899,0.005940114,-0.052325882,1,1.0,False,5
2.0952058,0.22097526,0.0048935967,-0.34312874,0,1.0,False,5
2.0996253,0.025784038,-0.0019689784,-0.048906706,0,1.0,False,5
2.100141,-0.16930963,-0.0029471125,0.24315435,1,1.0,False,5
2.0967548,0.025854297,0.0019159743,-0.05045672,0,1.0,False,5
2.097272,-0.16929507,0.00090683985,0.2428301,1,1.0,False,5
2.093886,0.025813913,0.005763442,-0.049566653,1,1.0,False,5
2.0944023,0.22085275,0.004772109,-0.3404256,0,1.0,False,5
2.0988193,0.025663225,-0.0020364034,-0.046241656,0,1.0,False,5
2.0993326,-0.16942947,-0.0029612365,0.24579807,1,1.0,False,5
2.095944,0.025734652,0.001954725,-0.047817428,0,1.0,False,5
2.0964587,-0.16941528,0.0009983763,0.2454816,1,1.0,False,5
2.0930703,0.025692405,0.005908008,-0.046886258,1,1.0,False,5
2.0935843,0.22072914,0.004970283,-0.33769932,0,1.0,False,5
2.0979989,0.025536817,-0.0017837033,-0.043453187,0,1.0,False,5
2.0985096,-0.16955951,-0.002652767,0.24866644,1,1.0,False,5
2.0951183,0.025600225,0.0023205616,-0.044852052,1,1.0,False,5
2.0956304,0.22068882,0.0014235206,-0.33680192,0,1.0,False,5
2.100044,0.025546642,-0.0053125178,-0.04367043,0,1.0,False,5
2.100555,-0.16949873,-0.0061859265,0.24733162,1,1.0,False,5
2.097165,0.02571102,-0.001239294,-0.047296047,0,1.0,False,5
2.0976794,-0.16939314,-0.0021852148,0.24499561,1,1.0,False,5
2.0942914,0.025759956,0.0027146975,-0.04837578,1,1.0,False,5
2.0948067,0.22084288,0.0017471818,-0.34020096,0,1.0,False,5
2.0992234,0.025696108,-0.0050568376,-0.04696759,0,1.0,False,5
2.0997374,-0.16935296,-0.005996189,0.24411558,1,1.0,False,5
2.0963504,0.025854114,-0.0011138775,-0.050452646,0,1.0,False,5
2.0968673,-0.16925184,-0.0021229305,0.24187864,1,1.0,False,5
2.0934823,0.025900364,0.0027146423,-0.051473163,0,1.0,False,5
2.0940003,-0.16926041,0.0016851791,0.24206501,1,1.0,False,5
2.0906153,0.025837433,0.0065264795,-0.05008588,1,1.0,False,5
2.091132,0.22086519,0.005524762,-0.34070253,0,1.0,False,5
2.095549,0.025665073,-0.0012892886,-0.046282537,0,1.0,False,5
2.0960624,-0.16943836,-0.0022149393,0.24599333,1,1.0,False,5
2.0926738,0.02571515,0.002704927,-0.04738742,1,1.0,False,5
2.093188,0.22079821,0.0017571787,-0.3392157,0,1.0,False,5
2.097604,0.025651298,-0.0050271354,-0.04597917,0,1.0,False,5
2.098117,-0.1693982,-0.0059467186,0.24511342,1,1.0,False,5
2.0947292,0.025808174,-0.0010444501,-0.049439296,0,1.0,False,5
2.0952454,-0.16929878,-0.002033236,0.24291392,1,1.0,False,5
2.0918593,0.02585215,0.0028250422,-0.050409652,0,1.0,False,5
2.0923762,-0.1693102,0.0018168492,0.24316326,1,1.0,False,5
2.0889902,0.025785757,0.006680114,-0.048946034,1,1.0,False,5
2.089506,0.22081129,0.0057011936,-0.33951387,0,1.0,False,5
2.0939221,0.02560868,-0.0010890836,-0.04503857,0,1.0,False,5
2.0944343,-0.16949764,-0.001989855,0.24730054,1,1.0,False,5
2.0910442,0.025652675,0.0029561557,-0.046009365,1,1.0,False,5
2.0915573,0.22073211,0.0020359685,-0.33775812,0,1.0,False,5
2.095972,0.025581248,-0.004719194,-0.04443387,0,1.0,False,5
2.0964837,-0.16947271,-0.005607872,0.24675637,1,1.0,False,5
2.093094,0.025728878,-0.00067274406,-0.047690112,0,1.0,False,5
2.0936086,-0.16938342,-0.0016265463,0.24478048,1,1.0,False,5
2.0902212,0.025761725,0.0032690633,-0.048415054,1,1.0,False,5
2.0907364,0.22083665,0.0023007623,-0.34006476,0,1.0,False,5
2.095153,0.025682036,-0.004500533,-0.046657205,0,1.0,False,5
2.0956666,-0.16937509,-0.005433677,0.24460237,1,1.0,False,5
2.0922792,0.025824046,-0.00054162974,-0.049789503,0,1.0,False,5
2.0927956,-0.16929014,-0.0015374199,0.24272248,1,1.0,False,5
2.0894098,0.025853742,0.00331703,-0.050444987,0,1.0,False,5
2.089927,-0.16931562,0.00230813,0.24328265,1,1.0,False,5
2.0865407,0.025773292,0.007173783,-0.04867135,1,1.0,False,5
2.0870562,0.22079165,0.006200356,-0.33908227,0,1.0,False,5
2.091472,0.025582021,-0.0005812896,-0.044450574,0,1.0,False,5
2.0919836,-0.16953158,-0.0014703011,0.24804889,1,1.0,False,5
2.088593,0.025611328,0.0034906769,-0.045097437,1,1.0,False,5
2.0891051,0.22068305,0.002588728,-0.33667699,0,1.0,False,5
2.0935187,0.025524355,-0.0041448115,-0.043178834,0,1.0,False,5
2.0940292,-0.16953792,-0.0050083883,0.24819349,1,1.0,False,5
2.0906386,0.025655203,-4.4518554e-05,-0.046064977,0,1.0,False,5
2.0911517,-0.16946611,-0.0009658181,0.2466039,1,1.0,False,5
2.0877624,0.025669621,0.00396626,-0.046383508,1,1.0,False,5
2.0882757,0.22073448,0.0030385898,-0.33781242,0,1.0,False,5
2.0926905,0.025569417,-0.0037176583,-0.04417283,0,1.0,False,5
2.0932019,-0.16949902,-0.004601115,0.24733482,1,1.0,False,5
2.0898118,0.025688332,0.00034558153,-0.046795838,0,1.0,False,5
2.0903256,-0.16943857,-0.0005903352,0.2459961,1,1.0,False,5
2.0869367,0.025691805,0.004329587,-0.04687297,1,1.0,False,5
2.0874507,0.2207514,0.0033921273,-0.33818674,0,1.0,False,5
2.0918655,0.02558135,-0.0033716073,-0.044436052,0,1.0,False,5
2.0923772,-0.1694921,-0.004260328,0.24718119,1,1.0,False,5
2.0889874,0.025690444,0.0006832956,-0.046842482,0,1.0,False,5
2.0895011,-0.1694413,-0.00025355406,0.24605595,1,1.0,False,5
2.0861125,0.025684273,0.0046675648,-0.04670694,1,1.0,False,5
2.086626,0.22073899,0.003733426,-0.33791357,0,1.0,False,5
2.0910408,0.025564106,-0.0030248452,-0.04405566,0,1.0,False,5
2.0915523,-0.16951434,-0.0039059583,0.24767137,1,1.0,False,5
2.088162,0.025663177,0.001047469,-0.046241023,0,1.0,False,5
2.0886753,-0.16947378,0.00012264847,0.2467722,1,1.0,False,5
2.0852857,0.02564642,0.0050580925,-0.045872033,1,1.0,False,5
2.0857985,0.22069548,0.004140652,-0.3369548,0,1.0,False,5
2.0902126,0.025514849,-0.0025984442,-0.042969022,0,1.0,False,5
2.0907228,-0.16956975,-0.0034578245,0.24889295,1,1.0,False,5
2.0873313,0.025601415,0.0015200343,-0.04487865,0,1.0,False,5
2.0878434,-0.1695423,0.0006224613,0.24828348,1,1.0,False,5
2.0844526,0.025570756,0.0055881306,-0.04420305,1,1.0,False,5
2.084964,0.22061214,0.00470407,-0.33511764,0,1.0,False,5
2.0893762,0.025423551,-0.001998283,-0.04095502,0,1.0,False,5
2.0898848,-0.16966969,-0.0028173835,0.25109676,1,1.0,False,5
2.0864913,0.025492381,0.0022045518,-0.04247349,0,1.0,False,5
2.087001,-0.16966112,0.001355082,0.25090417,1,1.0,False,5
2.083608,0.02544146,0.0063731656,-0.04135102,1,1.0,False,5
2.0841167,0.22047144,0.005546145,-0.33201635,0,1.0,False,5
2.0885262,0.025270991,-0.001094182,-0.037589625,0,1.0,False,5
2.0890317,-0.16983525,-0.0018459745,0.25474787,1,1.0,False,5
2.085635,0.025313007,0.003248983,-0.03851673,1,1.0,False,5
2.086141,0.22038822,0.0024786484,-0.3301728,0,1.0,False,5
2.090549,0.02523107,-0.0041248077,-0.036709256,0,1.0,False,5
2.0910535,-0.16983148,-0.0048589925,0.2546694,1,1.0,False,5
2.087657,0.025359502,0.00023439537,-0.039542165,0,1.0,False,5
2.088164,-0.16976582,-0.00055644795,0.25321472,1,1.0,False,5
2.0847688,0.025364082,0.004507846,-0.039643683,1,1.0,False,5
2.0852761,0.2204211,0.0037149724,-0.33090094,0,1.0,False,5
2.0896845,0.025246467,-0.0029030463,-0.037048806,0,1.0,False,5
2.0901895,-0.16983373,-0.0036440224,0.25471675,1,1.0,False,5
2.0867927,0.025340058,0.0014503129,-0.039113317,0,1.0,False,5
2.0872996,-0.16980267,0.0006680466,0.25402686,1,1.0,False,5
2.0839036,0.025309745,0.0057485835,-0.03844529,1,1.0,False,5
2.0844097,0.22034879,0.0049796775,-0.32930896,0,1.0,False,5
2.0888166,0.025156308,-0.0016065014,-0.035059836,0,1.0,False,5
2.0893197,-0.16994257,-0.0023076981,0.25711578,1,1.0,False,5
2.085921,0.025212253,0.0028346176,-0.03629413,1,1.0,False,5
2.0864253,0.22029345,0.002108735,-0.32808137,0,1.0,False,5
2.090831,0.025141532,-0.004452892,-0.03473418,0,1.0,False,5
2.0913339,-0.16991629,-0.0051475754,0.2565405,1,1.0,False,5
2.0879357,0.025278782,-1.6765618e-05,-0.037761603,0,1.0,False,5
2.0884411,-0.16984293,-0.0007719977,0.25491604,1,1.0,False,5
2.0850444,0.025290038,0.004326323,-0.03801029,1,1.0,False,5
2.08555,0.22034968,0.0035661173,-0.32932508,0,1.0,False,5
2.089957,0.025177147,-0.0030203846,-0.03551971,0,1.0,False,5
2.0904605,-0.16990136,-0.0037307788,0.25620872,1,1.0,False,5
2.0870626,0.025273656,0.0013933957,-0.03764861,0,1.0,False,5
2.087568,-0.16986825,0.0006404235,0.2554736,1,1.0,False,5
2.0841708,0.025244555,0.005749896,-0.037007235,1,1.0,False,5
2.0846756,0.22028358,0.0050097513,-0.3278705,0,1.0,False,5
2.0890813,0.025090668,-0.0015476584,-0.033611923,0,1.0,False,5
2.0895832,-0.17000906,-0.0022198968,0.2585823,1,1.0,False,5
2.0861828,0.025144517,0.0029517491,-0.03479999,1,1.0,False,5
2.086686,0.22022401,0.0022557494,-0.32655016,0,1.0,False,5
2.0910902,0.02507002,-0.0042752535,-0.03315671,0,1.0,False,5
2.0915916,-0.16999036,-0.004938388,0.25817427,1,1.0,False,5
2.088192,0.025201743,0.00022509752,-0.0360622,0,1.0,False,5
2.088696,-0.16992344,-0.00049614644,0.25669175,1,1.0,True,5
-0.011230012,0.009577349,0.0013800545,0.019449191,0,1.0,False,6
-0.011038465,-0.18556437,0.0017690383,0.31256723,0,1.0,False,6
-0.014749753,-0.38071147,0.008020382,0.60580754,0,1.0,False,6
-0.022363983,-0.57594466,0.020136533,0.90100586,1,1.0,False,6
-0.033882875,-0.38110125,0.03815665,0.61471975,0,1.0,False,6
-0.0415049,-0.576735,0.050451044,0.91917205,1,1.0,False,6
-0.0530396,-0.38232997,0.06883448,0.6427619,1,1.0,False,6
-0.0606862,-0.18823154,0.08168972,0.3725251,1,1.0,False,6
-0.06445083,0.0056406497,0.08914023,0.10667666,0,1.0,False,6
-0.06433802,-0.19063814,0.09127376,0.42609844,1,1.0,False,6
-0.06815078,0.0030804602,0.09979573,0.16352732,1,1.0,False,6
-0.06808917,0.1966427,0.10306627,-0.09608017,1,1.0,False,6
-0.064156316,0.390148,0.10114467,-0.35455,0,1.0,False,6
-0.056353357,0.19374429,0.09405367,-0.031764194,0,1.0,False,6
-0.05247847,-0.0025917948,0.09341839,0.2890493,1,1.0,False,6
-0.052530307,0.19108248,0.09919937,0.027229702,1,1.0,False,6
-0.04870866,0.38465223,0.09974397,-0.23258068,0,1.0,False,6
-0.041015614,0.18825702,0.095092356,0.08982404,1,1.0,False,6
-0.037250474,0.38189644,0.09688883,-0.17140777,0,1.0,False,6
-0.029612545,0.18553086,0.09346068,0.1501999,1,1.0,False,6
-0.025901927,0.37919888,0.09646468,-0.11159683,1,1.0,False,6
-0.01831795,0.5728157,0.09423274,-0.3723552,0,1.0,False,6
-0.0068616364,0.3764902,0.08678564,-0.051510047,1,1.0,False,6
0.0006681678,0.57026744,0.08575544,-0.31559905,0,1.0,False,6
0.012073517,0.37403533,0.079443455,0.0028487004,1,1.0,False,6
0.019554224,0.5679334,0.07950043,-0.26374924,0,1.0,False,6
0.030912891,0.371772,0.07422544,0.052912,1,1.0,False,6
0.038348332,0.5657555,0.075283684,-0.21545982,1,1.0,False,6
0.04966344,0.759725,0.070974484,-0.48347738,0,1.0,False,6
0.06485794,0.56367683,0.061304938,-0.16929662,0,1.0,False,6
0.07613148,0.36773342,0.057919007,0.14207874,1,1.0,False,6
0.08348615,0.5619801,0.06076058,-0.13178402,1,1.0,False,6
0.09472575,0.7561814,0.0581249,-0.40469584,0,1.0,False,6
0.10984938,0.56028545,0.050030984,-0.09426896,1,1.0,False,6
0.12105508,0.7546559,0.048145603,-0.3707569,0,1.0,False,6
0.1361482,0.5588842,0.040730465,-0.06329025,0,1.0,False,6
0.14732589,0.36320266,0.03946466,0.24196006,1,1.0,False,6
0.15458994,0.5577393,0.044303864,-0.03801811,1,1.0,False,6
0.16574472,0.7521989,0.0435435,-0.31640014,0,1.0,False,6
0.1807887,0.5564846,0.037215497,-0.010309286,1,1.0,False,6
0.19191839,0.75105363,0.037009314,-0.29102188,0,1.0,False,6
0.20693947,0.55542403,0.031188874,0.013099791,1,1.0,False,6
0.21804795,0.7500851,0.03145087,-0.26958182,0,1.0,False,6
0.23304965,0.55452883,0.026059235,0.032852642,1,1.0,False,6
0.24414022,0.7492676,0.026716286,-0.25149575,0,1.0,False,6
0.2591256,0.5537745,0.021686371,0.04949285,1,1.0,False,6
0.27020106,0.74857885,0.02267623,-0.23626971,0,1.0,False,6
0.28517264,0.5531404,0.017950835,0.06347884,0,1.0,False,6
0.29623544,0.35776576,0.019220412,0.36177087,1,1.0,False,6
0.30339077,0.5526093,0.026455829,0.07520998,1,1.0,False,6
0.31444296,0.74734217,0.027960028,-0.20901003,0,1.0,False,6
0.3293898,0.55183184,0.023779828,0.09236006,0,1.0,False,6
0.34042645,0.35637727,0.025627028,0.39244965,1,1.0,False,6
0.34755397,0.55112636,0.03347602,0.10795547,1,1.0,False,6
0.3585765,0.745753,0.035635132,-0.17398082,0,1.0,False,6
0.37349156,0.5501396,0.032155514,0.12972745,1,1.0,False,6
0.38449436,0.74478656,0.034750063,-0.1526399,0,1.0,False,6
0.3993901,0.5491847,0.031697266,0.15080021,1,1.0,False,6
0.41037378,0.7438388,0.034713272,-0.13171679,0,1.0,False,6
0.42525056,0.5482372,0.032078933,0.17171244,1,1.0,False,6
0.4362153,0.74288565,0.035513185,-0.11068047,0,1.0,False,6
0.45107302,0.54727334,0.033299573,0.19299175,1,1.0,False,6
0.4620185,0.7419035,0.03715941,-0.08900338,1,1.0,False,6
0.47685656,0.9364736,0.035379343,-0.3697348,0,1.0,False,6
0.49558604,0.7408673,0.027984645,-0.0661096,0,1.0,False,6
0.5104034,0.54535556,0.026662454,0.23526962,1,1.0,False,6
0.5213105,0.7400866,0.031367846,-0.048885323,1,1.0,False,6
0.5361122,0.9347451,0.03039014,-0.33150873,0,1.0,False,6
0.5548071,0.73920405,0.023759965,-0.02939925,1,1.0,False,6
0.5695912,0.93397737,0.02317198,-0.31449196,0,1.0,False,6
0.5882707,0.7385331,0.016882142,-0.01459236,0,1.0,False,6
0.6030414,0.54317313,0.016590293,0.28336892,1,1.0,False,6
0.6139049,0.7380546,0.022257673,-0.0040357006,1,1.0,False,6
0.628666,0.93285036,0.022176959,-0.28961378,0,1.0,False,6
0.64732295,0.7374193,0.016384682,0.009980188,1,1.0,False,6
0.66207135,0.93230253,0.016584286,-0.27748847,0,1.0,False,6
0.6807174,0.73694795,0.011034517,0.020378646,1,1.0,False,6
0.6954564,0.9319099,0.011442089,-0.26880243,0,1.0,False,6
0.7140946,0.73662657,0.0060660406,0.027467322,1,1.0,False,6
0.7288271,0.931661,0.0066153873,-0.26329556,0,1.0,False,6
0.7474603,0.73644525,0.0013494762,0.03146658,1,1.0,False,6
0.7621892,0.9315478,0.0019788078,-0.26079026,0,1.0,False,6
0.7808202,0.7363977,-0.0032369976,0.032516144,1,1.0,False,6
0.79554814,0.93156594,-0.0025866746,-0.26118633,0,1.0,False,6
0.8141795,0.73648095,-0.0078104013,0.030679608,1,1.0,False,6
0.8289091,0.93171406,-0.007196809,-0.26445732,0,1.0,False,6
0.84754336,0.7366956,-0.012485956,0.025947006,1,1.0,False,6
0.86227727,0.9319943,-0.011967015,-0.27064908,0,1.0,False,6
0.88091713,0.73704517,-0.017379997,0.018235495,1,1.0,False,6
0.8956581,0.932412,-0.017015288,-0.27987996,0,1.0,False,6
0.9143063,0.73753685,-0.022612887,0.007388197,0,1.0,False,6
0.929057,0.54274637,-0.022465123,0.2928516,1,1.0,False,6
0.93991196,0.7381813,-0.016608091,-0.006831029,1,1.0,False,6
0.95467556,0.9335375,-0.01674471,-0.3047074,0,1.0,False,6
0.97334635,0.7386581,-0.022838859,-0.017352032,0,1.0,False,6
0.9881195,0.543871,-0.0231859,0.26803836,1,1.0,False,6
0.9989969,0.73931605,-0.017825132,-0.031866435,0,1.0,False,6
1.0137832,0.54445416,-0.01846246,0.2551396,1,1.0,False,6
1.0246723,0.7398348,-0.013359669,-0.043309044,1,1.0,False,6
1.039469,0.93514574,-0.01422585,-0.34017694,0,1.0,False,6
1.058172,0.74022907,-0.021029389,-0.052013773,0,1.0,False,6
1.0729765,0.54541487,-0.022069665,0.23396073,1,1.0,False,6
1.0838848,0.7408451,-0.017390449,-0.06560116,0,1.0,False,6
1.0987017,0.54597676,-0.018702473,0.22154464,1,1.0,False,6
1.1096213,0.74136096,-0.01427158,-0.07697863,0,1.0,False,6
1.1244484,0.54644644,-0.015811153,0.21116762,1,1.0,False,6
1.1353774,0.7417909,-0.0115878,-0.08646066,0,1.0,False,6
1.1502132,0.5468369,-0.013317013,0.2025439,1,1.0,False,6
1.16115,0.7421468,-0.009266135,-0.094309986,0,1.0,False,6
1.1759928,0.54715884,-0.011152335,0.19543514,1,1.0,False,6
1.186936,0.74243855,-0.0072436323,-0.10074489,1,1.0,False,6
1.2017848,0.93766356,-0.00925853,-0.39570433,0,1.0,False,6
1.2205381,0.7426742,-0.017172616,-0.10595478,0,1.0,False,6
1.2353916,0.54780245,-0.019291712,0.18126117,1,1.0,False,6
1.2463477,0.7431951,-0.015666489,-0.11744463,0,1.0,False,6
1.2612115,0.5483011,-0.018015381,0.17025477,1,1.0,False,6
1.2721776,0.7436762,-0.014610287,-0.12805659,0,1.0,False,6
1.2870511,0.54876655,-0.017171418,0.1599814,1,1.0,False,6
1.2980264,0.7441301,-0.01397179,-0.13806884,0,1.0,False,6
1.312909,0.549211,-0.016733168,0.15017368,1,1.0,False,6
1.3238932,0.7445685,-0.013729693,-0.1477409,0,1.0,False,6
1.3387846,0.54964584,-0.016684512,0.14057916,1,1.0,False,6
1.3497776,0.74500275,-0.013872928,-0.15732041,1,1.0,False,6
1.3646775,0.9403205,-0.017019337,-0.45434743,0,1.0,False,6
1.383484,0.7454433,-0.026106285,-0.16707738,0,1.0,False,6
1.3983929,0.5507046,-0.029447833,0.11725679,1,1.0,False,6
1.4094069,0.74623585,-0.027102696,-0.18456931,0,1.0,False,6
1.4243317,0.55151194,-0.030794082,0.09944203,1,1.0,False,6
1.4353619,0.7470614,-0.028805243,-0.2027951,0,1.0,False,6
1.4503031,0.552363,-0.032861143,0.08066379,1,1.0,False,6
1.4613504,0.7479402,-0.03124787,-0.22220312,0,1.0,False,6
1.4763092,0.5532785,-0.03569193,0.06046152,1,1.0,False,6
1.4873748,0.74889356,-0.0344827,-0.24326536,0,1.0,False,6
1.5023526,0.55428064,-0.039348006,0.038344514,0,1.0,False,6
1.5134382,0.3597444,-0.038581118,0.3183577,1,1.0,False,6
1.5206331,0.555394,-0.032213964,0.013761659,1,1.0,False,6
1.531741,0.7509628,-0.031938728,-0.28890857,0,1.0,False,6
1.5467603,0.5563105,-0.037716903,-0.006467436,0,1.0,False,6
1.5578865,0.36174917,-0.03784625,0.27408084,1,1.0,False,6
1.5651214,0.5573901,-0.032364633,-0.030294575,1,1.0,False,6
1.5762693,0.75296086,-0.032970525,-0.33301064,0,1.0,False,6
1.5913285,0.5583233,-0.039630737,-0.050904587,0,1.0,False,6
1.602495,0.3637914,-0.04064883,0.22901581,1,1.0,False,6
1.6097708,0.55946994,-0.036068514,-0.07620701,0,1.0,False,6
1.6209602,0.36488315,-0.037592653,0.20488153,1,1.0,False,6
1.6282579,0.56052196,-0.033495024,-0.099419,0,1.0,False,6
1.6394683,0.36589566,-0.0354834,0.182511,1,1.0,False,6
1.6467862,0.5615069,-0.031833183,-0.121151105,0,1.0,False,6
1.6580163,0.36685514,-0.034256205,0.16132122,1,1.0,False,6
1.6653534,0.56245035,-0.03102978,-0.14196879,0,1.0,False,6
1.6766025,0.36778623,-0.033869155,0.14076555,1,1.0,False,6
1.6839582,0.5633765,-0.031053845,-0.1624072,0,1.0,False,6
1.6952257,0.3687125,-0.03430199,0.12031958,1,1.0,False,6
1.7026,0.5643087,-0.031895597,-0.18298492,0,1.0,False,6
1.7138861,0.36965734,-0.035555296,0.09946794,1,1.0,False,6
1.7212793,0.5652703,-0.03356594,-0.20421718,0,1.0,False,6
1.7325847,0.37064406,-0.03765028,0.07769123,1,1.0,False,6
1.7399975,0.56628495,-0.036096457,-0.2266287,0,1.0,False,6
1.7513232,0.37169698,-0.04062903,0.054453086,0,1.0,False,6
1.7587572,0.17718044,-0.039539967,0.33404547,1,1.0,False,6
1.7623008,0.3728422,-0.032859057,0.029160528,0,1.0,False,6
1.7697576,0.17820649,-0.032275848,0.31129766,1,1.0,False,6
1.7733217,0.37377304,-0.026049895,0.008613143,1,1.0,False,6
1.7807972,0.5692587,-0.025877632,-0.29217368,0,1.0,False,6
1.7921824,0.37451512,-0.031721108,-0.0077632423,0,1.0,False,6
1.7996727,0.1798621,-0.03187637,0.27474493,1,1.0,False,6
1.80327,0.375424,-0.026381472,-0.02781898,0,1.0,False,6
1.8107784,0.18069012,-0.026937852,0.25642496,1,1.0,False,6
1.8143922,0.3761861,-0.021809353,-0.044631414,0,1.0,False,6
1.821916,0.18138358,-0.02270198,0.24109146,1,1.0,False,6
1.8255436,0.37682235,-0.017880151,-0.05866495,1,1.0,False,6
1.83308,0.57219607,-0.01905345,-0.35693514,0,1.0,False,6
1.844524,0.3773501,-0.026192153,-0.07032063,0,1.0,False,6
1.852071,0.18261324,-0.027598565,0.21398483,1,1.0,False,6
1.8557233,0.37811866,-0.02331887,-0.08727458,0,1.0,False,6
1.8632857,0.1833386,-0.02506436,0.19796097,1,1.0,False,6
1.8669524,0.37880993,-0.021105142,-0.10252207,0,1.0,False,6
1.8745286,0.18399668,-0.023155583,0.18342824,1,1.0,False,6
1.8782085,0.3794422,-0.019487018,-0.11646853,0,1.0,False,6
1.8857974,0.18460478,-0.021816388,0.17000325,1,1.0,False,6
1.8894895,0.3800321,-0.018416323,-0.12948146,0,1.0,False,6
1.8970901,0.18517873,-0.021005953,0.15733492,1,1.0,False,6
1.9007937,0.38059503,-0.017859254,-0.14190017,0,1.0,False,6
1.9084055,0.18573335,-0.020697257,0.14509541,1,1.0,False,6
1.9121202,0.3811455,-0.017795349,-0.1540446,0,1.0,False,6
1.9197432,0.18628281,-0.020876242,0.13297161,1,1.0,False,6
1.9234688,0.38169748,-0.01821681,-0.16622369,0,1.0,False,6
1.9311028,0.18684097,-0.021541283,0.12065713,1,1.0,False,6
1.9348396,0.38226482,-0.01912814,-0.17874327,0,1.0,False,6
1.9424849,0.18742174,-0.022703005,0.10784454,1,1.0,False,6
1.9462334,0.38286155,-0.020546114,-0.19191374,0,1.0,False,6
1.9538906,0.18803945,-0.02438439,0.09421759,1,1.0,False,6
1.9576514,0.38350224,-0.022500038,-0.20605776,0,1.0,False,6
1.9653214,0.18870917,-0.026621193,0.07944348,0,1.0,False,6
1.9690956,-0.0060212477,-0.025032323,0.36360988,1,1.0,False,6
1.9689752,0.18944736,-0.017760126,0.063140094,1,1.0,False,6
1.9727641,0.3848194,-0.016497323,-0.23509292,0,1.0,False,6
1.9804605,0.18993698,-0.021199182,0.05234091,1,1.0,False,6
1.9842592,0.3853564,-0.020152364,-0.24695443,0,1.0,False,6
1.9919664,0.19052796,-0.025091453,0.039304476,0,1.0,False,6
1.9957769,-0.0042253584,-0.024305362,0.32396638,1,1.0,False,6
1.9956924,0.1912341,-0.017826036,0.023718737,0,1.0,False,6
1.9995171,-0.003627739,-0.01735166,0.31072447,1,1.0,False,6
1.9994445,0.19173707,-0.011137171,0.012620235,1,1.0,False,6
2.0032792,0.38701695,-0.0108847665,-0.2835557,0,1.0,False,6
2.0110197,0.19205193,-0.016555881,0.005674463,0,1.0,False,6
2.0148606,-0.0028287151,-0.01644239,0.29308817,1,1.0,False,6
2.0148041,0.19252376,-0.010580627,-0.004734775,1,1.0,False,6
2.0186546,0.38779584,-0.010675323,-0.30073714,0,1.0,False,6
2.0264106,0.19282766,-0.016690066,-0.011440029,0,1.0,False,6
2.030267,-0.002051004,-0.016918866,0.2759306,1,1.0,False,6
2.030226,0.19330819,-0.011400254,-0.022040162,1,1.0,False,6
2.0340922,0.38859177,-0.011841058,-0.31829807,0,1.0,False,6
2.041864,0.19364044,-0.01820702,-0.029372796,0,1.0,False,6
2.0457368,-0.0012157373,-0.018794475,0.25751045,1,1.0,False,6
2.0457125,0.19416943,-0.013644266,-0.041040767,0,1.0,False,6
2.0495958,-0.00075423863,-0.0144650815,0.24730623,1,1.0,False,6
2.0495808,0.19457129,-0.009518957,-0.04990399,1,1.0,False,6
2.0534723,0.3898284,-0.010517037,-0.34557498,0,1.0,False,6
2.0612688,0.19485764,-0.017428536,-0.05622692,0,1.0,False,6
2.065166,-1.013242e-05,-0.018553074,0.23090662,1,1.0,False,6
2.0651658,0.19537196,-0.013934942,-0.06757036,0,1.0,False,6
2.0690732,0.00045252815,-0.015286349,0.22068365,1,1.0,False,6
2.0690823,0.1957896,-0.010872676,-0.07678175,0,1.0,False,6
2.072998,0.00082519837,-0.0124083115,0.21245107,1,1.0,False,6
2.0730145,0.19612233,-0.00815929,-0.084120035,1,1.0,False,6
2.076937,0.39136028,-0.009841691,-0.379366,0,1.0,False,6
2.0847642,0.19637948,-0.017429011,-0.08980237,0,1.0,False,6
2.0886917,0.0015116264,-0.01922506,0.19733115,1,1.0,False,6
2.088722,0.19690321,-0.015278435,-0.1013539,0,1.0,False,6
2.0926602,0.0020035168,-0.017305514,0.18646984,1,1.0,False,6
2.0927002,0.19736874,-0.013576116,-0.11162168,0,1.0,False,6
2.0966475,0.0024439269,-0.01580855,0.17674734,1,1.0,False,6
2.0966964,0.1977885,-0.012273603,-0.12088043,0,1.0,False,6
2.1006522,0.0028445306,-0.014691212,0.16790515,1,1.0,False,6
2.100709,0.19817366,-0.011333109,-0.12937598,0,1.0,False,6
2.1046724,0.0032158718,-0.0139206285,0.15971005,1,1.0,False,6
2.1047368,0.19853432,-0.010726428,-0.13733177,0,1.0,False,6
2.1087074,0.0035676374,-0.013473063,0.15194793,1,1.0,False,6
2.108779,0.1988799,-0.010434104,-0.14495483,0,1.0,False,6
2.1127565,0.0039089085,-0.0133332005,0.14441817,1,1.0,False,6
2.1128347,0.19921924,-0.010444838,-0.15244114,0,1.0,False,6
2.1168191,0.0042483946,-0.013493661,0.13692844,1,1.0,False,6
2.116904,0.199561,-0.010755092,-0.15998079,0,1.0,False,6
2.1208951,0.004594655,-0.013954707,0.12928987,1,1.0,False,6
2.1209872,0.1999137,-0.011368911,-0.16776273,0,1.0,False,6
2.1249855,0.0049563134,-0.014724165,0.12131206,1,1.0,False,6
2.1250846,0.20028609,-0.012297924,-0.17597958,0,1.0,False,6
2.1290903,0.005342277,-0.015817516,0.11279852,1,1.0,False,6
2.1291971,0.20068726,-0.013561545,-0.18483247,0,1.0,False,6
2.133211,0.005761953,-0.017258195,0.10354164,1,1.0,False,6
2.133326,0.20112692,-0.015187362,-0.19453584,0,1.0,False,6
2.1373487,0.006225478,-0.019078078,0.09331771,1,1.0,False,6
2.137473,0.2016156,-0.017211724,-0.20532276,0,1.0,False,6
2.1415055,0.0067439624,-0.021318179,0.08188141,1,1.0,False,6
2.1416404,0.20216492,-0.01968055,-0.21745048,0,1.0,False,6
2.1456835,0.007329755,-0.02402956,0.06895995,1,1.0,False,6
2.1458302,0.20278783,-0.022650361,-0.23120652,0,1.0,False,6
2.149886,0.007996731,-0.027274491,0.054246534,0,1.0,False,6
2.1500459,-0.18672374,-0.026189562,0.3382009,1,1.0,False,6
2.1463115,0.008760906,-0.019425543,0.03737564,1,1.0,False,6
2.1464868,0.20415595,-0.01867803,-0.2613724,0,1.0,False,6
2.1505697,0.009305542,-0.023905478,0.025361229,0,1.0,False,6
2.150756,-0.18546557,-0.023398254,0.3104069,1,1.0,False,6
2.1470466,0.009981794,-0.017190116,0.010437624,0,1.0,False,6
2.1472461,-0.18488947,-0.016981363,0.29764768,1,1.0,False,6
2.1435485,0.01047039,-0.01102841,-0.00034213244,1,1.0,False,6
2.1437578,0.20574875,-0.011035252,-0.29648414,0,1.0,False,6
2.1478727,0.010785842,-0.016964937,-0.00730189,0,1.0,False,6
2.1480885,-0.18408875,-0.017110974,0.27998048,1,1.0,False,6
2.1444068,0.011273055,-0.011511364,-0.018049708,0,1.0,False,6
2.144632,-0.18368194,-0.011872358,0.27097914,1,1.0,False,6
2.1409585,0.011607404,-0.006452775,-0.025424618,1,1.0,False,6
2.1411908,0.2068213,-0.006961268,-0.32013646,0,1.0,False,6
2.145327,0.011799172,-0.0133639965,-0.02965696,0,1.0,False,6
2.1455631,-0.18312861,-0.013957136,0.2587797,1,1.0,False,6
2.1419005,0.012189788,-0.008781542,-0.038272623,0,1.0,False,6
2.1421444,-0.18280514,-0.009546994,0.25162676,1,1.0,False,6
2.1384883,0.012451827,-0.0045144595,-0.044052124,1,1.0,False,6
2.1387372,0.20763822,-0.005395502,-0.33815598,0,1.0,False,6
2.14289,0.012593462,-0.012158621,-0.047179367,0,1.0,False,6
2.143142,-0.18235205,-0.013102209,0.24164274,1,1.0,False,6
2.139495,0.012954583,-0.008269354,-0.055144005,0,1.0,False,6
2.139754,-0.18204783,-0.009372234,0.23491845,1,1.0,False,6
2.136113,0.013206768,-0.004673865,-0.06070598,0,1.0,False,6
2.136377,-0.18184786,-0.0058879848,0.23049866,1,1.0,False,6
2.1327403,0.0133577315,-0.0012780116,-0.06403571,0,1.0,False,6
2.1330073,-0.18174587,-0.002558726,0.22824372,1,1.0,False,6
2.1293724,0.013412551,0.0020061485,-0.065245226,1,1.0,False,6
2.1296406,0.20850568,0.000701244,-0.35729453,0,1.0,False,6
2.1338108,0.013373768,-0.0064446465,-0.064390555,0,1.0,False,6
2.1340783,-0.1816552,-0.0077324575,0.2262521,1,1.0,False,6
2.1304452,0.013576408,-0.0032074158,-0.06885987,0,1.0,False,6
2.1307168,-0.1814994,-0.0045846133,0.22280937,1,1.0,False,6
2.1270866,0.013687765,-0.00012842561,-0.07131618,0,1.0,False,6
2.1273603,-0.18143235,-0.0015547493,0.22132622,1,1.0,False,6
2.1237319,0.013711795,0.002871775,-0.07184673,1,1.0,False,6
2.124006,0.20879246,0.0014348404,-0.36362222,0,1.0,False,6
2.128182,0.0136501435,-0.005837604,-0.07048721,0,1.0,False,6
2.128455,-0.18138763,-0.0072473483,0.22034822,1,1.0,False,6
2.1248271,0.01383716,-0.0028403837,-0.07461197,0,1.0,False,6
2.125104,-0.18124396,-0.004332623,0.21717346,1,1.0,False,6
2.121479,0.013939663,1.08459235e-05,-0.07687302,0,1.0,False,6
2.1217577,-0.18118244,-0.0015266144,0.21581332,1,1.0,False,6
2.1181343,0.013961298,0.0027896522,-0.077350765,0,1.0,False,6
2.1184134,-0.18120053,0.0012426368,0.21621099,1,1.0,False,6
2.1147892,0.013903632,0.005566857,-0.07607969,1,1.0,False,6
2.1150675,0.20894533,0.004045263,-0.36700106,0,1.0,False,6
2.1192462,0.013766137,-0.0032947583,-0.07304536,0,1.0,False,6
2.1195216,-0.18130842,-0.0047556655,0.21859623,1,1.0,False,6
2.1158955,0.013881183,-0.00038374052,-0.07558302,0,1.0,False,6
2.116173,-0.18123527,-0.0018954009,0.2169788,1,1.0,False,6
2.1125484,0.013913731,0.0024441753,-0.0763014,0,1.0,False,6
2.1128266,-0.18124318,0.00091814715,0.21715167,1,1.0,False,6
2.109202,0.013865639,0.0052611805,-0.0752415,0,1.0,False,6
2.1094792,-0.18133134,0.0037563506,0.2190967,1,1.0,False,6
2.1058526,0.0137367165,0.008138284,-0.07239895,1,1.0,False,6
2.1061273,0.20874105,0.006690305,-0.36250314,0,1.0,False,6
2.110302,0.013524654,-0.0005597576,-0.06771816,0,1.0,False,6
2.1105726,-0.18158926,-0.0019141209,0.2247881,1,1.0,False,6
2.1069407,0.013559989,0.0025816413,-0.06849799,0,1.0,False,6
2.107212,-0.18159889,0.0012116813,0.22499834,1,1.0,False,6
2.10358,0.013505733,0.005711648,-0.06730214,1,1.0,False,6
2.1038501,0.20854533,0.0043656053,-0.35817754,0,1.0,False,6
2.108021,0.013361591,-0.0027979459,-0.06412125,0,1.0,False,6
2.1082883,-0.18172014,-0.0040803705,0.2276776,1,1.0,False,6
2.1046538,0.013459891,0.00047318143,-0.066289626,0,1.0,False,6
2.104923,-0.18166885,-0.00085261103,0.22654256,1,1.0,False,6
2.1012897,0.013465285,0.00367824,-0.06640919,0,1.0,False,6
2.101559,-0.18170922,0.0023500563,0.22743197,1,1.0,False,6
2.0979247,0.01337908,0.0068986956,-0.06450874,1,1.0,False,6
2.0981925,0.20840144,0.005608521,-0.35500714,0,1.0,False,6
2.1023605,0.013200201,-0.0014916217,-0.060560968,0,1.0,False,6
2.1026244,-0.18190034,-0.002702841,0.23165096,1,1.0,False,6
2.0989864,0.013260136,0.0019301783,-0.0618833,0,1.0,False,6
2.0992515,-0.18188943,0.00069251226,0.23140799,1,1.0,False,6
2.0956137,0.013222612,0.005320672,-0.061056416,0,1.0,False,6
2.0958784,-0.18197522,0.0040995437,0.23330046,1,1.0,False,6
2.0922387,0.013087916,0.008765553,-0.058086526,1,1.0,False,6
2.0925004,0.2080831,0.0076038223,-0.34799102,0,1.0,False,6
2.0966623,0.012853824,0.0006440018,-0.052920073,0,1.0,False,6
2.0969193,-0.18227735,-0.00041439966,0.23996598,1,1.0,False,6
2.0932736,0.012850512,0.0043849195,-0.052847642,0,1.0,False,6
2.0935307,-0.18233404,0.003327967,0.24121553,1,1.0,False,6
2.089884,0.012740217,0.008152277,-0.05041581,1,1.0,False,6
2.090139,0.20774433,0.0071439613,-0.34051552,0,1.0,False,6
2.0942938,0.012521464,0.00033365109,-0.04558838,0,1.0,False,6
2.0945442,-0.18260527,-0.00057811657,0.24719979,1,1.0,False,6
2.090892,0.012524933,0.004365879,-0.045665428,1,1.0,False,6
2.0911427,0.20758401,0.0034525709,-0.33696768,0,1.0,False,6
2.0952942,0.012413096,-0.003286783,-0.043198008,0,1.0,False,6
2.0955424,-0.18266156,-0.004150743,0.24844609,1,1.0,False,6
2.0918894,0.012519412,0.0008181788,-0.045543168,0,1.0,False,6
2.0921397,-0.18261427,-9.268454e-05,0.2473978,1,1.0,False,6
2.0884874,0.012509013,0.0048552714,-0.04531437,1,1.0,False,6
2.0887375,0.207561,0.0039489837,-0.33646148,0,1.0,False,6
2.0928888,0.012383081,-0.0027802456,-0.042535864,0,1.0,False,6
2.0931363,-0.18269889,-0.003630963,0.24926858,1,1.0,False,6
2.0894825,0.012474723,0.0013544086,-0.044557422,0,1.0,False,6
2.089732,-0.18266663,0.00046326008,0.24855253,1,1.0,False,6
2.0860786,0.0124487085,0.0054343105,-0.04398424,1,1.0,False,6
2.0863276,0.20749232,0.0045546256,-0.33494765,0,1.0,False,6
2.0904775,0.012305839,-0.0021443274,-0.04083192,0,1.0,False,6
2.0907235,-0.1827853,-0.0029609657,0.25117368,1,1.0,False,6
2.0870678,0.012378811,0.002062508,-0.042441722,0,1.0,False,6
2.0873153,-0.18277265,0.0012136734,0.25089124,1,1.0,False,6
2.08366,0.012331944,0.006231498,-0.041408632,1,1.0,False,6
2.0839067,0.20736398,0.0054033254,-0.33211896,0,1.0,False,6
2.088054,0.012165542,-0.0012390539,-0.037737004,0,1.0,False,6
2.0882971,-0.18293862,-0.001993794,0.25455472,1,1.0,False,6
2.0846384,0.012211743,0.0030973007,-0.038756404,0,1.0,False,6
2.0848827,-0.18295449,0.0023221725,0.25490212,1,1.0,False,6
2.0812235,0.012134232,0.0074202153,-0.03704743,1,1.0,False,6
2.0814662,0.207149,0.0066792667,-0.32738,0,1.0,False,6
2.0856092,0.011932591,0.00013166676,-0.032598235,0,1.0,False,6
2.0858479,-0.18319125,-0.00052029797,0.26012623,1,1.0,False,6
2.082184,0.011938127,0.0046822266,-0.03272076,1,1.0,False,6
2.0824227,0.20699263,0.0040278113,-0.32392272,0,1.0,False,6
2.0865626,0.01181355,-0.002450643,-0.029972319,0,1.0,False,6
2.086799,-0.18327317,-0.0030500893,0.2619364,1,1.0,False,6
2.0831335,0.011892185,0.0021886386,-0.031707,0,1.0,False,6
2.0833714,-0.18326108,0.0015544984,0.26166567,1,1.0,False,6
2.0797062,0.011838643,0.006787812,-0.030526554,1,1.0,False,6
2.079943,0.2068626,0.0061772806,-0.32106015,0,1.0,False,6
2.0840802,0.011653224,-0.00024392236,-0.026435563,0,1.0,False,6
2.0843132,-0.18346523,-0.00077263365,0.26617038,1,1.0,False,6
2.080644,0.011667742,0.004550774,-0.02675613,1,1.0,False,6
2.0808773,0.20672414,0.0040156515,-0.31799978,0,1.0,False,6
2.0850117,0.011545222,-0.0023443438,-0.02405316,0,1.0,False,6
2.0852427,-0.18354303,-0.002825407,0.26788917,1,1.0,False,6
2.0815718,0.011619129,0.0025323767,-0.025683561,1,1.0,False,6
2.081804,0.20670468,0.0020187055,-0.31756642,0,1.0,False,6
2.0859382,0.011554027,-0.004332623,-0.02424755,0,1.0,False,6
2.0861692,-0.18350552,-0.004817574,0.26706526,1,1.0,False,6
2.0824993,0.011684852,0.0005237309,-0.027133282,0,1.0,False,6
2.082733,-0.1834446,-1.8934732e-05,0.26571485,1,1.0,False,6
2.0790641,0.011677614,0.0052953623,-0.026974058,1,1.0,False,6
2.0792975,0.20672323,0.004755881,-0.31798154,0,1.0,False,6
2.083432,0.011533864,-0.0016037499,-0.023802586,0,1.0,False,6
2.0836627,-0.18356505,-0.0020798016,0.2683739,1,1.0,False,6
2.0799913,0.011586519,0.0032876765,-0.024964277,1,1.0,False,6
2.080223,0.20666116,0.002788391,-0.3166081,0,1.0,False,6
2.0843563,0.011499611,-0.0035437709,-0.02304711,0,1.0,False,6
2.0845864,-0.18357134,-0.004004713,0.26851562,1,1.0,False,6
2.080915,0.011607533,0.0013655991,-0.025427733,0,1.0,False,6
2.0811472,-0.18353398,0.00085704454,0.26768574,1,1.0,False,6
2.0774765,0.011575734,0.0062107593,-0.024726741,1,1.0,False,6
2.077708,0.20660807,0.0057162247,-0.31544366,0,1.0,False,6
2.08184,0.0114051625,-0.00059264846,-0.020963514,0,1.0,False,6
2.0820682,-0.18370828,-0.0010119188,0.27153236,1,1.0,False,6
2.078394,0.011428092,0.0044187284,-0.021469552,1,1.0,False,6
2.0786226,0.20648639,0.0039893375,-0.31275505,0,1.0,False,6
2.0827522,0.01130784,-0.0022657635,-0.018816683,0,1.0,False,6
2.0829785,-0.18378155,-0.0026420972,0.2731505,1,1.0,False,6
2.0793028,0.011378006,0.002820913,-0.020364571,1,1.0,False,6
2.0795305,0.20645939,0.0024136216,-0.31215614,0,1.0,False,6
2.0836596,0.011303136,-0.003829501,-0.018713003,0,1.0,False,6
2.0838857,-0.18376368,-0.004203761,0.27275923,1,1.0,False,6
2.0802104,0.011417994,0.0012514231,-0.021246621,0,1.0,False,6
2.0804386,-0.18372189,0.00082649075,0.2718309,1,1.0,False,6
2.0767643,0.011388266,0.0062631085,-0.020591253,1,1.0,False,6
2.076992,0.20641984,0.005851283,-0.31129155,0,1.0,False,6
2.0811205,0.011215018,-0.00037454735,-0.016769044,0,1.0,False,6
2.0813448,-0.18390156,-0.0007099283,0.2757957,1,1.0,False,6
2.0776668,0.0112305125,0.0048059854,-0.01711107,1,1.0,False,6
2.0778913,0.20628321,0.004463764,-0.3082738,0,1.0,False,6
2.082017,0.011097943,-0.0017017117,-0.014186457,0,1.0,False,6
2.082239,-0.18399957,-0.0019854407,0.27795908,1,1.0,False,6
2.078559,0.011150657,0.0035737406,-0.0153493965,1,1.0,False,6
2.078782,0.20622118,0.0032667527,-0.30690262,0,1.0,False,6
2.0829065,0.011052826,-0.0028712999,-0.013191243,0,1.0,False,6
2.0831275,-0.18402784,-0.0031351247,0.27858436,1,1.0,False,6
2.0794468,0.0111387065,0.0024365627,-0.015085717,1,1.0,False,6
2.0796697,0.20622563,0.0021348484,-0.30699888,0,1.0,False,6
2.083794,0.011073323,-0.0040051294,-0.013643446,0,1.0,False,6
2.0840156,-0.18399096,-0.004277998,0.27777314,1,1.0,False,6
2.0803359,0.011191758,0.0012774644,-0.016256,1,1.0,False,6
2.0805597,0.20629537,0.0009523444,-0.3085356,0,1.0,False,6
2.0846856,0.011159859,-0.0052183676,-0.01555248,0,1.0,False,6
2.0849087,-0.18388687,-0.005529417,0.27547944,1,1.0,False,6
2.081231,0.011313535,-1.9828489e-05,-0.018942337,0,1.0,False,6
2.0814574,-0.18380813,-0.0003986752,0.27373433,1,1.0,False,6
2.0777812,0.011319506,0.0050760116,-0.01907431,1,1.0,False,6
2.0780075,0.2063683,0.004694525,-0.31015137,0,1.0,False,6
2.082135,0.011179774,-0.0015085024,-0.015991641,0,1.0,False,6
2.0823586,-0.18392052,-0.0018283352,0.27621496,1,1.0,False,6
2.07868,0.011227477,0.0036959639,-0.017044071,1,1.0,False,6
2.0789046,0.20629624,0.0033550824,-0.30855858,0,1.0,False,6
2.0830305,0.011126635,-0.0028160894,-0.014819452,0,1.0,False,6
2.0832531,-0.18395482,-0.0031124784,0.27697363,1,1.0,False,6
2.079574,0.011211399,0.0024269943,-0.016689338,1,1.0,False,6
2.0797982,0.20629846,0.0020932076,-0.30860552,0,1.0,False,6
2.0839243,0.011146747,-0.0040789032,-0.015263201,0,1.0,False,6
2.0841472,-0.18391646,-0.004384167,0.27613,1,1.0,False,6
2.080469,0.011267754,0.0011384329,-0.017932467,0,1.0,False,6
2.0806942,-0.18387051,0.0007797835,0.27510944,1,1.0,False,6
2.0770168,0.011240312,0.006281972,-0.017327448,1,1.0,False,6
2.0772417,0.20627162,0.005935423,-0.30802172,0,1.0,False,6
2.081367,0.011065592,-0.0002250116,-0.013472863,0,1.0,False,6
2.0815883,-0.18405314,-0.00049446884,0.27913907,1,1.0,False,6
2.0779073,0.01107587,0.0050883126,-0.013699778,1,1.0,False,6
2.0781288,0.20612448,0.004814317,-0.30477294,0,1.0,False,6
2.0822513,0.010934253,-0.0012811421,-0.010575597,0,1.0,False,6
2.08247,-0.1841693,-0.0014926541,0.28170285,1,1.0,False,6
2.0787866,0.010973909,0.0041414024,-0.011450492,1,1.0,False,6
2.079006,0.20603622,0.003912393,-0.30282387,0,1.0,False,6
2.0831268,0.010858731,-0.0021440848,-0.008909647,0,1.0,False,6
2.083344,-0.1842324,-0.0023222778,0.28309602,1,1.0,False,6
2.0796592,0.010922592,0.0033396427,-0.010318431,1,1.0,False,6
2.0798776,0.20599648,0.0031332741,-0.3019458,0,1.0,False,6
2.0839977,0.010830022,-0.0029056417,-0.008276347,0,1.0,False,6
2.0842142,-0.18425013,-0.0030711687,0.2834884,1,1.0,False,6
2.0805292,0.010915482,0.0025985993,-0.010161572,1,1.0,False,6
2.0807476,0.20600007,0.002395368,-0.30202347,0,1.0,False,6
2.0848675,0.010844061,-0.0036451018,-0.008586067,0,1.0,False,6
2.0850844,-0.18422543,-0.003816823,0.28294456,1,1.0,False,6
2.0814,0.010950758,0.0018420682,-0.010939725,1,1.0,False,6
2.081619,0.20604624,0.0016232737,-0.3030409,0,1.0,False,6
2.0857399,0.010901195,-0.004437544,-0.009846459,0,1.0,False,6
2.085958,-0.18415684,-0.0046344735,0.28143308,1,1.0,False,6
2.0822747,0.011030915,0.0009941882,-0.012707939,1,1.0,False,6
2.0824955,0.2061386,0.00074002944,-0.30507702,0,1.0,False,6
2.0866182,0.011006105,-0.005361511,-0.0121607995,0,1.0,False,6
2.0868382,-0.18403855,-0.005604727,0.2788257,1,1.0,False,6
2.0831575,0.01116291,-2.8213111e-05,-0.01561967,0,1.0,False,6
2.0833807,-0.18395863,-0.00034060652,0.27705437,1,1.0,False,6
2.0797017,0.011168172,0.0052004806,-0.01573598,1,1.0,False,6
2.079925,0.20621516,0.004885761,-0.30677357,0,1.0,False,6
2.0840492,0.0110239275,-0.0012497103,-0.012553809,0,1.0,False,6
2.0842698,-0.18408008,-0.0015007865,0.27973455,1,1.0,False,6
2.080588,0.011063249,0.0040939045,-0.013421336,1,1.0,False,6
2.0808094,0.20612624,0.0038254778,-0.30480978,0,1.0,False,6
2.0849319,0.010949992,-0.0022707179,-0.010922848,0,1.0,False,6
2.085151,-0.18413933,-0.0024891747,0.28104278,1,1.0,False,6
2.081468,0.011018048,0.003131681,-0.012424188,1,1.0,False,6
2.0816884,0.20609495,0.002883197,-0.30411738,0,1.0,False,6
2.0858104,0.010932026,-0.0031991508,-0.010526565,0,1.0,False,6
2.086029,-0.1841439,-0.003409682,0.28114527,1,1.0,False,6
2.0823462,0.011026522,0.0022132234,-0.012611099,1,1.0,False,6
2.0825667,0.20611666,0.0019610014,-0.3045949,0,1.0,True,6
-0.013714581,0.009321726,-0.010804979,0.012369929,0,1.0,False,7
-0.013528146,-0.18564361,-0.01055758,0.30162427,0,1.0,False,7
-0.017241018,-0.3806135,-0.0045250948,0.59095895,0,1.0,False,7
-0.02485329,-0.5756718,0.007294084,0.88221306,1,1.0,False,7
-0.036366723,-0.3806497,0.024938345,0.59183204,0,1.0,False,7
-0.04397972,-0.57611173,0.036774985,0.8922651,1,1.0,False,7
-0.055501953,-0.3815074,0.05462029,0.6113654,1,1.0,False,7
-0.0631321,-0.1871897,0.06684759,0.33637387,0,1.0,False,7
-0.0668759,-0.38319612,0.07357507,0.6493654,1,1.0,False,7
-0.07453982,-0.18917201,0.08656238,0.3807282,1,1.0,False,7
-0.07832326,0.004620937,0.09417694,0.11654471,1,1.0,False,7
-0.07823084,0.19827616,0.09650784,-0.14500378,0,1.0,False,7
-0.074265316,0.0019141099,0.09360776,0.176498,1,1.0,False,7
-0.074227035,0.19558045,0.09713772,-0.0852492,0,1.0,False,7
-0.07031543,-0.000790011,0.095432736,0.23643151,1,1.0,False,7
-0.07033122,0.19284813,0.100161366,-0.02468941,1,1.0,False,7
-0.06647427,0.38640168,0.09966758,-0.28416637,0,1.0,False,7
-0.05874623,0.1900099,0.09398425,0.03821313,1,1.0,False,7
-0.05494603,0.38366723,0.09474851,-0.22340018,0,1.0,False,7
-0.047272686,0.18732777,0.09028051,0.09760248,1,1.0,False,7
-0.04352613,0.3810476,0.09223256,-0.16528746,0,1.0,False,7
-0.03590518,0.1847347,0.088926814,0.15500823,1,1.0,False,7
-0.032210484,0.3784783,0.09202698,-0.108348794,1,1.0,False,7
-0.02464092,0.57216924,0.08986,-0.37063807,0,1.0,False,7
-0.013197535,0.37589318,0.08244724,-0.05102853,1,1.0,False,7
-0.0056796707,0.5697421,0.081426665,-0.31660214,0,1.0,False,7
0.005715171,0.37356043,0.075094625,0.00060832605,1,1.0,False,7
0.013186379,0.56752956,0.07510679,-0.26746833,0,1.0,False,7
0.024536971,0.37142056,0.069757424,0.047926538,1,1.0,False,7
0.031965382,0.5654765,0.07071596,-0.22195739,0,1.0,False,7
0.043274913,0.36941877,0.06627681,0.092167355,1,1.0,False,7
0.05066329,0.5635312,0.06812016,-0.17889097,1,1.0,False,7
0.061933912,0.7576156,0.06454234,-0.44933048,0,1.0,False,7
0.077086225,0.56164294,0.055555727,-0.13702127,0,1.0,False,7
0.088319086,0.36577109,0.052815303,0.1726582,1,1.0,False,7
0.095634505,0.5600989,0.056268465,-0.102906585,1,1.0,False,7
0.10683648,0.7543712,0.054210335,-0.37731963,0,1.0,False,7
0.12192391,0.55852294,0.04666394,-0.06804873,1,1.0,False,7
0.13309437,0.75294584,0.04530297,-0.34565148,0,1.0,False,7
0.14815328,0.55720973,0.038389936,-0.039034013,0,1.0,False,7
0.15929748,0.3615589,0.037609257,0.26550987,1,1.0,False,7
0.16652866,0.55612445,0.042919453,-0.015077556,1,1.0,False,7
0.17765115,0.75060546,0.042617902,-0.29391596,0,1.0,False,7
0.19266325,0.5549026,0.036739584,0.011897618,1,1.0,False,7
0.20376131,0.74947894,0.036977537,-0.2689709,0,1.0,False,7
0.21875088,0.55384934,0.031598117,0.035141833,1,1.0,False,7
0.22982787,0.7485042,0.032300957,-0.24740648,0,1.0,False,7
0.24479796,0.55293626,0.027352827,0.055287354,1,1.0,False,7
0.2558567,0.7476555,0.028458573,-0.2286416,0,1.0,False,7
0.2708098,0.5521387,0.023885742,0.07288059,1,1.0,False,7
0.28185257,0.7469102,0.025343353,-0.21217161,0,1.0,False,7
0.29679078,0.55143523,0.021099921,0.08839682,1,1.0,False,7
0.3078195,0.7462485,0.022867857,-0.1975551,0,1.0,False,7
0.32274446,0.55080706,0.018916756,0.10225299,0,1.0,False,7
0.3337606,0.3554192,0.020961815,0.40084356,1,1.0,False,7
0.34086898,0.5502376,0.028978687,0.114842415,1,1.0,False,7
0.35187373,0.7449326,0.031275533,-0.16855893,0,1.0,False,7
0.36677238,0.54937726,0.027904356,0.13382414,1,1.0,False,7
0.37775993,0.74408865,0.03058084,-0.1499264,0,1.0,False,7
0.3926417,0.54854244,0.02758231,0.15224513,1,1.0,False,7
0.40361255,0.74325883,0.030627213,-0.13161016,0,1.0,False,7
0.4184777,0.54771185,0.02799501,0.17057575,1,1.0,False,7
0.42943195,0.74242216,0.031406526,-0.113145806,0,1.0,False,7
0.4442804,0.54686457,0.02914361,0.18927789,1,1.0,False,7
0.4552177,0.7415577,0.032929167,-0.09407081,0,1.0,False,7
0.47004884,0.5459796,0.03104775,0.20881668,1,1.0,False,7
0.48096845,0.7406442,0.035224084,-0.07391287,1,1.0,False,7
0.49578133,0.93524396,0.033745825,-0.35527766,0,1.0,False,7
0.5144862,0.73965883,0.026640274,-0.052147646,0,1.0,False,7
0.52927935,0.54416525,0.02559732,0.24882004,1,1.0,False,7
0.5401627,0.73891246,0.030573722,-0.03568031,1,1.0,False,7
0.55494094,0.9335829,0.029860115,-0.3185623,0,1.0,False,7
0.5736126,0.73804873,0.02348887,-0.01661413,1,1.0,False,7
0.58837354,0.93282604,0.023156587,-0.30179447,0,1.0,False,7
0.6070301,0.7373819,0.017120697,-0.001899334,1,1.0,False,7
0.6217777,0.93225414,0.01708271,-0.28913167,0,1.0,False,7
0.6404228,0.7368928,0.011300077,0.0088896295,1,1.0,False,7
0.65516067,0.9318509,0.01147787,-0.28020668,0,1.0,False,7
0.67379767,0.7365671,0.005873736,0.016074127,1,1.0,False,7
0.688529,0.9316043,0.006195219,-0.2747498,0,1.0,False,7
0.7071611,0.7363945,0.00070022285,0.019880658,1,1.0,False,7
0.721889,0.93150645,0.001097836,-0.27258125,0,1.0,False,7
0.7405191,0.73636883,-0.004353789,0.020447727,1,1.0,False,7
0.7552465,0.93155295,-0.0039448347,-0.27360567,0,1.0,False,7
0.77387756,0.7364875,-0.009416948,0.017830426,1,1.0,False,7
0.7886073,0.93174326,-0.00906034,-0.27780873,0,1.0,False,7
0.80724216,0.73675174,-0.014616515,0.012002869,1,1.0,False,7
0.8219772,0.9320802,-0.014376457,-0.28525567,0,1.0,False,7
0.8406188,0.7371662,-0.02008157,0.0028585764,0,1.0,False,7
0.8553621,0.5423379,-0.020024398,0.2891385,1,1.0,False,7
0.8662089,0.7377396,-0.014241628,-0.009792061,0,1.0,False,7
0.8809637,0.54282475,-0.01443747,0.27836365,1,1.0,False,7
0.8918202,0.7381497,-0.0088701965,-0.018837638,1,1.0,False,7
0.9065832,0.9333977,-0.00924695,-0.31430596,0,1.0,False,7
0.9252511,0.7384087,-0.015533069,-0.024553511,0,1.0,False,7
0.9400193,0.5435129,-0.016024139,0.26318836,1,1.0,False,7
0.9508896,0.7388599,-0.010760372,-0.034505364,1,1.0,False,7
0.9656668,0.9341345,-0.011450479,-0.33056378,0,1.0,False,7
0.9843494,0.73917735,-0.018061755,-0.04151367,0,1.0,False,7
0.999133,0.54431903,-0.018892027,0.24541631,1,1.0,False,7
1.0100194,0.7397056,-0.013983701,-0.053165227,0,1.0,False,7
1.0248135,0.54478693,-0.015047006,0.23507313,1,1.0,False,7
1.0357093,0.7401206,-0.010345544,-0.062317852,1,1.0,False,7
1.0505116,0.93538934,-0.0115919,-0.35824683,0,1.0,False,7
1.0692195,0.7404341,-0.018756837,-0.06924153,0,1.0,False,7
1.0840281,0.545586,-0.020141669,0.217465,1,1.0,False,7
1.0949398,0.74099004,-0.015792368,-0.08150281,0,1.0,False,7
1.1097597,0.54609793,-0.017422425,0.20615605,1,1.0,False,7
1.1206816,0.7414647,-0.013299303,-0.091971464,0,1.0,False,7
1.1355109,0.54653585,-0.015138732,0.19648604,1,1.0,False,7
1.1464416,0.741871,-0.011209011,-0.100933775,0,1.0,False,7
1.161279,0.5469115,-0.013227687,0.18819177,1,1.0,False,7
1.1722172,0.74222016,-0.009463851,-0.10863444,0,1.0,False,7
1.1870617,0.54723513,-0.01163654,0.18104772,1,1.0,False,7
1.1980064,0.74252164,-0.008015586,-0.11528327,0,1.0,False,7
1.2128568,0.54751545,-0.010321251,0.17486005,1,1.0,False,7
1.2238071,0.74278355,-0.00682405,-0.12106094,0,1.0,False,7
1.2386627,0.54776007,-0.009245269,0.16946128,1,1.0,False,7
1.2496179,0.7430131,-0.005856043,-0.12612386,0,1.0,False,7
1.2644782,0.54797554,-0.008378521,0.16470581,1,1.0,False,7
1.2754377,0.7432164,-0.0050844043,-0.13060848,0,1.0,False,7
1.290302,0.54816765,-0.007696574,0.16046605,1,1.0,False,7
1.3012655,0.74339896,-0.0044872533,-0.13463499,1,1.0,False,7
1.3161334,0.93858486,-0.0071799527,-0.4287302,0,1.0,False,7
1.3349051,0.7435653,-0.015754556,-0.13831931,0,1.0,False,7
1.3497764,0.54867256,-0.018520942,0.14935197,1,1.0,False,7
1.3607498,0.74405473,-0.015533904,-0.14911592,1,1.0,False,7
1.375631,0.93939567,-0.018516222,-0.44665873,0,1.0,False,7
1.3944188,0.74454045,-0.027449396,-0.1598695,0,1.0,False,7
1.4093096,0.54982203,-0.030646786,0.124029,1,1.0,False,7
1.4203061,0.7453693,-0.028166207,-0.17816296,0,1.0,False,7
1.4352134,0.55066156,-0.031729467,0.10550312,1,1.0,False,7
1.4462267,0.7462235,-0.029619403,-0.19701904,0,1.0,False,7
1.4611512,0.55153745,-0.033559784,0.08617509,1,1.0,False,7
1.4721819,0.74712396,-0.031836282,-0.21690424,0,1.0,False,7
1.4871244,0.5524713,-0.036174368,0.065568596,1,1.0,False,7
1.4981738,0.7480927,-0.034862995,-0.23830451,0,1.0,False,7
1.5131357,0.5534857,-0.039629087,0.04318097,1,1.0,False,7
1.5242054,0.74915284,-0.038765464,-0.26173723,0,1.0,False,7
1.5391885,0.55460507,-0.04400021,0.018470988,0,1.0,False,7
1.5502806,0.36014086,-0.04363079,0.2969531,1,1.0,False,7
1.5574834,0.55585676,-0.037691727,-0.009164718,1,1.0,False,7
1.5686005,0.7514984,-0.037875023,-0.3134975,0,1.0,False,7
1.5836304,0.5569359,-0.044144973,-0.032995664,0,1.0,False,7
1.5947692,0.3624739,-0.044804886,0.24543875,1,1.0,False,7
1.6020187,0.5582062,-0.039896112,-0.061033264,0,1.0,False,7
1.6131828,0.3636783,-0.041116778,0.21880004,1,1.0,False,7
1.6204563,0.5593631,-0.036740776,-0.08656409,0,1.0,False,7
1.6316437,0.3647866,-0.038472056,0.19430444,1,1.0,False,7
1.6389394,0.56043714,-0.034585968,-0.11026223,0,1.0,False,7
1.6501482,0.3658274,-0.036791213,0.17131153,1,1.0,False,7
1.6574646,0.56145614,-0.03336498,-0.13274711,0,1.0,False,7
1.6686938,0.36682758,-0.036019925,0.14922571,1,1.0,False,7
1.6760304,0.56244636,-0.033035412,-0.15459964,0,1.0,False,7
1.6872792,0.36781257,-0.036127403,0.12748106,1,1.0,False,7
1.6946355,0.56343293,-0.03357778,-0.17637718,0,1.0,False,7
1.7059041,0.36880723,-0.037105326,0.105526835,1,1.0,False,7
1.7132803,0.5644407,-0.03499479,-0.19862789,0,1.0,False,7
1.7245692,0.36983633,-0.03896735,0.08281361,0,1.0,False,7
1.7319659,0.175294,-0.037311077,0.36295208,1,1.0,False,7
1.7354717,0.37092584,-0.030052034,0.05874164,1,1.0,False,7
1.7428902,0.5664655,-0.0288772,-0.24326938,0,1.0,False,7
1.7542195,0.37176767,-0.033742588,0.040166885,1,1.0,False,7
1.761655,0.5673568,-0.03293925,-0.2629683,0,1.0,False,7
1.773002,0.37272015,-0.038198616,0.019145954,0,1.0,False,7
1.7804564,0.17816626,-0.037815697,0.2995363,1,1.0,False,7
1.7840198,0.37380624,-0.031824972,-0.0048290812,0,1.0,False,7
1.7914959,0.17915483,-0.031921554,0.27764523,1,1.0,False,7
1.795079,0.3747173,-0.02636865,-0.024932357,0,1.0,False,7
1.8025733,0.17998321,-0.026867297,0.25931573,1,1.0,False,7
1.8061731,0.3754782,-0.02168098,-0.041718975,0,1.0,False,7
1.8136826,0.18067376,-0.022515362,0.24404532,1,1.0,False,7
1.817296,0.37610996,-0.017634455,-0.05565362,1,1.0,False,7
1.8248183,0.5714803,-0.018747527,-0.35384777,0,1.0,False,7
1.8362479,0.37662983,-0.025824483,-0.06713495,0,1.0,False,7
1.8437805,0.18188746,-0.027167182,0.21728966,1,1.0,False,7
1.8474182,0.37738702,-0.02282139,-0.083837666,0,1.0,False,7
1.8549659,0.18259953,-0.024498142,0.2015586,1,1.0,False,7
1.8586179,0.3780631,-0.02046697,-0.09875054,0,1.0,False,7
1.8661792,0.18324038,-0.022441981,0.18740548,1,1.0,False,7
1.869844,0.37867612,-0.018693872,-0.112271674,0,1.0,False,7
1.8774176,0.18382695,-0.020939305,0.17445533,1,1.0,False,7
1.8810941,0.3792422,-0.017450199,-0.12475903,0,1.0,False,7
1.8886789,0.18437456,-0.01994538,0.16236787,1,1.0,False,7
1.8923664,0.37977627,-0.016698021,-0.13653997,0,1.0,False,7
1.899962,0.18489744,-0.019428821,0.15082856,1,1.0,False,7
1.9036599,0.38029212,-0.016412249,-0.14791988,0,1.0,False,7
1.9112657,0.185409,-0.019370647,0.13954046,1,1.0,False,7
1.9149739,0.38080296,-0.016579838,-0.1591901,0,1.0,False,7
1.92259,0.18592224,-0.01976364,0.12821653,1,1.0,False,7
1.9263084,0.38132167,-0.01719931,-0.17063548,0,1.0,False,7
1.9339348,0.18645005,-0.020612018,0.11657235,1,1.0,False,7
1.9376638,0.38186118,-0.018280571,-0.18254158,0,1.0,False,7
1.945301,0.1870055,-0.021931402,0.1043189,1,1.0,False,7
1.9490411,0.3824348,-0.019845026,-0.19520183,0,1.0,False,7
1.9566898,0.18760224,-0.02374906,0.091155395,1,1.0,False,7
1.960442,0.3830564,-0.021925954,-0.20892474,0,1.0,False,7
1.968103,0.18825471,-0.026104448,0.076761834,0,1.0,False,7
1.9718682,-0.0064834757,-0.024569212,0.36109576,1,1.0,False,7
1.9717385,0.18897894,-0.017347297,0.06076801,1,1.0,False,7
1.9755181,0.38434526,-0.016131938,-0.23733723,0,1.0,False,7
1.983205,0.18945745,-0.020878682,0.050213862,1,1.0,False,7
1.9869941,0.38487247,-0.019874405,-0.24898265,0,1.0,False,7
1.9946916,0.19003989,-0.024854058,0.03736579,0,1.0,False,7
1.9984924,-0.0047169984,-0.024106741,0.32210454,1,1.0,False,7
1.9983981,0.1907398,-0.01766465,0.021917857,0,1.0,False,7
2.0022128,-0.0041244314,-0.017226294,0.30897546,1,1.0,False,7
2.0021303,0.19123867,-0.011046784,0.010909996,1,1.0,False,7
2.005955,0.3865173,-0.010828584,-0.28523776,0,1.0,False,7
2.0136855,0.19155145,-0.01653334,0.00401034,0,1.0,False,7
2.0175164,-0.0033295413,-0.016453132,0.29143128,1,1.0,False,7
2.0174499,0.1920231,-0.0106245065,-0.006395014,1,1.0,False,7
2.0212903,0.38729578,-0.010752407,-0.30241108,0,1.0,False,7
2.0290363,0.19232872,-0.016800629,-0.013138525,0,1.0,False,7
2.032883,-0.0025483028,-0.0170634,0.27419662,1,1.0,False,7
2.032832,0.1928129,-0.011579467,-0.02381893,1,1.0,False,7
2.036688,0.38809898,-0.012055846,-0.3201327,0,1.0,False,7
2.04445,0.19315077,-0.018458499,-0.03127598,0,1.0,False,7
2.0483131,-0.0017016691,-0.01908402,0.25552642,1,1.0,False,7
2.048279,0.19368748,-0.013973491,-0.043114312,0,1.0,False,7
2.0521529,-0.001231331,-0.014835777,0.24512729,1,1.0,False,7
2.0521283,0.19409934,-0.009933231,-0.052198026,1,1.0,False,7
2.0560102,0.3893623,-0.010977192,-0.34799835,0,1.0,False,7
2.0637975,0.1943982,-0.01793716,-0.05879702,0,1.0,False,7
2.0676854,-0.00046204444,-0.0191131,0.22817306,1,1.0,False,7
2.067676,0.19492775,-0.014549637,-0.07047701,0,1.0,False,7
2.0715747,1.7387749e-05,-0.015959177,0.21758015,1,1.0,False,7
2.0715752,0.1953638,-0.011607574,-0.08009395,0,1.0,False,7
2.0754824,0.00041015347,-0.013209454,0.20890427,1,1.0,False,7
2.0754905,0.19571847,-0.009031368,-0.087916106,0,1.0,False,7
2.0794048,0.0007271301,-0.010789691,0.20190379,1,1.0,False,7
2.0794194,0.19600172,-0.0067516146,-0.09416315,1,1.0,False,7
2.0833395,0.3912198,-0.008634877,-0.38896853,0,1.0,False,7
2.0911639,0.19622146,-0.016414247,-0.09902057,0,1.0,False,7
2.0950882,0.0013385477,-0.01839466,0.18843883,1,1.0,False,7
2.0951152,0.19671877,-0.014625883,-0.10998964,0,1.0,False,7
2.0990496,0.0018094252,-0.016825676,0.17804325,1,1.0,False,7
2.0990856,0.19716807,-0.013264811,-0.11989975,0,1.0,False,7
2.103029,0.0022386557,-0.015662806,0.16856891,1,1.0,False,7
2.1030738,0.19758126,-0.012291428,-0.12901373,0,1.0,False,7
2.1070254,0.0026375207,-0.0148717025,0.1597662,1,1.0,False,7
2.107078,0.1979692,-0.011676379,-0.13757104,0,1.0,False,7
2.1110375,0.0030164104,-0.014427799,0.15140542,1,1.0,False,7
2.1110978,0.19834195,-0.01139969,-0.14579402,0,1.0,False,7
2.1150646,0.0033850914,-0.014315571,0.14327084,1,1.0,False,7
2.1151323,0.1987091,-0.011450154,-0.1538938,0,1.0,False,7
2.1191065,0.0037529573,-0.01452803,0.13515499,1,1.0,False,7
2.1191816,0.19907996,-0.01182493,-0.16207568,0,1.0,False,7
2.1231632,0.004129268,-0.015066444,0.12685345,1,1.0,False,7
2.123246,0.19946378,-0.012529375,-0.17054443,0,1.0,False,7
2.1272352,0.0045233844,-0.015940264,0.118159674,1,1.0,False,7
2.1273255,0.19987005,-0.01357707,-0.17950934,0,1.0,False,7
2.131323,0.004944997,-0.017167257,0.10885976,1,1.0,False,7
2.1314218,0.2003087,-0.0149900615,-0.18918952,0,1.0,False,7
2.135428,0.005404369,-0.018773852,0.0987272,1,1.0,False,7
2.1355362,0.20079029,-0.016799308,-0.19981922,0,1.0,False,7
2.1395519,0.0059125843,-0.020795692,0.08751732,1,1.0,False,7
2.1396701,0.20132636,-0.019045345,-0.21165344,0,1.0,False,7
2.1436968,0.0064818114,-0.023278415,0.07496137,1,1.0,False,7
2.1438265,0.20192961,-0.021779187,-0.22497414,0,1.0,False,7
2.147865,0.0071255933,-0.02627867,0.060760017,0,1.0,False,7
2.1480074,-0.18760991,-0.02506347,0.3450374,1,1.0,False,7
2.1442552,0.00785944,-0.018162722,0.044557553,1,1.0,False,7
2.1444125,0.20323706,-0.01727157,-0.2538001,0,1.0,False,7
2.1484773,0.00836593,-0.022347573,0.033385422,0,1.0,False,7
2.1486444,-0.18642853,-0.021679865,0.31893453,1,1.0,False,7
2.144916,0.008995365,-0.015301174,0.019494176,1,1.0,False,7
2.1450958,0.20433336,-0.01491129,-0.2779769,0,1.0,False,7
2.1491826,0.009427286,-0.020470828,0.009965968,0,1.0,False,7
2.1493711,-0.1853952,-0.020271508,0.29612046,1,1.0,False,7
2.1456633,0.010009791,-0.0143491,-0.0028862152,0,1.0,False,7
2.1458633,-0.18490347,-0.0144068245,0.28523508,1,1.0,False,7
2.1421652,0.010420962,-0.008702123,-0.011956616,1,1.0,False,7
2.1423738,0.20566663,-0.008941255,-0.30737242,0,1.0,False,7
2.146487,0.010673215,-0.0150887035,-0.017522683,0,1.0,False,7
2.1467006,-0.18422914,-0.015439156,0.27036166,1,1.0,False,7
2.1430159,0.011109695,-0.010031924,-0.027150603,0,1.0,False,7
2.143238,-0.18386696,-0.010574936,0.26235032,1,1.0,False,7
2.1395607,0.011404327,-0.0053279293,-0.0336492,1,1.0,False,7
2.1397889,0.20660228,-0.006000913,-0.32800838,0,1.0,False,7
2.143921,0.011566268,-0.012561081,-0.037223887,0,1.0,False,7
2.1441522,-0.18337332,-0.013305558,0.25146958,1,1.0,False,7
2.1404848,0.011936075,-0.008276166,-0.04538031,0,1.0,False,7
2.1407235,-0.18306623,-0.009183773,0.24467996,1,1.0,False,7
2.137062,0.012185683,-0.0042901738,-0.050885547,0,1.0,False,7
2.137306,-0.18287449,-0.005307885,0.24044071,1,1.0,False,7
2.1336484,0.012322881,-0.00049907045,-0.053911727,1,1.0,False,7
2.133895,0.20745198,-0.001577305,-0.34675208,0,1.0,False,7
2.1380439,0.012352505,-0.008512346,-0.054566946,0,1.0,False,7
2.138291,-0.18264636,-0.009603686,0.23541816,1,1.0,False,7
2.134638,0.012611473,-0.004895322,-0.060278527,0,1.0,False,7
2.1348903,-0.18243995,-0.006100893,0.23085588,1,1.0,False,7
2.1312416,0.012768648,-0.0014837752,-0.063745216,0,1.0,False,7
2.131497,-0.182332,-0.0027586797,0.2284692,1,1.0,False,7
2.1278503,0.0128292665,0.0018107045,-0.06508263,1,1.0,False,7
2.1281068,0.20792522,0.0005090517,-0.35719374,0,1.0,False,7
2.1322653,0.012796026,-0.0066348226,-0.06435032,0,1.0,False,7
2.1325212,-0.18223017,-0.007921829,0.22623192,1,1.0,False,7
2.1288767,0.013004091,-0.003397191,-0.06893929,0,1.0,False,7
2.1291366,-0.18206899,-0.0047759768,0.22266987,1,1.0,False,7
2.1254952,0.013120897,-0.00032257923,-0.071515754,0,1.0,False,7
2.1257577,-0.18199643,-0.0017528943,0.22106539,1,1.0,False,7
2.1221178,0.013150535,0.0026684133,-0.07216996,0,1.0,False,7
2.1223807,-0.18200956,0.0012250142,0.22135366,1,1.0,False,7
2.1187406,0.01309485,0.0056520873,-0.07094259,1,1.0,False,7
2.1190026,0.20813532,0.0042332355,-0.3618369,0,1.0,False,7
2.1231651,0.012953451,-0.0030035025,-0.06782217,0,1.0,False,7
2.1234243,-0.18212532,-0.004359946,0.22391163,1,1.0,False,7
2.1197817,0.013058683,0.00011828658,-0.0701434,0,1.0,False,7
2.120043,-0.18206497,-0.0012845815,0.22257684,1,1.0,False,7
2.1164017,0.013075325,0.0031669554,-0.07051101,0,1.0,False,7
2.1166632,-0.18209189,0.001756735,0.22316942,1,1.0,False,7
2.1130214,0.013004912,0.0062201233,-0.06895885,1,1.0,False,7
2.1132815,0.20803714,0.0048409463,-0.3596728,0,1.0,False,7
2.1174421,0.0128467055,-0.00235251,-0.06546737,0,1.0,False,7
2.1176991,-0.18224144,-0.0036618577,0.2264724,1,1.0,False,7
2.1140542,0.0129326545,0.00086759013,-0.06736337,0,1.0,False,7
2.114313,-0.18220173,-0.00047967723,0.22559316,1,1.0,False,7
2.110669,0.012927079,0.004032186,-0.067241035,0,1.0,False,7
2.1109273,-0.18225245,0.0026873653,0.22671133,1,1.0,False,7
2.1072824,0.012830993,0.007221592,-0.06512269,1,1.0,False,7
2.107539,0.20784867,0.0059191384,-0.35551843,0,1.0,False,7
2.111696,0.012643057,-0.0011912303,-0.060974937,0,1.0,False,7
2.1119487,-0.1824618,-0.002410729,0.23133191,1,1.0,False,7
2.1082995,0.012694522,0.0022159093,-0.062110465,0,1.0,False,7
2.1085534,-0.18245913,0.0009736999,0.23127078,1,1.0,False,7
2.1049042,0.0126488935,0.0055991155,-0.06110486,1,1.0,False,7
2.1051574,0.20769012,0.004377018,-0.35201597,0,1.0,False,7
2.109311,0.012506199,-0.0026633015,-0.057956066,0,1.0,False,7
2.1095612,-0.18257746,-0.0038224228,0.23388538,1,1.0,False,7
2.1059096,0.012598894,0.00085528486,-0.060000803,0,1.0,False,7
2.1061616,-0.1825353,-0.00034473123,0.23295185,1,1.0,False,7
2.102511,0.012591565,0.0043143057,-0.0598398,0,1.0,False,7
2.1027627,-0.18259197,0.0031175097,0.2342012,1,1.0,False,7
2.0991108,0.012485292,0.0078015337,-0.057496745,1,1.0,False,7
2.0993607,0.20749451,0.0066515985,-0.34770805,0,1.0,False,7
2.1035106,0.012278593,-0.0003025624,-0.05293509,0,1.0,False,7
2.1037562,-0.18283902,-0.0013612641,0.23965237,1,1.0,False,7
2.1000993,0.012302353,0.003431783,-0.053459637,0,1.0,False,7
2.1003454,-0.18286864,0.0023625903,0.24030407,1,1.0,False,7
2.096688,0.012219485,0.0071686716,-0.0516327,1,1.0,False,7
2.0969324,0.20723791,0.006136018,-0.34204525,0,1.0,False,7
2.101077,0.012029205,-0.0007048873,-0.047433723,0,1.0,False,7
2.1013176,-0.18308263,-0.0016535618,0.24502672,1,1.0,False,7
2.097656,0.012062898,0.0032469726,-0.04817732,0,1.0,False,7
2.0978973,-0.18310545,0.0022834262,0.24552828,1,1.0,False,7
2.0942352,0.011983803,0.007193992,-0.046433523,1,1.0,False,7
2.0944748,0.20700186,0.0062653213,-0.33683804,0,1.0,False,7
2.098615,0.011791313,-0.0004714391,-0.04218596,0,1.0,False,7
2.0988507,-0.18332388,-0.0013151582,0.25034818,1,1.0,False,7
2.0951843,0.011816832,0.0036918055,-0.042749275,1,1.0,False,7
2.0954206,0.20688565,0.00283682,-0.3342651,0,1.0,False,7
2.0995584,0.011723439,-0.0038484824,-0.040688958,0,1.0,False,7
2.0997927,-0.18334311,-0.004662262,0.25077724,1,1.0,False,7
2.0961258,0.011845103,0.0003532835,-0.04337259,0,1.0,False,7
2.0963628,-0.18328191,-0.0005141683,0.24942178,1,1.0,False,7
2.0926971,0.011847378,0.0044742674,-0.04342328,1,1.0,False,7
2.0929341,0.20690489,0.0036058016,-0.3346912,0,1.0,False,7
2.0970721,0.011731802,-0.003088022,-0.040873356,0,1.0,False,7
2.097307,-0.18334574,-0.003905489,0.25083366,1,1.0,False,7
2.0936399,0.011831772,0.0011111844,-0.043078564,0,1.0,False,7
2.0938766,-0.1833061,0.0002496131,0.24995475,1,1.0,False,7
2.0902104,0.011812289,0.005248708,-0.042649437,1,1.0,False,7
2.0904467,0.20685859,0.004395719,-0.33367175,0,1.0,False,7
2.094584,0.011674346,-0.0022777154,-0.03960587,0,1.0,False,7
2.0948174,-0.18341486,-0.003069833,0.25235754,1,1.0,False,7
2.091149,0.011750783,0.0019773182,-0.041292083,0,1.0,False,7
2.0913842,-0.18339947,0.0011514765,0.25201404,1,1.0,False,7
2.087716,0.011706023,0.0061917575,-0.040305454,1,1.0,False,7
2.0879502,0.20673864,0.0053856485,-0.3310284,0,1.0,False,7
2.092085,0.011540443,-0.0012349198,-0.036651984,0,1.0,False,7
2.092316,-0.18356378,-0.0019679593,0.25564104,1,1.0,False,7
2.0886445,0.011586215,0.0031448617,-0.037661947,0,1.0,False,7
2.0888762,-0.1835807,0.0023916229,0.25601155,1,1.0,False,7
2.0852046,0.0115070315,0.0075118537,-0.035916056,1,1.0,False,7
2.0854347,0.20652045,0.0067935325,-0.32621947,0,1.0,False,7
2.0895653,0.011302447,0.00026914303,-0.031401936,0,1.0,False,7
2.0897913,-0.18382336,-0.00035889572,0.2613659,1,1.0,False,7
2.0861146,0.01130371,0.004868422,-0.03143021,1,1.0,False,7
2.086341,0.20635551,0.004239818,-0.32257313,0,1.0,False,7
2.090468,0.01117344,-0.0022116445,-0.028556157,0,1.0,False,7
2.0906913,-0.18391672,-0.0027827679,0.26342815,1,1.0,False,7
2.087013,0.011244836,0.0024857952,-0.03013119,1,1.0,False,7
2.087238,0.20633104,0.0018831715,-0.3220288,0,1.0,False,7
2.0913646,0.011182334,-0.004557404,-0.028752575,0,1.0,False,7
2.0915883,-0.18387397,-0.005132456,0.26248896,1,1.0,False,7
2.0879107,0.01132087,0.00011732358,-0.03180837,0,1.0,False,7
2.0881371,-0.18380277,-0.0005188438,0.26091158,1,1.0,False,7
2.0844612,0.011326591,0.0046993876,-0.031934958,1,1.0,False,7
2.0846877,0.20638083,0.0040606884,-0.32313147,0,1.0,False,7
2.0888152,0.011201299,-0.0024019412,-0.02917075,0,1.0,False,7
2.0890393,-0.18388613,-0.0029853561,0.26275337,1,1.0,False,7
2.0853615,0.011278312,0.0022697113,-0.030869674,0,1.0,False,7
2.0855873,-0.18387611,0.0016523178,0.2625285,1,1.0,False,7
2.0819097,0.011222212,0.006902888,-0.029632803,1,1.0,False,7
2.082134,0.2062445,0.006310232,-0.3201298,0,1.0,False,7
2.086259,0.011033248,-9.23646e-05,-0.025463587,0,1.0,False,7
2.0864797,-0.18408738,-0.00060163636,0.2671902,1,1.0,False,7
2.0827978,0.011043154,0.0047421674,-0.02568243,1,1.0,False,7
2.0830188,0.20609678,0.004228519,-0.31686538,0,1.0,False,7
2.0871406,0.010914855,-0.0021087888,-0.022851937,0,1.0,False,7
2.087359,-0.18417679,-0.0025658275,0.2691649,1,1.0,False,7
2.0836754,0.010981682,0.0028174703,-0.024326202,1,1.0,False,7
2.083895,0.20606312,0.0023309465,-0.31611887,0,1.0,False,7
2.0880163,0.010908039,-0.0039914306,-0.022701738,0,1.0,False,7
2.0882344,-0.18415645,-0.0044454653,0.26871917,1,1.0,False,7
2.0845513,0.011028665,0.0009289182,-0.025362555,0,1.0,False,7
2.0847719,-0.18410659,0.00042166706,0.26761332,1,1.0,False,7
2.0810897,0.011009336,0.005773933,-0.024936588,1,1.0,False,7
2.08131,0.20604801,0.0052752015,-0.3157922,0,1.0,False,7
2.0854309,0.010851317,-0.0010406424,-0.02145033,0,1.0,False,7
2.085648,-0.18425569,-0.001469649,0.2709041,1,1.0,False,7
2.0819628,0.010887197,0.0039484324,-0.022242017,1,1.0,False,7
2.0821805,0.2059523,0.0035035922,-0.31367657,0,1.0,False,7
2.0862997,0.010780616,-0.002769939,-0.01989077,0,1.0,False,7
2.0865152,-0.1843015,-0.0031677543,0.27191693,1,1.0,False,7
2.0828292,0.010865508,0.0022705842,-0.02176344,1,1.0,False,7
2.0830464,0.20595482,0.0018353154,-0.3137291,0,1.0,False,7
2.0871656,0.010806775,-0.004439267,-0.020467946,0,1.0,False,7
2.0873818,-0.18425123,-0.004848626,0.27081105,1,1.0,False,7
2.0836968,0.010939572,0.000567595,-0.023397215,0,1.0,False,7
2.0839155,-0.18419051,9.9650744e-05,0.26946473,1,1.0,False,7
2.0802317,0.010930014,0.0054889456,-0.023186754,1,1.0,False,7
2.0804503,0.20597282,0.0050252103,-0.3141328,0,1.0,False,7
2.0845697,0.010779646,-0.0012574458,-0.019869344,0,1.0,False,7
2.0847855,-0.18432425,-0.0016548326,0.2724166,1,1.0,False,7
2.0810988,0.010821275,0.003793499,-0.020787828,1,1.0,False,7
2.0813153,0.20588861,0.0033777424,-0.31227145,0,1.0,False,7
2.085433,0.010718711,-0.0028676866,-0.018525206,0,1.0,False,7
2.0856476,-0.184362,-0.0032381907,0.27325156,1,1.0,False,7
2.0819602,0.010806008,0.0022268405,-0.020450944,1,1.0,False,7
2.0821764,0.20589596,0.0018178215,-0.31243044,0,1.0,False,7
2.0862942,0.010748153,-0.0044307876,-0.01917479,0,1.0,False,7
2.0865092,-0.18430997,-0.0048142835,0.2721069,1,1.0,False,7
2.082823,0.010880338,0.0006278545,-0.022090588,0,1.0,False,7
2.0830407,-0.18425061,0.00018604271,0.27079037,1,1.0,False,7
2.0793557,0.010868684,0.00560185,-0.021833874,1,1.0,False,7
2.079573,0.20590985,0.0051651727,-0.3127441,0,1.0,False,7
2.0836911,0.010714701,-0.0010897095,-0.018436726,0,1.0,False,7
2.0839055,-0.1843916,-0.0014584439,0.27390218,1,1.0,False,7
2.0802176,0.0107511245,0.0040196,-0.019240381,1,1.0,False,7
2.0804327,0.2058152,0.003634792,-0.31065238,0,1.0,False,7
2.084549,0.010641652,-0.0025782553,-0.016825356,0,1.0,False,7
2.0847619,-0.18444324,-0.0029147624,0.27504298,1,1.0,False,7
2.081073,0.010720188,0.0025860975,-0.018557834,1,1.0,False,7
2.0812874,0.20580496,0.0022149407,-0.3104237,0,1.0,False,7
2.0854034,0.010651518,-0.003993533,-0.017043063,0,1.0,False,7
2.0856166,-0.18441294,-0.0043343944,0.2743772,1,1.0,False,7
2.0819283,0.010770591,0.0011531492,-0.019669661,0,1.0,False,7
2.0821435,-0.18436788,0.000759756,0.27337688,1,1.0,False,7
2.0784564,0.010743224,0.0062272935,-0.019066326,1,1.0,False,7
2.0786712,0.20577532,0.0058459667,-0.30977798,0,1.0,False,7
2.0827866,0.010570564,-0.00034959265,-0.01525715,0,1.0,False,7
2.082998,-0.18454637,-0.00065473566,0.27731547,1,1.0,False,7
2.079307,0.010584914,0.0048915735,-0.015573903,1,1.0,False,7
2.0795188,0.20563637,0.0045800954,-0.30670947,0,1.0,False,7
2.0836315,0.010449458,-0.0015540941,-0.012585629,0,1.0,False,7
2.0838406,-0.18465017,-0.0018058066,0.27960655,1,1.0,False,7
2.0801475,0.010497494,0.0037863245,-0.01364537,1,1.0,False,7
2.0803576,0.20556495,0.003513417,-0.30513126,0,1.0,False,7
2.0844688,0.010393097,-0.0025892083,-0.011342364,0,1.0,False,7
2.0846767,-0.18469162,-0.0028160554,0.28052253,1,1.0,False,7
2.080983,0.010470382,0.0027943947,-0.013047257,1,1.0,False,7
2.0811923,0.20555215,0.0025334496,-0.3048472,0,1.0,False,7
2.0853033,0.010394184,-0.0035634947,-0.011366373,0,1.0,False,7
2.0855112,-0.18467648,-0.003790822,0.2801901,1,1.0,False,7
2.0818176,0.01049934,0.0018129799,-0.0136860255,1,1.0,False,7
2.0820277,0.20559524,0.0015392595,-0.30579638,0,1.0,False,7
2.0861394,0.010451391,-0.004576668,-0.012628411,0,1.0,False,7
2.0863485,-0.18460463,-0.0048292363,0.278607,1,1.0,False,7
2.0826564,0.010585884,0.00074290385,-0.015595124,1,1.0,False,7
2.082868,0.20569718,0.00043100136,-0.30804357,0,1.0,False,7
2.086982,0.010569083,-0.00572987,-0.015224742,0,1.0,False,7
2.0871935,-0.18447022,-0.006034365,0.27564484,1,1.0,False,7
2.0835042,0.010737295,-0.00052146777,-0.018935196,0,1.0,False,7
2.0837188,-0.18437718,-0.0009001717,0.27358314,1,1.0,False,7
2.0800314,0.010757609,0.0045714914,-0.019383552,1,1.0,False,7
2.0802464,0.2058137,0.0041838204,-0.31062064,0,1.0,False,7
2.0843627,0.010632395,-0.002028592,-0.016621182,0,1.0,False,7
2.0845754,-0.1844604,-0.0023610156,0.27542102,1,1.0,False,7
2.0808861,0.010695152,0.0031474046,-0.018005647,1,1.0,False,7
2.0811,0.20577182,0.0027872918,-0.30969387,0,1.0,False,7
2.0852156,0.010610271,-0.0034065857,-0.016133215,0,1.0,False,7
2.0854278,-0.18446267,-0.00372925,0.27547294,1,1.0,False,7
2.0817385,0.010712299,0.0017802089,-0.01838385,1,1.0,False,7
2.0819528,0.20580867,0.001412532,-0.31050456,0,1.0,False,7
2.0860689,0.0106666265,-0.004797559,-0.017376505,0,1.0,False,7
2.0862823,-0.1843862,-0.0051450897,0.27378887,1,1.0,False,7
2.0825944,0.010808789,0.00033068808,-0.020512367,0,1.0,False,7
2.0828106,-0.1843179,-7.955926e-05,0.27227488,1,1.0,False,7
2.0791242,0.010805184,0.0053659384,-0.020433143,1,1.0,False,7
2.0793405,0.20584977,0.0049572755,-0.31141824,0,1.0,False,7
2.0834575,0.010657548,-0.0012710893,-0.017176062,0,1.0,False,7
2.0836706,-0.18444616,-0.0016146105,0.27510554,1,1.0,False,7
2.0799816,0.010698799,0.0038875006,-0.01808619,1,1.0,False,7
2.0801957,0.20576479,0.0035257768,-0.30954003,0,1.0,False,7
2.084311,0.010592775,-0.002665024,-0.015747264,0,1.0,False,7
2.0845227,-0.18449086,-0.0029799691,0.27609363,1,1.0,False,7
2.080833,0.010673485,0.0025419032,-0.017527694,1,1.0,False,7
2.0810463,0.20575888,0.0021913494,-0.30940753,0,1.0,True,7
0.028742269,0.033366933,0.004790446,0.047344908,0,1.0,False,8
0.029409608,-0.16182338,0.0057373443,0.34153542,0,1.0,False,8
0.02617314,-0.3570265,0.012568052,0.63602203,0,1.0,False,8
0.01903261,-0.55232143,0.025288492,0.93263626,1,1.0,False,8
0.007986181,-0.35754967,0.04394122,0.648006,1,1.0,False,8
0.0008351881,-0.16306655,0.056901336,0.36947748,0,1.0,False,8
-0.002426143,-0.35894886,0.06429089,0.6795454,1,1.0,False,8
-0.00960512,-0.1647761,0.0778818,0.40777645,1,1.0,False,8
-0.012900642,0.029160148,0.08603732,0.140628,1,1.0,False,8
-0.01231744,0.22295123,0.08884989,-0.12371962,0,1.0,False,8
-0.007858414,0.026676139,0.08637549,0.19561921,1,1.0,False,8
-0.007324892,0.22046319,0.09028788,-0.06861486,0,1.0,False,8
-0.0029156283,0.02417058,0.08891558,0.25113332,1,1.0,False,8
-0.0024322167,0.21791774,0.09393825,-0.012232605,1,1.0,False,8
0.0019261382,0.41157573,0.09369359,-0.27386162,0,1.0,False,8
0.010157653,0.2152505,0.08821636,0.04684023,1,1.0,False,8
0.014462663,0.409004,0.08915316,-0.21675791,0,1.0,False,8
0.022642743,0.21272816,0.084818006,0.10266291,1,1.0,False,8
0.026897306,0.4065386,0.08687127,-0.16210108,0,1.0,False,8
0.035028078,0.21028739,0.08362924,0.15667374,1,1.0,False,8
0.039233826,0.4041186,0.08676272,-0.1084986,1,1.0,False,8
0.047316197,0.597897,0.084592745,-0.37259662,0,1.0,False,8
0.059274137,0.4016816,0.077140816,-0.05448532,1,1.0,False,8
0.06730777,0.59561753,0.07605111,-0.32186726,0,1.0,False,8
0.07922012,0.39949962,0.06961376,-0.006203211,1,1.0,False,8
0.08721011,0.5935578,0.069489695,-0.2761354,0,1.0,False,8
0.09908127,0.39751676,0.06396699,0.037629917,1,1.0,False,8
0.107031606,0.59166586,0.06471959,-0.23420466,0,1.0,False,8
0.11886492,0.39568177,0.060035493,0.078170285,1,1.0,False,8
0.12677856,0.589894,0.0615989,-0.19498338,0,1.0,False,8
0.13857643,0.39394745,0.057699233,0.11647758,1,1.0,False,8
0.14645539,0.58819723,0.060028784,-0.15745807,1,1.0,False,8
0.15821934,0.7824107,0.056879625,-0.4306156,0,1.0,False,8
0.17386754,0.58653134,0.048267312,-0.12055819,0,1.0,False,8
0.18559816,0.3907523,0.045856148,0.18695347,1,1.0,False,8
0.19341321,0.58518916,0.04959522,-0.090918295,1,1.0,False,8
0.205117,0.77956647,0.04777685,-0.3675507,0,1.0,False,8
0.22070833,0.58379936,0.040425837,-0.06019405,1,1.0,False,8
0.23238432,0.77831906,0.039221957,-0.33985326,0,1.0,False,8
0.2479507,0.5826616,0.03242489,-0.035064522,1,1.0,False,8
0.25960392,0.77730393,0.0317236,-0.3173433,0,1.0,False,8
0.27515,0.58174485,0.025376733,-0.014827072,0,1.0,False,8
0.28678492,0.38626832,0.025080193,0.28575325,1,1.0,False,8
0.29451028,0.58102375,0.030795258,0.0010847611,0,1.0,False,8
0.30613074,0.38547403,0.030816954,0.3033227,1,1.0,False,8
0.31384024,0.5801435,0.036883406,0.020515818,0,1.0,False,8
0.3254431,0.38451257,0.037293725,0.32460395,1,1.0,False,8
0.33313334,0.5790842,0.043785803,0.043911226,1,1.0,False,8
0.34471503,0.7735518,0.044664025,-0.23464172,0,1.0,False,8
0.36018607,0.57782114,0.03997119,0.07178839,1,1.0,False,8
0.3717425,0.7723479,0.04140696,-0.20802031,0,1.0,False,8
0.38718945,0.5766591,0.037246555,0.09743149,1,1.0,False,8
0.39872265,0.77122796,0.039195184,-0.18327145,0,1.0,False,8
0.4141472,0.5755678,0.035529755,0.1215139,1,1.0,False,8
0.42565855,0.7701631,0.037960034,-0.15975139,0,1.0,False,8
0.44106182,0.57451886,0.034765005,0.14466117,1,1.0,False,8
0.4525522,0.7691261,0.03765823,-0.13685451,0,1.0,False,8
0.4679347,0.5734856,0.03492114,0.16746713,1,1.0,False,8
0.47940442,0.7680907,0.03827048,-0.11399787,1,1.0,False,8
0.49476624,0.96264404,0.035990525,-0.39436534,0,1.0,False,8
0.51401913,0.76703036,0.028103217,-0.09055591,0,1.0,False,8
0.5293597,0.5715171,0.026292099,0.21085943,1,1.0,False,8
0.5407901,0.7662534,0.030509287,-0.073415145,1,1.0,False,8
0.55611515,0.96092504,0.029040985,-0.3563183,0,1.0,False,8
0.57533365,0.7654025,0.021914618,-0.05462128,0,1.0,False,8
0.5906417,0.5699733,0.020822193,0.24489453,1,1.0,False,8
0.6020411,0.7647917,0.025720084,-0.041148525,1,1.0,False,8
0.617337,0.9595356,0.024897113,-0.32560685,0,1.0,False,8
0.6365277,0.7640682,0.018384976,-0.025177576,1,1.0,False,8
0.65180904,0.9589217,0.017881425,-0.3120036,0,1.0,False,8
0.6709875,0.7635496,0.011641352,-0.013735487,1,1.0,False,8
0.6862585,0.9585027,0.011366643,-0.3027228,0,1.0,False,8
0.70542854,0.7632206,0.0053121867,-0.006476882,1,1.0,False,8
0.72069293,0.95826596,0.005182649,-0.29747903,0,1.0,False,8
0.73985827,0.7630705,-0.00076693145,-0.0031660986,1,1.0,False,8
0.7551197,0.9582035,-0.0008302534,-0.2960909,0,1.0,False,8
0.77428377,0.76309335,-0.0067520714,-0.0036699404,1,1.0,False,8
0.7895456,0.9583115,-0.0068254704,-0.29847556,0,1.0,False,8
0.8087118,0.7632875,-0.012794982,-0.007953051,1,1.0,False,8
0.8239776,0.9585906,-0.012954042,-0.30464533,0,1.0,False,8
0.8431494,0.7636556,-0.01904695,-0.016075784,0,1.0,False,8
0.8584225,0.56881195,-0.019368464,0.27053726,1,1.0,False,8
0.8697988,0.76420486,-0.013957719,-0.028191091,0,1.0,False,8
0.88508284,0.5692858,-0.014521541,0.26005554,1,1.0,False,8
0.8964686,0.764612,-0.00932043,-0.03717206,1,1.0,False,8
0.9117608,0.9598664,-0.010063872,-0.33278105,0,1.0,False,8
0.93095815,0.7648891,-0.016719492,-0.043288674,0,1.0,False,8
0.9462559,0.57001084,-0.017585266,0.24407256,1,1.0,False,8
0.95765615,0.7653795,-0.012703815,-0.054104917,0,1.0,False,8
0.97296375,0.57044196,-0.013785913,0.23454294,1,1.0,False,8
0.98437256,0.76575816,-0.009095054,-0.062456425,1,1.0,False,8
0.99968773,0.9610093,-0.010344183,-0.35799497,0,1.0,False,8
1.0189079,0.766036,-0.017504081,-0.068591684,0,1.0,False,8
1.0342287,0.57116926,-0.018875916,0.21851763,1,1.0,False,8
1.045652,0.7665559,-0.014505563,-0.08005929,0,1.0,False,8
1.0609832,0.57164484,-0.016106749,0.20801203,1,1.0,False,8
1.0724161,0.7669934,-0.011946509,-0.08970792,0,1.0,False,8
1.0877559,0.5720447,-0.013740667,0.19918206,1,1.0,False,8
1.0991968,0.76736045,-0.009757025,-0.09780354,0,1.0,False,8
1.114544,0.57237965,-0.011713096,0.19178516,1,1.0,False,8
1.1259916,0.76766723,-0.007877394,-0.10456963,0,1.0,False,8
1.1413449,0.572659,-0.009968786,0.18561764,1,1.0,False,8
1.1527982,0.76792216,-0.0062564327,-0.11019331,1,1.0,False,8
1.1681566,0.9631332,-0.008460299,-0.4048435,0,1.0,False,8
1.1874193,0.76813227,-0.01655717,-0.11483985,0,1.0,False,8
1.2027819,0.5732514,-0.018853966,0.17257376,1,1.0,False,8
1.2142469,0.7686381,-0.015402491,-0.12599687,0,1.0,False,8
1.2296196,0.5737401,-0.01792243,0.16178723,1,1.0,False,8
1.2410945,0.769114,-0.014686684,-0.13649544,0,1.0,False,8
1.2564768,0.57420546,-0.017416593,0.1515181,1,1.0,False,8
1.2679609,0.76957244,-0.014386231,-0.1466081,0,1.0,False,8
1.2833524,0.5746594,-0.017318392,0.14150177,1,1.0,False,8
1.2948455,0.7700251,-0.014488357,-0.15659411,0,1.0,False,8
1.310246,0.57511353,-0.01762024,0.1314831,1,1.0,False,8
1.3217483,0.7704834,-0.014990578,-0.1667063,0,1.0,False,8
1.337158,0.57557917,-0.018324703,0.12121009,1,1.0,False,8
1.3486695,0.7709588,-0.015900502,-0.1771973,0,1.0,False,8
1.3640887,0.576068,-0.019444449,0.11042743,1,1.0,False,8
1.3756101,0.7714631,-0.0172359,-0.18832614,0,1.0,False,8
1.3910394,0.5765919,-0.021002423,0.098870106,1,1.0,False,8
1.4025712,0.7720085,-0.01902502,-0.20036435,0,1.0,False,8
1.4180113,0.5771637,-0.023032308,0.08625688,1,1.0,False,8
1.4295546,0.7726081,-0.021307169,-0.21360286,0,1.0,False,8
1.4450067,0.5777972,-0.025579227,0.072283395,1,1.0,False,8
1.4565628,0.7732763,-0.02413356,-0.22835888,0,1.0,False,8
1.4720283,0.5785074,-0.028700735,0.056614824,1,1.0,False,8
1.4835984,0.7740289,-0.027568439,-0.24498345,0,1.0,False,8
1.499079,0.5793113,-0.03246811,0.038877826,1,1.0,False,8
1.5106652,0.77488345,-0.031690553,-0.2638697,0,1.0,False,8
1.5261629,0.58022785,-0.036967948,0.018651646,1,1.0,False,8
1.5377674,0.7758599,-0.036594912,-0.28546208,0,1.0,False,8
1.5532846,0.58127844,-0.042304154,-0.004541824,1,1.0,False,8
1.5649102,0.77698076,-0.042394992,-0.31026638,0,1.0,False,8
1.5804498,0.5824877,-0.04860032,-0.031249272,0,1.0,False,8
1.5920995,0.38809517,-0.049225304,0.24571235,1,1.0,False,8
1.5998615,0.58388436,-0.044311058,-0.062082086,0,1.0,False,8
1.6115391,0.3894248,-0.0455527,0.21629773,1,1.0,False,8
1.6193277,0.58516735,-0.041226745,-0.0903994,0,1.0,False,8
1.631031,0.39065984,-0.043034732,0.18899675,1,1.0,False,8
1.6388441,0.5863702,-0.0392548,-0.11694532,0,1.0,False,8
1.6505716,0.39183205,-0.041593704,0.16309917,1,1.0,False,8
1.6584083,0.587524,-0.03833172,-0.14240988,0,1.0,False,8
1.6701587,0.3929714,-0.041179918,0.1379379,1,1.0,False,8
1.6780181,0.5886582,-0.03842116,-0.16744697,0,1.0,False,8
1.6897913,0.3941067,-0.0417701,0.1128719,1,1.0,False,8
1.6976734,0.5898015,-0.03951266,-0.19269112,0,1.0,False,8
1.7094694,0.3952664,-0.043366484,0.08727006,1,1.0,False,8
1.7173748,0.59098226,-0.04162108,-0.21877348,0,1.0,False,8
1.7291944,0.39647925,-0.045996554,0.060495332,0,1.0,False,8
1.7371241,0.20204595,-0.044786647,0.33831862,1,1.0,False,8
1.7411649,0.39777562,-0.038020276,0.031855606,0,1.0,False,8
1.7491205,0.20321895,-0.03738316,0.31230444,1,1.0,False,8
1.7531848,0.39885297,-0.031137073,0.008070342,1,1.0,False,8
1.7611619,0.5944073,-0.030975666,-0.2942718,0,1.0,False,8
1.7730501,0.39974037,-0.036861103,-0.011516845,0,1.0,False,8
1.7810448,0.20516592,-0.037091438,0.26931188,1,1.0,False,8
1.7851481,0.400797,-0.0317052,-0.034835327,0,1.0,False,8
1.7931641,0.20614374,-0.03240191,0.24767809,1,1.0,False,8
1.797287,0.4017131,-0.027448347,-0.055046465,0,1.0,False,8
1.8053212,0.20699525,-0.028549276,0.22885148,1,1.0,False,8
1.8094611,0.4025133,-0.023972247,-0.07269843,0,1.0,False,8
1.8175114,0.20774308,-0.025426215,0.2123258,1,1.0,False,8
1.8216662,0.40321916,-0.021179698,-0.08826805,0,1.0,False,8
1.8297306,0.20840709,-0.02294506,0.19765814,1,1.0,False,8
1.8338988,0.4038496,-0.018991897,-0.10217369,0,1.0,False,8
1.8419758,0.2090049,-0.021035371,0.18445736,1,1.0,False,8
1.8461559,0.40442142,-0.017346224,-0.114786506,0,1.0,False,8
1.8542444,0.20955224,-0.019641954,0.17237373,1,1.0,False,8
1.8584354,0.40494972,-0.01619448,-0.12644033,0,1.0,False,8
1.8665344,0.21006349,-0.018723285,0.16108975,1,1.0,False,8
1.8707356,0.4054484,-0.015501491,-0.13744059,0,1.0,False,8
1.8788446,0.21055187,-0.018250303,0.15031183,1,1.0,False,8
1.8830557,0.40593034,-0.015244066,-0.14807236,0,1.0,False,8
1.8911742,0.21102996,-0.018205512,0.13976265,1,1.0,False,8
1.8953948,0.40640786,-0.01541026,-0.15860775,0,1.0,False,8
1.903523,0.2115099,-0.018582415,0.12917405,1,1.0,False,8
1.9077532,0.40689304,-0.015998933,-0.16931298,0,1.0,False,8
1.915891,0.21200371,-0.019385194,0.11828012,1,1.0,False,8
1.9201311,0.40739796,-0.017019592,-0.18045509,0,1.0,False,8
1.928279,0.21252364,-0.020628693,0.10681054,1,1.0,False,8
1.9325296,0.40793505,-0.018492483,-0.19230859,0,1.0,False,8
1.9406883,0.21308245,-0.022338655,0.09448384,1,1.0,False,8
1.9449499,0.40851733,-0.020448977,-0.20516236,0,1.0,False,8
1.9531202,0.2136937,-0.024552224,0.081000425,1,1.0,False,8
1.9573941,0.40915883,-0.022932217,-0.21932656,0,1.0,False,8
1.9655774,0.21437207,-0.027318748,0.066035286,0,1.0,False,8
1.9698647,0.019652227,-0.025998041,0.34997535,1,1.0,False,8
1.9702578,0.21513408,-0.018998535,0.049209084,1,1.0,False,8
1.9745605,0.41052324,-0.018014353,-0.24940698,0,1.0,False,8
1.9827709,0.21566312,-0.023002492,0.037539843,0,1.0,False,8
1.9870842,0.020878445,-0.022251695,0.3228774,1,1.0,False,8
1.9875017,0.21631007,-0.015794147,0.023261093,1,1.0,False,8
1.991828,0.41165492,-0.015328926,-0.27436292,0,1.0,False,8
2.000061,0.216755,-0.020816185,0.013446084,0,1.0,False,8
2.0043962,0.02193767,-0.020547263,0.29948926,1,1.0,False,8
2.004835,0.21734639,-0.014557477,0.0003975867,1,1.0,False,8
2.009182,0.41267404,-0.014549525,-0.2968426,0,1.0,False,8
2.0174353,0.2177625,-0.020486379,-0.008783647,0,1.0,False,8
2.0217905,0.022940252,-0.02066205,0.27736583,1,1.0,False,8
2.0222495,0.21835078,-0.015114735,-0.02176162,0,1.0,False,8
2.0266163,0.023448823,-0.015549967,0.26611438,1,1.0,False,8
2.0270853,0.21878922,-0.010227679,-0.0314323,1,1.0,False,8
2.0314612,0.41405633,-0.010856326,-0.32732454,0,1.0,False,8
2.0397422,0.21909061,-0.017402817,-0.03808489,0,1.0,False,8
2.0441241,0.024222486,-0.018164514,0.24905686,1,1.0,False,8
2.0446086,0.21959907,-0.013183377,-0.049299736,0,1.0,False,8
2.0490005,0.024668613,-0.014169372,0.23919474,1,1.0,False,8
2.049494,0.21999009,-0.009385477,-0.057923716,1,1.0,False,8
2.0538938,0.41524535,-0.010543951,-0.353553,0,1.0,False,8
2.0621986,0.2202749,-0.017615011,-0.06421344,0,1.0,False,8
2.0666041,0.02540987,-0.018899279,0.2228602,1,1.0,False,8
2.0671122,0.22079678,-0.014442075,-0.07572387,0,1.0,False,8
2.0715282,0.025884813,-0.015956553,0.21236776,1,1.0,False,8
2.072046,0.22123122,-0.011709197,-0.08530558,0,1.0,False,8
2.0764706,0.026279056,-0.013415309,0.2036602,1,1.0,False,8
2.076996,0.22159027,-0.009342105,-0.093224235,1,1.0,False,8
2.081428,0.41684487,-0.01120659,-0.3888399,0,1.0,False,8
2.0897648,0.22188376,-0.018983386,-0.099711254,0,1.0,False,8
2.0942025,0.027038941,-0.020977613,0.18692252,1,1.0,False,8
2.0947433,0.22245465,-0.017239163,-0.11230351,0,1.0,False,8
2.0991924,0.027583906,-0.019485231,0.1748911,1,1.0,False,8
2.099744,0.22297922,-0.01598741,-0.12387453,0,1.0,False,8
2.1042037,0.028089922,-0.0184649,0.16372196,1,1.0,False,8
2.1047654,0.22347127,-0.015190462,-0.13472846,0,1.0,False,8
2.1092348,0.02857016,-0.017885031,0.15312365,1,1.0,False,8
2.1098063,0.22394358,-0.014822558,-0.14514752,0,1.0,False,8
2.1142852,0.029036997,-0.017725509,0.14282255,1,1.0,False,8
2.114866,0.22440825,-0.014869058,-0.15539934,0,1.0,False,8
2.119354,0.029502325,-0.017977044,0.13255592,1,1.0,False,8
2.119944,0.2248771,-0.015325925,-0.16574387,0,1.0,False,8
2.1244416,0.02997786,-0.018640803,0.122065015,1,1.0,False,8
2.1250412,0.22536185,-0.016199503,-0.17644012,0,1.0,False,8
2.1295485,0.03047543,-0.019728305,0.1110887,1,1.0,False,8
2.130158,0.22587444,-0.017506532,-0.18775253,0,1.0,False,8
2.1346755,0.031007273,-0.021261582,0.09935678,1,1.0,False,8
2.1352956,0.22642739,-0.019274447,-0.19995758,0,1.0,False,8
2.1398242,0.031586334,-0.023273598,0.08658338,1,1.0,False,8
2.140456,0.22703403,-0.02154193,-0.21335058,0,1.0,False,8
2.1449966,0.03222658,-0.025808942,0.07245995,1,1.0,False,8
2.145641,0.22770885,-0.024359742,-0.22825278,0,1.0,False,8
2.1501954,0.03294333,-0.028924799,0.056647763,0,1.0,False,8
2.150854,-0.16175221,-0.027791843,0.3400662,1,1.0,False,8
2.147619,0.033753935,-0.020990519,0.038750485,1,1.0,False,8
2.1482942,0.2291705,-0.02021551,-0.26048055,0,1.0,False,8
2.1528776,0.03434288,-0.025425121,0.025758214,0,1.0,False,8
2.1535645,-0.1604054,-0.024909956,0.31031203,1,1.0,False,8
2.1503563,0.035062436,-0.018703716,0.00987848,1,1.0,False,8
2.1510575,0.23044756,-0.018506147,-0.28864652,0,1.0,False,8
2.1556666,0.03559433,-0.024279077,-0.001857219,0,1.0,False,8
2.1563785,-0.15917116,-0.024316221,0.28306755,1,1.0,False,8
2.153195,0.03628903,-0.01865487,-0.017184304,0,1.0,False,8
2.1539207,-0.15856048,-0.018998556,0.2695549,1,1.0,False,8
2.1507494,0.036827356,-0.013607457,-0.02905921,0,1.0,False,8
2.1514862,-0.15809684,-0.014188642,0.25929955,1,1.0,False,8
2.1483243,0.037224762,-0.009002651,-0.03782469,1,1.0,False,8
2.1490686,0.23247464,-0.009759145,-0.3333344,0,1.0,False,8
2.1537182,0.03749295,-0.016425833,-0.043744914,0,1.0,False,8
2.154468,-0.15738966,-0.01730073,0.24371058,1,1.0,False,8
2.1513202,0.03797508,-0.012426519,-0.05437883,0,1.0,False,8
2.1520798,-0.1569665,-0.013514096,0.23435767,1,1.0,False,8
2.1489403,0.038345896,-0.008826942,-0.062557206,0,1.0,False,8
2.1497073,-0.1566484,-0.0100780865,0.22732775,1,1.0,False,8
2.1465743,0.038616125,-0.0055315318,-0.06851707,0,1.0,False,8
2.1473467,-0.15642609,-0.006901873,0.22241552,1,1.0,False,8
2.1442182,0.038793832,-0.0024535626,-0.07243652,1,1.0,False,8
2.144994,0.23395087,-0.003902293,-0.36589256,0,1.0,False,8
2.149673,0.03888459,-0.011220144,-0.074442625,0,1.0,False,8
2.1504507,-0.15607472,-0.012708996,0.21467929,1,1.0,False,8
2.1473293,0.039226595,-0.00841541,-0.08198538,0,1.0,False,8
2.1481137,-0.15577371,-0.010055118,0.20803064,1,1.0,False,8
2.1449983,0.03949056,-0.0058945054,-0.087807134,0,1.0,False,8
2.1457882,-0.15554641,-0.0076506482,0.20301026,1,1.0,False,8
2.142677,0.039684117,-0.003590443,-0.09207623,0,1.0,False,8
2.1434708,-0.15538618,-0.0054319673,0.19947176,1,1.0,False,8
2.1403632,0.039813034,-0.0014425322,-0.09491974,0,1.0,False,8
2.1411593,-0.15528822,-0.003340927,0.19730772,1,1.0,False,8
2.1380537,0.039881364,0.00060522737,-0.09642725,0,1.0,False,8
2.1388512,-0.15524925,-0.0013233175,0.19644657,1,1.0,False,8
2.1357462,0.0398916,0.0026056138,-0.09665351,1,1.0,False,8
2.136544,0.23497611,0.00067254365,-0.38851324,0,1.0,False,8
2.1412437,0.039844617,-0.007097721,-0.09561834,0,1.0,False,8
2.1420405,-0.1551749,-0.009010088,0.19481684,1,1.0,False,8
2.138937,0.04007478,-0.0051137507,-0.1006947,0,1.0,False,8
2.1397386,-0.1549735,-0.007127645,0.19037047,1,1.0,False,8
2.136639,0.04024968,-0.0033202353,-0.10455238,0,1.0,False,8
2.137444,-0.15482454,-0.005411283,0.18708117,1,1.0,False,8
2.1343474,0.04037442,-0.0016696595,-0.10730387,0,1.0,False,8
2.135155,-0.15472357,-0.003815737,0.18485181,1,1.0,False,8
2.1320605,0.040452775,-0.00011870079,-0.109032385,0,1.0,False,8
2.1328697,-0.15466748,-0.0022993486,0.18361309,1,1.0,False,8
2.1297762,0.0404873,0.0013729132,-0.10979431,0,1.0,False,8
2.130586,-0.1546543,-0.000822973,0.18332145,1,1.0,False,8
2.127493,0.040479418,0.0028434559,-0.10962098,0,1.0,False,8
2.1283026,-0.15468316,0.0006510363,0.18395768,1,1.0,False,8
2.1252089,0.040429465,0.00433019,-0.1085198,0,1.0,False,8
2.1260173,-0.15475427,0.0021597939,0.18552613,1,1.0,False,8
2.1229224,0.040336717,0.0058703166,-0.10647468,0,1.0,False,8
2.123729,-0.15486887,0.003740823,0.1880545,1,1.0,False,8
2.1206317,0.040199365,0.0075019132,-0.10344599,1,1.0,False,8
2.1214356,0.23521301,0.005432993,-0.3937527,0,1.0,False,8
2.1261399,0.040014386,-0.0024420605,-0.09936178,0,1.0,False,8
2.1269403,-0.15507248,-0.004429296,0.19254969,1,1.0,False,8
2.123839,0.04011255,-0.0005783024,-0.1015272,0,1.0,False,8
2.124641,-0.1550011,-0.0026088464,0.19097322,1,1.0,False,8
2.121541,0.040158067,0.0012106178,-0.10253155,0,1.0,False,8
2.1223443,-0.15498121,-0.00084001315,0.19053307,1,1.0,False,8
2.1192446,0.040152747,0.0029706485,-0.10241472,0,1.0,False,8
2.1200476,-0.15501165,0.00092235394,0.19120395,1,1.0,False,8
2.1169474,0.04009709,0.004746433,-0.10118787,0,1.0,False,8
2.1177492,-0.15509255,0.0027226757,0.19298875,1,1.0,False,8
2.1146474,0.03999034,0.006582451,-0.09883404,1,1.0,False,8
2.1154473,0.23501733,0.00460577,-0.38943297,0,1.0,False,8
2.1201477,0.039830316,-0.0031828892,-0.09530145,0,1.0,False,8
2.1209443,-0.15524587,-0.0050889184,0.19637558,1,1.0,False,8
2.1178393,0.039948497,-0.0011614067,-0.09790832,0,1.0,False,8
2.1186383,-0.15515679,-0.0031195732,0.19440795,1,1.0,False,8
2.1155353,0.040009648,0.000768586,-0.099257424,0,1.0,False,8
2.1163354,-0.15512331,-0.0012165625,0.19366789,1,1.0,False,8
2.1132329,0.04001602,0.0026567953,-0.09939856,0,1.0,False,8
2.1140332,-0.1551439,0.00066882407,0.19412139,1,1.0,False,8
2.1109304,0.039968472,0.004551252,-0.09835047,0,1.0,False,8
2.1117296,-0.15521841,0.0025842425,0.19576488,1,1.0,False,8
2.1086254,0.03986648,0.00649954,-0.09610171,0,1.0,False,8
2.1094227,-0.15534802,0.004577506,0.1986247,1,1.0,False,8
2.1063156,0.039708164,0.008549999,-0.09261072,1,1.0,False,8
2.1071098,0.23470654,0.0066977856,-0.38258392,0,1.0,False,8
2.111804,0.039490122,-0.0009538927,-0.08779673,0,1.0,False,8
2.112594,-0.15561815,-0.0027098274,0.20458509,1,1.0,False,8
2.1094813,0.039542455,0.0013818744,-0.088951424,0,1.0,False,8
2.1102722,-0.15559928,-0.00039715404,0.20416717,1,1.0,False,8
2.1071603,0.03952835,0.0036861892,-0.08864102,0,1.0,False,8
2.107951,-0.15564623,0.0019133689,0.20520262,1,1.0,False,8
2.104838,0.039448295,0.0060174214,-0.08687612,1,1.0,False,8
2.1056268,0.23448348,0.004279899,-0.3776545,0,1.0,False,8
2.1103165,0.039301004,-0.0032731907,-0.08362517,0,1.0,False,8
2.1111026,-0.15577388,-0.004945694,0.20802327,1,1.0,False,8
2.1079872,0.039418444,-0.00078522885,-0.08621566,0,1.0,False,8
2.1087754,-0.15569223,-0.002509542,0.20621942,1,1.0,False,8
2.1056616,0.039465506,0.0016148463,-0.087254085,0,1.0,False,8
2.106451,-0.15567955,-0.00013023539,0.20593789,1,1.0,False,8
2.1033373,0.03944426,0.0039885226,-0.08678611,0,1.0,False,8
2.1041262,-0.15573464,0.0022528002,0.20715252,1,1.0,False,8
2.1010115,0.03935503,0.0063958503,-0.084818915,1,1.0,False,8
2.1017985,0.23438472,0.0046994723,-0.3754771,0,1.0,False,8
2.1064863,0.03919633,-0.0028100696,-0.081316106,0,1.0,False,8
2.1072702,-0.15588522,-0.004436392,0.21047892,1,1.0,False,8
2.1041527,0.039299875,-0.00022681362,-0.083600156,0,1.0,False,8
2.1049385,-0.15581882,-0.0018988168,0.2090112,1,1.0,False,8
2.1018221,0.03933023,0.0022814074,-0.0842701,0,1.0,False,8
2.1026087,-0.15582435,0.00059600535,0.20913175,1,1.0,False,8
2.0994923,0.039289072,0.0047786403,-0.083363116,0,1.0,False,8
2.1002781,-0.15590104,0.0031113778,0.21082364,1,1.0,False,8
2.09716,0.039176274,0.007327851,-0.08087619,1,1.0,False,8
2.0979435,0.23419242,0.005710327,-0.37123817,0,1.0,False,8
2.1026275,0.03898981,-0.0017144366,-0.07676021,0,1.0,False,8
2.1034071,-0.15610753,-0.0032496408,0.21538131,1,1.0,False,8
2.100285,0.039060734,0.0010579855,-0.07832492,0,1.0,False,8
2.1010664,-0.15607637,-0.0005085129,0.21469161,1,1.0,False,8
2.0979447,0.039052848,0.0037853194,-0.07815167,0,1.0,False,8
2.0987258,-0.15612316,0.0022222858,0.21572313,1,1.0,False,8
2.0956035,0.03896695,0.0065367483,-0.07625797,1,1.0,False,8
2.0963826,0.23399459,0.0050115893,-0.3668714,0,1.0,False,8
2.1010625,0.038801778,-0.0023258384,-0.07261244,0,1.0,False,8
2.1018386,-0.15628675,-0.0037780874,0.21933576,1,1.0,False,8
2.098713,0.038889002,0.0006086278,-0.07453653,0,1.0,False,8
2.0994906,-0.15624167,-0.0008821028,0.21833836,1,1.0,False,8
2.096366,0.03889288,0.0034846643,-0.07462269,0,1.0,False,8
2.0971437,-0.15627885,0.0019922105,0.21915762,1,1.0,False,8
2.0940182,0.038814563,0.006375363,-0.07289621,1,1.0,False,8
2.0947945,0.23384453,0.0049174386,-0.3635609,0,1.0,False,8
2.0994713,0.038653042,-0.002353779,-0.06933147,0,1.0,False,8
2.1002443,-0.15643509,-0.0037404085,0.22260791,1,1.0,False,8
2.0971158,0.03874013,0.00071174966,-0.07125255,0,1.0,False,8
2.0978904,-0.15639202,-0.00071330124,0.22165486,1,1.0,False,8
2.0947626,0.03874012,0.003719796,-0.07125299,0,1.0,False,8
2.0955374,-0.15643497,0.0022947362,0.22260122,1,1.0,False,8
2.0924087,0.038654115,0.0067467606,-0.06935697,1,1.0,False,8
2.0931818,0.2336787,0.0053596213,-0.35990363,0,1.0,False,8
2.0978553,0.038480967,-0.0018384516,-0.06553554,0,1.0,False,8
2.098625,-0.15661457,-0.0031491623,0.22656678,1,1.0,False,8
2.0954926,0.038552236,0.0013821734,-0.06710784,0,1.0,False,8
2.0962636,-0.15658951,4.0016486e-05,0.22601084,1,1.0,False,8
2.093132,0.038531877,0.0045602336,-0.06665946,0,1.0,False,8
2.0939026,-0.15665516,0.0032270444,0.22745876,1,1.0,False,8
2.0907695,0.03842053,0.0077762194,-0.0642045,1,1.0,False,8
2.091538,0.23343013,0.0064921295,-0.35442388,0,1.0,False,8
2.0962064,0.03821647,-0.00059634814,-0.059700888,0,1.0,False,8
2.0969708,-0.15689692,-0.0017903658,0.23279382,1,1.0,False,8
2.093833,0.03825056,0.0028655108,-0.0604533,0,1.0,False,8
2.0945978,-0.15691236,0.0016564447,0.23313233,1,1.0,False,8
2.0914598,0.038185887,0.0063190917,-0.059027635,1,1.0,False,8
2.0922234,0.23321667,0.005138539,-0.34971017,0,1.0,False,8
2.0968878,0.038022015,-0.0018556644,-0.055411324,0,1.0,False,8
2.0976481,-0.15707327,-0.002963891,0.23668554,1,1.0,False,8
2.0945067,0.03809089,0.0017698201,-0.056930803,0,1.0,False,8
2.0952685,-0.15705639,0.000631204,0.23630999,1,1.0,False,8
2.0921273,0.038056534,0.005357404,-0.056173768,1,1.0,False,8
2.0928886,0.23310126,0.0042339284,-0.3471616,0,1.0,False,8
2.0975506,0.037919343,-0.0027093035,-0.053146567,0,1.0,False,8
2.098309,-0.15716365,-0.0037722348,0.23868032,1,1.0,False,8
2.0951657,0.038011983,0.0010013717,-0.055190086,0,1.0,False,8
2.0959258,-0.15712431,-0.00010243004,0.23780861,1,1.0,False,8
2.0927835,0.0379991,0.004653742,-0.05490662,1,1.0,False,8
2.0935433,0.23305401,0.0035556098,-0.34611762,0,1.0,False,8
2.0982044,0.03788167,-0.0033667427,-0.05231561,0,1.0,False,8
2.098962,-0.15719184,-0.0044130553,0.23930319,1,1.0,False,8
2.0958183,0.037992872,0.00037300854,-0.054768477,0,1.0,False,8
2.0965781,-0.15713443,-0.000722361,0.23803212,1,1.0,False,8
2.0934355,0.037997838,0.0040382813,-0.054878578,1,1.0,False,8
2.0941954,0.23306166,0.0029407097,-0.34628466,0,1.0,False,8
2.0988567,0.037897997,-0.0039849835,-0.052675877,0,1.0,False,8
2.0996146,-0.15716659,-0.005038501,0.23874709,1,1.0,False,8
2.0964713,0.038026977,-0.00026355914,-0.05552085,0,1.0,False,8
2.0972319,-0.1570912,-0.0013739761,0.2370789,1,1.0,False,8
2.09409,0.038050357,0.0033676021,-0.056037094,1,1.0,False,8
2.094851,0.23312387,0.0022468602,-0.34765562,0,1.0,False,8
2.0995135,0.037970025,-0.0047062524,-0.054265022,0,1.0,False,8
2.100273,-0.15708414,-0.005791553,0.23692934,1,1.0,False,8
2.0971313,0.038120084,-0.001052966,-0.05757478,0,1.0,False,8
2.0978935,-0.15698676,-0.0022044615,0.23477574,1,1.0,False,8
2.0947537,0.038166624,0.0024910534,-0.058601726,0,1.0,False,8
2.0955172,-0.15699096,0.0013190189,0.23486611,1,1.0,False,8
2.0923774,0.038112123,0.006016341,-0.05740047,1,1.0,False,8
2.0931396,0.2331473,0.0048683314,-0.34817913,0,1.0,False,8
2.0978026,0.037956443,-0.002095251,-0.053965043,0,1.0,False,8
2.0985618,-0.1571354,-0.003174552,0.23805608,1,1.0,False,8
2.095419,0.038031757,0.0015865695,-0.0556265,0,1.0,False,8
2.0961795,-0.15711291,0.00047403944,0.23755658,1,1.0,False,8
2.0930374,0.038002267,0.005225171,-0.054976787,1,1.0,False,8
2.0937974,0.23304892,0.004125635,-0.34600657,0,1.0,False,8
2.0984583,0.037868515,-0.002794496,-0.05202553,0,1.0,False,8
2.0992157,-0.15721326,-0.0038350066,0.2397744,1,1.0,False,8
2.0960715,0.03796327,0.00096048147,-0.05411572,0,1.0,False,8
2.0968308,-0.15717244,-0.000121832934,0.23887008,1,1.0,False,8
2.0936873,0.037951253,0.004655569,-0.053851265,1,1.0,False,8
2.0944464,0.23300613,0.0035785437,-0.3450617,0,1.0,False,8
2.0991066,0.037833467,-0.0033226903,-0.05125247,0,1.0,False,8
2.099863,-0.15724069,-0.0043477397,0.24038027,1,1.0,False,8
2.0967183,0.037943106,0.0004598658,-0.053670872,0,1.0,False,8
2.0974772,-0.15718544,-0.00061355165,0.23915711,1,1.0,False,8
2.0943334,0.037945274,0.0041695903,-0.053719286,1,1.0,False,8
2.0950923,0.2330072,0.0030952047,-0.34508377,0,1.0,False,8
2.0997524,0.037841346,-0.0038064704,-0.05142641,0,1.0,False,8
2.1005094,-0.15722582,-0.004834999,0.24005312,1,1.0,False,8
2.097365,0.03796487,-3.393633e-05,-0.054150973,0,1.0,False,8
2.098124,-0.1571566,-0.0011169558,0.23852125,1,1.0,False,8
2.094981,0.037981294,0.0036534693,-0.05451379,1,1.0,False,8
2.0957406,0.23305067,0.0025631934,-0.3460418,0,1.0,False,8
2.1004016,0.037892353,-0.0043576425,-0.05255169,0,1.0,False,8
2.1011593,-0.15716684,-0.0054086763,0.23875318,1,1.0,False,8
2.098016,0.038031954,-0.0006336125,-0.055630874,0,1.0,False,8
2.0987768,-0.1570809,-0.00174623,0.23685208,1,1.0,False,8
2.0956352,0.038065948,0.0029908116,-0.056381155,1,1.0,False,8
2.0963964,0.2331449,0.0018631885,-0.34811896,0,1.0,False,8
2.1010594,0.037996486,-0.005099191,-0.054849084,0,1.0,False,8
2.1018193,-0.15705198,-0.0061961724,0.23622066,1,1.0,False,8
2.0986784,0.038157947,-0.0014717593,-0.058410276,0,1.0,False,8
2.0994413,-0.15694287,-0.002639965,0.23380794,1,1.0,False,8
2.0963025,0.0382167,0.0020361939,-0.05970655,0,1.0,False,8
2.0970669,-0.15693438,0.00084206293,0.23361811,1,1.0,False,8
2.093928,0.038175523,0.005514425,-0.058799077,1,1.0,False,8
2.0946918,0.23321797,0.0043384437,-0.34973708,0,1.0,False,8
2.0993562,0.03803459,-0.0026562978,-0.055689257,0,1.0,False,8
2.1001167,-0.15704918,-0.003770083,0.2361544,1,1.0,False,8
2.0969758,0.03812644,0.0009530051,-0.057715334,0,1.0,False,8
2.0977383,-0.15700917,-0.00020130158,0.23526812,1,1.0,False,8
2.094598,0.03811566,0.004504061,-0.057478298,1,1.0,False,8
2.0953605,0.23317274,0.003354495,-0.34873676,0,1.0,False,8
2.100024,0.038003244,-0.0036202404,-0.05499794,0,1.0,False,8
2.100784,-0.15706661,-0.004720199,0.23654059,1,1.0,False,8
2.0976427,0.038122457,1.0612502e-05,-0.057627495,0,1.0,False,8
2.0984051,-0.15699965,-0.0011419374,0.23505878,1,1.0,False,8
2.0952652,0.038138602,0.0035592383,-0.057984132,1,1.0,False,8
2.0960279,0.23320934,0.0023995556,-0.34954196,0,1.0,False,8
2.100692,0.038053345,-0.004591284,-0.056103352,0,1.0,False,8
2.101453,-0.15700248,-0.005713351,0.23512746,1,1.0,False,8
2.098313,0.038200635,-0.0010108016,-0.059352145,0,1.0,False,8
2.099077,-0.15690681,-0.0021978447,0.2330117,1,1.0,False,8
2.095939,0.03824648,0.0024623894,-0.06036369,0,1.0,False,8
2.0967038,-0.15691069,0.0012551155,0.23309512,1,1.0,False,8
2.0935657,0.038193304,0.005917018,-0.05919164,1,1.0,False,8
2.0943296,0.23322992,0.004733185,-0.35000184,0,1.0,False,8
2.098994,0.038040973,-0.002266852,-0.05583016,0,1.0,False,8
2.0997548,-0.1570484,-0.003383455,0.23613669,1,1.0,False,8
2.096614,0.038121726,0.0013392788,-0.05761155,0,1.0,False,8
2.0973763,-0.1570194,0.00018704774,0.23549363,1,1.0,False,8
2.094236,0.038099878,0.00489692,-0.057130296,1,1.0,False,8
2.094998,0.23315127,0.0037543145,-0.3482642,0,1.0,False,8
2.099661,0.037976127,-0.0032109695,-0.05439977,0,1.0,False,8
2.1004205,-0.15709963,-0.004298965,0.23726834,1,1.0,False,8
2.0972786,0.038083464,0.0004464021,-0.056767497,0,1.0,False,8
2.0980403,-0.15704489,-0.00068894785,0.23605624,1,1.0,False,8
2.0948994,0.038086902,0.004032177,-0.05684392,1,1.0,False,8
2.0956612,0.23315081,0.0028952984,-0.34825194,0,1.0,False,8
2.1003242,0.0379878,-0.0040697404,-0.054657437,0,1.0,False,8
2.1010838,-0.15707557,-0.005162889,0.23673868,1,1.0,False,8
2.0979424,0.038119767,-0.0004281156,-0.057568297,0,1.0,False,8
2.0987048,-0.15699604,-0.0015794815,0.23497953,1,1.0,False,8
2.0955648,0.03814844,0.003120109,-0.0582012,1,1.0,False,8
2.0963278,0.23322551,0.001956085,-0.34989807,0,1.0,True,8
0.044244118,-0.019286163,-0.024509337,-0.027738148,0,1.0,False,9
0.043858398,-0.21404822,-0.0250641,0.25711218,0,1.0,False,9
0.039577432,-0.40880352,-0.019921856,0.5417853,0,1.0,False,9
0.031401362,-0.6036399,-0.00908615,0.82812524,0,1.0,False,9
0.019328564,-0.79863644,0.007476354,1.1179367,1,1.0,False,9
0.0033558346,-0.6036134,0.029835088,0.8276083,1,1.0,False,9
-0.008716433,-0.40891182,0.046387255,0.5444561,1,1.0,False,9
-0.01689467,-0.21447134,0.057276376,0.26674214,0,1.0,False,9
-0.021184096,-0.41036198,0.06261122,0.5769263,1,1.0,False,9
-0.029391335,-0.21617094,0.07414974,0.30460614,0,1.0,False,9
-0.033714756,-0.41226697,0.08024187,0.61972195,1,1.0,False,9
-0.041960094,-0.21835199,0.09263631,0.35335127,1,1.0,False,9
-0.046327133,-0.024660997,0.099703334,0.091256626,1,1.0,False,9
-0.046820354,0.168901,0.101528466,-0.16838022,0,1.0,False,9
-0.043442335,-0.027516587,0.09816086,0.15452708,1,1.0,False,9
-0.043992665,0.16607285,0.1012514,-0.10564623,0,1.0,False,9
-0.040671207,-0.030343352,0.099138476,0.21718623,1,1.0,False,9
-0.041278075,0.16323191,0.1034822,-0.042651936,1,1.0,False,9
-0.038013436,0.35672945,0.10262916,-0.30097607,0,1.0,False,9
-0.030878847,0.16030587,0.096609645,0.022229033,1,1.0,False,9
-0.02767273,0.35391912,0.09705422,-0.23847754,0,1.0,False,9
-0.02059435,0.1575543,0.09228467,0.083172716,1,1.0,False,9
-0.017443262,0.35124052,0.093948126,-0.17902716,0,1.0,False,9
-0.010418451,0.1549085,0.090367585,0.14175233,1,1.0,False,9
-0.007320282,0.3486278,0.09320263,-0.12110906,0,1.0,False,9
-0.00034772593,0.15230268,0.090780444,0.19946241,1,1.0,False,9
0.0026983276,0.34601688,0.094769694,-0.06325959,1,1.0,False,9
0.009618665,0.5396613,0.0935045,-0.32460222,0,1.0,False,9
0.020411892,0.343341,0.08701246,-0.0039578658,1,1.0,False,9
0.027278712,0.53711426,0.0869333,-0.26796877,0,1.0,False,9
0.038021,0.34086618,0.081573926,0.05081795,1,1.0,False,9
0.04483832,0.5347294,0.08259029,-0.21505383,1,1.0,False,9
0.05553291,0.7285795,0.07828921,-0.48058382,0,1.0,False,9
0.0701045,0.5324448,0.06867754,-0.16428931,1,1.0,False,9
0.08075339,0.72651976,0.06539175,-0.4345403,0,1.0,False,9
0.09528379,0.530536,0.05670094,-0.12198139,0,1.0,False,9
0.105894506,0.33464944,0.054261316,0.18803735,1,1.0,False,9
0.1125875,0.5289548,0.05802206,-0.087046705,1,1.0,False,9
0.12316659,0.7231991,0.056281127,-0.36087397,0,1.0,False,9
0.13763058,0.5273242,0.04906365,-0.05098891,1,1.0,False,9
0.14817706,0.72170955,0.04804387,-0.3277971,0,1.0,False,9
0.16261125,0.52593774,0.041487925,-0.020358756,1,1.0,False,9
0.17313,0.72044086,0.04108075,-0.2996685,0,1.0,False,9
0.18753882,0.5247582,0.03508738,0.0056822426,1,1.0,False,9
0.19803399,0.7193598,0.035201028,-0.27572697,0,1.0,False,9
0.21242118,0.5237538,0.029686486,0.027847271,1,1.0,False,9
0.22289626,0.71843773,0.030243432,-0.2553234,0,1.0,False,9
0.23726502,0.5228973,0.025136964,0.046743304,1,1.0,False,9
0.24772295,0.71764994,0.02607183,-0.2379039,0,1.0,False,9
0.26207596,0.5221654,0.021313753,0.06288749,1,1.0,False,9
0.27251926,0.7169754,0.022571502,-0.22299534,0,1.0,False,9
0.28685877,0.52153826,0.018111596,0.0767212,0,1.0,False,9
0.29728955,0.32616138,0.019646019,0.3750629,1,1.0,False,9
0.30381277,0.52099884,0.027147278,0.088638686,1,1.0,False,9
0.31423274,0.71572137,0.02892005,-0.19535716,0,1.0,False,9
0.32854718,0.5201979,0.025012909,0.10630667,0,1.0,False,9
0.33895114,0.32472664,0.027139042,0.40677494,1,1.0,False,9
0.34544566,0.51945347,0.03527454,0.12277017,1,1.0,False,9
0.35583472,0.71405274,0.037729945,-0.15857862,0,1.0,False,9
0.3701158,0.5184115,0.03455837,0.14576437,1,1.0,False,9
0.380484,0.71302193,0.03747366,-0.13581887,0,1.0,False,9
0.39474446,0.5173838,0.034757283,0.16844696,1,1.0,False,9
0.40509215,0.7119915,0.03812622,-0.113071635,0,1.0,False,9
0.41933197,0.51634455,0.03586479,0.19139189,1,1.0,False,9
0.42965886,0.7109356,0.039692625,-0.08976494,1,1.0,False,9
0.44387758,0.9054668,0.037897326,-0.36966532,0,1.0,False,9
0.4619869,0.7098274,0.03050402,-0.0652779,0,1.0,False,9
0.47618344,0.5142817,0.029198462,0.23687102,1,1.0,False,9
0.4864691,0.7089746,0.033935882,-0.04646072,1,1.0,False,9
0.50064856,0.9035939,0.033006668,-0.32824638,0,1.0,False,9
0.51872045,0.708018,0.02644174,-0.025340082,1,1.0,False,9
0.53288084,0.90275097,0.025934938,-0.30956447,0,1.0,False,9
0.55093586,0.7072693,0.01974365,-0.008816528,0,1.0,False,9
0.56508124,0.51186985,0.019567318,0.2900298,1,1.0,False,9
0.57531863,0.70670736,0.025367916,0.0035818394,1,1.0,False,9
0.58945274,0.90145653,0.025439551,-0.28099048,0,1.0,False,9
0.6074819,0.7059811,0.019819742,0.019606184,1,1.0,False,9
0.6216015,0.9008133,0.020211866,-0.26675808,0,1.0,False,9
0.6396178,0.7054088,0.014876704,0.032230683,1,1.0,False,9
0.653726,0.9003143,0.015521318,-0.2557216,0,1.0,False,9
0.67173225,0.7049742,0.010406885,0.0418163,1,1.0,False,9
0.6858317,0.8999454,0.011243211,-0.24756508,0,1.0,False,9
0.70383066,0.70466465,0.00629191,0.048642907,1,1.0,False,9
0.71792394,0.8996958,0.0072647682,-0.24204825,0,1.0,False,9
0.73591787,0.7044709,0.0024238033,0.052917298,1,1.0,False,9
0.7500073,0.899558,0.0034821494,-0.23899992,0,1.0,False,9
0.7679984,0.7043865,-0.0012978489,0.054779347,1,1.0,False,9
0.78208613,0.899527,-0.00020226199,-0.23831278,0,1.0,False,9
0.8000767,0.70440793,-0.0049685175,0.05430634,1,1.0,False,9
0.8141649,0.8996008,-0.0038823907,-0.23994005,0,1.0,False,9
0.8321569,0.70453453,-0.008681192,0.051515747,1,1.0,False,9
0.84624755,0.89977986,-0.007650877,-0.24389347,0,1.0,False,9
0.86424315,0.704768,-0.012528746,0.046366386,1,1.0,False,9
0.8783385,0.9000673,-0.011601418,-0.25024298,0,1.0,False,9
0.8963399,0.705113,-0.016606279,0.038758148,1,1.0,False,9
0.9104421,0.90046906,-0.015831115,-0.25911763,0,1.0,False,9
0.9284515,0.70557666,-0.021013469,0.02853021,1,1.0,False,9
0.94256306,0.9009936,-0.020442864,-0.27070794,0,1.0,False,9
0.9605829,0.7061692,-0.025857022,0.015457765,0,1.0,False,9
0.9747063,0.51142746,-0.025547868,0.29987165,1,1.0,False,9
0.98493487,0.70690405,-0.019550433,-0.00075783057,0,1.0,False,9
0.9990729,0.51206785,-0.01956559,0.28569314,1,1.0,False,9
1.0093143,0.7074633,-0.013851727,-0.0130958455,1,1.0,False,9
1.0234635,0.9027811,-0.014113644,-0.31011677,0,1.0,False,9
1.0415192,0.7078631,-0.02031598,-0.021918086,0,1.0,False,9
1.0556765,0.5130383,-0.020754341,0.2642863,1,1.0,False,9
1.0659372,0.70845026,-0.015468615,-0.03486981,0,1.0,False,9
1.0801063,0.5135535,-0.01616601,0.25289276,1,1.0,False,9
1.0903773,0.7089025,-0.011108156,-0.04484508,1,1.0,False,9
1.1045554,0.90418196,-0.012005058,-0.34101194,0,1.0,False,9
1.122639,0.70923287,-0.018825296,-0.052138746,0,1.0,False,9
1.1368237,0.5143858,-0.01986807,0.23454571,1,1.0,False,9
1.1471113,0.70978594,-0.015177157,-0.06433743,0,1.0,False,9
1.1613071,0.5148848,-0.016463906,0.22351862,1,1.0,False,9
1.1716048,0.71023816,-0.011993533,-0.07431185,0,1.0,False,9
1.1858095,0.5152902,-0.01347977,0.21456307,1,1.0,False,9
1.1961154,0.7106022,-0.009188509,-0.08234131,1,1.0,False,9
1.2103274,0.9058547,-0.010835336,-0.377909,0,1.0,False,9
1.2284445,0.71088827,-0.018393515,-0.0886621,0,1.0,False,9
1.2426622,0.5160348,-0.020166758,0.19816138,1,1.0,False,9
1.252983,0.71143925,-0.01620353,-0.10081441,0,1.0,False,9
1.2672117,0.5165532,-0.018219817,0.18671262,1,1.0,False,9
1.2775427,0.71193105,-0.014485566,-0.11166181,0,1.0,False,9
1.2917814,0.5170196,-0.016718801,0.17641604,1,1.0,False,9
1.3021218,0.71237683,-0.013190481,-0.12149386,0,1.0,False,9
1.3163693,0.51744634,-0.015620358,0.16699858,1,1.0,False,9
1.3267182,0.71278834,-0.012280387,-0.1305709,0,1.0,False,9
1.340974,0.51784444,-0.014891805,0.15821256,1,1.0,False,9
1.3513309,0.71317637,-0.011727554,-0.13913092,1,1.0,False,9
1.3655944,0.9084643,-0.014510172,-0.43549052,0,1.0,False,9
1.3837637,0.71355075,-0.023219982,-0.14741677,0,1.0,False,9
1.3980347,0.5187689,-0.026168318,0.13785121,1,1.0,False,9
1.4084101,0.7142557,-0.023411294,-0.1629712,0,1.0,False,9
1.4226953,0.5194766,-0.026670717,0.12223513,1,1.0,False,9
1.4330847,0.7149703,-0.024226015,-0.17874141,0,1.0,False,9
1.4473841,0.52020323,-0.027800843,0.10620168,1,1.0,False,9
1.4577882,0.7157123,-0.02567681,-0.19512103,0,1.0,False,9
1.4721025,0.5209669,-0.02957923,0.089352675,1,1.0,False,9
1.4825218,0.71650004,-0.027792176,-0.2125138,0,1.0,False,9
1.4968518,0.5217863,-0.03204245,0.07127425,1,1.0,False,9
1.5072875,0.71735257,-0.030616967,-0.23134352,0,1.0,False,9
1.5216346,0.5226812,-0.03524384,0.051526714,1,1.0,False,9
1.5320882,0.7182903,-0.034213305,-0.2520643,0,1.0,False,9
1.5464541,0.5236732,-0.03925459,0.029633798,0,1.0,False,9
1.5569274,0.32913554,-0.038661916,0.30967763,1,1.0,False,9
1.5635102,0.5247864,-0.03246836,0.005056865,1,1.0,False,9
1.574006,0.72035855,-0.032367226,-0.2976908,0,1.0,False,9
1.5884131,0.5257126,-0.03832104,-0.0153891025,0,1.0,False,9
1.5989274,0.33116058,-0.038628824,0.26496106,1,1.0,False,9
1.6055505,0.52681196,-0.033329602,-0.039651155,1,1.0,False,9
1.6160868,0.72239566,-0.034122624,-0.34266078,0,1.0,False,9
1.6305346,0.52777535,-0.04097584,-0.060930386,0,1.0,False,9
1.6410902,0.3332641,-0.04219445,0.21854801,1,1.0,False,9
1.6477555,0.528963,-0.037823487,-0.08714058,0,1.0,False,9
1.6583347,0.3344031,-0.0395663,0.19337316,1,1.0,False,9
1.6650229,0.53006804,-0.035698835,-0.11152402,0,1.0,False,9
1.6756241,0.33547533,-0.03792932,0.16968584,1,1.0,False,9
1.6823337,0.53111905,-0.0345356,-0.13471726,0,1.0,False,9
1.6929561,0.3365084,-0.037229944,0.14687327,1,1.0,False,9
1.6996863,0.5321432,-0.03429248,-0.15731862,0,1.0,False,9
1.710329,0.33752853,-0.037438855,0.12435166,1,1.0,False,9
1.7170796,0.5331663,-0.03495182,-0.17990379,0,1.0,False,9
1.727743,0.33856148,-0.038549896,0.101551406,0,1.0,False,9
1.7345142,0.1440126,-0.036518868,0.38182706,1,1.0,False,9
1.7373945,0.33963355,-0.028882327,0.077857114,1,1.0,False,9
1.7441871,0.5351574,-0.027325183,-0.22379653,0,1.0,False,9
1.7548903,0.34043643,-0.031801116,0.060143266,0,1.0,False,9
1.761699,0.14578453,-0.03059825,0.34262553,1,1.0,False,9
1.7646147,0.3413281,-0.023745738,0.04045294,1,1.0,False,9
1.7714412,0.5367824,-0.02293668,-0.25962642,0,1.0,False,9
1.782177,0.34199527,-0.028129209,0.025734646,0,1.0,False,9
1.7890168,0.14728777,-0.027614515,0.30941147,1,1.0,False,9
1.7919626,0.34279206,-0.021426287,0.0081491815,1,1.0,False,9
1.7988185,0.5382146,-0.021263301,-0.29121625,0,1.0,False,9
1.8095827,0.34340224,-0.027087627,-0.005314625,0,1.0,False,9
1.8164507,0.14867902,-0.027193919,0.27870026,1,1.0,False,9
1.8194244,0.34417814,-0.021619914,-0.022434032,0,1.0,False,9
1.8263079,0.1493728,-0.022068596,0.26334992,1,1.0,False,9
1.8292954,0.3448027,-0.016801596,-0.03621117,0,1.0,False,9
1.8361914,0.14992566,-0.01752582,0.2511237,1,1.0,False,9
1.8391899,0.34529343,-0.012503346,-0.047035303,1,1.0,False,9
1.8460958,0.54059243,-0.013444052,-0.34363678,0,1.0,False,9
1.8569076,0.3456643,-0.020316787,-0.05522342,0,1.0,False,9
1.8638209,0.15083945,-0.021421256,0.2309808,1,1.0,False,9
1.8668377,0.34626085,-0.01680164,-0.068381414,0,1.0,False,9
1.873763,0.15138376,-0.018169269,0.21895352,1,1.0,False,9
1.8767906,0.34676066,-0.013790199,-0.079404935,0,1.0,False,9
1.8837259,0.15183908,-0.015378297,0.20889544,1,1.0,False,9
1.8867626,0.3471775,-0.011200388,-0.088598594,0,1.0,False,9
1.8937062,0.15221788,-0.01297236,0.20052966,1,1.0,False,9
1.8967506,0.34752294,-0.008961767,-0.09621704,0,1.0,False,9
1.903701,0.15253057,-0.010886108,0.19362503,1,1.0,False,9
1.9067516,0.34780654,-0.007013607,-0.102472015,1,1.0,False,9
1.9137077,0.5430283,-0.009063047,-0.39735943,0,1.0,False,9
1.9245683,0.34803608,-0.017010236,-0.10754763,0,1.0,False,9
1.931529,0.15316197,-0.019161189,0.17972048,1,1.0,False,9
1.9345922,0.34855282,-0.015566779,-0.11894502,0,1.0,False,9
1.9415632,0.15365732,-0.017945679,0.16878636,1,1.0,False,9
1.9446365,0.34903148,-0.014569952,-0.12950344,0,1.0,False,9
1.9516171,0.15412124,-0.01716002,0.15854748,1,1.0,False,9
1.9546995,0.34948462,-0.013989071,-0.13949925,0,1.0,False,9
1.9616892,0.15456578,-0.016779056,0.14873774,1,1.0,False,9
1.9647804,0.34992394,-0.013804302,-0.14919105,0,1.0,False,9
1.971779,0.15500236,-0.016788123,0.13910513,1,1.0,False,9
1.974879,0.3503607,-0.01400602,-0.15882654,0,1.0,False,9
1.9818863,0.15544203,-0.017182551,0.12940513,1,1.0,False,9
1.9849951,0.35080585,-0.014594448,-0.16864876,0,1.0,False,9
1.9920112,0.1558958,-0.017967423,0.11939454,1,1.0,False,9
1.9951291,0.35127053,-0.015579533,-0.17890236,0,1.0,False,9
2.0021546,0.15637493,-0.01915758,0.10882533,1,1.0,False,9
2.005282,0.3517661,-0.016981073,-0.18983962,0,1.0,False,9
2.0123174,0.15689115,-0.020777864,0.09743848,1,1.0,False,9
2.0154552,0.35230464,-0.018829096,-0.20172673,0,1.0,False,9
2.0225012,0.15745696,-0.02286363,0.08495753,1,1.0,False,9
2.0256505,0.35289907,-0.02116448,-0.21485032,0,1.0,False,9
2.0327084,0.15808599,-0.025461486,0.071081966,0,1.0,False,9
2.03587,-0.036661863,-0.024039846,0.35562417,1,1.0,False,9
2.035137,0.1587935,-0.016927363,0.055458825,1,1.0,False,9
2.0383127,0.35415402,-0.015818186,-0.24251638,0,1.0,False,9
2.0453959,0.15926154,-0.020668514,0.0451354,1,1.0,False,9
2.0485811,0.35467368,-0.019765805,-0.2539963,0,1.0,False,9
2.0556746,0.15983945,-0.024845732,0.032387182,0,1.0,False,9
2.0588713,-0.034917556,-0.024197988,0.31712863,1,1.0,False,9
2.058173,0.16054055,-0.017855415,0.016913794,1,1.0,False,9
2.0613837,0.35591397,-0.01751714,-0.28134882,0,1.0,False,9
2.068502,0.16104619,-0.023144117,0.005758202,0,1.0,False,9
2.071723,-0.033736322,-0.023028953,0.29104996,1,1.0,False,9
2.0710483,0.1617063,-0.017207952,-0.008806139,0,1.0,False,9
2.0742824,-0.033164695,-0.017384076,0.2783982,1,1.0,False,9
2.0736191,0.16220088,-0.011816112,-0.019716568,1,1.0,False,9
2.076863,0.35749027,-0.012210444,-0.31610405,0,1.0,False,9
2.084013,0.16254437,-0.018532526,-0.027296774,0,1.0,False,9
2.0872638,-0.03230698,-0.01907846,0.25948182,1,1.0,False,9
2.0866177,0.16308206,-0.013888824,-0.03915715,1,1.0,False,9
2.0898793,0.3584004,-0.014671967,-0.33618957,0,1.0,False,9
2.0970473,0.16349028,-0.021395758,-0.048169278,0,1.0,False,9
2.100317,-0.03131844,-0.022359144,0.23768705,1,1.0,False,9
2.0996907,0.16411568,-0.017605403,-0.061963905,0,1.0,False,9
2.102973,-0.030749476,-0.01884468,0.22511283,1,1.0,False,9
2.102358,0.16463666,-0.014342425,-0.07345436,0,1.0,False,9
2.105651,-0.030276766,-0.015811512,0.21466918,1,1.0,False,9
2.1050453,0.16506763,-0.011518128,-0.08295916,0,1.0,False,9
2.1083467,-0.029887341,-0.013177312,0.20606764,1,1.0,False,9
2.1077487,0.16542055,-0.009055959,-0.09074278,1,1.0,False,9
2.1110573,0.36067113,-0.010870814,-0.38626903,0,1.0,False,9
2.1182706,0.16570516,-0.018596197,-0.09703335,0,1.0,False,9
2.121585,-0.029145395,-0.020536862,0.18972498,1,1.0,False,9
2.121002,0.16626425,-0.016742364,-0.10936509,0,1.0,False,9
2.1243272,-0.028613834,-0.018929664,0.17798905,1,1.0,False,9
2.123755,0.16677383,-0.015369884,-0.120604925,0,1.0,False,9
2.1270905,-0.028124584,-0.017781982,0.1671896,1,1.0,False,9
2.1265278,0.16724733,-0.0144381905,-0.13104957,0,1.0,False,9
2.1298728,-0.027664855,-0.01705918,0.15704355,1,1.0,False,9
2.1293194,0.16769713,-0.01391831,-0.14097194,0,1.0,False,9
2.1326735,-0.027222743,-0.01673775,0.1472877,1,1.0,False,9
2.132129,0.16813485,-0.013791996,-0.15062831,0,1.0,False,9
2.1354916,-0.026786923,-0.016804563,0.13767181,1,1.0,False,9
2.134956,0.16857164,-0.014051125,-0.16026495,0,1.0,False,9
2.1383274,-0.026346363,-0.017256426,0.12795228,1,1.0,False,9
2.1378005,0.16901849,-0.014697379,-0.1701245,0,1.0,False,9
2.1411808,-0.025890045,-0.018099869,0.11788585,1,1.0,False,9
2.1406631,0.1694865,-0.015742153,-0.18045203,0,1.0,False,9
2.1440527,-0.025406688,-0.019351194,0.107223526,1,1.0,False,9
2.1435447,0.16998714,-0.017206723,-0.19150124,0,1.0,False,9
2.1469443,-0.024884477,-0.021036748,0.09570439,1,1.0,False,9
2.1464467,0.17053257,-0.01912266,-0.20354067,0,1.0,False,9
2.1498573,-0.024310764,-0.023193473,0.08304918,1,1.0,False,9
2.1493711,0.17113584,-0.021532489,-0.21686016,0,1.0,False,9
2.152794,-0.02367177,-0.025869694,0.06895346,0,1.0,False,9
2.1523204,-0.21841346,-0.024490623,0.35336342,1,1.0,False,9
2.147952,-0.022951981,-0.017423354,0.053059597,1,1.0,False,9
2.1474931,0.1724154,-0.016362162,-0.24506922,0,1.0,False,9
2.1509414,-0.022469068,-0.021263547,0.04240811,0,1.0,False,9
2.150492,-0.21727976,-0.020415384,0.32830706,1,1.0,False,9
2.1461465,-0.021873204,-0.0138492435,0.029256614,1,1.0,False,9
2.145709,0.17344458,-0.013264111,-0.26776353,0,1.0,False,9
2.1491778,-0.021485576,-0.018619383,0.020706467,0,1.0,False,9
2.1487482,-0.21633562,-0.018205253,0.3074571,1,1.0,False,9
2.1444213,-0.020959059,-0.01205611,0.009088763,0,1.0,False,9
2.1440022,-0.21590605,-0.011874336,0.2979436,1,1.0,False,9
2.1396842,-0.020616865,-0.0059154634,0.0015394888,1,1.0,False,9
2.1392717,0.17458943,-0.005884674,-0.29300395,0,1.0,False,9
2.1427636,-0.020448137,-0.0117447525,-0.0021827673,0,1.0,False,9
2.1423547,-0.2153997,-0.011788408,0.28677154,1,1.0,False,9
2.1380467,-0.020111632,-0.006052978,-0.009605929,1,1.0,False,9
2.1376443,0.1750966,-0.006245096,-0.30419248,0,1.0,False,9
2.1411464,-0.019935794,-0.012328946,-0.013485636,0,1.0,False,9
2.1407475,-0.21487878,-0.012598659,0.275282,1,1.0,False,9
2.13645,-0.019579368,-0.0070930184,-0.021347778,0,1.0,False,9
2.1360586,-0.21459888,-0.007519974,0.2690888,1,1.0,False,9
2.1317666,-0.019370427,-0.002138198,-0.025956448,1,1.0,False,9
2.1313791,0.17578213,-0.0026573269,-0.31931323,0,1.0,False,9
2.1348946,-0.019301882,-0.009043591,-0.027469512,0,1.0,False,9
2.1345086,-0.21429299,-0.009592982,0.2623464,1,1.0,False,9
2.1302228,-0.019035421,-0.0043460536,-0.03334676,0,1.0,False,9
2.129842,-0.21409477,-0.005012989,0.25796178,1,1.0,False,9
2.1255603,-0.01890162,0.00014624653,-0.036298096,1,1.0,False,9
2.1251822,0.17621823,-0.00057971536,-0.32893488,0,1.0,False,9
2.1287065,-0.01889546,-0.007158413,-0.03643482,0,1.0,False,9
2.1283286,-0.21391404,-0.007887109,0.253981,1,1.0,False,9
2.1240504,-0.018680356,-0.0028074896,-0.041179202,0,1.0,False,9
2.1236768,-0.21376194,-0.0036310737,0.2506166,1,1.0,False,9
2.1194015,-0.018588321,0.0013812585,-0.043209415,0,1.0,False,9
2.1190298,-0.21373005,0.00051707024,0.249909,1,1.0,False,9
2.1147552,-0.01861549,0.00551525,-0.042610794,1,1.0,False,9
2.1143827,0.17642695,0.0046630343,-0.33354852,0,1.0,False,9
2.1179113,-0.018761065,-0.0020079361,-0.03939876,0,1.0,False,9
2.117536,-0.21385416,-0.0027959114,0.25264996,1,1.0,False,9
2.113259,-0.018692402,0.002257088,-0.04091353,0,1.0,False,9
2.1128852,-0.21384665,0.0014388174,0.2524807,1,1.0,False,9
2.1086082,-0.018745271,0.006488431,-0.039748076,1,1.0,False,9
2.1082335,0.17628303,0.005693469,-0.3303768,0,1.0,False,9
2.111759,-0.018919494,-0.00091406656,-0.03590387,0,1.0,False,9
2.1113806,-0.21402833,-0.001632144,0.25649053,1,1.0,False,9
2.1071,-0.018883111,0.0034976664,-0.036706768,1,1.0,False,9
2.1067224,0.17618851,0.002763531,-0.32828408,0,1.0,False,9
2.1102462,-0.018972674,-0.003802151,-0.03473096,0,1.0,False,9
2.1098669,-0.21403989,-0.00449677,0.25674993,1,1.0,False,9
2.105586,-0.018854033,0.00063822855,-0.03734795,0,1.0,False,9
2.1052089,-0.21398513,-0.00010873046,0.2555363,1,1.0,False,9
2.1009293,-0.018861627,0.0050019952,-0.037180945,1,1.0,False,9
2.1005518,0.17618825,0.004258376,-0.3282815,0,1.0,False,9
2.1040757,-0.018994076,-0.002307254,-0.034258727,0,1.0,False,9
2.1036959,-0.21408287,-0.0029924284,0.25769535,1,1.0,False,9
2.099414,-0.01891832,0.0021614784,-0.035929933,0,1.0,False,9
2.0990357,-0.2140712,0.0014428798,0.2574342,1,1.0,False,9
2.0947545,-0.018969879,0.006591563,-0.034793295,1,1.0,False,9
2.094375,0.17605694,0.0058956975,-0.32538924,0,1.0,False,9
2.097896,-0.019148467,-0.00061208755,-0.030852916,0,1.0,False,9
2.0975132,-0.21426164,-0.0012291459,0.26163682,1,1.0,False,9
2.0932279,-0.01912216,0.004003591,-0.031433534,0,1.0,False,9
2.0928454,-0.21430129,0.00337492,0.26250988,1,1.0,False,9
2.0885594,-0.01922768,0.008625117,-0.029106654,1,1.0,False,9
2.0881748,0.17576952,0.008042985,-0.31905583,0,1.0,False,9
2.0916903,-0.019466046,0.0016618678,-0.023847334,0,1.0,False,9
2.091301,-0.21461178,0.0011849211,0.26935947,1,1.0,False,9
2.0870087,-0.019506767,0.0065721106,-0.022949493,1,1.0,False,9
2.0866187,0.17552032,0.0061131204,-0.31355163,0,1.0,False,9
2.090129,-0.019688182,-0.00015791183,-0.018947095,0,1.0,False,9
2.0897353,-0.21480787,-0.00053685374,0.273686,1,1.0,False,9
2.085439,-0.01967826,0.0049368665,-0.0191662,1,1.0,False,9
2.0850456,0.17537254,0.0045535425,-0.31028742,0,1.0,False,9
2.088553,-0.019813986,-0.0016522057,-0.01617191,0,1.0,False,9
2.0881567,-0.2149122,-0.001975644,0.27598926,1,1.0,False,9
2.0838585,-0.019762123,0.0035441415,-0.017316122,0,1.0,False,9
2.0834632,-0.21493472,0.003197819,0.2764829,1,1.0,False,9
2.0791645,-0.019858537,0.008727477,-0.015189707,1,1.0,False,9
2.0787673,0.17513718,0.008423683,-0.30510628,0,1.0,False,9
2.0822701,-0.020103805,0.0023215574,-0.009778679,0,1.0,False,9
2.081868,-0.21525897,0.0021259838,0.28363582,1,1.0,False,9
2.0775628,-0.020167409,0.0077987,-0.0083758235,1,1.0,False,9
2.0771594,0.17484184,0.0076311836,-0.298588,0,1.0,False,9
2.0806563,-0.02038806,0.0016594238,-0.0035081396,0,1.0,False,9
2.0802486,-0.21553376,0.001589261,0.2896979,1,1.0,False,9
2.0759377,-0.020434517,0.007383219,-0.002483374,1,1.0,False,9
2.075529,0.17458077,0.0073335515,-0.2928277,0,1.0,False,9
2.0790207,-0.020644965,0.0014769976,0.0021590884,0,1.0,False,9
2.0786078,-0.21578807,0.0015201793,0.29530767,1,1.0,False,9
2.0742922,-0.020687822,0.0074263327,0.0031045615,1,1.0,False,9
2.0738783,0.17432684,0.007488424,-0.28722605,0,1.0,False,9
2.077365,-0.020901097,0.0017439029,0.007809227,1,1.0,False,9
2.076947,0.1741958,0.0019000875,-0.28432298,0,1.0,False,9
2.0804307,-0.020953199,-0.003786372,0.008958628,0,1.0,False,9
2.0800118,-0.21602064,-0.0036071993,0.3004445,1,1.0,False,9
2.0756912,-0.020847464,0.0024016907,0.006626129,1,1.0,False,9
2.0752745,0.17423996,0.0025342135,-0.28529808,0,1.0,False,9
2.0787592,-0.020918041,-0.003171748,0.008183054,0,1.0,False,9
2.0783408,-0.21599436,-0.003008087,0.29986358,1,1.0,False,9
2.0740209,-0.020829663,0.0029891846,0.006233471,1,1.0,False,9
2.0736043,0.17424929,0.003113854,-0.28550485,0,1.0,False,9
2.0770893,-0.02091693,-0.0025962428,0.008158551,0,1.0,False,9
2.076671,-0.21600156,-0.0024330718,0.3000212,1,1.0,False,9
2.072351,-0.020845005,0.0035673522,0.0065719257,1,1.0,False,9
2.071934,0.1742256,0.0036987907,-0.28498334,0,1.0,False,9
2.0754185,-0.020948904,-0.0020008758,0.008863876,0,1.0,False,9
2.0749996,-0.2160421,-0.0018235983,0.30091482,1,1.0,False,9
2.0706787,-0.020894207,0.0041946983,0.007657336,1,1.0,False,9
2.0702608,0.17416734,0.004347845,-0.28369915,0,1.0,False,9
2.0737443,-0.021016357,-0.0013261383,0.010351869,0,1.0,False,9
2.073324,-0.21611926,-0.0011191008,0.3026161,1,1.0,False,9
2.0690014,-0.020981383,0.004933221,0.0095804315,1,1.0,False,9
2.0685818,0.17406948,0.0051248297,-0.28154194,0,1.0,False,9
2.0720632,-0.021125203,-0.0005060091,0.012752932,0,1.0,False,9
2.0716407,-0.2162399,-0.00025095043,0.30527616,1,1.0,False,9
2.067316,-0.021114368,0.0058545726,0.012514104,1,1.0,False,9
2.0668936,0.17392313,0.006104855,-0.2783159,0,1.0,False,9
2.070372,-0.021285374,0.00053853693,0.01628622,0,1.0,False,9
2.0699465,-0.21641505,0.00086426135,0.309139,1,1.0,False,9
2.065618,-0.021305418,0.007047042,0.016728777,1,1.0,False,9
2.065192,0.17371477,0.007381617,-0.2737224,0,1.0,False,9
2.0686662,-0.021511726,0.0019071688,0.021279516,1,1.0,False,9
2.068236,0.17358282,0.002332759,-0.27080107,0,1.0,False,9
2.0717077,-0.02157234,-0.0030832624,0.022616709,0,1.0,False,9
2.0712762,-0.21664993,-0.002630928,0.31432524,1,1.0,False,9
2.0669432,-0.02149061,0.0036555766,0.020813765,1,1.0,False,9
2.0665135,0.17357872,0.0040718517,-0.27071354,0,1.0,False,9
2.0699852,-0.021601092,-0.0013424191,0.023250876,0,1.0,False,9
2.0695531,-0.21670377,-0.0008774015,0.31550995,1,1.0,False,9
2.065219,-0.021569327,0.0054327976,0.02255045,1,1.0,False,9
2.0647876,0.1734743,0.0058838064,-0.26841342,0,1.0,False,9
2.068257,-0.02173113,0.000515538,0.026119469,1,1.0,False,9
2.0678225,0.17338343,0.0010379273,-0.26640075,0,1.0,False,9
2.07129,-0.021753326,-0.0042900876,0.026609361,0,1.0,False,9
2.0708551,-0.21681349,-0.0037579006,0.31793565,1,1.0,False,9
2.0665188,-0.02163822,0.0026008121,0.024069976,1,1.0,False,9
2.066086,0.17344634,0.0030822118,-0.26779124,0,1.0,False,9
2.0695548,-0.021719467,-0.002273613,0.02586225,0,1.0,False,9
2.0691204,-0.21680874,-0.001756368,0.31782696,1,1.0,False,9
2.0647843,-0.021661816,0.0046001715,0.024590656,1,1.0,False,9
2.064351,0.17339386,0.0050919843,-0.26663733,0,1.0,False,9
2.0678189,-0.02180039,-0.00024076205,0.027647298,1,1.0,False,9
2.067383,0.17332502,0.00031218393,-0.2651116,0,1.0,False,9
2.0708494,-0.021801392,-0.004990048,0.027669795,0,1.0,False,9
2.0704134,-0.21685143,-0.0044366517,0.31877413,1,1.0,False,9
2.0660765,-0.02166657,0.001938831,0.024695361,1,1.0,False,9
2.065643,0.17342752,0.0024327382,-0.2673752,0,1.0,False,9
2.0691116,-0.021729063,-0.002914766,0.026074026,0,1.0,False,9
2.068677,-0.2168091,-0.0023932855,0.3178359,1,1.0,False,9
2.0643408,-0.021653136,0.0039634323,0.024399165,1,1.0,False,9
2.0639079,0.17341176,0.0044514155,-0.26703063,0,1.0,False,9
2.0673761,-0.021773444,-0.000889197,0.027052984,0,1.0,False,9
2.0669405,-0.21688263,-0.0003481373,0.31945524,1,1.0,False,9
2.062603,-0.021755725,0.006040967,0.02666253,1,1.0,False,9
2.062168,0.17327908,0.0065742177,-0.2641083,0,1.0,False,9
2.0656333,-0.021936093,0.0012920519,0.030640932,1,1.0,False,9
2.0651946,0.1731673,0.0019048705,-0.26163405,0,1.0,False,9
2.068658,-0.021981785,-0.0033278107,0.03164908,0,1.0,False,9
2.0682185,-0.21705586,-0.0026948291,0.3232802,1,1.0,False,9
2.0638773,-0.021895636,0.0037707747,0.029748643,1,1.0,False,9
2.0634394,0.17317204,0.0043657473,-0.26174217,0,1.0,False,9
2.0669029,-0.02201196,-0.00086909614,0.03231455,1,1.0,False,9
2.0664625,0.17312245,-0.00022280513,-0.26064247,0,1.0,False,9
2.069925,-0.021996327,-0.0054356544,0.031970184,0,1.0,False,9
2.0694852,-0.21703991,-0.0047962507,0.32293317,1,1.0,False,9
2.0651443,-0.021849988,0.0016624125,0.028741555,1,1.0,False,9
2.0647073,0.17324808,0.0022372436,-0.2634164,0,1.0,False,9
2.0681722,-0.02190573,-0.0030310843,0.029971339,0,1.0,False,9
2.0677342,-0.21698408,-0.0024316576,0.3216964,1,1.0,False,9
2.0633945,-0.021827588,0.0040022703,0.028247602,1,1.0,False,9
2.062958,0.17323674,0.004567222,-0.26316988,0,1.0,False,9
2.0664227,-0.021950105,-0.0006961754,0.03095009,1,1.0,False,9
2.0659835,0.17318182,-7.717355e-05,-0.2619524,0,1.0,False,9
2.0694473,-0.021939026,-0.0053162216,0.030706178,0,1.0,False,9
2.0690086,-0.21698433,-0.004702098,0.32170704,1,1.0,False,9
2.064669,-0.021795744,0.0017320429,0.027544983,1,1.0,False,9
2.0642328,0.17330132,0.0022829426,-0.26459095,0,1.0,False,9
2.067699,-0.021853136,-0.0030088767,0.028811151,0,1.0,False,9
2.067262,-0.2169318,-0.0024326537,0.32054323,1,1.0,False,9
2.0629232,-0.021775298,0.003978211,0.02709413,1,1.0,False,9
2.0624876,0.17328937,0.0045200936,-0.26433098,0,1.0,False,9
2.0659535,-0.021896798,-0.00076652603,0.029774196,0,1.0,False,9
2.0655155,-0.21700774,-0.00017104206,0.32221517,1,1.0,False,9
2.0611753,-0.021883361,0.0062732613,0.029478317,1,1.0,False,9
2.0607378,0.17314807,0.006862828,-0.26121876,0,1.0,False,9
2.0642006,-0.022071173,0.001638453,0.03362088,1,1.0,False,9
2.0637593,0.17302725,0.0023108704,-0.25854465,0,1.0,False,9
2.0672197,-0.022127623,-0.0028600225,0.034866262,0,1.0,False,9
2.0667772,-0.21720845,-0.0021626973,0.32664546,1,1.0,False,9
2.062433,-0.022055767,0.0043702116,0.03328129,1,1.0,False,9
2.061992,0.17300324,0.0050358376,-0.2580196,0,1.0,False,9
2.065452,-0.022190241,-0.0001245543,0.03624745,1,1.0,False,9
2.0650082,0.17293349,0.0006003947,-0.25647476,0,1.0,False,9
2.068467,-0.022197021,-0.004529101,0.03639747,0,1.0,False,9
2.068023,-0.21725373,-0.0038011514,0.32764798,1,1.0,False,9
2.0636778,-0.022077873,0.0027518081,0.03376877,1,1.0,False,9
2.0632362,0.17300451,0.0034271837,-0.25804466,0,1.0,False,9
2.0666964,-0.022166204,-0.0017337096,0.035717275,0,1.0,False,9
2.0662532,-0.21726325,-0.0010193641,0.3278527,1,1.0,False,9
2.0619078,-0.022126801,0.0055376897,0.03484848,1,1.0,False,9
2.0614653,0.17291531,0.0062346593,-0.25608212,0,1.0,False,9
2.0649235,-0.022295106,0.0011130171,0.038560785,1,1.0,False,9
2.0644777,0.17281087,0.0018842327,-0.25377077,0,1.0,False,9
2.067934,-0.022337938,-0.0031911826,0.039505884,0,1.0,False,9
2.0674872,-0.21741398,-0.0024010648,0.33118024,1,1.0,False,9
2.063139,-0.022257937,0.00422254,0.037741117,1,1.0,False,9
2.0626938,0.17280321,0.0049773627,-0.25360656,0,1.0,False,9
2.0661497,-0.022389457,-9.476875e-05,0.040642142,1,1.0,False,9
2.065702,0.17273386,0.0007180741,-0.2520707,0,1.0,False,9
2.0691566,-0.022398345,-0.0043233396,0.04083865,0,1.0,False,9
2.0687087,-0.21745804,-0.0035065666,0.3321544,1,1.0,False,9
2.0643597,-0.022286346,0.0031365212,0.038367733,1,1.0,False,9
2.0639138,0.17279048,0.003903876,-0.25332394,0,1.0,False,9
2.0673697,-0.022386989,-0.0011626029,0.04058778,1,1.0,False,9
2.066922,0.17275162,-0.0003508473,-0.25246173,0,1.0,False,9
2.0703769,-0.022365326,-0.005400082,0.040110506,0,1.0,False,9
2.0699296,-0.21740943,-0.004597872,0.3310848,1,1.0,False,9
2.0655813,-0.022222329,0.0020238238,0.036955457,1,1.0,False,9
2.065137,0.17287055,0.0027629328,-0.25508824,0,1.0,False,9
2.0685945,-0.02229075,-0.0023388322,0.038464874,1,1.0,False,9
2.0681486,0.17286466,-0.0015695347,-0.25495505,0,1.0,False,9
2.071606,-0.022234844,-0.006668636,0.037232395,0,1.0,False,9
2.0711613,-0.21726054,-0.005923988,0.32780385,1,1.0,False,9
2.0668159,-0.022054749,0.0006320893,0.03325868,1,1.0,False,9
2.0663748,0.17305814,0.0012972628,-0.25922474,0,1.0,False,9
2.0698361,-0.022082314,-0.0038872322,0.03386707,0,1.0,False,9
2.0693944,-0.2171483,-0.0032098908,0.325321,1,1.0,False,9
2.0650513,-0.021980798,0.0032965292,0.031627543,1,1.0,False,9
2.064612,0.17309372,0.00392908,-0.26001346,0,1.0,False,9
2.0680737,-0.022084096,-0.0012711893,0.033906143,1,1.0,False,9
2.067632,0.17305607,-0.0005930664,-0.2591776,0,1.0,True,9
0.011576296,0.0074226297,0.0019543578,-0.049361046,0,1.0,False,10
0.011724748,-0.18772729,0.000967137,0.24393785,0,1.0,False,10
0.007970203,-0.38286304,0.005845894,0.5369257,0,1.0,False,10
0.0003129414,-0.5780667,0.016584408,0.83144486,1,1.0,False,10
-0.011248393,-0.38317528,0.033213306,0.5440235,0,1.0,False,10
-0.018911898,-0.57874787,0.044093776,0.8469835,1,1.0,False,10
-0.030486856,-0.38425425,0.061033446,0.56848603,1,1.0,False,10
-0.03817194,-0.19003907,0.07240316,0.29563838,0,1.0,False,10
-0.041972723,-0.3861145,0.078315936,0.6102489,1,1.0,False,10
-0.04969501,-0.19216958,0.09052091,0.34322459,1,1.0,False,10
-0.053538404,0.0015558045,0.09738541,0.08040305,1,1.0,False,10
-0.053507287,0.1951566,0.098993465,-0.1800361,0,1.0,False,10
-0.049604155,-0.001232309,0.09539274,0.14216161,1,1.0,False,10
-0.0496288,0.1924032,0.09823597,-0.11896817,0,1.0,False,10
-0.045780737,-0.0039789802,0.095856614,0.20301981,1,1.0,False,10
-0.045860317,0.18965071,0.09991701,-0.05795267,1,1.0,False,10
-0.042067304,0.38320863,0.09875795,-0.31751472,0,1.0,False,10
-0.03440313,0.18682893,0.09240766,0.0046071745,1,1.0,False,10
-0.03066655,0.38051248,0.0924998,-0.2575494,0,1.0,False,10
-0.023056302,0.18420003,0.08734881,0.062816575,1,1.0,False,10
-0.019372301,0.37796807,0.08860514,-0.20107947,0,1.0,False,10
-0.01181294,0.18169798,0.08458356,0.1181866,1,1.0,False,10
-0.00817898,0.37551257,0.08694729,-0.14665805,0,1.0,False,10
-0.0006687287,0.17926006,0.084014125,0.17213902,1,1.0,False,10
0.0029164725,0.37308535,0.08745691,-0.09290234,1,1.0,False,10
0.010378179,0.566852,0.08559886,-0.3567619,0,1.0,False,10
0.02171522,0.37062398,0.07846362,-0.038362224,1,1.0,False,10
0.029127698,0.5645382,0.077696376,-0.30529398,0,1.0,False,10
0.040418465,0.36839998,0.0715905,0.010845541,1,1.0,False,10
0.047786463,0.5624261,0.07180741,-0.2584185,0,1.0,False,10
0.059034985,0.36635637,0.06663904,0.056021396,1,1.0,False,10
0.06636211,0.56046265,0.06775947,-0.21491443,0,1.0,False,10
0.07757136,0.3644407,0.06346118,0.09834979,1,1.0,False,10
0.084860176,0.55859846,0.065428175,-0.17365548,1,1.0,False,10
0.09603215,0.75272596,0.061955065,-0.4450015,0,1.0,False,10
0.11108667,0.5567847,0.053055037,-0.13345036,0,1.0,False,10
0.12222236,0.36094448,0.050386027,0.17548744,1,1.0,False,10
0.12944125,0.5553105,0.053895775,-0.10088432,1,1.0,False,10
0.14054745,0.74962026,0.05187809,-0.37608808,0,1.0,False,10
0.15553987,0.5538013,0.044356328,-0.067509525,1,1.0,False,10
0.16661589,0.7482602,0.043006137,-0.34587446,0,1.0,False,10
0.1815811,0.5525537,0.03608865,-0.03994626,0,1.0,False,10
0.19263217,0.35693333,0.035289723,0.263901,1,1.0,False,10
0.19977084,0.5515343,0.040567745,-0.017445635,1,1.0,False,10
0.21080153,0.74605167,0.04021883,-0.29705802,0,1.0,False,10
0.22572255,0.5503801,0.03427767,0.008033063,1,1.0,False,10
0.23673016,0.74499416,0.03443833,-0.2736408,0,1.0,False,10
0.25163004,0.5493982,0.028965516,0.02970204,1,1.0,False,10
0.262618,0.74409306,0.029559556,-0.25370306,0,1.0,False,10
0.27749985,0.54856175,0.024485495,0.04815497,1,1.0,False,10
0.2884711,0.7433242,0.025448594,-0.23670311,0,1.0,False,10
0.30333757,0.5478481,0.020714533,0.06389719,0,1.0,False,10
0.31429455,0.35243538,0.021992477,0.36304304,1,1.0,False,10
0.32134324,0.54723793,0.029253338,0.077375084,0,1.0,False,10
0.332288,0.35170913,0.030800838,0.3791421,1,1.0,False,10
0.33932218,0.5463804,0.03838368,0.09632766,1,1.0,False,10
0.3502498,0.7409318,0.040310234,-0.18400246,0,1.0,False,10
0.36506844,0.545257,0.036630183,0.12111939,1,1.0,False,10
0.37597358,0.7398355,0.039052572,-0.15978575,0,1.0,False,10
0.3907703,0.5441768,0.035856858,0.144957,1,1.0,False,10
0.40165383,0.73876745,0.038755998,-0.13620159,0,1.0,False,10
0.41642916,0.5431124,0.036031965,0.16845196,1,1.0,False,10
0.42729142,0.7377006,0.039401006,-0.112649724,0,1.0,False,10
0.44204542,0.54203683,0.03714801,0.19219899,1,1.0,False,10
0.45288616,0.7366082,0.04099199,-0.08853774,1,1.0,False,10
0.46761835,0.9311194,0.039221235,-0.36801106,0,1.0,False,10
0.4862407,0.73546267,0.031861015,-0.063223675,1,1.0,False,10
0.50095,0.9301137,0.030596541,-0.34568644,0,1.0,False,10
0.51955223,0.73457015,0.023682812,-0.04351446,0,1.0,False,10
0.53424364,0.53911674,0.022812523,0.25654554,1,1.0,False,10
0.545026,0.73390573,0.027943434,-0.028855568,1,1.0,False,10
0.5597041,0.92861605,0.027366323,-0.31259272,0,1.0,False,10
0.5782764,0.73311514,0.021114469,-0.011406458,1,1.0,False,10
0.5929387,0.927928,0.02088634,-0.29735345,0,1.0,False,10
0.6114973,0.7325146,0.01493927,0.0018428086,1,1.0,False,10
0.62614757,0.9274192,0.014976126,-0.28608942,0,1.0,False,10
0.64469594,0.7320869,0.009254338,0.011278996,1,1.0,False,10
0.6593377,0.9270749,0.0094799185,-0.27846977,0,1.0,False,10
0.6778792,0.731819,0.003910523,0.017187972,1,1.0,False,10
0.69251555,0.92688465,0.004254282,-0.27425858,0,1.0,False,10
0.71105325,0.73170227,-0.0012308893,0.019763116,1,1.0,False,10
0.7256873,0.92684186,-0.0008356271,-0.27330792,0,1.0,False,10
0.74422413,0.73173183,-0.0063017854,0.019111333,1,1.0,False,10
0.7588588,0.9269436,-0.005919559,-0.2755532,0,1.0,False,10
0.77739763,0.7319066,-0.011430623,0.0152568305,1,1.0,False,10
0.79203576,0.9271906,-0.011125486,-0.28101057,0,1.0,False,10
0.8105796,0.73222905,-0.016745698,0.008142764,0,1.0,False,10
0.82522416,0.53735125,-0.016582843,0.29549554,1,1.0,False,10
0.8359712,0.7327056,-0.010672932,-0.0023708863,1,1.0,False,10
0.85062534,0.927979,-0.010720349,-0.29840204,0,1.0,False,10
0.8691849,0.7330115,-0.01668839,-0.009119315,0,1.0,False,10
0.88384515,0.5381328,-0.016870776,0.27825186,1,1.0,False,10
0.8946078,0.7334913,-0.011305739,-0.019703986,1,1.0,False,10
0.9092776,0.9287736,-0.011699819,-0.31593245,0,1.0,False,10
0.9278531,0.7338202,-0.018018467,-0.026962096,0,1.0,False,10
0.9425295,0.53896123,-0.01855771,0.25998178,1,1.0,False,10
0.9533087,0.7343431,-0.013358074,-0.038496237,0,1.0,False,10
0.9679956,0.53941524,-0.014127999,0.24994233,1,1.0,False,10
0.9787839,0.7347361,-0.009129153,-0.047163166,1,1.0,False,10
0.9934786,0.9299877,-0.010072416,-0.34271237,0,1.0,False,10
1.0120784,0.7350105,-0.016926663,-0.053222638,0,1.0,False,10
1.0267786,0.5401353,-0.017991116,0.2340721,1,1.0,False,10
1.0375813,0.73550963,-0.013309674,-0.06423107,0,1.0,False,10
1.0522915,0.540581,-0.014594295,0.22422303,1,1.0,False,10
1.0631031,0.73590845,-0.010109834,-0.07302753,0,1.0,False,10
1.0778213,0.5409329,-0.011570386,0.21644863,1,1.0,False,10
1.0886399,0.73621833,-0.0072414125,-0.07986152,1,1.0,False,10
1.1033642,0.93144333,-0.008838643,-0.37482032,0,1.0,False,10
1.1219932,0.73644805,-0.01633505,-0.08493732,0,1.0,False,10
1.1367221,0.541564,-0.018033795,0.20254745,1,1.0,False,10
1.1475533,0.7369392,-0.013982847,-0.095769286,0,1.0,False,10
1.1622921,0.5420204,-0.015898233,0.19246948,1,1.0,False,10
1.1731325,0.73736614,-0.012048843,-0.10518597,0,1.0,False,10
1.1878799,0.5424189,-0.014152562,0.18367137,1,1.0,False,10
1.1987283,0.73774046,-0.010479135,-0.11344235,0,1.0,False,10
1.2134831,0.5427702,-0.0127479825,0.17591615,1,1.0,False,10
1.2243385,0.7380723,-0.009229659,-0.120760925,0,1.0,False,10
1.2391,0.5430837,-0.0116448775,0.16899589,1,1.0,False,10
1.2499616,0.7383704,-0.00826496,-0.12733778,0,1.0,False,10
1.264729,0.54336786,-0.010811715,0.16272622,1,1.0,False,10
1.2755964,0.7386429,-0.007557191,-0.1333478,0,1.0,False,10
1.2903693,0.54363,-0.010224147,0.15694138,1,1.0,False,10
1.3012419,0.73889685,-0.007085319,-0.1389494,1,1.0,False,10
1.3160198,0.9341195,-0.009864307,-0.43385917,0,1.0,False,10
1.3347021,0.7391386,-0.01854149,-0.1443021,0,1.0,False,10
1.3494849,0.544287,-0.021427533,0.14247414,1,1.0,False,10
1.3603706,0.7397092,-0.018578049,-0.15689103,0,1.0,False,10
1.3751649,0.5448581,-0.02171587,0.12987354,1,1.0,False,10
1.386062,0.7402843,-0.019118398,-0.16958058,0,1.0,False,10
1.4008677,0.54544115,-0.02251001,0.11701027,1,1.0,False,10
1.4117765,0.7408783,-0.020169806,-0.18268852,0,1.0,False,10
1.4265941,0.54605067,-0.023823576,0.10356394,1,1.0,False,10
1.4375151,0.7415058,-0.021752298,-0.19653901,0,1.0,False,10
1.4523453,0.5467016,-0.025683077,0.08920344,1,1.0,False,10
1.4632792,0.7421821,-0.023899008,-0.21147059,0,1.0,False,10
1.478123,0.5474099,-0.028128421,0.0735787,1,1.0,False,10
1.4890711,0.74292356,-0.026656846,-0.22784446,0,1.0,False,10
1.5039296,0.5481925,-0.031213736,0.056312166,1,1.0,False,10
1.5148934,0.7437478,-0.030087491,-0.24605322,0,1.0,False,10
1.5297683,0.54906815,-0.035008557,0.03698963,1,1.0,False,10
1.5407498,0.7446742,-0.034268763,-0.26653007,0,1.0,False,10
1.5556432,0.55005765,-0.039599366,0.015150302,1,1.0,False,10
1.5666443,0.7457245,-0.03929636,-0.289759,0,1.0,False,10
1.5815588,0.5511843,-0.04509154,-0.009724129,0,1.0,False,10
1.5925826,0.35673702,-0.045286022,0.26839784,1,1.0,False,10
1.5997173,0.55247504,-0.039918065,-0.03821767,0,1.0,False,10
1.6107668,0.35794756,-0.04068242,0.24160828,1,1.0,False,10
1.6179258,0.5536263,-0.035850253,-0.063624315,0,1.0,False,10
1.6289983,0.3590362,-0.037122738,0.21753556,1,1.0,False,10
1.636179,0.55466866,-0.032772027,-0.086622484,0,1.0,False,10
1.6472723,0.3600314,-0.034504477,0.19554336,1,1.0,False,10
1.654473,0.5556295,-0.03059361,-0.107821435,0,1.0,False,10
1.6655856,0.360959,-0.03275004,0.17505454,1,1.0,False,10
1.6728047,0.556534,-0.02924895,-0.12777741,0,1.0,False,10
1.6839354,0.361843,-0.0318045,0.15553622,1,1.0,False,10
1.6911722,0.55740553,-0.028693773,-0.1470082,0,1.0,False,10
1.7023205,0.36270598,-0.031633936,0.13648608,1,1.0,False,10
1.7095746,0.5582664,-0.028904215,-0.16600664,0,1.0,False,10
1.7207398,0.3635699,-0.032224346,0.117419526,1,1.0,False,10
1.7280113,0.55913836,-0.029875956,-0.18525323,0,1.0,False,10
1.739194,0.36445636,-0.033581022,0.097857274,1,1.0,False,10
1.7464832,0.5600431,-0.031623878,-0.2052284,0,1.0,False,10
1.757684,0.36538732,-0.035728443,0.07731341,1,1.0,False,10
1.7649918,0.56100273,-0.034182176,-0.22642443,0,1.0,False,10
1.7762119,0.36638555,-0.038710665,0.05528323,0,1.0,False,10
1.7835395,0.17183943,-0.037605,0.33550572,1,1.0,False,10
1.7869763,0.3674758,-0.030894885,0.03120533,1,1.0,False,10
1.7943258,0.5630269,-0.03027078,-0.27106294,0,1.0,False,10
1.8055863,0.36834967,-0.035692036,0.011920845,0,1.0,False,10
1.8129534,0.17375728,-0.03545362,0.29313228,1,1.0,False,10
1.8164285,0.36936632,-0.029590975,-0.010518049,0,1.0,False,10
1.8238158,0.17468096,-0.029801335,0.27268365,1,1.0,False,10
1.8273095,0.3702152,-0.024347663,-0.029247744,0,1.0,False,10
1.8347137,0.17545071,-0.024932617,0.25565487,1,1.0,False,10
1.8382227,0.37091962,-0.01981952,-0.04478676,1,1.0,False,10
1.8456411,0.56632006,-0.020715255,-0.34365645,0,1.0,False,10
1.8569676,0.37149885,-0.027588384,-0.057577167,0,1.0,False,10
1.8643975,0.1767831,-0.028739927,0.22627534,1,1.0,False,10
1.8679332,0.37230375,-0.02421442,-0.07533289,0,1.0,False,10
1.8753793,0.17753716,-0.025721079,0.20961303,1,1.0,False,10
1.87893,0.37301725,-0.021528818,-0.091071315,0,1.0,False,10
1.8863903,0.17821041,-0.023350244,0.19474228,1,1.0,False,10
1.8899546,0.37365845,-0.0194554,-0.105214216,0,1.0,False,10
1.8974278,0.17882062,-0.021559684,0.18126768,1,1.0,False,10
1.9010042,0.37424433,-0.01793433,-0.11813784,0,1.0,False,10
1.908489,0.17938389,-0.020297086,0.16883345,1,1.0,False,10
1.9120767,0.3747904,-0.016920418,-0.13018288,0,1.0,False,10
1.9195725,0.17991486,-0.019524075,0.15711421,1,1.0,False,10
1.9231708,0.37531084,-0.01638179,-0.1416636,0,1.0,False,10
1.930677,0.18042728,-0.019215062,0.14580648,1,1.0,False,10
1.9342856,0.37581906,-0.016298933,-0.15287596,0,1.0,False,10
1.941802,0.18093424,-0.019356452,0.13462077,1,1.0,False,10
1.9454206,0.37632802,-0.016664037,-0.16410545,0,1.0,False,10
1.9529473,0.18144853,-0.019946145,0.12327421,1,1.0,False,10
1.9565762,0.3768505,-0.017480662,-0.17563419,0,1.0,False,10
1.9641132,0.18198301,-0.020993344,0.111483306,1,1.0,False,10
1.9677528,0.37739938,-0.01876368,-0.18774827,0,1.0,False,10
1.9753008,0.18255085,-0.022518644,0.0989569,1,1.0,False,10
1.9789518,0.37798816,-0.020539507,-0.20074469,0,1.0,False,10
1.9865116,0.18316591,-0.0245544,0.08538887,1,1.0,False,10
1.9901749,0.37863106,-0.022846622,-0.21493876,0,1.0,False,10
1.9977475,0.18384306,-0.027145399,0.07045068,0,1.0,False,10
2.0014243,-0.010879408,-0.025736384,0.354447,1,1.0,False,10
2.0012069,0.18459885,-0.018647444,0.05376106,1,1.0,False,10
2.0048988,0.37998316,-0.017572222,-0.24474646,0,1.0,False,10
2.0124984,0.18511653,-0.022467151,0.04234237,0,1.0,False,10
2.0162008,-0.00967616,-0.021620305,0.32785287,1,1.0,False,10
2.0160072,0.1857468,-0.015063248,0.028431058,1,1.0,False,10
2.0197222,0.3810815,-0.014494626,-0.26896617,0,1.0,False,10
2.0273438,0.18616937,-0.019873949,0.019110048,0,1.0,False,10
2.0310671,-0.008662011,-0.019491749,0.30545685,1,1.0,False,10
2.030894,0.1867322,-0.013382612,0.006690992,1,1.0,False,10
2.0346286,0.3820435,-0.013248792,-0.29018408,0,1.0,False,10
2.0422695,0.18711294,-0.019052474,-0.0017089518,0,1.0,False,10
2.0460117,-0.007730655,-0.019086652,0.28490233,1,1.0,False,10
2.0458572,0.18765824,-0.013388606,-0.013738777,1,1.0,False,10
2.0496104,0.38296962,-0.013663381,-0.31061572,0,1.0,False,10
2.0572698,0.18804497,-0.019875696,-0.022272948,0,1.0,False,10
2.0610306,-0.0067863865,-0.020321155,0.26407328,1,1.0,False,10
2.060895,0.18861963,-0.015039689,-0.034949224,0,1.0,False,10
2.0646672,-0.0062834513,-0.015738674,0.25295085,1,1.0,False,10
2.0645416,0.18905966,-0.010679657,-0.04465451,1,1.0,False,10
2.068323,0.3843331,-0.011572747,-0.34068775,0,1.0,False,10
2.0760095,0.18937771,-0.018386502,-0.051676545,0,1.0,False,10
2.079797,-0.005475839,-0.019420033,0.23514906,1,1.0,False,10
2.0796876,0.18991812,-0.014717052,-0.06359574,0,1.0,False,10
2.0834858,-0.004989772,-0.015988966,0.22440776,1,1.0,False,10
2.0833862,0.190357,-0.011500811,-0.0732755,1,1.0,False,10
2.0871933,0.38564193,-0.012966321,-0.36956468,0,1.0,False,10
2.094906,0.19070658,-0.020357614,-0.080998234,0,1.0,False,10
2.09872,-0.0041177124,-0.02197758,0.20519294,1,1.0,False,10
2.0986378,0.19131152,-0.017873721,-0.09434101,0,1.0,False,10
2.102464,-0.0035497514,-0.019760542,0.19264962,1,1.0,False,10
2.1023932,0.19184922,-0.015907548,-0.106200844,0,1.0,False,10
2.10623,-0.0030411955,-0.018031565,0.18142118,1,1.0,False,10
2.1061692,0.19233407,-0.014403142,-0.11689508,0,1.0,False,10
2.1100159,-0.0025785791,-0.016741043,0.1712092,1,1.0,False,10
2.1099644,0.19277893,-0.0133168595,-0.12670764,0,1.0,False,10
2.1138198,-0.002149736,-0.015851013,0.16174439,1,1.0,False,10
2.113777,0.1931955,-0.012616125,-0.13589667,0,1.0,False,10
2.1176407,-0.0017434856,-0.015334059,0.1527795,1,1.0,False,10
2.117606,0.19359463,-0.012278468,-0.14470126,0,1.0,False,10
2.1214778,-0.0013493438,-0.015172494,0.14408289,1,1.0,False,10
2.121451,0.19398658,-0.012290836,-0.1533478,0,1.0,False,10
2.1253307,-0.00095725525,-0.015357792,0.13543244,1,1.0,False,10
2.1253114,0.19438127,-0.012649143,-0.1620558,0,1.0,False,10
2.129199,-0.0005573365,-0.01589026,0.12660995,1,1.0,False,10
2.1291878,0.1947886,-0.01335806,-0.17104352,0,1.0,False,10
2.1330836,-0.0001396276,-0.016778931,0.1173956,1,1.0,False,10
2.133081,0.19521867,-0.014431018,-0.18053336,0,1.0,False,10
2.1369853,0.00030615632,-0.018041685,0.107562385,1,1.0,False,10
2.1369915,0.19568194,-0.015890438,-0.19075756,0,1.0,False,10
2.1409051,0.0007908781,-0.01970559,0.096870534,1,1.0,False,10
2.1409209,0.19618963,-0.017768178,-0.20196377,0,1.0,False,10
2.1448445,0.0013262423,-0.021807455,0.08506162,1,1.0,False,10
2.1448712,0.19675389,-0.02010622,-0.21442105,0,1.0,False,10
2.1488063,0.0019250762,-0.024394643,0.07185228,1,1.0,False,10
2.1488447,0.19738811,-0.022957597,-0.22842635,0,1.0,False,10
2.1527925,0.0026016317,-0.027526123,0.056927435,0,1.0,False,10
2.1528444,-0.19211505,-0.026387574,0.34080017,1,1.0,False,10
2.1490023,0.0033722164,-0.019571573,0.03991429,1,1.0,False,10
2.1490698,0.19876927,-0.018773286,-0.25887883,0,1.0,False,10
2.1530452,0.0039202934,-0.023950864,0.027824111,0,1.0,False,10
2.1531234,-0.19085014,-0.02339438,0.3128551,1,1.0,False,10
2.1493065,0.004597136,-0.017137278,0.012887076,0,1.0,False,10
2.1493983,-0.19027491,-0.016879538,0.3001141,1,1.0,False,10
2.145593,0.005083522,-0.010877255,0.0021558583,1,1.0,False,10
2.1456945,0.20035976,-0.010834138,-0.29393902,0,1.0,False,10
2.1497018,0.005393941,-0.016712919,-0.004692631,0,1.0,False,10
2.1498096,-0.18948439,-0.016806772,0.28267068,1,1.0,False,10
2.14602,0.0058732075,-0.011153358,-0.015265296,0,1.0,False,10
2.1461375,-0.18908703,-0.011458664,0.27387786,1,1.0,False,10
2.1423557,0.0061965263,-0.005981107,-0.022397026,1,1.0,False,10
2.1424797,0.20140374,-0.0064290473,-0.31696105,0,1.0,False,10
2.1465077,0.0063739475,-0.012768269,-0.026312528,0,1.0,False,10
2.1466353,-0.18856259,-0.013294519,0.26231468,1,1.0,False,10
2.142864,0.006746582,-0.008048225,-0.034531668,0,1.0,False,10
2.142999,-0.18825904,-0.008738859,0.25560114,1,1.0,False,10
2.1392336,0.006986589,-0.003626836,-0.039825313,1,1.0,False,10
2.1393733,0.20216036,-0.004423342,-0.33365032,0,1.0,False,10
2.1434166,0.0071016443,-0.011096349,-0.042365577,0,1.0,False,10
2.1435587,-0.18785945,-0.011943661,0.24679579,1,1.0,False,10
2.1398015,0.0074310317,-0.0070077446,-0.04963038,0,1.0,False,10
2.13995,-0.18758973,-0.008000352,0.24083333,1,1.0,False,10
2.1361983,0.007645578,-0.0031836855,-0.054362353,0,1.0,False,10
2.136351,-0.18743058,-0.0042709326,0.2373144,1,1.0,False,10
2.1326027,0.0077521275,0.0004753554,-0.05671264,1,1.0,False,10
2.1327577,0.20286725,-0.0006588974,-0.34924555,0,1.0,False,10
2.136815,0.007754686,-0.0076438086,-0.05677047,0,1.0,False,10
2.13697,-0.18725684,-0.0087792175,0.233491,1,1.0,False,10
2.133225,0.007989447,-0.0041093975,-0.061948184,0,1.0,False,10
2.1333847,-0.18707335,-0.005348361,0.22943537,1,1.0,False,10
2.1296432,0.008124625,-0.00075965386,-0.064929806,0,1.0,False,10
2.1298058,-0.18698643,-0.00205825,0.22751334,1,1.0,False,10
2.126066,0.008164879,0.0024920169,-0.065818116,1,1.0,False,10
2.1262293,0.20325102,0.0011756547,-0.35771376,0,1.0,False,10
2.1302943,0.008112367,-0.0059786206,-0.06466035,0,1.0,False,10
2.1304567,-0.18692335,-0.007271827,0.2261303,1,1.0,False,10
2.126718,0.00830176,-0.0027492212,-0.06883752,0,1.0,False,10
2.1268842,-0.18678066,-0.0041259713,0.22297674,1,1.0,False,10
2.1231484,0.008400012,0.00033356328,-0.071004815,0,1.0,False,10
2.1233165,-0.18672672,-0.0010865331,0.22178334,1,1.0,False,10
2.119582,0.008410744,0.0033491335,-0.07124213,0,1.0,False,10
2.1197503,-0.18675905,0.001924291,0.22249557,1,1.0,False,10
2.116015,0.008335333,0.0063742027,-0.06957973,1,1.0,False,10
2.1161819,0.20336533,0.004982608,-0.36024478,0,1.0,False,10
2.120249,0.0081728995,-0.0022222875,-0.06599489,0,1.0,False,10
2.1204126,-0.18691713,-0.0035421853,0.22598606,1,1.0,False,10
2.1166742,0.008255275,0.0009775362,-0.06781209,0,1.0,False,10
2.1168392,-0.18688068,-0.00037870565,0.22517909,1,1.0,False,10
2.1131017,0.008246684,0.004124876,-0.067623265,0,1.0,False,10
2.1132667,-0.18693416,0.0027724109,0.22635822,1,1.0,False,10
2.1095278,0.008148058,0.0072995755,-0.065448895,1,1.0,False,10
2.109691,0.20316459,0.0059905974,-0.35581985,0,1.0,False,10
2.1137543,0.007957987,-0.0011257996,-0.061253965,0,1.0,False,10
2.1139133,-0.18714781,-0.002350879,0.23107354,1,1.0,False,10
2.1101704,0.00800766,0.0022705921,-0.062349994,0,1.0,False,10
2.1103306,-0.18714677,0.0010235922,0.23104845,1,1.0,False,10
2.1065876,0.0079605365,0.0056445613,-0.061311424,1,1.0,False,10
2.106747,0.20300111,0.0044183326,-0.3522081,0,1.0,False,10
2.110807,0.0078166025,-0.0026258298,-0.05813524,0,1.0,False,10
2.110963,-0.1872676,-0.0037885346,0.23371807,1,1.0,False,10
2.1072178,0.007908275,0.00088582677,-0.060157478,0,1.0,False,10
2.1073759,-0.18722637,-0.0003173228,0.2328048,1,1.0,False,10
2.1036315,0.007900119,0.0043387734,-0.059978202,0,1.0,False,10
2.1037893,-0.18728377,0.0031392092,0.23407048,1,1.0,False,10
2.1000438,0.0077931858,0.007820618,-0.057620596,1,1.0,False,10
2.1001997,0.20280214,0.006668207,-0.34782583,0,1.0,False,10
2.1042557,0.007585977,-0.00028831,-0.053047672,0,1.0,False,10
2.1044073,-0.18753184,-0.0013492635,0.23954427,1,1.0,False,10
2.1006567,0.007609361,0.003441622,-0.053563938,0,1.0,False,10
2.1008089,-0.18756177,0.0023703433,0.24020286,1,1.0,False,10
2.0970578,0.0075262417,0.0071744006,-0.051731456,1,1.0,False,10
2.0972083,0.20254458,0.0061397715,-0.3421422,0,1.0,False,10
2.1012592,0.0073358263,-0.0007030725,-0.04752949,0,1.0,False,10
2.1014059,-0.18777603,-0.0016536623,0.24493153,1,1.0,False,10
2.0976503,0.007369495,0.0032449684,-0.048272543,0,1.0,False,10
2.0977976,-0.18779884,0.0022795175,0.24543244,1,1.0,False,10
2.0940418,0.007290484,0.007188166,-0.046530608,1,1.0,False,10
2.0941875,0.20230862,0.006257554,-0.33693695,0,1.0,False,10
2.0982337,0.0070981886,-0.0004811854,-0.04228733,0,1.0,False,10
2.0983758,-0.18801686,-0.001326932,0.25024375,1,1.0,False,10
2.0946155,0.007124016,0.0036779428,-0.042857435,1,1.0,False,10
2.0947578,0.20219304,0.002820794,-0.33437768,0,1.0,False,10
2.0988016,0.00703105,-0.0038667594,-0.040806547,0,1.0,False,10
2.0989423,-0.18803523,-0.00468289,0.25065386,1,1.0,False,10
2.0951817,0.00715327,0.0003301873,-0.043502443,0,1.0,False,10
2.0953248,-0.18797341,-0.00053986156,0.24928464,1,1.0,False,10
2.0915651,0.007156242,0.0044458313,-0.043568518,1,1.0,False,10
2.0917084,0.20221417,0.003574461,-0.33484542,0,1.0,False,10
2.0957527,0.0070415204,-0.0031224478,-0.041037455,0,1.0,False,10
2.0958934,-0.18803552,-0.003943197,0.2506587,1,1.0,False,10
2.0921328,0.0071425214,0.0010699767,-0.043265402,0,1.0,False,10
2.0922756,-0.18799476,0.00020466864,0.24975492,1,1.0,False,10
2.0885158,0.0071242712,0.005199767,-0.042863443,1,1.0,False,10
2.088658,0.20217128,0.0043424983,-0.33390126,0,1.0,False,10
2.0927017,0.0069877887,-0.0023355272,-0.03985211,0,1.0,False,10
2.0928414,-0.18810059,-0.0031325694,0.25209302,1,1.0,False,10
2.0890794,0.0070659486,0.0019092911,-0.04157633,0,1.0,False,10
2.0892208,-0.18808334,0.0010777646,0.2517084,1,1.0,False,10
2.085459,0.0070232153,0.0061119325,-0.040634397,1,1.0,False,10
2.0855994,0.20205699,0.0052992445,-0.3313827,0,1.0,False,10
2.0896406,0.0068600113,-0.0013284096,-0.03703337,0,1.0,False,10
2.0897777,-0.18824287,-0.0020690772,0.25523013,1,1.0,False,10
2.0860128,0.006908567,0.0030355256,-0.038104698,0,1.0,False,10
2.0861511,-0.18825679,0.0022734315,0.2555344,1,1.0,False,10
2.082386,0.006832636,0.00738412,-0.036430564,1,1.0,False,10
2.0825226,0.20184793,0.0066555087,-0.3267746,0,1.0,False,10
2.0865595,0.0066318517,0.0001200166,-0.03200028,0,1.0,False,10
2.0866923,-0.18849182,-0.000519989,0.26072052,1,1.0,False,10
2.0829225,0.0066375495,0.0046944213,-0.032126382,1,1.0,False,10
2.083055,0.20169187,0.0040518935,-0.32332447,0,1.0,False,10
2.087089,0.0065124542,-0.002414596,-0.029366508,0,1.0,False,10
2.0872192,-0.18857479,-0.003001926,0.2625536,1,1.0,False,10
2.0834477,0.0065898853,0.002249146,-0.031074645,0,1.0,False,10
2.0835795,-0.18856424,0.0016276531,0.26231706,1,1.0,False,10
2.0798082,0.0065344325,0.0068739946,-0.02985204,1,1.0,False,10
2.079939,0.20155713,0.0062769535,-0.32035825,0,1.0,False,10
2.08397,0.006346357,-0.00013021125,-0.025702434,0,1.0,False,10
2.084097,-0.18877372,-0.0006442599,0.2669394,1,1.0,False,10
2.0803216,0.0063574133,0.0046945284,-0.025946654,1,1.0,False,10
2.0804486,0.20141172,0.004175595,-0.31714472,0,1.0,False,10
2.084477,0.0062305517,-0.0021672992,-0.023147883,0,1.0,False,10
2.0846014,-0.18886025,-0.0026302568,0.26885045,1,1.0,False,10
2.0808244,0.006299137,0.0027467522,-0.024660915,0,1.0,False,10
2.0809503,-0.1888621,0.0022535338,0.26888737,1,1.0,False,10
2.077173,0.006227622,0.0076312814,-0.023083922,1,1.0,False,10
2.0772977,0.2012393,0.007169603,-0.31334937,0,1.0,False,10
2.0813224,0.0060159573,0.0009026159,-0.018414013,0,1.0,False,10
2.0814426,-0.18911892,0.0005343356,0.27455357,1,1.0,False,10
2.0776603,0.0059953965,0.006025407,-0.017960785,1,1.0,False,10
2.0777802,0.20103042,0.005666191,-0.30873656,0,1.0,False,10
2.081801,0.0058281953,-0.00050853984,-0.014272062,0,1.0,False,10
2.0819175,-0.18928646,-0.00079398113,0.27825037,1,1.0,False,10
2.0781317,0.0058468096,0.0047710263,-0.014682871,1,1.0,False,10
2.0782487,0.20090002,0.0044773687,-0.30585667,0,1.0,False,10
2.0822666,0.0057145474,-0.0016397645,-0.011765064,0,1.0,False,10
2.082381,-0.18938385,-0.0018750658,0.28040004,1,1.0,False,10
2.0785933,0.005764799,0.003732935,-0.01287368,1,1.0,False,10
2.0787086,0.20083302,0.0034754614,-0.30437648,0,1.0,False,10
2.0827253,0.0056617092,-0.0026120683,-0.010599511,0,1.0,False,10
2.0828385,-0.18942268,-0.0028240585,0.28125814,1,1.0,False,10
2.07905,0.005739436,0.0028011042,-0.012314151,1,1.0,False,10
2.0791647,0.2008211,0.002554821,-0.304112,0,1.0,False,10
2.0831811,0.005662837,-0.0035274185,-0.01062442,0,1.0,False,10
2.0832944,-0.18940835,-0.003739907,0.28094348,1,1.0,False,10
2.0795062,0.0057667494,0.0018789627,-0.012916651,1,1.0,False,10
2.0796216,0.2008617,0.0016206298,-0.30500615,0,1.0,False,10
2.083639,0.005716695,-0.004479493,-0.011812557,0,1.0,False,10
2.083753,-0.18934073,-0.0047157444,0.27945367,1,1.0,False,10
2.0799663,0.005848175,0.0008733292,-0.014712847,0,1.0,False,10
2.0800834,-0.18928629,0.0005790722,0.2782455,1,1.0,False,10
2.0762975,0.0058273952,0.006143982,-0.014254735,1,1.0,False,10
2.076414,0.2008607,0.0058588875,-0.30499285,0,1.0,False,10
2.0804315,0.0056557455,-0.00024096944,-0.010467941,0,1.0,False,10
2.0805445,-0.18946275,-0.00045032825,0.28213894,1,1.0,False,10
2.0767553,0.0056656227,0.0051924507,-0.010685977,1,1.0,False,10
2.0768685,0.20071273,0.0049787313,-0.3017261,0,1.0,False,10
2.0808828,0.0055201673,-0.001055791,-0.0074771643,0,1.0,False,10
2.0809932,-0.18958662,-0.0012053343,0.28487247,1,1.0,False,10
2.0772014,0.005552495,0.0044921148,-0.008190377,1,1.0,False,10
2.0773125,0.20060973,0.004328307,-0.2994526,0,1.0,False,10
2.0813248,0.0054263575,-0.0016607449,-0.005407765,0,1.0,False,10
2.0814333,-0.18967174,-0.0017689002,0.2867507,1,1.0,False,10
2.0776398,0.0054753963,0.003966114,-0.0064895838,1,1.0,False,10
2.0777493,0.20054024,0.0038363226,-0.29791853,0,1.0,False,10
2.0817602,0.005363817,-0.0021220478,-0.004028158,0,1.0,False,10
2.0818675,-0.18972763,-0.0022026112,0.2879845,1,1.0,False,10
2.0780728,0.0054256553,0.0035570785,-0.005392313,1,1.0,False,10
2.0781813,0.20049642,0.0034492323,-0.29695082,0,1.0,False,10
2.0821912,0.0053254617,-0.002489784,-0.0031820615,0,1.0,False,10
2.0822978,-0.1897607,-0.0025534253,0.28871426,1,1.0,False,10
2.0785027,0.005397576,0.0032208601,-0.0047728876,1,1.0,False,10
2.0786104,0.20047319,0.0031254024,-0.29643786,0,1.0,False,10
2.08262,0.0053068213,-0.0028033548,-0.0027708698,0,1.0,False,10
2.082726,-0.18977481,-0.0028587722,0.28902626,1,1.0,False,10
2.0789306,0.005387787,0.0029217529,-0.0045569343,1,1.0,False,10
2.0790384,0.20046772,0.002830614,-0.2963166,0,1.0,False,10
2.0830476,0.005305525,-0.0030957176,-0.0027422719,0,1.0,False,10
2.0831537,-0.18977189,-0.003150563,0.2889623,1,1.0,False,10
2.0793583,0.0053948434,0.0026286833,-0.0047126026,1,1.0,False,10
2.0794663,0.200479,0.0025344312,-0.296565,0,1.0,False,10
2.0834758,0.0053210077,-0.0033968685,-0.0030838242,0,1.0,False,10
2.0835824,-0.18975206,-0.003458545,0.2885254,1,1.0,False,10
2.0797873,0.0054190364,0.0023119634,-0.0052462923,1,1.0,False,10
2.0798957,0.20050776,0.0022070375,-0.29719886,0,1.0,False,10
2.0839057,0.0053544114,-0.00373694,-0.0038207,0,1.0,False,10
2.084013,-0.18971375,-0.003813354,0.28768083,1,1.0,False,10
2.0802186,0.005462376,0.0019402627,-0.006202343,1,1.0,False,10
2.0803277,0.20055644,0.0018162159,-0.29827246,0,1.0,False,10
2.084339,0.005408654,-0.0041492335,-0.0050172876,0,1.0,False,10
2.0844471,-0.18965355,-0.0042495793,0.28635362,1,1.0,False,10
2.0806541,0.0055287518,0.0014774933,-0.007666553,1,1.0,False,10
2.0807648,0.20062949,0.0013241622,-0.29988295,0,1.0,False,10
2.0847774,0.005488682,-0.004673497,-0.006782699,0,1.0,False,10
2.084887,-0.18956593,-0.0048091505,0.28442204,1,1.0,False,10
2.0810957,0.0056242766,0.00087928993,-0.009773788,1,1.0,False,10
2.0812082,0.2007336,0.00068381417,-0.30217916,0,1.0,False,10
2.085223,0.005601916,-0.005359769,-0.00928065,0,1.0,False,10
2.085335,-0.18944275,-0.005545382,0.2817064,1,1.0,False,10
2.081546,0.0057578497,8.874592e-05,-0.012720349,0,1.0,False,10
2.0816612,-0.18936537,-0.00016566107,0.27999058,1,1.0,False,10
2.077874,0.00575894,0.0054341503,-0.012744595,1,1.0,False,10
2.077989,0.20080253,0.0051792585,-0.30370805,0,1.0,False,10
2.082005,0.0056071593,-0.0008949023,-0.009396204,0,1.0,False,10
2.0821173,-0.18950194,-0.0010828263,0.28300422,1,1.0,False,10
2.0783272,0.005635433,0.0045772586,-0.010020012,1,1.0,False,10
2.07844,0.20069145,0.004376858,-0.30125526,0,1.0,False,10
2.0824537,0.005507382,-0.0016482469,-0.0071951738,0,1.0,False,10
2.0825639,-0.18959089,-0.0017921503,0.28496724,1,1.0,False,10
2.078772,0.005556573,0.003907195,-0.008280364,1,1.0,False,10
2.0788832,0.20062228,0.0037415875,-0.29972798,0,1.0,False,10
2.0828958,0.00544719,-0.0022529718,-0.005867368,0,1.0,False,10
2.0830047,-0.18964238,-0.0023703193,0.28610387,1,1.0,False,10
2.0792117,0.0055132974,0.0033517582,-0.007325696,1,1.0,False,10
2.079322,0.20058702,0.0032052442,-0.2989492,0,1.0,False,10
2.0833337,0.0054195267,-0.00277374,-0.0052571455,0,1.0,False,10
2.0834422,-0.18966253,-0.0028788832,0.28654933,1,1.0,False,10
2.079649,0.005500354,0.0028521037,-0.0070401677,1,1.0,False,10
2.079759,0.20058128,0.0027113005,-0.29882187,0,1.0,False,10
2.0837705,0.0054207924,-0.0032651369,-0.0052850726,0,1.0,False,10
2.083879,-0.18965419,-0.0033708382,0.28636587,1,1.0,False,10
2.080086,0.0055156816,0.0023564794,-0.0073782755,1,1.0,False,10
2.0801961,0.20060375,0.002208914,-0.29931676,0,1.0,False,10
2.0842083,0.0054503907,-0.0037774215,-0.005938017,0,1.0,False,10
2.0843172,-0.18961719,-0.003896182,0.28555068,1,1.0,False,10
2.080525,0.0055601173,0.001814832,-0.008358506,1,1.0,False,10
2.080636,0.200656,0.0016476618,-0.30046827,0,1.0,False,10
2.0846493,0.005510597,-0.0043617035,-0.0072661685,0,1.0,False,10
2.0847595,-0.18954854,-0.004507027,0.2840374,1,1.0,False,10
2.0809686,0.0056374124,0.0011737209,-0.0100636,1,1.0,False,10
2.0810812,0.20074251,0.00097244896,-0.30237597,0,1.0,False,10
2.0850961,0.0056067137,-0.0050750705,-0.009386514,0,1.0,False,10
2.0852082,-0.18944208,-0.005262801,0.28169087,1,1.0,False,10
2.0814195,0.0057545356,0.00037101633,-0.0126472805,0,1.0,False,10
2.0815344,-0.18937273,0.00011807071,0.28015268,1,1.0,False,10
2.077747,0.0057475325,0.0057211244,-0.012493002,1,1.0,False,10
2.077862,0.20078696,0.0054712645,-0.30336538,0,1.0,False,10
2.0818777,0.005587473,-0.0005960431,-0.008961963,0,1.0,False,10
2.0819895,-0.18952593,-0.00077528233,0.28353286,1,1.0,True,10
-0.0488873,0.021891065,-0.016887281,0.043308865,0,1.0,False,11
-0.04844948,-0.1729847,-0.016021103,0.33061624,0,1.0,False,11
-0.051909175,-0.36787498,-0.009408779,0.6182041,0,1.0,False,11
-0.05926667,-0.56286424,0.002955303,0.9079089,1,1.0,False,11
-0.070523955,-0.36778244,0.021113481,0.61615634,0,1.0,False,11
-0.07787961,-0.5631929,0.033436608,0.9154136,1,1.0,False,11
-0.08914346,-0.3685387,0.051744882,0.63342404,1,1.0,False,11
-0.09651424,-0.17417532,0.06441336,0.35747543,0,1.0,False,11
-0.099997744,-0.37015107,0.07156287,0.66975385,1,1.0,False,11
-0.10740077,-0.17609324,0.08495795,0.40043366,1,1.0,False,11
-0.110922635,0.017727306,0.092966616,0.13569905,1,1.0,False,11
-0.110568084,0.21140319,0.0956806,-0.12626743,0,1.0,False,11
-0.10634002,0.015050012,0.09315525,0.19500239,1,1.0,False,11
-0.10603902,0.20872453,0.0970553,-0.06690173,0,1.0,False,11
-0.10186453,0.01235473,0.095717266,0.2547562,1,1.0,False,11
-0.10161743,0.20598896,0.10081239,-0.006267692,1,1.0,False,11
-0.09749766,0.39953145,0.100687034,-0.26551875,0,1.0,False,11
-0.08950703,0.20312735,0.09537666,0.057147294,1,1.0,False,11
-0.08544448,0.39676157,0.096519604,-0.20398569,0,1.0,False,11
-0.07750925,0.2004013,0.09243989,0.11751651,1,1.0,False,11
-0.07350122,0.39408556,0.09479022,-0.14463082,0,1.0,False,11
-0.06561951,0.19774294,0.09189761,0.17638758,1,1.0,False,11
-0.061664652,0.39143777,0.09542536,-0.085948825,1,1.0,False,11
-0.0538359,0.58507156,0.093706384,-0.34706557,0,1.0,False,11
-0.042134468,0.3887503,0.08676507,-0.026366308,1,1.0,False,11
-0.03435946,0.58252776,0.08623774,-0.2904621,0,1.0,False,11
-0.022708904,0.38628876,0.0804285,0.028124968,1,1.0,False,11
-0.01498313,0.5801707,0.080991,-0.23813733,0,1.0,False,11
-0.0033797151,0.38399073,0.07622825,0.07895335,1,1.0,False,11
0.0043001,0.57794183,0.07780732,-0.18873908,1,1.0,False,11
0.015858937,0.7718694,0.07403254,-0.45589805,0,1.0,False,11
0.031296324,0.5757831,0.06491458,-0.14082853,1,1.0,False,11
0.042811986,0.76991814,0.062098008,-0.41234633,0,1.0,False,11
0.05821035,0.5739734,0.053851083,-0.10075066,1,1.0,False,11
0.06968982,0.7682839,0.05183607,-0.3759693,0,1.0,False,11
0.08505549,0.5724655,0.044316683,-0.067403235,0,1.0,False,11
0.09650481,0.37673712,0.04296862,0.23892592,1,1.0,False,11
0.10403955,0.57121974,0.047747135,-0.039899845,1,1.0,False,11
0.11546394,0.7656256,0.04694914,-0.31714404,0,1.0,False,11
0.13077645,0.5698675,0.04060626,-0.010032419,1,1.0,False,11
0.14217381,0.76438427,0.040405612,-0.2896321,0,1.0,False,11
0.1574615,0.56871015,0.03461297,0.015515525,1,1.0,False,11
0.1688357,0.7633191,0.034923278,-0.2660488,0,1.0,False,11
0.18410207,0.56771654,0.029602304,0.037441455,1,1.0,False,11
0.1954564,0.76240176,0.030351132,-0.24575663,0,1.0,False,11
0.21070445,0.5668597,0.025435999,0.056343146,1,1.0,False,11
0.22204164,0.76160794,0.026562862,-0.22820725,0,1.0,False,11
0.2372738,0.56611663,0.021998718,0.07273479,1,1.0,False,11
0.24859613,0.7609164,0.023453414,-0.21292707,0,1.0,False,11
0.26381445,0.5654671,0.019194871,0.08706089,1,1.0,False,11
0.2751238,0.76030874,0.02093609,-0.19950476,0,1.0,False,11
0.29032996,0.5648937,0.016945995,0.09970832,1,1.0,False,11
0.30162784,0.7597688,0.018940162,-0.18758038,0,1.0,False,11
0.3168232,0.564381,0.015188553,0.111016735,0,1.0,False,11
0.32811084,0.36904475,0.017408889,0.4084526,1,1.0,False,11
0.33549175,0.5639156,0.02557794,0.12130857,1,1.0,False,11
0.34677005,0.7586619,0.028004112,-0.16319628,0,1.0,False,11
0.36194327,0.5631505,0.024740186,0.13818799,1,1.0,False,11
0.3732063,0.75790954,0.027503947,-0.14658827,0,1.0,False,11
0.3883645,0.56240475,0.02457218,0.15464316,1,1.0,False,11
0.39961258,0.7571664,0.027665043,-0.13018765,0,1.0,False,11
0.4147559,0.5616593,0.02506129,0.17109329,1,1.0,False,11
0.4259891,0.75641376,0.028483156,-0.113579415,0,1.0,False,11
0.44111738,0.5608955,0.02621157,0.18795192,1,1.0,False,11
0.4523353,0.7556328,0.029970607,-0.096348405,0,1.0,False,11
0.46744794,0.5600944,0.028043639,0.20563751,1,1.0,False,11
0.47864982,0.7548044,0.03215639,-0.0780688,1,1.0,False,11
0.49374592,0.9494509,0.030595014,-0.36043537,0,1.0,False,11
0.51273495,0.75390774,0.023386305,-0.058264315,0,1.0,False,11
0.5278131,0.5584584,0.02222102,0.24170445,1,1.0,False,11
0.5389823,0.753256,0.027055109,-0.043887377,1,1.0,False,11
0.5540474,0.94797975,0.026177362,-0.32791287,0,1.0,False,11
0.573007,0.7524951,0.019619104,-0.027091093,1,1.0,False,11
0.58805686,0.9473303,0.019077282,-0.31351998,0,1.0,False,11
0.6070035,0.75194186,0.012806882,-0.014882257,0,1.0,False,11
0.6220423,0.5566386,0.012509237,0.2818137,1,1.0,False,11
0.6331751,0.7515799,0.01814551,-0.006897742,1,1.0,False,11
0.6482067,0.946437,0.018007556,-0.29380077,0,1.0,False,11
0.6671354,0.751063,0.012131541,0.0045066588,1,1.0,False,11
0.6821567,0.94600886,0.012221674,-0.28432408,0,1.0,False,11
0.70107687,0.7507148,0.006535193,0.012188308,1,1.0,False,11
0.71609116,0.94574237,0.006778959,-0.27842554,0,1.0,False,11
0.73500603,0.7505244,0.0012104483,0.016387725,1,1.0,False,11
0.7500165,0.94562894,0.0015382029,-0.27591303,0,1.0,False,11
0.76892906,0.75048506,-0.0039800582,0.017254636,1,1.0,False,11
0.78393877,0.94566387,-0.0036349653,-0.2766814,0,1.0,False,11
0.80285203,0.75059396,-0.009168593,0.014852861,1,1.0,False,11
0.81786394,0.9458462,-0.008871536,-0.2807087,0,1.0,False,11
0.83678085,0.7508519,-0.01448571,0.009163016,1,1.0,False,11
0.8517979,0.9461786,-0.014302449,-0.28805488,0,1.0,False,11
0.87072146,0.7512635,-0.020063547,8.307539e-05,0,1.0,False,11
0.8857467,0.5564349,-0.020061886,0.2863688,1,1.0,False,11
0.89687544,0.7518372,-0.01433451,-0.012573371,1,1.0,False,11
0.9119122,0.94716173,-0.014585977,-0.30974433,0,1.0,False,11
0.9308554,0.7522506,-0.020780863,-0.021696849,0,1.0,False,11
0.94590044,0.5574328,-0.0212148,0.26435772,1,1.0,False,11
0.9570491,0.752851,-0.015927646,-0.03494035,0,1.0,False,11
0.9721061,0.557961,-0.016626453,0.252675,1,1.0,False,11
0.98326534,0.7533164,-0.011572953,-0.045205515,1,1.0,False,11
0.99833167,0.9486024,-0.0124770645,-0.34151724,0,1.0,False,11
1.0173037,0.75366014,-0.019307408,-0.05279481,0,1.0,False,11
1.0323769,0.55882025,-0.020363305,0.23373449,1,1.0,False,11
1.0435534,0.75422716,-0.015688615,-0.065301485,0,1.0,False,11
1.0586379,0.5593336,-0.016994644,0.22239059,1,1.0,False,11
1.0698246,0.7546943,-0.012546833,-0.075604305,0,1.0,False,11
1.0849184,0.55975443,-0.014058919,0.21309379,1,1.0,False,11
1.0961134,0.75507456,-0.009797043,-0.083990596,1,1.0,False,11
1.111215,0.95033556,-0.011476855,-0.37974834,0,1.0,False,11
1.1302217,0.7553784,-0.019071821,-0.09070606,0,1.0,False,11
1.1453292,0.56053495,-0.020885943,0.19589922,1,1.0,False,11
1.1565399,0.7559494,-0.016967958,-0.10329844,0,1.0,False,11
1.171659,0.5610746,-0.019033927,0.18398322,1,1.0,False,11
1.1828804,0.7564637,-0.015354263,-0.1146429,0,1.0,False,11
1.1980097,0.56156504,-0.017647121,0.17315659,1,1.0,False,11
1.209241,0.75693506,-0.014183989,-0.12504078,0,1.0,False,11
1.2243798,0.56201917,-0.016684804,0.16313371,1,1.0,False,11
1.2356201,0.75737596,-0.013422131,-0.13476577,0,1.0,False,11
1.2507676,0.5624488,-0.016117446,0.15365262,1,1.0,False,11
1.2620167,0.7577978,-0.013044394,-0.1440711,0,1.0,False,11
1.2771726,0.5628651,-0.015925815,0.14446817,1,1.0,False,11
1.2884299,0.75821143,-0.013036453,-0.1531962,0,1.0,False,11
1.3035941,0.56327856,-0.016100377,0.13534567,1,1.0,False,11
1.3148596,0.75862736,-0.013393464,-0.16237289,0,1.0,False,11
1.3300322,0.56369966,-0.016640922,0.12605484,1,1.0,False,11
1.3413062,0.75905603,-0.014119824,-0.17183131,0,1.0,False,11
1.3564873,0.56413895,-0.017556451,0.11636402,1,1.0,False,11
1.3677701,0.759508,-0.01522917,-0.18180571,0,1.0,False,11
1.3829602,0.56460726,-0.018865285,0.106034316,1,1.0,False,11
1.3942524,0.7599944,-0.016744599,-0.19254032,0,1.0,False,11
1.4094523,0.5651159,-0.020595405,0.09481371,1,1.0,False,11
1.4207547,0.76052696,-0.01869913,-0.20429523,0,1.0,False,11
1.4359652,0.56567734,-0.022785036,0.08243087,1,1.0,False,11
1.4472787,0.76111835,-0.021136418,-0.21735281,0,1.0,False,11
1.462501,0.56630486,-0.025483474,0.06858856,1,1.0,False,11
1.4738271,0.7617827,-0.024111703,-0.23202436,0,1.0,False,11
1.4890628,0.56701344,-0.02875219,0.052956473,1,1.0,False,11
1.500403,0.7625356,-0.027693061,-0.24865754,0,1.0,False,11
1.5156538,0.56781983,-0.03266621,0.03516336,1,1.0,False,11
1.5270102,0.76339465,-0.031962942,-0.2676445,0,1.0,False,11
1.542278,0.5687431,-0.037315834,0.014788212,1,1.0,False,11
1.553653,0.7643798,-0.03702007,-0.28943083,0,1.0,False,11
1.5689405,0.5698047,-0.042808685,-0.0086496705,0,1.0,False,11
1.5803367,0.37532204,-0.04298168,0.2702252,1,1.0,False,11
1.5878431,0.57103014,-0.037577175,-0.035698555,1,1.0,False,11
1.5992637,0.7666703,-0.038291145,-0.33999664,0,1.0,False,11
1.6145971,0.57211345,-0.045091078,-0.05963022,0,1.0,False,11
1.6260394,0.37766606,-0.046283685,0.21849214,1,1.0,False,11
1.6335927,0.573418,-0.04191384,-0.08842391,0,1.0,False,11
1.645061,0.37892115,-0.04368232,0.19074613,1,1.0,False,11
1.6526395,0.5746399,-0.039867397,-0.11539049,0,1.0,False,11
1.6641322,0.38011122,-0.042175207,0.1644528,1,1.0,False,11
1.6717345,0.57581073,-0.03888615,-0.14123127,0,1.0,False,11
1.6832507,0.38126665,-0.041710775,0.13893458,1,1.0,False,11
1.690876,0.57696044,-0.038932085,-0.16661017,0,1.0,False,11
1.7024152,0.38241675,-0.042264286,0.11354105,1,1.0,False,11
1.7100636,0.578118,-0.039993465,-0.19217071,0,1.0,False,11
1.7216259,0.38359034,-0.04383688,0.08763255,0,1.0,False,11
1.7292978,0.18912327,-0.04208423,0.366169,1,1.0,False,11
1.7330801,0.3848172,-0.034760848,0.060518894,1,1.0,False,11
1.7407765,0.5804199,-0.03355047,-0.24292548,0,1.0,False,11
1.7523849,0.38579282,-0.03840898,0.03898882,0,1.0,False,11
1.7601008,0.1912421,-0.037629206,0.3193102,1,1.0,False,11
1.7639257,0.3868792,-0.031243,0.015001915,1,1.0,False,11
1.7716632,0.58243495,-0.030942962,-0.28737253,0,1.0,False,11
1.783312,0.3877676,-0.036690414,-0.0046070893,0,1.0,False,11
1.7910672,0.19319056,-0.036782555,0.2762775,1,1.0,False,11
1.794931,0.38881746,-0.031257004,-0.027775964,0,1.0,False,11
1.8027074,0.19415736,-0.031812523,0.25488347,1,1.0,False,11
1.8065906,0.38971874,-0.026714854,-0.04766149,0,1.0,False,11
1.8143849,0.19498986,-0.027668083,0.2364744,1,1.0,False,11
1.8182847,0.39049596,-0.022938596,-0.06480588,0,1.0,False,11
1.8260946,0.19571026,-0.024234714,0.22055243,1,1.0,False,11
1.8300089,0.39117008,-0.019823665,-0.079675525,0,1.0,False,11
1.8378323,0.19633785,-0.021417174,0.20668764,1,1.0,False,11
1.8417591,0.3917594,-0.017283423,-0.09267363,0,1.0,False,11
1.8495942,0.19688939,-0.019136894,0.19450666,1,1.0,False,11
1.8535321,0.39227977,-0.015246761,-0.10415117,0,1.0,False,11
1.8613776,0.1973796,-0.017329784,0.18368274,1,1.0,False,11
1.8653252,0.39274517,-0.01365613,-0.11441632,0,1.0,False,11
1.8731802,0.19782154,-0.015944457,0.1739271,1,1.0,False,11
1.8771366,0.393168,-0.012465915,-0.12374284,0,1.0,False,11
1.8849999,0.19822685,-0.014940771,0.16498129,1,1.0,False,11
1.8889644,0.39355946,-0.011641146,-0.13237733,0,1.0,False,11
1.8968357,0.19860618,-0.014288692,0.15661035,1,1.0,False,11
1.9008077,0.39392975,-0.011156485,-0.14054585,0,1.0,False,11
1.9086864,0.19896936,-0.013967402,0.14859663,1,1.0,False,11
1.9126657,0.3942885,-0.010995469,-0.1484598,0,1.0,False,11
1.9205515,0.19932573,-0.013964665,0.14073409,1,1.0,False,11
1.924538,0.39464486,-0.011149984,-0.15632154,0,1.0,False,11
1.9324309,0.19968432,-0.014276414,0.13282308,1,1.0,False,11
1.9364246,0.39500782,-0.0116199525,-0.16432945,0,1.0,False,11
1.9443247,0.20005412,-0.014906541,0.12466517,1,1.0,False,11
1.9483259,0.39538643,-0.012413238,-0.17268309,0,1.0,False,11
1.9562336,0.20044431,-0.0158669,0.11605815,1,1.0,False,11
1.9602425,0.39578998,-0.013545737,-0.18158813,0,1.0,False,11
1.9681582,0.20086445,-0.0171775,0.10679101,1,1.0,False,11
1.9721756,0.39622828,-0.015041679,-0.19126146,0,1.0,False,11
1.9801002,0.20132472,-0.018866908,0.09663875,1,1.0,False,11
1.9841266,0.39671192,-0.016934134,-0.20193645,0,1.0,False,11
1.9920609,0.2018362,-0.020972863,0.08535683,1,1.0,False,11
1.9960976,0.3972524,-0.019265726,-0.21386859,0,1.0,False,11
2.0040426,0.20241112,-0.023543097,0.07267534,1,1.0,False,11
2.0080907,0.39786255,-0.022089591,-0.22734158,0,1.0,False,11
2.0160482,0.20306313,-0.026636424,0.058292445,0,1.0,False,11
2.0201094,0.008333018,-0.025470573,0.3424538,1,1.0,False,11
2.020276,0.2038079,-0.018621497,0.041849047,1,1.0,False,11
2.024352,0.39919186,-0.017784517,-0.25665048,0,1.0,False,11
2.032336,0.20432828,-0.022917526,0.030370293,0,1.0,False,11
2.0364225,0.0095423525,-0.022310121,0.3157353,1,1.0,False,11
2.0366135,0.20497487,-0.015995415,0.016100846,1,1.0,False,11
2.0407128,0.40032253,-0.015673397,-0.2815856,0,1.0,False,11
2.0487194,0.2054276,-0.02130511,0.0061130854,0,1.0,False,11
2.0528278,0.010617573,-0.021182848,0.2919986,1,1.0,False,11
2.0530403,0.20603505,-0.015342876,-0.00728916,1,1.0,False,11
2.057161,0.40137365,-0.015488659,-0.30477318,0,1.0,False,11
2.0651884,0.2064758,-0.021584123,-0.017014978,0,1.0,False,11
2.069318,0.011669935,-0.021924423,0.26878053,1,1.0,False,11
2.0695515,0.2070978,-0.016548812,-0.030736089,1,1.0,False,11
2.0736933,0.4024531,-0.017163534,-0.32859406,0,1.0,False,11
2.0817423,0.20757966,-0.023735415,-0.04137276,0,1.0,False,11
2.0858939,0.012805961,-0.024562871,0.24372792,1,1.0,False,11
2.0861502,0.20826998,-0.019688312,-0.05660043,0,1.0,False,11
2.0903156,0.013435786,-0.02082032,0.22980624,1,1.0,False,11
2.0905843,0.20884897,-0.016224196,-0.06937075,0,1.0,False,11
2.0947611,0.013963339,-0.01761161,0.21814953,1,1.0,False,11
2.0950406,0.20933256,-0.01324862,-0.0800364,1,1.0,False,11
2.0992272,0.4046419,-0.014849348,-0.37686968,0,1.0,False,11
2.1073198,0.20973398,-0.02238674,-0.088905565,0,1.0,False,11
2.1115146,0.014939941,-0.024164854,0.19663112,1,1.0,False,11
2.1118133,0.21039906,-0.02023223,-0.10357574,0,1.0,False,11
2.1160214,0.015572807,-0.022303745,0.18265596,1,1.0,False,11
2.1163328,0.21100669,-0.018650627,-0.116978705,0,1.0,False,11
2.120553,0.016156856,-0.0209902,0.16976224,1,1.0,False,11
2.120876,0.21157286,-0.017594956,-0.12946786,0,1.0,False,11
2.1251075,0.01670732,-0.020184312,0.15761255,1,1.0,False,11
2.1254418,0.21211235,-0.017032063,-0.14136907,0,1.0,False,11
2.129684,0.017238421,-0.019859442,0.14589223,1,1.0,False,11
2.1300287,0.21263906,-0.016941598,-0.15298921,0,1.0,False,11
2.1342816,0.017763736,-0.020001383,0.13430123,1,1.0,False,11
2.1346369,0.21316639,-0.017315358,-0.16462414,0,1.0,False,11
2.1389,0.018296532,-0.02060784,0.12254637,1,1.0,False,11
2.139266,0.21370757,-0.018156914,-0.17656623,0,1.0,False,11
2.1435401,0.018850109,-0.021688238,0.11033395,1,1.0,False,11
2.1439173,0.21427602,-0.019481558,-0.18911181,0,1.0,False,11
2.1482027,0.019438123,-0.023263795,0.097362354,1,1.0,False,11
2.1485915,0.21488564,-0.021316549,-0.20256853,0,1.0,False,11
2.1528893,0.020074928,-0.02536792,0.08331456,1,1.0,False,11
2.1532907,0.21555117,-0.023701629,-0.21726282,0,1.0,False,11
2.1576018,0.020775912,-0.028046884,0.067850366,0,1.0,False,11
2.1580172,-0.17393294,-0.026689878,0.35155407,1,1.0,False,11
2.1545386,0.0215582,-0.019658795,0.050575916,1,1.0,False,11
2.1549697,0.21695644,-0.018647278,-0.24824412,0,1.0,False,11
2.159309,0.022105692,-0.02361216,0.038499203,1,1.0,False,11
2.159751,0.21755815,-0.022842176,-0.26153907,0,1.0,False,11
2.164102,0.02276958,-0.028072957,0.023852527,0,1.0,False,11
2.1645575,-0.17193876,-0.027595906,0.3075476,1,1.0,False,11
2.1611187,0.023565313,-0.021444954,0.006290973,0,1.0,False,11
2.16159,-0.17124262,-0.021319134,0.29213136,1,1.0,False,11
2.1581652,0.024176706,-0.015476508,-0.0071983784,1,1.0,False,11
2.1586487,0.21951716,-0.015620476,-0.30472386,0,1.0,False,11
2.1630392,0.02462125,-0.021714952,-0.017007915,0,1.0,False,11
2.1635315,-0.17018266,-0.022055112,0.26874536,1,1.0,False,11
2.1601279,0.025246982,-0.016680203,-0.030811481,0,1.0,False,11
2.1606328,-0.16963184,-0.017296433,0.25656235,1,1.0,False,11
2.1572402,0.025732728,-0.012165187,-0.04152558,0,1.0,False,11
2.157755,-0.16921268,-0.0129956985,0.24729443,1,1.0,False,11
2.1543705,0.026092434,-0.008049809,-0.049459144,1,1.0,False,11
2.1548924,0.22132888,-0.009038992,-0.34467095,0,1.0,False,11
2.159319,0.026336674,-0.015932411,-0.05485201,0,1.0,False,11
2.1598458,-0.16855325,-0.017029451,0.23276184,1,1.0,False,11
2.1564746,0.026807837,-0.012374215,-0.06524371,0,1.0,False,11
2.1570108,-0.16813454,-0.013679089,0.22350954,1,1.0,False,11
2.1536481,0.02718023,-0.009208898,-0.073456734,0,1.0,False,11
2.1541917,-0.1678085,-0.010678033,0.21630658,1,1.0,False,11
2.1508355,0.027464462,-0.0063519017,-0.079725444,0,1.0,False,11
2.1513848,-0.16756585,-0.00794641,0.2109467,1,1.0,False,11
2.1480336,0.027668804,-0.0037274768,-0.08423228,0,1.0,False,11
2.148587,-0.16739951,-0.0054121222,0.20727229,1,1.0,False,11
2.1452389,0.027799403,-0.0012666765,-0.087112956,0,1.0,False,11
2.1457949,-0.16730437,-0.0030089356,0.20517007,1,1.0,False,11
2.142449,0.027860483,0.0010944656,-0.08846051,1,1.0,False,11
2.143006,0.22296673,-0.0006747446,-0.38079792,0,1.0,False,11
2.1474655,0.027854366,-0.008290703,-0.08832783,0,1.0,False,11
2.1480224,-0.16714777,-0.01005726,0.20172788,1,1.0,False,11
2.1446795,0.028116561,-0.0060227024,-0.094110586,0,1.0,False,11
2.1452417,-0.16691855,-0.007904914,0.1966661,1,1.0,False,11
2.1419034,0.02831557,-0.0039715916,-0.09849994,0,1.0,False,11
2.14247,-0.16674924,-0.0059415908,0.19292732,1,1.0,False,11
2.139135,0.028457206,-0.0020830443,-0.101624,0,1.0,False,11
2.139704,-0.16663483,-0.0041155242,0.190401,1,1.0,False,11
2.1363711,0.028545754,-0.00030750397,-0.10357735,0,1.0,False,11
2.1369421,-0.16657178,-0.002379051,0.18900855,1,1.0,False,11
2.1336107,0.028584119,0.0014011199,-0.104423925,0,1.0,False,11
2.1341825,-0.16655788,-0.0006873586,0.18870072,1,1.0,False,11
2.1308513,0.028573895,0.0030866556,-0.10419896,0,1.0,False,11
2.1314228,-0.16659215,0.0010026764,0.1894562,1,1.0,False,11
2.1280909,0.028515438,0.0047918004,-0.102910265,0,1.0,False,11
2.1286612,-0.16667485,0.002733595,0.1912806,1,1.0,False,11
2.1253276,0.028407881,0.006559207,-0.10053874,1,1.0,False,11
2.1258957,0.22343522,0.0045484323,-0.39114505,0,1.0,False,11
2.1303647,0.02824901,-0.003274469,-0.09703154,0,1.0,False,11
2.1309295,-0.16682586,-0.0052150995,0.1946165,1,1.0,False,11
2.127593,0.028370304,-0.0013227696,-0.09970699,0,1.0,False,11
2.1281605,-0.16673267,-0.0033169093,0.19255832,1,1.0,False,11
2.1248257,0.028436577,0.00053425686,-0.10116911,0,1.0,False,11
2.1253946,-0.16669303,-0.0014891253,0.19168232,1,1.0,False,11
2.1220605,0.028450197,0.0023445212,-0.101469986,0,1.0,False,11
2.1226296,-0.16670528,0.00031512138,0.1919517,1,1.0,False,11
2.1192956,0.028412165,0.0041541555,-0.100631796,0,1.0,False,11
2.1198637,-0.16676907,0.0021415194,0.19335885,1,1.0,False,11
2.1165285,0.028322177,0.0060086967,-0.09864774,0,1.0,False,11
2.1170948,-0.16688538,0.0040357416,0.19592483,1,1.0,False,11
2.1137571,0.02817862,0.007954239,-0.09548226,1,1.0,False,11
2.1143208,0.22318567,0.006044593,-0.38564506,0,1.0,False,11
2.1187844,0.02797843,-0.0016683078,-0.09106245,0,1.0,False,11
2.119344,-0.16711956,-0.0034895567,0.20109366,1,1.0,False,11
2.1160016,0.028052114,0.0005323164,-0.09268802,0,1.0,False,11
2.1165626,-0.16707747,-0.0013214438,0.20016281,1,1.0,False,11
2.1132212,0.028063364,0.0026818123,-0.09293667,0,1.0,False,11
2.1137824,-0.16709693,0.00082307885,0.20059115,1,1.0,False,11
2.1104405,0.028013246,0.004834902,-0.09183202,0,1.0,False,11
2.1110008,-0.16717766,0.0029982615,0.20237239,1,1.0,False,11
2.1076572,0.027901273,0.0070457095,-0.089363225,0,1.0,False,11
2.108215,-0.16732095,0.005258445,0.20553428,1,1.0,False,11
2.1048687,0.027725406,0.00936913,-0.08548524,1,1.0,False,11
2.1054232,0.22271182,0.0076594255,-0.37519753,0,1.0,False,11
2.1098776,0.027481908,0.00015547492,-0.08010942,0,1.0,False,11
2.1104271,-0.16764227,-0.0014467135,0.21262255,1,1.0,False,11
2.1070743,0.027500333,0.0028057378,-0.080516376,0,1.0,False,11
2.1076243,-0.16766173,0.0011954102,0.21305044,1,1.0,False,11
2.1042712,0.027443115,0.005456419,-0.079255156,0,1.0,False,11
2.10482,-0.16775663,0.0038713159,0.21514428,1,1.0,False,11
2.1014647,0.027309762,0.0081742015,-0.07631495,1,1.0,False,11
2.102011,0.22231358,0.0066479025,-0.36640772,0,1.0,False,11
2.1064572,0.027097795,-0.00068025186,-0.07163604,0,1.0,False,11
2.1069992,-0.16801439,-0.0021129728,0.22083218,1,1.0,False,11
2.103639,0.027137693,0.002303671,-0.07251651,0,1.0,False,11
2.1041818,-0.16801721,0.0008533409,0.22089234,1,1.0,False,11
2.1008213,0.027092535,0.005271188,-0.07152128,0,1.0,False,11
2.1013632,-0.16810459,0.0038407622,0.22282006,1,1.0,False,11
2.098001,0.026962256,0.008297163,-0.06864887,1,1.0,False,11
2.0985403,0.22196427,0.006924186,-0.35870248,0,1.0,False,11
2.1029797,0.026744578,-0.00024986392,-0.06384427,0,1.0,False,11
2.1035144,-0.1683738,-0.0015267493,0.22875981,1,1.0,False,11
2.100147,0.026769945,0.0030484467,-0.064404316,0,1.0,False,11
2.1006825,-0.16839558,0.0017603606,0.22923885,1,1.0,False,11
2.0973146,0.026701173,0.0063451375,-0.06288827,1,1.0,False,11
2.0978487,0.22173157,0.005087372,-0.35356253,0,1.0,False,11
2.1022832,0.026537657,-0.0019838787,-0.059279762,0,1.0,False,11
2.102814,-0.1685558,-0.003169474,0.23277658,1,1.0,False,11
2.0994427,0.026611302,0.0014860576,-0.060904417,0,1.0,False,11
2.099975,-0.16853192,0.0002679693,0.232247,1,1.0,False,11
2.0966043,0.026586195,0.004912909,-0.06035139,1,1.0,False,11
2.097136,0.22163737,0.0037058815,-0.35148022,0,1.0,False,11
2.101569,0.026462907,-0.0033237229,-0.05763102,0,1.0,False,11
2.1020982,-0.16861123,-0.0044763433,0.2340014,1,1.0,False,11
2.0987258,0.026574392,0.00020368466,-0.060090143,0,1.0,False,11
2.0992575,-0.16855048,-0.0009981182,0.23265705,1,1.0,False,11
2.0958865,0.02658572,0.0036550227,-0.060340557,0,1.0,False,11
2.0964181,-0.16858844,0.0024482114,0.23349331,1,1.0,False,11
2.0930464,0.02649844,0.0071180775,-0.05841637,1,1.0,False,11
2.0935762,0.22151761,0.00594975,-0.348845,0,1.0,False,11
2.0980067,0.026311547,-0.0010271502,-0.054291885,0,1.0,False,11
2.098533,-0.16879566,-0.002112988,0.23806679,1,1.0,False,11
2.095157,0.026356412,0.002648348,-0.055281885,0,1.0,False,11
2.095684,-0.16880341,0.0015427101,0.23823544,1,1.0,False,11
2.092308,0.026296465,0.006307419,-0.053960476,1,1.0,False,11
2.092834,0.22132741,0.0052282093,-0.3446467,0,1.0,False,11
2.0972605,0.026131477,-0.0016647248,-0.05031972,0,1.0,False,11
2.097783,-0.16896656,-0.002671119,0.2418375,1,1.0,False,11
2.0944037,0.026193442,0.002165631,-0.051686764,0,1.0,False,11
2.0949278,-0.1689595,0.0011318957,0.24167866,1,1.0,False,11
2.0915484,0.026146268,0.0059654685,-0.05064703,1,1.0,False,11
2.0920713,0.22118218,0.004952528,-0.34144184,0,1.0,False,11
2.0964952,0.025990112,-0.0018763089,-0.04720131,0,1.0,False,11
2.097015,-0.16910489,-0.002820335,0.24488904,1,1.0,False,11
2.0936327,0.026057236,0.0020774456,-0.048682157,0,1.0,False,11
2.094154,-0.16909444,0.0011038025,0.24465549,1,1.0,False,11
2.090772,0.026011726,0.0059969123,-0.04767906,1,1.0,False,11
2.0912921,0.22104718,0.005043331,-0.3384639,0,1.0,False,11
2.0957131,0.025853824,-0.0017259466,-0.04419485,0,1.0,False,11
2.0962303,-0.16924334,-0.0026098436,0.24794303,1,1.0,False,11
2.0928454,0.02591579,0.0023490167,-0.04556196,1,1.0,False,11
2.0933638,0.22100398,0.0014377775,-0.33750284,0,1.0,False,11
2.0977838,0.025861599,-0.005312279,-0.04436685,0,1.0,False,11
2.098301,-0.16918378,-0.006199616,0.24663527,1,1.0,False,11
2.0949173,0.026026167,-0.0012669106,-0.047996685,0,1.0,False,11
2.0954378,-0.16907759,-0.0022268442,0.24428625,1,1.0,False,11
2.0920563,0.026076091,0.0026588808,-0.049098246,0,1.0,False,11
2.092578,-0.16908388,0.0016769158,0.24442239,1,1.0,False,11
2.0891962,0.026014075,0.0065653636,-0.04773112,1,1.0,False,11
2.0897164,0.22104128,0.005610741,-0.3383354,0,1.0,False,11
2.0941372,0.025839932,-0.0011559669,-0.043888457,0,1.0,False,11
2.094654,-0.16926542,-0.002033736,0.24842952,1,1.0,False,11
2.0912688,0.025885513,0.0029348545,-0.044894192,1,1.0,False,11
2.0917864,0.22096525,0.0020369708,-0.3366497,0,1.0,False,11
2.0962057,0.025814377,-0.004696023,-0.04332512,0,1.0,False,11
2.0967221,-0.16923992,-0.0055625257,0.24787247,1,1.0,False,11
2.0933373,0.025961028,-0.00060507614,-0.046559792,0,1.0,False,11
2.0938566,-0.16915224,-0.001536272,0.24593216,1,1.0,False,11
2.0904734,0.025991617,0.0033823713,-0.04723494,1,1.0,False,11
2.0909932,0.22106491,0.0024376726,-0.33884877,0,1.0,False,11
2.0954146,0.025908353,-0.004339303,-0.04539815,0,1.0,False,11
2.0959327,-0.16915111,-0.005247266,0.24591254,1,1.0,False,11
2.0925498,0.026045393,-0.00032901534,-0.048420873,0,1.0,False,11
2.0930707,-0.16907184,-0.0012974328,0.24415822,1,1.0,False,11
2.0896893,0.026068619,0.0035857318,-0.04893366,1,1.0,False,11
2.0902107,0.22113897,0.0026070587,-0.3404831,0,1.0,False,11
2.0946333,0.025980024,-0.0042026034,-0.0469792,0,1.0,False,11
2.0951529,-0.16908142,-0.0051421872,0.24437481,1,1.0,False,11
2.0917714,0.026113605,-0.0002546912,-0.049925644,0,1.0,False,11
2.0922935,-0.1690047,-0.0012532041,0.24267691,1,1.0,False,11
2.0889134,0.026135135,0.0036003343,-0.050401043,0,1.0,False,11
2.0894363,-0.16903825,0.0025923133,0.24341564,1,1.0,False,11
2.0860555,0.026046572,0.0074606263,-0.048448477,1,1.0,False,11
2.0865765,0.22106075,0.006491657,-0.3387682,0,1.0,False,11
2.0909977,0.025847035,-0.00028370734,-0.044045262,0,1.0,False,11
2.0915146,-0.16927084,-0.0011646126,0.24854814,1,1.0,False,11
2.088129,0.025867717,0.0038063503,-0.044501904,1,1.0,False,11
2.0886464,0.22093488,0.0029163123,-0.33598146,0,1.0,False,11
2.0930653,0.025771549,-0.003803317,-0.042380314,0,1.0,False,11
2.0935805,-0.16929565,-0.0046509234,0.24910021,1,1.0,False,11
2.0901947,0.025892403,0.00033108072,-0.045046087,0,1.0,False,11
2.0907125,-0.16923429,-0.000569841,0.24774128,1,1.0,False,11
2.0873277,0.02589579,0.0043849847,-0.04512133,1,1.0,False,11
2.0878458,0.22095458,0.003482558,-0.33641753,0,1.0,False,11
2.092265,0.025783252,-0.0032457926,-0.042638432,0,1.0,False,11
2.0927806,-0.169292,-0.0040985616,0.24901865,1,1.0,False,11
2.0893946,0.025888236,0.0008818116,-0.04495423,0,1.0,False,11
2.0899124,-0.16924635,-1.7272932e-05,0.24800679,1,1.0,False,11
2.0865276,0.025875848,0.004942863,-0.044681586,1,1.0,False,11
2.087045,0.22092657,0.0040492313,-0.33580092,0,1.0,False,11
2.0914636,0.025747232,-0.002666787,-0.04184382,0,1.0,False,11
2.0919785,-0.16933638,-0.0035036635,0.24999651,1,1.0,False,11
2.0885918,0.025835432,0.0014962669,-0.043789476,0,1.0,False,11
2.0891085,-0.16930795,0.0006204774,0.24936517,1,1.0,False,11
2.0857222,0.025805142,0.0056077805,-0.043121986,1,1.0,False,11
2.0862384,0.22084624,0.004745341,-0.33403033,0,1.0,False,11
2.0906553,0.025657065,-0.001935266,-0.039854765,0,1.0,False,11
2.0911684,-0.16943708,-0.0027323612,0.25221694,1,1.0,False,11
2.0877798,0.02572378,0.0023119776,-0.041326575,0,1.0,False,11
2.0882943,-0.16943125,0.001485446,0.2520849,1,1.0,False,11
2.0849056,0.02566946,0.006527144,-0.04012911,1,1.0,False,11
2.085419,0.22069721,0.005724562,-0.33074555,0,1.0,False,11
2.089833,0.025494238,-0.0008903488,-0.036262866,0,1.0,False,11
2.0903428,-0.16961494,-0.0016156061,0.256139,1,1.0,False,11
2.0869505,0.025530048,0.003507174,-0.037053064,1,1.0,False,11
2.0874612,0.22060153,0.0027661128,-0.32862738,0,1.0,False,11
2.0918732,0.02544031,-0.0038064348,-0.035073433,0,1.0,False,11
2.092382,-0.16962685,-0.0045079035,0.2564061,1,1.0,False,11
2.0889895,0.02555917,0.00062021846,-0.03769528,0,1.0,False,11
2.0895007,-0.16957167,-0.00013368712,0.25518328,1,1.0,False,11
2.0861092,0.02555219,0.0049699782,-0.03754182,1,1.0,False,11
2.0866203,0.22060253,0.004219142,-0.32865253,0,1.0,False,11
2.0910323,0.02542076,-0.002353909,-0.034642078,0,1.0,False,11
2.0915406,-0.16966736,-0.0030467506,0.25729725,1,1.0,False,11
2.0881474,0.02549796,0.002099194,-0.03634512,1,1.0,False,11
2.0886574,0.22058974,0.0013722918,-0.328365,0,1.0,False,11
2.093069,0.025448285,-0.005195008,-0.035249624,0,1.0,False,11
2.093578,-0.16959879,-0.0059000007,0.2557897,1,1.0,False,11
2.090186,0.025606906,-0.00078420644,-0.03874832,0,1.0,False,11
2.0906982,-0.1695038,-0.0015591729,0.25368708,1,1.0,False,11
2.0873082,0.025640387,0.0035145686,-0.03948723,1,1.0,False,11
2.087821,0.22071177,0.002724824,-0.33105922,0,1.0,False,11
2.092235,0.025551133,-0.0038963603,-0.03751825,0,1.0,False,11
2.0927463,-0.16951473,-0.004646725,0.2539328,1,1.0,False,11
2.089356,0.025673263,0.0004319306,-0.040212166,0,1.0,False,11
2.0898693,-0.16945487,-0.00037231273,0.25260702,1,1.0,False,11
2.0864804,0.025672385,0.0046798275,-0.04019333,1,1.0,False,11
2.0869937,0.22072692,0.0038759608,-0.33139607,0,1.0,False,11
2.0914083,0.02555001,-0.0027519604,-0.037493367,0,1.0,False,11
2.0919192,-0.16953237,-0.0035018276,0.25432003,1,1.0,False,11
2.0885286,0.025639405,0.0015845727,-0.039465383,0,1.0,False,11
2.0890415,-0.16950524,0.000795265,0.25371706,1,1.0,False,11
2.0856514,0.025605354,0.0058696065,-0.03871491,1,1.0,False,11
2.0861635,0.22064264,0.005095308,-0.32954016,0,1.0,False,11
2.0905762,0.025448533,-0.0014954949,-0.03525477,0,1.0,False,11
2.0910852,-0.16965194,-0.0022005902,0.25695595,1,1.0,False,11
2.0876923,0.02550136,0.0029385285,-0.036420275,1,1.0,False,11
2.0882022,0.22058105,0.002210123,-0.32817462,0,1.0,False,11
2.092614,0.025427703,-0.0043533696,-0.03479554,0,1.0,False,11
2.0931225,-0.16963156,-0.0050492804,0.25651067,1,1.0,False,11
2.0897298,0.025562124,8.093329e-05,-0.037760586,0,1.0,False,11
2.090241,-0.16956098,-0.0006742784,0.25494787,1,1.0,False,11
2.0868497,0.025570584,0.004424679,-0.037947655,1,1.0,False,11
2.087361,0.22062881,0.0036657262,-0.32923126,0,1.0,False,11
2.0917737,0.025454864,-0.0029188993,-0.0353946,0,1.0,False,11
2.0922828,-0.1696251,-0.0036267915,0.25636595,1,1.0,False,11
2.0888903,0.025548436,0.0015005276,-0.03745871,0,1.0,False,11
2.0894012,-0.169595,0.00075135345,0.25569728,1,1.0,False,11
2.0860095,0.025516216,0.0058652987,-0.036748573,1,1.0,False,11
2.0865197,0.22055356,0.0051303273,-0.32757518,0,1.0,False,11
2.090931,0.025358954,-0.0014211762,-0.033278804,0,1.0,False,11
2.091438,-0.16974258,-0.0020867523,0.2589554,1,1.0,False,11
2.0880432,0.025409091,0.0030923553,-0.034385,1,1.0,False,11
2.0885513,0.22048657,0.0024046553,-0.32609066,0,1.0,False,11
2.092961,0.025330456,-0.004117158,-0.032650374,0,1.0,False,11
2.0934677,-0.16973221,-0.0047701653,0.2587307,1,1.0,False,11
2.090073,0.025457513,0.0004044488,-0.035452973,0,1.0,False,11
2.0905821,-0.16967024,-0.00030461067,0.25735754,1,1.0,True,11
-0.027754845,0.001857997,-0.042034604,0.007743971,0,1.0,False,12
-0.027717685,-0.1926367,-0.041879725,0.2868738,0,1.0,False,12
-0.03157042,-0.38713714,-0.03614225,0.5660596,0,1.0,False,12
-0.039313164,-0.58173394,-0.024821056,0.8471406,0,1.0,False,12
-0.05094784,-0.7765086,-0.007878243,1.131916,1,1.0,False,12
-0.066478014,-0.58128446,0.014760078,0.8367727,1,1.0,False,12
-0.078103706,-0.38636717,0.031495534,0.5487679,0,1.0,False,12
-0.085831046,-0.5819171,0.04247089,0.85120547,1,1.0,False,12
-0.09746939,-0.38739914,0.059495002,0.5721744,1,1.0,False,12
-0.10521737,-0.19315967,0.07093849,0.29881188,0,1.0,False,12
-0.10908057,-0.38921735,0.07691473,0.6129971,1,1.0,False,12
-0.11686491,-0.19524974,0.089174666,0.34549657,1,1.0,False,12
-0.1207699,-0.0015019736,0.0960846,0.08221232,0,1.0,False,12
-0.120799944,-0.19786058,0.09772885,0.4035971,1,1.0,False,12
-0.124757156,-0.0042506657,0.105800785,0.14325453,1,1.0,False,12
-0.12484217,0.18920949,0.108665876,-0.11426562,0,1.0,False,12
-0.12105798,-0.007288153,0.10638057,0.21062727,1,1.0,False,12
-0.12120374,0.18616463,0.11059311,-0.046694584,1,1.0,False,12
-0.11748045,0.3795413,0.10965922,-0.30253938,0,1.0,False,12
-0.10988963,0.18304123,0.10360843,0.022615522,1,1.0,False,12
-0.1062288,0.37653652,0.10406074,-0.23566455,0,1.0,False,12
-0.09869807,0.18009365,0.09934745,0.08794447,1,1.0,False,12
-0.09509619,0.37366158,0.10110634,-0.17181562,0,1.0,False,12
-0.08762296,0.17724879,0.097670026,0.15097362,1,1.0,False,12
-0.08407799,0.37084636,0.1006895,-0.10936938,1,1.0,False,12
-0.076661065,0.5643921,0.098502114,-0.36866483,0,1.0,False,12
-0.06537322,0.36801863,0.09112882,-0.04661964,1,1.0,False,12
-0.058012847,0.5617237,0.09019642,-0.3092168,0,1.0,False,12
-0.046778373,0.36544013,0.08401208,0.010493527,1,1.0,False,12
-0.03946957,0.55926305,0.08422196,-0.2545449,0,1.0,False,12
-0.028284311,0.36304584,0.07913106,0.06346961,1,1.0,False,12
-0.021023395,0.5569493,0.08040045,-0.2032352,1,1.0,False,12
-0.009884408,0.7508349,0.07633575,-0.4695118,0,1.0,False,12
0.00513229,0.55472225,0.06694551,-0.15377864,0,1.0,False,12
0.016226735,0.35870883,0.06386994,0.15925021,1,1.0,False,12
0.023400912,0.552861,0.06705494,-0.11261921,1,1.0,False,12
0.03445813,0.74696124,0.06480256,-0.38341585,0,1.0,False,12
0.049397357,0.55098194,0.05713424,-0.07102533,1,1.0,False,12
0.060416993,0.7452402,0.055713736,-0.34514895,0,1.0,False,12
0.0753218,0.5493718,0.048810754,-0.035430845,1,1.0,False,12
0.08630923,0.74376106,0.04810214,-0.31232277,0,1.0,False,12
0.10118446,0.547988,0.04185568,-0.0048662936,1,1.0,False,12
0.11214422,0.74248546,0.04175836,-0.284055,0,1.0,False,12
0.12699392,0.5467936,0.036077257,0.02150034,1,1.0,False,12
0.1379298,0.74138004,0.036507264,-0.25958505,0,1.0,False,12
0.15275739,0.54575646,0.031315565,0.044385552,1,1.0,False,12
0.16367252,0.7404157,0.032203276,-0.23825486,0,1.0,False,12
0.17848083,0.54484886,0.027438177,0.06440945,1,1.0,False,12
0.18937781,0.73956686,0.028726367,-0.21949184,0,1.0,False,12
0.20416915,0.54404634,0.02433653,0.08211237,1,1.0,False,12
0.21505009,0.73881114,0.025978778,-0.20279408,0,1.0,False,12
0.2298263,0.54332745,0.021922896,0.09796938,1,1.0,False,12
0.24069285,0.7381284,0.023882283,-0.18771708,0,1.0,False,12
0.2554554,0.5426731,0.02012794,0.11240306,1,1.0,False,12
0.26630887,0.73750097,0.022376003,-0.1738623,0,1.0,False,12
0.2810589,0.542066,0.018898757,0.12579472,1,1.0,False,12
0.29190022,0.7369122,0.02141465,-0.16086645,0,1.0,False,12
0.30663845,0.5414903,0.018197322,0.13849458,1,1.0,False,12
0.31746826,0.73634696,0.020967213,-0.14839229,0,1.0,False,12
0.33219522,0.5409311,0.017999368,0.15083092,0,1.0,False,12
0.34301382,0.34555614,0.021015987,0.44913748,1,1.0,False,12
0.34992495,0.54037464,0.029998736,0.16315255,1,1.0,False,12
0.36073244,0.73505455,0.033261787,-0.11991768,0,1.0,False,12
0.37543353,0.5394722,0.030863434,0.1830707,1,1.0,False,12
0.386223,0.73413926,0.034524847,-0.0997184,0,1.0,False,12
0.40090576,0.53853995,0.03253048,0.203654,1,1.0,False,12
0.41167656,0.73318195,0.03660356,-0.07859225,1,1.0,False,12
0.4263402,0.9277606,0.035031714,-0.35950562,0,1.0,False,12
0.44489542,0.7321586,0.027841602,-0.055985477,0,1.0,False,12
0.45953858,0.53664875,0.026721893,0.24535003,1,1.0,False,12
0.47027156,0.73137903,0.03162889,-0.038785834,1,1.0,False,12
0.48489913,0.9260335,0.030853176,-0.32132414,0,1.0,False,12
0.5034198,0.7304861,0.024426693,-0.019073194,1,1.0,False,12
0.5180295,0.92524934,0.024045229,-0.30395022,0,1.0,False,12
0.53653455,0.72979313,0.017966226,-0.003782027,1,1.0,False,12
0.5511304,0.9246529,0.017890584,-0.2907427,0,1.0,False,12
0.5696235,0.7292805,0.012075731,0.0075286035,0,1.0,False,12
0.5842091,0.5339874,0.012226303,0.30399698,1,1.0,False,12
0.5948888,0.72893304,0.018306242,0.01519488,1,1.0,False,12
0.60946745,0.9237877,0.01861014,-0.27165645,0,1.0,False,12
0.6279432,0.72840524,0.013177011,0.026837599,1,1.0,False,12
0.6425113,0.92333573,0.013713763,-0.26165888,0,1.0,False,12
0.660978,0.7280207,0.008480585,0.03531779,1,1.0,False,12
0.6755385,0.92302006,0.009186941,-0.2546774,0,1.0,False,12
0.6939989,0.7277682,0.0040933928,0.040889025,1,1.0,False,12
0.7085542,0.9228312,0.0049111736,-0.2504996,0,1.0,False,12
0.72701085,0.72763944,-9.881848e-05,0.043728363,1,1.0,False,12
0.7415636,0.9227628,0.0007757488,-0.24898574,0,1.0,False,12
0.7600189,0.7276298,-0.004203966,0.043941773,1,1.0,False,12
0.7745715,0.92281175,-0.0033251306,-0.25006458,0,1.0,False,12
0.7930277,0.7277374,-0.008326422,0.041567687,1,1.0,False,12
0.80758244,0.9229778,-0.0074950685,-0.25373062,0,1.0,False,12
0.826042,0.7279637,-0.012569681,0.036578823,1,1.0,False,12
0.8406013,0.9232636,-0.011838105,-0.26004332,0,1.0,False,12
0.85906655,0.7283126,-0.017038971,0.028882336,1,1.0,False,12
0.87363285,0.9236747,-0.016461324,-0.2691275,0,1.0,False,12
0.8921063,0.72879153,-0.021843875,0.018318307,0,1.0,False,12
0.90668213,0.53398955,-0.021477507,0.30402997,1,1.0,False,12
0.9173619,0.7294109,-0.015396908,0.0046516745,1,1.0,False,12
0.93195015,0.9247502,-0.015303874,-0.29284912,0,1.0,False,12
0.9504452,0.72984976,-0.021160858,-0.0050318497,0,1.0,False,12
0.9650422,0.5350376,-0.021261495,0.28090018,1,1.0,False,12
0.9757429,0.7304563,-0.01564349,-0.018412003,1,1.0,False,12
0.99035203,0.925799,-0.01601173,-0.3159893,0,1.0,False,12
1.008868,0.73090875,-0.022331517,-0.02839862,0,1.0,False,12
1.0234861,0.5361141,-0.022899488,0.25715566,1,1.0,False,12
1.0342084,0.73155534,-0.017756376,-0.042661253,0,1.0,False,12
1.0488396,0.53669244,-0.0186096,0.2443669,1,1.0,False,12
1.0595734,0.7320752,-0.013722262,-0.054127373,0,1.0,False,12
1.0742149,0.53715265,-0.01480481,0.23419468,1,1.0,False,12
1.084958,0.73248297,-0.010120916,-0.06312114,1,1.0,False,12
1.0996076,0.92774856,-0.01138334,-0.35898003,0,1.0,False,12
1.1181626,0.7327903,-0.018562939,-0.06990816,0,1.0,False,12
1.1328185,0.5379393,-0.019961104,0.21686076,1,1.0,False,12
1.1435772,0.73334086,-0.015623888,-0.08205134,0,1.0,False,12
1.158244,0.5384463,-0.017264914,0.20566157,1,1.0,False,12
1.1690129,0.73381084,-0.013151684,-0.0924172,0,1.0,False,12
1.1836891,0.5388798,-0.015000028,0.19608752,1,1.0,False,12
1.1944667,0.7342131,-0.011078277,-0.10128924,0,1.0,False,12
1.209151,0.5392516,-0.013104062,0.18787803,1,1.0,False,12
1.219936,0.7345586,-0.009346501,-0.10890973,0,1.0,False,12
1.2346272,0.5395718,-0.011524696,0.18080983,1,1.0,False,12
1.2454187,0.7348568,-0.007908499,-0.11548633,0,1.0,False,12
1.2601157,0.53984904,-0.010218225,0.17469107,1,1.0,False,12
1.2709128,0.7351157,-0.006724404,-0.12119778,0,1.0,False,12
1.2856151,0.54009074,-0.00914836,0.1693561,1,1.0,False,12
1.2964169,0.73534244,-0.0057612383,-0.12619877,1,1.0,False,12
1.3111237,0.93054646,-0.008285213,-0.42069373,0,1.0,False,12
1.3297347,0.7355429,-0.016699089,-0.1306342,0,1.0,False,12
1.3444456,0.5406641,-0.019311773,0.15673395,1,1.0,False,12
1.3552588,0.7360571,-0.016177094,-0.14197828,1,1.0,False,12
1.36998,0.931407,-0.019016659,-0.43972057,0,1.0,False,12
1.3886081,0.7365593,-0.02781107,-0.1530924,0,1.0,False,12
1.4033393,0.54184633,-0.030872919,0.13068864,1,1.0,False,12
1.4141762,0.7373966,-0.028259145,-0.17157221,0,1.0,False,12
1.4289242,0.5426903,-0.03169059,0.11206359,1,1.0,False,12
1.439778,0.7382517,-0.029449318,-0.19044667,0,1.0,False,12
1.454543,0.5435631,-0.03325825,0.092802666,1,1.0,False,12
1.4654143,0.7391456,-0.031402197,-0.21018492,0,1.0,False,12
1.4801972,0.5444864,-0.035605896,0.0724292,1,1.0,False,12
1.4910868,0.7401002,-0.034157313,-0.2312715,0,1.0,False,12
1.5058889,0.5454826,-0.038782742,0.050444383,1,1.0,False,12
1.5167985,0.7411386,-0.037773855,-0.25421816,0,1.0,False,12
1.5316213,0.5465757,-0.042858217,0.026314994,0,1.0,False,12
1.5425528,0.3520938,-0.04233192,0.3051736,1,1.0,False,12
1.5495948,0.5477926,-0.03622845,-0.0005535506,1,1.0,False,12
1.5605506,0.74341494,-0.036239516,-0.30444327,0,1.0,False,12
1.5754188,0.54882765,-0.042328384,-0.023406103,0,1.0,False,12
1.5863954,0.35433748,-0.042796504,0.255627,1,1.0,False,12
1.5934821,0.5500435,-0.037683964,-0.050241575,0,1.0,False,12
1.604483,0.3554816,-0.038688798,0.23031762,1,1.0,False,12
1.6115927,0.5511344,-0.034082443,-0.07431368,0,1.0,False,12
1.6226153,0.35651726,-0.035568718,0.20742427,1,1.0,False,12
1.6297457,0.55212927,-0.03142023,-0.0962632,0,1.0,False,12
1.6407883,0.35747144,-0.033345494,0.18634345,1,1.0,False,12
1.6479377,0.5530542,-0.029618626,-0.116669394,0,1.0,False,12
1.6589988,0.35836887,-0.031952016,0.1665239,1,1.0,False,12
1.6661662,0.55393326,-0.028621538,-0.13606527,0,1.0,False,12
1.6772448,0.35923275,-0.03134284,0.14745235,1,1.0,False,12
1.6844295,0.5547892,-0.028393796,-0.15495153,0,1.0,False,12
1.6955253,0.36008504,-0.031492826,0.12864031,1,1.0,False,12
1.702727,0.5556437,-0.028920019,-0.17380951,0,1.0,False,12
1.7138399,0.36094728,-0.03239621,0.10961162,1,1.0,False,12
1.7210588,0.55651814,-0.030203978,-0.19311354,0,1.0,False,12
1.7321892,0.36184096,-0.03406625,0.08989039,1,1.0,False,12
1.739426,0.55743426,-0.03226844,-0.21334282,0,1.0,False,12
1.7505747,0.36278814,-0.036535297,0.06898907,1,1.0,False,12
1.7578304,0.55841434,-0.035155516,-0.23499338,0,1.0,False,12
1.7689987,0.36381182,-0.039855383,0.046396397,0,1.0,False,12
1.7762749,0.16928338,-0.038927455,0.32624298,1,1.0,False,12
1.7796606,0.3649373,-0.032402594,0.021542627,0,1.0,False,12
1.7869594,0.17029467,-0.03197174,0.30382863,1,1.0,False,12
1.7903652,0.36585733,-0.025895169,0.0012364726,1,1.0,False,12
1.7976824,0.5613409,-0.02587044,-0.2995029,0,1.0,False,12
1.8089092,0.3665971,-0.031860497,-0.015089976,0,1.0,False,12
1.8162411,0.17194618,-0.032162298,0.2673728,1,1.0,False,12
1.8196801,0.36751205,-0.026814843,-0.035278372,0,1.0,False,12
1.8270303,0.17278467,-0.027520409,0.24882504,1,1.0,False,12
1.830486,0.3682886,-0.022543909,-0.0524098,0,1.0,False,12
1.8378518,0.17349705,-0.023592105,0.23307596,1,1.0,False,12
1.8413217,0.368948,-0.018930586,-0.06695434,0,1.0,False,12
1.8487006,0.17410251,-0.020269671,0.21969628,1,1.0,False,12
1.8521827,0.36950824,-0.015875747,-0.07931099,0,1.0,False,12
1.8595729,0.17461744,-0.017461967,0.20832111,1,1.0,False,12
1.8630652,0.3699847,-0.013295544,-0.08981862,0,1.0,False,12
1.8704649,0.17505579,-0.015091917,0.19864008,1,1.0,False,12
1.8739661,0.37039033,-0.011119115,-0.09876519,1,1.0,False,12
1.8813739,0.56566983,-0.013094419,-0.39493534,0,1.0,False,12
1.8926873,0.37073612,-0.020993125,-0.10640945,0,1.0,False,12
1.900102,0.1759212,-0.023121314,0.17957701,1,1.0,False,12
1.9036204,0.37136626,-0.019529775,-0.12030928,0,1.0,False,12
1.9110477,0.17652948,-0.02193596,0.16614877,1,1.0,False,12
1.9145783,0.37195846,-0.018612985,-0.13337283,0,1.0,False,12
1.9220175,0.17710799,-0.021280441,0.15338033,1,1.0,False,12
1.9255596,0.37252808,-0.018212834,-0.14593941,0,1.0,False,12
1.9330102,0.17767163,-0.021131624,0.14094253,1,1.0,False,12
1.9365636,0.37308976,-0.018312773,-0.15833145,0,1.0,False,12
1.9440254,0.17823471,-0.021479402,0.12851846,1,1.0,False,12
1.9475901,0.37365767,-0.018909032,-0.17086282,0,1.0,False,12
1.9550633,0.17881139,-0.022326289,0.11579542,1,1.0,False,12
1.9586395,0.374246,-0.02001038,-0.18384683,0,1.0,False,12
1.9661244,0.179416,-0.023687316,0.102457,1,1.0,False,12
1.9697127,0.3748693,-0.021638177,-0.19760408,0,1.0,False,12
1.9772102,0.1800634,-0.025590258,0.08817521,1,1.0,False,12
1.9808115,0.37554264,-0.023826754,-0.21247035,0,1.0,False,12
1.9883223,0.18076931,-0.02807616,0.07260231,0,1.0,False,12
1.9919376,-0.013939123,-0.026624115,0.35629654,1,1.0,False,12
1.9916589,0.18155104,-0.019498184,0.055338643,1,1.0,False,12
1.9952899,0.37694708,-0.018391412,-0.24343178,0,1.0,False,12
2.0028288,0.18209258,-0.023260048,0.043393765,0,1.0,False,12
2.0064707,-0.012688251,-0.022392172,0.32864812,1,1.0,False,12
2.006217,0.1827452,-0.015819209,0.028988691,1,1.0,False,12
2.0098717,0.37809038,-0.015239435,-0.26864308,0,1.0,False,12
2.0174336,0.1831892,-0.020612298,0.019194527,0,1.0,False,12
2.0210974,-0.011631172,-0.020228406,0.30530342,1,1.0,False,12
2.0208647,0.18377312,-0.014122338,0.0063102143,1,1.0,False,12
2.0245402,0.37909472,-0.013996134,-0.29079482,0,1.0,False,12
2.0321221,0.18417512,-0.01981203,-0.002558758,0,1.0,False,12
2.0358057,-0.010657186,-0.019863205,0.28380796,1,1.0,False,12
2.0355926,0.18474236,-0.014187045,-0.015072916,0,1.0,False,12
2.0392873,-0.010173292,-0.014488504,0.2731003,1,1.0,False,12
2.039084,0.18515237,-0.0090264985,-0.024116918,1,1.0,False,12
2.0427868,0.3804026,-0.009508837,-0.31963408,0,1.0,False,12
2.050395,0.18541734,-0.015901519,-0.029964993,0,1.0,False,12
2.0541034,-0.0094730025,-0.016500818,0.25765872,1,1.0,False,12
2.0539138,0.18588059,-0.011347644,-0.0401828,1,1.0,False,12
2.0576315,0.38116342,-0.0121513,-0.33642432,0,1.0,False,12
2.0652547,0.18621647,-0.018879786,-0.047597885,0,1.0,False,12
2.068979,-0.0086297365,-0.019831743,0.23906901,1,1.0,False,12
2.0688064,0.18676983,-0.015050364,-0.059802845,0,1.0,False,12
2.072542,-0.008133134,-0.01624642,0.22809385,1,1.0,False,12
2.072379,0.18721718,-0.011684543,-0.06966919,0,1.0,False,12
2.0761235,-0.0077353236,-0.013077927,0.21930443,1,1.0,False,12
2.075969,0.18757111,-0.008691838,-0.07747497,1,1.0,False,12
2.0797203,0.38281658,-0.010241338,-0.37288746,0,1.0,False,12
2.0873766,0.1878416,-0.017699087,-0.08345124,0,1.0,False,12
2.0911334,-0.0070222327,-0.019368112,0.20359546,1,1.0,False,12
2.090993,0.18837127,-0.015296203,-0.09513369,0,1.0,False,12
2.0947604,-0.006528144,-0.017198877,0.19268432,1,1.0,False,12
2.0946298,0.18883556,-0.01334519,-0.10537413,0,1.0,False,12
2.0984066,-0.0060926243,-0.015452673,0.18306875,1,1.0,False,12
2.0982847,0.18924698,-0.011791298,-0.114448585,0,1.0,False,12
2.1020696,-0.005704042,-0.014080269,0.17449106,1,1.0,False,12
2.1019557,0.18961656,-0.010590448,-0.12260026,0,1.0,False,12
2.105748,-0.005352073,-0.013042454,0.16672276,1,1.0,False,12
2.105641,0.18995412,-0.0097079985,-0.13004598,0,1.0,False,12
2.1094398,-0.005027428,-0.012308918,0.15955845,1,1.0,False,12
2.1093395,0.19026856,-0.0091177495,-0.13698208,0,1.0,False,12
2.1131449,-0.004721615,-0.01185739,0.15281045,1,1.0,False,12
2.1130505,0.19056809,-0.008801182,-0.14358951,0,1.0,False,12
2.1168618,-0.004426714,-0.011672972,0.14630386,1,1.0,False,12
2.1167731,0.19086044,-0.008746895,-0.15003869,0,1.0,False,12
2.1205904,-0.004135176,-0.0117476685,0.13987198,1,1.0,False,12
2.1205077,0.19115305,-0.008950229,-0.15649386,0,1.0,False,12
2.1243308,-0.0038396274,-0.012080106,0.1333521,1,1.0,False,12
2.124254,0.19145326,-0.0094130635,-0.16311732,0,1.0,False,12
2.128083,-0.0035326837,-0.01267541,0.12658124,1,1.0,False,12
2.1280124,0.19176854,-0.010143786,-0.17007354,0,1.0,False,12
2.1318476,-0.0032067648,-0.013545256,0.11939215,1,1.0,False,12
2.1317835,0.1921066,-0.011157414,-0.17753322,0,1.0,False,12
2.1356258,-0.002853907,-0.0147080785,0.11160914,1,1.0,False,12
2.1355686,0.19247568,-0.012475895,-0.18567757,0,1.0,False,12
2.1394181,-0.002465568,-0.016189447,0.10304373,1,1.0,False,12
2.1393688,0.19288461,-0.014128572,-0.19470263,0,1.0,False,12
2.1432266,-0.0020324204,-0.018022625,0.09349007,1,1.0,False,12
2.1431859,0.19334315,-0.016152823,-0.20482405,0,1.0,False,12
2.1470528,-0.001544128,-0.020249303,0.082720004,1,1.0,False,12
2.1470218,0.19386216,-0.018594904,-0.2162822,0,1.0,False,12
2.1508992,-0.0009891025,-0.022920549,0.07047755,1,1.0,False,12
2.1508794,0.19445382,-0.021510998,-0.22934788,0,1.0,False,12
2.1547685,-0.00035423107,-0.026097955,0.056472853,0,1.0,False,12
2.1547613,-0.19509245,-0.024968497,0.34080878,1,1.0,False,12
2.1508596,0.0003756958,-0.018152323,0.040357977,1,1.0,False,12
2.150867,0.19575319,-0.017345162,-0.25799647,0,1.0,False,12
2.154782,0.00088309875,-0.022505092,0.029165473,0,1.0,False,12
2.1547997,-0.193909,-0.021921782,0.3146637,1,1.0,False,12
2.1509216,0.0015182463,-0.01562851,0.015148768,1,1.0,False,12
2.1509519,0.1968608,-0.015325533,-0.28242388,0,1.0,False,12
2.154889,0.001960764,-0.02097401,0.0053863185,0,1.0,False,12
2.1549284,-0.19285421,-0.020866284,0.2913786,1,1.0,False,12
2.1510713,0.0025589562,-0.015038712,-0.007811582,0,1.0,False,12
2.1511223,-0.19234413,-0.015194944,0.28008875,1,1.0,False,12
2.1472754,0.0029912465,-0.009593168,-0.01734761,1,1.0,False,12
2.1473353,0.19824946,-0.00994012,-0.31304178,0,1.0,False,12
2.1513004,0.0032705064,-0.016200956,-0.023510166,0,1.0,False,12
2.1513658,-0.1916154,-0.01667116,0.26401746,1,1.0,False,12
2.1475334,0.0037404834,-0.011390811,-0.03387674,0,1.0,False,12
2.1476083,-0.19121629,-0.012068345,0.2551906,1,1.0,False,12
2.143784,0.004075881,-0.006964533,-0.04127431,0,1.0,False,12
2.1438656,-0.1909455,-0.0077900193,0.24920313,1,1.0,False,12
2.1400466,0.0042868173,-0.0028059566,-0.04592672,1,1.0,False,12
2.1401322,0.1994489,-0.003724491,-0.33949363,0,1.0,False,12
2.1441212,0.0043801335,-0.010514364,-0.04798752,0,1.0,False,12
2.144209,-0.19058949,-0.011474114,0.24135958,1,1.0,False,12
2.140397,0.0046944753,-0.006646923,-0.054920398,0,1.0,False,12
2.140491,-0.19033155,-0.0077453307,0.23565799,1,1.0,False,12
2.1366844,0.004900208,-0.003032171,-0.05945796,0,1.0,False,12
2.1367824,-0.19017814,-0.0042213304,0.23226675,1,1.0,False,12
2.1329787,0.005003877,0.0004240049,-0.061744727,1,1.0,False,12
2.1330788,0.20011975,-0.00081088964,-0.35429385,0,1.0,False,12
2.1370811,0.0050093345,-0.007896767,-0.061866727,0,1.0,False,12
2.1371815,-0.18999851,-0.009134101,0.2283143,1,1.0,False,12
2.1333814,0.0052527743,-0.004567815,-0.067235805,0,1.0,False,12
2.1334865,-0.18980339,-0.005912531,0.22400247,1,1.0,False,12
2.1296904,0.0054025636,-0.001432482,-0.07053963,0,1.0,False,12
2.1297984,-0.18969882,-0.0028432745,0.221691,1,1.0,False,12
2.1260045,0.0054636546,0.0015905454,-0.071887456,0,1.0,False,12
2.126114,-0.18968107,0.00015279638,0.22129688,1,1.0,False,12
2.1223202,0.0054387036,0.004578734,-0.07133785,1,1.0,False,12
2.122429,0.2004947,0.003151977,-0.36257267,0,1.0,False,12
2.1264389,0.005328105,-0.004099476,-0.068897516,0,1.0,False,12
2.1265454,-0.18973483,-0.0054774266,0.2224892,1,1.0,False,12
2.1227508,0.005464977,-0.0010276427,-0.07191649,0,1.0,False,12
2.12286,-0.18964222,-0.0024659727,0.22044203,1,1.0,False,12
2.1190672,0.0055148867,0.0019428681,-0.07301774,0,1.0,False,12
2.1191776,-0.18963486,0.0004825133,0.22027753,1,1.0,False,12
2.1153848,0.005480187,0.004888064,-0.072253145,0,1.0,False,12
2.1154945,-0.1897115,0.003443001,0.22196797,1,1.0,False,12
2.1117,0.0053610713,0.00788236,-0.06962691,1,1.0,False,12
2.1118073,0.20036913,0.006489822,-0.35981253,0,1.0,False,12
2.1158147,0.005155532,-0.0007064283,-0.0650903,0,1.0,False,12
2.115918,-0.18995628,-0.0020082344,0.22736967,1,1.0,False,12
2.1121187,0.0051943096,0.002539159,-0.06594606,0,1.0,False,12
2.1122227,-0.18996395,0.0012202378,0.2275369,1,1.0,False,12
2.1084232,0.005140538,0.0057709757,-0.064760864,1,1.0,False,12
2.1085262,0.20017928,0.0044757584,-0.35561743,0,1.0,False,12
2.1125298,0.004993974,-0.0026365903,-0.06152655,0,1.0,False,12
2.1126297,-0.19009008,-0.0038671212,0.23032334,1,1.0,False,12
2.1088278,0.005086922,0.0007393457,-0.06357689,0,1.0,False,12
2.1089296,-0.19004562,-0.0005321921,0.22933921,1,1.0,False,12
2.1051288,0.00508393,0.004054592,-0.063511536,0,1.0,False,12
2.1052303,-0.19009592,0.0027843614,0.23044787,1,1.0,False,12
2.1014285,0.004986135,0.0073933187,-0.061355468,1,1.0,False,12
2.1015282,0.2000013,0.0061662095,-0.3516966,0,1.0,False,12
2.105528,0.004792212,-0.00086772285,-0.057075687,0,1.0,False,12
2.105624,-0.19031729,-0.0020092367,0.23533334,1,1.0,False,12
2.1018176,0.0048333136,0.0026974303,-0.057982683,0,1.0,False,12
2.1019144,-0.19032721,0.0015377766,0.23555008,1,1.0,False,12
2.0981078,0.0047727367,0.006248778,-0.05664739,1,1.0,False,12
2.0982032,0.19980453,0.0051158303,-0.34735224,0,1.0,False,12
2.1021993,0.004610194,-0.0018312146,-0.053060517,0,1.0,False,12
2.1022916,-0.19048545,-0.002892425,0.23904409,1,1.0,False,12
2.098482,0.0046776994,0.0018884568,-0.05454979,0,1.0,False,12
2.0985754,-0.19047128,0.0007974609,0.23872836,1,1.0,False,12
2.094766,0.004639271,0.005572028,-0.053702917,0,1.0,False,12
2.0948586,-0.19056213,0.00449797,0.2407328,1,1.0,False,12
2.0910475,0.00449528,0.009312626,-0.05052795,1,1.0,False,12
2.0911374,0.19948247,0.0083020665,-0.34025818,0,1.0,False,12
2.095127,0.004243381,0.0014969034,-0.04496886,0,1.0,False,12
2.095212,-0.1909,0.0005975262,0.24818598,1,1.0,False,12
2.091394,0.0042134095,0.0055612456,-0.044308417,1,1.0,False,12
2.091478,0.19925517,0.0046750773,-0.33523154,0,1.0,False,12
2.0954633,0.0040670023,-0.0020295533,-0.041078016,0,1.0,False,12
2.0955446,-0.1910258,-0.0028511137,0.25096387,1,1.0,False,12
2.0917242,0.004136762,0.002168164,-0.042616982,0,1.0,False,12
2.091807,-0.19101621,0.0013158242,0.25074923,1,1.0,False,12
2.0879865,0.004086924,0.006330809,-0.041518368,1,1.0,False,12
2.0880682,0.19911753,0.0055004414,-0.33219716,0,1.0,False,12
2.0920506,0.003917713,-0.0011435016,-0.03778475,0,1.0,False,12
2.092129,-0.19118783,-0.0018991966,0.25453717,1,1.0,False,12
2.0883052,0.0039611952,0.0031915468,-0.038744193,0,1.0,False,12
2.0883844,-0.19120638,0.0024166629,0.254944,1,1.0,False,12
2.0845604,0.003880986,0.0075155427,-0.0369757,1,1.0,False,12
2.0846379,0.19889437,0.006776029,-0.32727796,0,1.0,False,12
2.088616,0.003676599,0.00023046961,-0.032465898,0,1.0,False,12
2.0886893,-0.19144866,-0.00041884833,0.26028973,1,1.0,False,12
2.0848603,0.0036792713,0.0047869463,-0.03252527,1,1.0,False,12
2.084934,0.19873226,0.004136441,-0.32369402,0,1.0,False,12
2.0889087,0.0035516436,-0.0023374397,-0.029709514,0,1.0,False,12
2.0889797,-0.19153671,-0.0029316298,0.26223502,1,1.0,False,12
2.0851488,0.0036269662,0.0023130702,-0.031371143,0,1.0,False,12
2.0852215,-0.19152808,0.0016856474,0.26204067,1,1.0,False,12
2.0813909,0.0035697697,0.006926461,-0.030110095,1,1.0,False,12
2.0814624,0.19859171,0.006324259,-0.32059962,0,1.0,False,12
2.0854342,0.0033802676,-8.7733286e-05,-0.025928997,0,1.0,False,12
2.0855017,-0.19174042,-0.00060631323,0.26672626,1,1.0,False,12
2.081667,0.003390174,0.0047282116,-0.026147854,1,1.0,False,12
2.0817347,0.198444,0.004205255,-0.31733525,0,1.0,False,12
2.0857036,0.0032624064,-0.00214145,-0.02332909,0,1.0,False,12
2.085769,-0.19182877,-0.0026080317,0.2686774,1,1.0,False,12
2.0819323,0.0033303043,0.0027655165,-0.024826959,0,1.0,False,12
2.0819988,-0.1918312,0.0022689772,0.26872724,1,1.0,False,12
2.0781622,0.0032582998,0.007643522,-0.023239179,1,1.0,False,12
2.0782275,0.1982698,0.0071787382,-0.31350073,0,1.0,False,12
2.082193,0.0030463296,0.0009087241,-0.01856252,0,1.0,False,12
2.0822537,-0.19208865,0.0005374737,0.27440697,1,1.0,False,12
2.078412,0.0030256365,0.0060256133,-0.018106377,1,1.0,False,12
2.0784724,0.19806066,0.0056634857,-0.3088821,0,1.0,False,12
2.0824337,0.0028584707,-0.0005141557,-0.014418436,0,1.0,False,12
2.082491,-0.19225611,-0.00080252445,0.27810222,1,1.0,False,12
2.0786457,0.0028772876,0.00475952,-0.01483371,1,1.0,False,12
2.0787032,0.19793066,0.0044628456,-0.30601117,0,1.0,False,12
2.0826619,0.0027453972,-0.0016573773,-0.01192411,0,1.0,False,12
2.0827167,-0.19235274,-0.0018958596,0.28023544,1,1.0,False,12
2.0788698,0.002796198,0.003708849,-0.013044839,1,1.0,False,12
2.0789256,0.19786477,0.0034479522,-0.30455527,0,1.0,False,12
2.082883,0.002693846,-0.0026431533,-0.010786943,0,1.0,False,12
2.0829368,-0.1923901,-0.002858892,0.28106087,1,1.0,False,12
2.079089,0.0027725154,0.0027623253,-0.012522372,1,1.0,False,12
2.0791445,0.19785474,0.0025118778,-0.30433246,0,1.0,False,12
2.0831015,0.0026970846,-0.0035747718,-0.010858419,0,1.0,False,12
2.0831556,-0.19237342,-0.0037919402,0.28069448,1,1.0,False,12
2.079308,0.002802418,0.0018219496,-0.013181993,1,1.0,False,12
2.079364,0.1978982,0.0015583098,-0.3052895,0,1.0,False,12
2.083322,0.0027540696,-0.0045474805,-0.012115545,0,1.0,False,12
2.0833771,-0.19230238,-0.0047897915,0.27912915,1,1.0,False,12
2.0795312,0.0028875805,0.0007927912,-0.015060625,0,1.0,False,12
2.079589,-0.19224574,0.0004915787,0.27787232,1,1.0,False,12
2.075744,0.0028692037,0.0060490253,-0.014655512,1,1.0,False,12
2.0758014,0.19790389,0.0057559153,-0.30542377,0,1.0,False,12
2.0797594,0.0027003835,-0.00035256046,-0.010931147,0,1.0,False,12
2.0798135,-0.1924165,-0.0005711834,0.28164053,1,1.0,False,12
2.0759652,0.0027135843,0.005061627,-0.011222499,1,1.0,False,12
2.0760193,0.19776258,0.004837177,-0.30230415,0,1.0,False,12
2.0799747,0.0025720238,-0.0012089057,-0.0080996,0,1.0,False,12
2.0800261,-0.19253257,-0.0013708976,0.28420165,1,1.0,False,12
2.0761755,0.0026089076,0.0043131355,-0.008913327,1,1.0,False,12
2.0762277,0.19766873,0.0041348687,-0.3002323,0,1.0,False,12
2.080181,0.002488095,-0.0018697769,-0.006248183,0,1.0,False,12
2.0802307,-0.19260699,-0.0019947405,0.2858442,1,1.0,False,12
2.0763786,0.0025433516,0.0037221438,-0.0074671647,1,1.0,False,12
2.0764294,0.19761172,0.0035728007,-0.29897338,0,1.0,False,12
2.0803816,0.0024390288,-0.0024066672,-0.005165813,0,1.0,False,12
2.0804305,-0.19264832,-0.0025099835,0.2867568,1,1.0,False,12
2.0765774,0.0025093318,0.0032251526,-0.0067166868,1,1.0,False,12
2.0766277,0.19758488,0.0030908189,-0.2983803,0,1.0,False,12
2.0805793,0.0024190086,-0.002876787,-0.004724186,0,1.0,False,12
2.0806277,-0.19266157,-0.0029712706,0.28704968,1,1.0,False,12
2.0767746,0.002502631,0.0027697233,-0.0065688645,1,1.0,False,12
2.0768247,0.19758475,0.0026383458,-0.29837662,0,1.0,False,12
2.0807762,0.0024252909,-0.0033291865,-0.00486278,0,1.0,False,12
2.0808249,-0.19264875,-0.0034264422,0.2867679,1,1.0,False,12
2.0769718,0.0025218914,0.0023089156,-0.006993735,1,1.0,False,12
2.0770223,0.19761065,0.002169041,-0.29894727,0,1.0,False,12
2.0809743,0.0024578515,-0.0038099047,-0.0055810655,0,1.0,False,12
2.0810237,-0.19260925,-0.003921526,0.28589734,1,1.0,False,12
2.0771713,0.0025684051,0.0017964212,-0.008019804,1,1.0,False,12
2.0772228,0.19766454,0.0016360251,-0.3001354,0,1.0,False,12
2.081176,0.0025193149,-0.004366683,-0.006936949,0,1.0,False,12
2.0812263,-0.19253974,-0.004505422,0.28436506,1,1.0,False,12
2.0773757,0.0026461787,0.0011818791,-0.009735453,0,1.0,False,12
2.0774286,-0.19249271,0.00098717,0.28332013,1,1.0,False,12
2.0735788,0.002615155,0.006653573,-0.009051279,1,1.0,False,12
2.073631,0.19764106,0.006472547,-0.2996275,0,1.0,False,12
2.0775838,0.0024274467,0.00047999684,-0.0049103233,0,1.0,False,12
2.0776324,-0.19270138,0.0003817904,0.28792402,1,1.0,False,12
2.0737784,0.0024151194,0.0061402707,-0.0046384796,1,1.0,False,12
2.0738268,0.19744848,0.006047501,-0.29537776,0,1.0,False,12
2.0777757,0.0022408327,0.00013994562,-0.0007937057,1,1.0,False,12
2.0778205,0.19736078,0.0001240715,-0.29343247,0,1.0,False,12
2.0817678,0.0022370566,-0.005744578,-0.00071042,0,1.0,False,12
2.0818124,-0.19280204,-0.0057587866,0.2901545,1,1.0,False,12
2.0779564,0.0024015522,4.430363e-05,-0.004339106,0,1.0,False,12
2.0780044,-0.19272104,-4.247849e-05,0.2883578,1,1.0,False,12
2.07415,0.0024015226,0.0057246774,-0.0043385252,1,1.0,False,12
2.074198,0.1974409,0.005637907,-0.29520977,0,1.0,False,12
2.078147,0.002239036,-0.00026628826,-0.0007540726,1,1.0,False,12
2.0781915,0.1973648,-0.00028136972,-0.29352102,0,1.0,False,12
2.082139,0.0022468665,-0.00615179,-0.0009268313,0,1.0,False,12
2.0821838,-0.19278632,-0.0061703264,0.2898088,1,1.0,False,12
2.0783281,0.00242307,-0.00037415046,-0.0048137773,0,1.0,False,12
2.0783765,-0.19269352,-0.000470426,0.28775108,1,1.0,False,12
2.0745227,0.002435143,0.005284596,-0.0050801807,1,1.0,False,12
2.0745714,0.1974809,0.0051829917,-0.29609108,0,1.0,False,12
2.078521,0.002285454,-0.00073882967,-0.0017780375,0,1.0,False,12
2.0785668,-0.1928259,-0.0007743904,0.29067168,1,1.0,False,12
2.0747101,0.0023070911,0.0050390433,-0.002255372,1,1.0,False,12
2.0747564,0.19735642,0.004993936,-0.29334417,0,1.0,False,12
2.0787034,0.002163619,-0.00087294745,0.0009095831,0,1.0,False,12
2.0787468,-0.19294581,-0.0008547558,0.29331696,1,1.0,False,12
2.0748878,0.0021883254,0.005011583,0.0003645741,1,1.0,False,12
2.0749316,0.19723804,0.005018875,-0.29073292,0,1.0,False,12
2.0788765,0.0020448917,-0.0007957839,0.0035286539,1,1.0,False,12
2.0789173,0.19717824,-0.00072521076,-0.28940526,0,1.0,False,12
2.082861,0.0020666441,-0.0065133157,0.0030488684,0,1.0,False,12
2.0829022,-0.19296129,-0.0064523383,0.29366967,1,1.0,False,12
2.079043,0.002252053,-0.000578945,-0.0010412305,0,1.0,False,12
2.079088,-0.19286159,-0.0005997696,0.29145896,1,1.0,False,12
2.0752308,0.0022689076,0.00522941,-0.0014130507,1,1.0,False,12
2.0752761,0.19731547,0.005201149,-0.29244146,0,1.0,False,12
2.0792224,0.0021197507,-0.00064768025,0.001877295,1,1.0,False,12
2.0792649,0.19725099,-0.00061013433,-0.2910099,0,1.0,False,12
2.0832098,0.0021377387,-0.0064303325,0.0014805227,0,1.0,False,12
2.0832527,-0.1928914,-0.006400722,0.2921277,1,1.0,False,12
2.0793948,0.0023212216,-0.00055816845,-0.002567056,0,1.0,False,12
2.0794413,-0.19279271,-0.00060950953,0.2899397,1,1.0,False,12
2.0755854,0.002337917,0.0051892847,-0.0029353877,1,1.0,False,12
2.075632,0.19738506,0.005130577,-0.29397652,0,1.0,False,12
2.0795798,0.002190342,-0.0007489536,0.00032008652,0,1.0,False,12
2.0796237,-0.19292086,-0.00074255187,0.2927666,1,1.0,False,12
2.0757651,0.0022116704,0.0051127803,-0.00015041005,1,1.0,False,12
2.0758095,0.19725992,0.005109772,-0.2912158,0,1.0,False,12
2.0797546,0.002065489,-0.0007145441,0.0030742807,1,1.0,False,12
2.0797958,0.19719768,-0.0006530585,-0.28983402,0,1.0,False,12
2.08374,0.0020850478,-0.0064497385,0.00264288,0,1.0,False,12
2.0837817,-0.19294381,-0.006396881,0.29328388,1,1.0,False,12
2.0799227,0.0022687544,-0.0005312035,-0.0014096538,0,1.0,False,12
2.0799682,-0.19284557,-0.0005593966,0.29110563,1,1.0,False,12
2.076111,0.0022843485,0.0052627157,-0.0017536769,1,1.0,False,12
2.0761569,0.19733043,0.005227642,-0.29277152,0,1.0,True,12
0.03322522,0.03706456,-0.02816381,-0.026990285,0,1.0,False,13
0.033966508,-0.15764241,-0.028703615,0.2566753,0,1.0,False,13
0.03081366,-0.35234305,-0.02357011,0.5401682,0,1.0,False,13
0.0237668,-0.5471259,-0.012766745,0.82533234,0,1.0,False,13
0.012824282,-0.7420709,0.0037399023,1.1139728,1,1.0,False,13
-0.0020171362,-0.54699826,0.026019357,0.82246536,1,1.0,False,13
-0.012957102,-0.35224178,0.042468667,0.53807837,0,1.0,False,13
-0.020001939,-0.5479343,0.053230233,0.84383446,1,1.0,False,13
-0.030960623,-0.35357758,0.07010692,0.5683546,1,1.0,False,13
-0.038032174,-0.15950538,0.08147401,0.29855597,1,1.0,False,13
-0.04122228,0.034366403,0.08744513,0.032639842,0,1.0,False,13
-0.040534955,-0.16189364,0.08809793,0.3515812,1,1.0,False,13
-0.043772828,0.031872246,0.09512956,0.087926835,1,1.0,False,13
-0.043135382,0.225511,0.09688809,-0.17329209,0,1.0,False,13
-0.038625162,0.0291455,0.09342225,0.14831528,1,1.0,False,13
-0.03804225,0.2228141,0.096388556,-0.11349463,0,1.0,False,13
-0.03358597,0.02645263,0.09411866,0.20797476,1,1.0,False,13
-0.03305692,0.22011155,0.09827816,-0.0535979,1,1.0,False,13
-0.028654687,0.413697,0.0972062,-0.31372762,0,1.0,False,13
-0.020380747,0.2173344,0.09093165,0.007959459,1,1.0,False,13
-0.016034057,0.41104257,0.091090836,-0.25470528,0,1.0,False,13
-0.007813207,0.21474606,0.08599673,0.06526243,1,1.0,False,13
-0.0035182852,0.40853652,0.08730198,-0.19909716,0,1.0,False,13
0.004652445,0.21228142,0.08332004,0.119798556,1,1.0,False,13
0.008898074,0.4061169,0.08571601,-0.14547825,0,1.0,False,13
0.017020412,0.20987867,0.082806446,0.17296806,1,1.0,False,13
0.021217985,0.40372387,0.0862658,-0.09248612,1,1.0,False,13
0.029292462,0.5975102,0.084416084,-0.35675403,0,1.0,False,13
0.041242667,0.4012959,0.077281,-0.03869176,1,1.0,False,13
0.049268585,0.59522945,0.076507166,-0.30602586,0,1.0,False,13
0.061173175,0.3991054,0.07038665,0.009770865,1,1.0,False,13
0.06915528,0.593151,0.07058206,-0.25990024,0,1.0,False,13
0.0810183,0.39709616,0.06538406,0.0541837,1,1.0,False,13
0.08896022,0.59122264,0.06646773,-0.21717457,0,1.0,False,13
0.100784674,0.39521655,0.062124245,0.09571243,1,1.0,False,13
0.10868901,0.58939564,0.06403849,-0.17674153,1,1.0,False,13
0.120476924,0.78354543,0.06050366,-0.44855487,0,1.0,False,13
0.13614783,0.5876222,0.051532563,-0.1374305,0,1.0,False,13
0.14790027,0.39180148,0.048783954,0.17105454,1,1.0,False,13
0.1557363,0.5861925,0.052205045,-0.10584826,1,1.0,False,13
0.16746016,0.7805289,0.050088078,-0.3816145,0,1.0,False,13
0.18307073,0.5847329,0.04245579,-0.073569015,1,1.0,False,13
0.19476539,0.77922124,0.040984407,-0.35256046,0,1.0,False,13
0.21034981,0.5835412,0.0339332,-0.047240812,0,1.0,False,13
0.22202064,0.38794953,0.032988384,0.25595227,1,1.0,False,13
0.22977963,0.58258533,0.03810743,-0.02614578,1,1.0,False,13
0.24143134,0.7771407,0.037584513,-0.30656603,0,1.0,False,13
0.25697416,0.58150387,0.031453192,-0.0022708187,1,1.0,False,13
0.26860422,0.7761609,0.031407777,-0.2848663,0,1.0,False,13
0.28412744,0.58060545,0.02571045,0.017554637,0,1.0,False,13
0.29573956,0.3851244,0.026061542,0.31823733,1,1.0,False,13
0.30344203,0.57986563,0.03242629,0.03388588,0,1.0,False,13
0.31503934,0.38429403,0.033104006,0.33662072,1,1.0,False,13
0.32272524,0.57892966,0.03983642,0.054558076,0,1.0,False,13
0.33430383,0.3832598,0.04092758,0.3595388,1,1.0,False,13
0.341969,0.5777768,0.04811836,0.080037005,1,1.0,False,13
0.35352457,0.7721771,0.0497191,-0.19708462,0,1.0,False,13
0.3689681,0.57638055,0.045777407,0.11085867,1,1.0,False,13
0.3804957,0.77081764,0.04799458,-0.16703759,1,1.0,False,13
0.39591205,0.9652209,0.04465383,-0.4442017,0,1.0,False,13
0.41521648,0.76949656,0.035769794,-0.13778394,0,1.0,False,13
0.43060642,0.57388103,0.033014115,0.16596575,1,1.0,False,13
0.44208404,0.7685152,0.03633343,-0.11612207,0,1.0,False,13
0.45745432,0.572892,0.034010988,0.18779875,1,1.0,False,13
0.46891218,0.76751125,0.037766963,-0.09396402,1,1.0,False,13
0.4842624,0.96207213,0.035887685,-0.37449634,0,1.0,False,13
0.50350386,0.7664593,0.028397756,-0.07071728,1,1.0,False,13
0.51883304,0.9611628,0.02698341,-0.35430706,0,1.0,False,13
0.5380563,0.7656678,0.01989727,-0.053239096,0,1.0,False,13
0.55336964,0.5702663,0.018832488,0.24565457,1,1.0,False,13
0.564775,0.76511425,0.02374558,-0.041029148,1,1.0,False,13
0.58007723,0.9598878,0.022924997,-0.32612655,0,1.0,False,13
0.599275,0.7644471,0.016402466,-0.026303139,1,1.0,False,13
0.61456394,0.95933,0.015876403,-0.31376612,0,1.0,False,13
0.63375056,0.7639855,0.009601081,-0.016118854,1,1.0,False,13
0.64903027,0.9589685,0.0092787035,-0.30575714,0,1.0,False,13
0.6682096,0.76371557,0.0031635605,-0.010162433,1,1.0,False,13
0.68348396,0.958792,0.002960312,-0.30184555,0,1.0,False,13
0.7026598,0.763628,-0.0030765987,-0.008230466,0,1.0,False,13
0.71793234,0.5685503,-0.0032412081,0.28348017,1,1.0,False,13
0.72930336,0.7637183,0.0024283952,-0.010223251,1,1.0,False,13
0.7445777,0.9588054,0.0022239303,-0.302139,0,1.0,False,13
0.76375383,0.7636518,-0.0038188498,-0.008755526,1,1.0,False,13
0.77902687,0.9588283,-0.00399396,-0.3026409,0,1.0,False,13
0.7982034,0.7637635,-0.010046778,-0.0112202475,1,1.0,False,13
0.8134787,0.95902807,-0.010271183,-0.30705604,0,1.0,False,13
0.83265924,0.764054,-0.016412305,-0.01763,0,1.0,False,13
0.8479403,0.5691712,-0.016764903,0.2698298,1,1.0,False,13
0.85932374,0.76452833,-0.011368308,-0.028093366,1,1.0,False,13
0.8746143,0.95981145,-0.011930175,-0.32434133,0,1.0,False,13
0.8938106,0.7648614,-0.018417003,-0.035444427,0,1.0,False,13
0.9091078,0.57000834,-0.01912589,0.25137132,1,1.0,False,13
0.92050797,0.7653981,-0.014098464,-0.0472824,0,1.0,False,13
0.93581593,0.5704811,-0.015044112,0.2409192,1,1.0,False,13
0.9472255,0.76581466,-0.010225728,-0.056470823,0,1.0,False,13
0.9625418,0.57084084,-0.011355144,0.23296835,1,1.0,False,13
0.9739587,0.7661232,-0.0066957776,-0.06327462,1,1.0,False,13
0.9892811,0.9613405,-0.0079612695,-0.35806257,0,1.0,False,13
1.008508,0.7663326,-0.015122521,-0.06790061,0,1.0,False,13
1.0238346,0.5714307,-0.016480533,0.21997297,1,1.0,False,13
1.0352632,0.7667843,-0.012081074,-0.077862695,0,1.0,False,13
1.0505989,0.5718376,-0.013638328,0.21098426,1,1.0,False,13
1.0620357,0.7671519,-0.009418643,-0.08596944,0,1.0,False,13
1.0773786,0.5721662,-0.011138031,0.20372707,1,1.0,False,13
1.088822,0.7674456,-0.0070634903,-0.09244845,1,1.0,False,13
1.1041709,0.9626681,-0.008912459,-0.3873515,0,1.0,False,13
1.1234243,0.7676738,-0.016659489,-0.09749188,0,1.0,False,13
1.1387777,0.57279456,-0.018609326,0.18988879,1,1.0,False,13
1.1502336,0.7681777,-0.014811551,-0.10860604,0,1.0,False,13
1.1655972,0.5732711,-0.016983671,0.17936736,1,1.0,False,13
1.1770626,0.76863194,-0.013396325,-0.11862457,0,1.0,False,13
1.1924353,0.5737044,-0.015768817,0.16980201,1,1.0,False,13
1.2039093,0.7690485,-0.012372776,-0.1278135,0,1.0,False,13
1.2192903,0.574106,-0.014929046,0.16094042,1,1.0,False,13
1.2307724,0.76943845,-0.011710237,-0.13641459,0,1.0,False,13
1.2461612,0.57448614,-0.014438529,0.15255105,1,1.0,False,13
1.2576509,0.7698118,-0.011387508,-0.14465171,0,1.0,False,13
1.2730471,0.5748548,-0.014280543,0.14441702,1,1.0,False,13
1.2845442,0.7701783,-0.011392202,-0.15273672,0,1.0,False,13
1.2999479,0.57522136,-0.014446937,0.13633054,1,1.0,False,13
1.3114523,0.7705472,-0.011720326,-0.16087493,0,1.0,False,13
1.3268632,0.57559496,-0.014937824,0.12808761,1,1.0,False,13
1.3383751,0.7709277,-0.012376072,-0.16927034,1,1.0,False,13
1.3537936,0.9662246,-0.015761478,-0.4658317,0,1.0,False,13
1.3731182,0.77132887,-0.025078112,-0.17815809,0,1.0,False,13
1.3885447,0.57657456,-0.028641274,0.10650925,1,1.0,False,13
1.4000762,0.772095,-0.02651109,-0.1950705,0,1.0,False,13
1.415518,0.5773621,-0.030412499,0.089132845,1,1.0,False,13
1.4270654,0.7729065,-0.028629843,-0.21298797,0,1.0,False,13
1.4425235,0.57820535,-0.0328896,0.070528075,1,1.0,False,13
1.4540876,0.773783,-0.031479042,-0.23234756,0,1.0,False,13
1.4695632,0.5791246,-0.03612599,0.05024199,1,1.0,False,13
1.4811457,0.7747455,-0.03512115,-0.25361654,0,1.0,False,13
1.4966407,0.5801422,-0.040193483,0.02778493,1,1.0,False,13
1.5082434,0.7758168,-0.039637785,-0.27730364,0,1.0,False,13
1.5237598,0.5812821,-0.045183856,0.002618753,0,1.0,False,13
1.5353855,0.3868363,-0.045131482,0.28071025,1,1.0,False,13
1.5431222,0.582572,-0.039517276,-0.025858503,0,1.0,False,13
1.5547736,0.38803837,-0.040034447,0.25409904,1,1.0,False,13
1.5625343,0.5837084,-0.034952465,-0.050937805,1,1.0,False,13
1.5742086,0.7793136,-0.03597122,-0.3544404,0,1.0,False,13
1.5897949,0.58472115,-0.04306003,-0.07331372,0,1.0,False,13
1.6014893,0.39024213,-0.044526305,0.20547868,1,1.0,False,13
1.609294,0.5859716,-0.040416732,-0.10091095,0,1.0,False,13
1.6210135,0.39145148,-0.04243495,0.17875166,1,1.0,False,13
1.6288426,0.5871542,-0.038859915,-0.12701027,0,1.0,False,13
1.6405857,0.39260986,-0.041400123,0.15316398,1,1.0,False,13
1.6484379,0.5882994,-0.038336843,-0.15228696,0,1.0,False,13
1.6602038,0.39374676,-0.04138258,0.1280593,1,1.0,False,13
1.6680788,0.58943635,-0.038821395,-0.17738679,0,1.0,False,13
1.6798675,0.39489084,-0.04236913,0.102800965,1,1.0,False,13
1.6877654,0.5905936,-0.040313113,-0.20294249,0,1.0,False,13
1.6995772,0.39607063,-0.044371963,0.076756,0,1.0,False,13
1.7074986,0.20161195,-0.04283684,0.35511586,1,1.0,False,13
1.7115308,0.39731598,-0.035734527,0.049238946,1,1.0,False,13
1.7194772,0.5929316,-0.034749746,-0.25450093,0,1.0,False,13
1.7313358,0.3983226,-0.039839763,0.02702198,0,1.0,False,13
1.7393023,0.20379397,-0.039299324,0.30687362,1,1.0,False,13
1.7433782,0.39945325,-0.033161853,0.002060289,0,1.0,False,13
1.7513672,0.2048222,-0.033120647,0.28409857,1,1.0,False,13
1.7554636,0.4004005,-0.027438676,-0.01884369,0,1.0,False,13
1.7634716,0.20568258,-0.027815549,0.2650573,1,1.0,False,13
1.7675853,0.40119025,-0.022514403,-0.036267515,1,1.0,False,13
1.7756091,0.5966277,-0.023239754,-0.33596808,0,1.0,False,13
1.7875416,0.40184408,-0.029959116,-0.050703384,0,1.0,False,13
1.7955785,0.20716423,-0.030973183,0.23237868,1,1.0,False,13
1.7997218,0.40271473,-0.02632561,-0.06991106,0,1.0,False,13
1.8077761,0.20797992,-0.02772383,0.21435113,1,1.0,False,13
1.8119357,0.40348703,-0.023436809,-0.0869466,0,1.0,False,13
1.8200054,0.20870872,-0.025175741,0.19825082,1,1.0,False,13
1.8241796,0.40418154,-0.021210724,-0.102266386,0,1.0,False,13
1.8322632,0.2093699,-0.023256052,0.18364988,1,1.0,False,13
1.8364507,0.40481675,-0.019583054,-0.1162778,0,1.0,False,13
1.844547,0.20998079,-0.02190861,0.17016307,1,1.0,False,13
1.8487465,0.40540937,-0.018505348,-0.12935007,0,1.0,False,13
1.8568548,0.21055733,-0.02109235,0.1574377,1,1.0,False,13
1.861066,0.4059748,-0.017943596,-0.14182402,0,1.0,False,13
1.8691854,0.21111438,-0.020780077,0.14514443,1,1.0,False,13
1.8734077,0.40652767,-0.017877188,-0.15402111,0,1.0,False,13
1.8815383,0.21166618,-0.02095761,0.13296878,1,1.0,False,13
1.8857716,0.40708196,-0.018298235,-0.1662516,0,1.0,False,13
1.8939133,0.21222666,-0.021623267,0.12060304,1,1.0,False,13
1.8981577,0.40765163,-0.019211207,-0.17882264,0,1.0,False,13
1.9063108,0.21280979,-0.022787658,0.10773845,1,1.0,False,13
1.910567,0.40825075,-0.02063289,-0.19204587,0,1.0,False,13
1.918732,0.21342996,-0.024473807,0.09405749,1,1.0,False,13
1.9230006,0.40889397,-0.022592656,-0.20624532,0,1.0,False,13
1.9311785,0.21410227,-0.026717564,0.079226,0,1.0,False,13
1.9354606,0.019373303,-0.025133044,0.36336118,1,1.0,False,13
1.935848,0.21484327,-0.01786582,0.06286047,1,1.0,False,13
1.9401449,0.41021678,-0.01660861,-0.23540527,0,1.0,False,13
1.9483492,0.215336,-0.021316716,0.05199286,1,1.0,False,13
1.9526559,0.410757,-0.02027686,-0.24733871,0,1.0,False,13
1.9608711,0.21593043,-0.025223633,0.0388801,0,1.0,False,13
1.9651897,0.0211791,-0.024446031,0.3234992,1,1.0,False,13
1.9656132,0.21664046,-0.017976047,0.023208354,1,1.0,False,13
1.969946,0.41201553,-0.01751188,-0.2750916,0,1.0,False,13
1.9781864,0.21714775,-0.023013711,0.012017041,0,1.0,False,13
1.9825293,0.022363283,-0.02277337,0.29735094,1,1.0,False,13
1.9829766,0.21780235,-0.016826352,-0.0024264206,0,1.0,False,13
1.9873326,0.0229257,-0.01687488,0.28490046,1,1.0,False,13
1.9877912,0.2182842,-0.011176871,-0.013056568,1,1.0,False,13
1.9921569,0.41356465,-0.011438002,-0.30924487,0,1.0,False,13
2.0004282,0.21860753,-0.0176229,-0.020191004,0,1.0,False,13
2.0048003,0.02374268,-0.01802672,0.26688,1,1.0,False,13
2.0052752,0.21911721,-0.012689119,-0.03143373,0,1.0,False,13
2.0096574,0.0241795,-0.013317795,0.25721878,1,1.0,False,13
2.0101411,0.21948904,-0.008173418,-0.039634846,1,1.0,False,13
2.014531,0.41472724,-0.008966115,-0.33488533,0,1.0,False,13
2.0228255,0.21973403,-0.015663821,-0.04504327,0,1.0,False,13
2.02722,0.024840146,-0.016564688,0.24265671,1,1.0,False,13
2.0277169,0.22019474,-0.011711554,-0.055204783,0,1.0,False,13
2.0321207,0.025242658,-0.012815649,0.23376018,1,1.0,False,13
2.0326257,0.22054535,-0.008140446,-0.06293751,1,1.0,False,13
2.0370364,0.41578308,-0.009399196,-0.35817763,0,1.0,False,13
2.0453522,0.22079599,-0.016562749,-0.06847327,0,1.0,False,13
2.0497682,0.025915368,-0.017932214,0.21893835,1,1.0,False,13
2.0502865,0.22128901,-0.013553447,-0.079346776,0,1.0,False,13
2.0547123,0.026363939,-0.015140383,0.20902936,1,1.0,False,13
2.0552394,0.22169907,-0.010959796,-0.08839085,0,1.0,False,13
2.0596735,0.026735917,-0.012727613,0.2008142,1,1.0,False,13
2.060208,0.22203757,-0.008711329,-0.09585636,0,1.0,False,13
2.0646489,0.027041547,-0.010628455,0.19406548,1,1.0,False,13
2.0651898,0.22231391,-0.006747146,-0.101951234,1,1.0,False,13
2.069636,0.4175319,-0.008786171,-0.39675522,0,1.0,False,13
2.0779867,0.2225357,-0.016721275,-0.106855296,0,1.0,False,13
2.0824373,0.027657315,-0.01885838,0.18050559,1,1.0,False,13
2.0829906,0.22304398,-0.015248269,-0.11806632,0,1.0,False,13
2.0874515,0.028143782,-0.017609594,0.16976717,1,1.0,False,13
2.0880144,0.2235133,-0.014214252,-0.12841862,0,1.0,False,13
2.0924845,0.028597828,-0.016782625,0.1597462,1,1.0,False,13
2.0930564,0.22395597,-0.0135877,-0.13818362,0,1.0,False,13
2.0975356,0.029031249,-0.016351372,0.15018182,1,1.0,False,13
2.0981162,0.22438347,-0.013347737,-0.14761443,0,1.0,False,13
2.102604,0.02945519,-0.016300024,0.14082783,1,1.0,False,13
2.103193,0.22480676,-0.013483468,-0.15695259,0,1.0,False,13
2.1076891,0.02988042,-0.016622521,0.13144632,1,1.0,False,13
2.1082869,0.22523649,-0.013993594,-0.1664341,0,1.0,False,13
2.1127915,0.030317614,-0.017322276,0.12180161,1,1.0,False,13
2.1133978,0.2256834,-0.014886243,-0.17629561,0,1.0,False,13
2.1179116,0.03077762,-0.018412156,0.11165428,1,1.0,False,13
2.1185272,0.2261585,-0.01617907,-0.18678023,0,1.0,False,13
2.1230502,0.031271722,-0.019914676,0.10075524,1,1.0,False,13
2.1236756,0.22667333,-0.01789957,-0.19814359,0,1.0,False,13
2.128209,0.031811915,-0.021862442,0.08883952,1,1.0,False,13
2.1288455,0.22724031,-0.020085651,-0.21066006,0,1.0,False,13
2.1333902,0.032411214,-0.024298852,0.07561985,1,1.0,False,13
2.1340384,0.22787294,-0.022786455,-0.22462934,0,1.0,False,13
2.1385958,0.033083938,-0.027279042,0.06077967,0,1.0,False,13
2.1392577,-0.16163649,-0.02606345,0.34473258,1,1.0,False,13
2.1360247,0.03384635,-0.019168798,0.04394614,1,1.0,False,13
2.1367018,0.22923785,-0.018289875,-0.25472257,0,1.0,False,13
2.1412866,0.03438176,-0.023384325,0.03213578,0,1.0,False,13
2.1419742,-0.16039719,-0.02274161,0.31734994,1,1.0,False,13
2.1387663,0.035041176,-0.016394611,0.017582757,1,1.0,False,13
2.139467,0.23039436,-0.016042955,-0.28022745,0,1.0,False,13
2.144075,0.03550489,-0.021647505,0.0073527186,0,1.0,False,13
2.144785,-0.15930003,-0.02150045,0.29312775,1,1.0,False,13
2.141599,0.03612177,-0.015637895,-0.006257828,0,1.0,False,13
2.1423213,-0.15877247,-0.015763052,0.28145042,1,1.0,False,13
2.139146,0.036570746,-0.010134043,-0.016162137,1,1.0,False,13
2.1398773,0.23183656,-0.010457286,-0.31202516,0,1.0,False,13
2.144514,0.036865134,-0.016697789,-0.02265841,0,1.0,False,13
2.1452515,-0.15801342,-0.017150957,0.26470974,1,1.0,False,13
2.1420913,0.03734907,-0.011856763,-0.033333022,0,1.0,False,13
2.1428382,-0.15760086,-0.012523423,0.25558552,1,1.0,False,13
2.139686,0.03769764,-0.007411713,-0.041021053,1,1.0,False,13
2.14044,0.23292509,-0.008232133,-0.3360332,0,1.0,False,13
2.1450987,0.037921246,-0.014952797,-0.045957576,0,1.0,False,13
2.145857,-0.15698314,-0.01587195,0.24197035,1,1.0,False,13
2.1427174,0.0383619,-0.011032542,-0.05567645,0,1.0,False,13
2.1434846,-0.15660013,-0.012146071,0.23350531,1,1.0,False,13
2.1403525,0.038693234,-0.0074759647,-0.062984,0,1.0,False,13
2.1411264,-0.15632074,-0.008735645,0.22733088,1,1.0,False,13
2.138,0.03892496,-0.0041890275,-0.068094745,0,1.0,False,13
2.1387784,-0.15613668,-0.0055509224,0.22326358,1,1.0,False,13
2.1356559,0.039064165,-0.0010856506,-0.071165144,1,1.0,False,13
2.1364372,0.23420167,-0.0025089534,-0.3641904,0,1.0,False,13
2.1411211,0.03911546,-0.009792761,-0.072299644,0,1.0,False,13
2.1419034,-0.15586475,-0.011238755,0.2172776,1,1.0,False,13
2.138786,0.039416056,-0.006893202,-0.078929216,0,1.0,False,13
2.1395745,-0.1556064,-0.008471786,0.21157095,1,1.0,False,13
2.1364622,0.039635643,-0.0042403676,-0.083772294,0,1.0,False,13
2.137255,-0.15542527,-0.0059158136,0.20756978,1,1.0,False,13
2.1341465,0.039780773,-0.001764418,-0.08697341,0,1.0,False,13
2.134942,-0.15531585,-0.003503886,0.20515233,1,1.0,False,13
2.131836,0.03985604,0.00059916044,-0.08863384,0,1.0,False,13
2.132633,-0.1552745,-0.0011735164,0.20423806,1,1.0,False,13
2.1295276,0.03986422,0.0029112448,-0.088814825,1,1.0,False,13
2.1303248,0.23494433,0.0011349485,-0.38057783,0,1.0,False,13
2.1350236,0.039806273,-0.006476608,-0.08753727,0,1.0,False,13
2.1358197,-0.15522225,-0.008227354,0.20309527,1,1.0,False,13
2.1327152,0.040016394,-0.0041654482,-0.092171595,0,1.0,False,13
2.1335156,-0.15504561,-0.00600888,0.19919422,1,1.0,False,13
2.1304147,0.04016177,-0.0020249956,-0.09537815,0,1.0,False,13
2.131218,-0.1549311,-0.0039325585,0.1966652,1,1.0,False,13
2.1281192,0.04024688,7.4535416e-07,-0.09725567,0,1.0,False,13
2.1289244,-0.15487508,-0.0019443681,0.19542749,1,1.0,False,13
2.1258268,0.040274628,0.0019641817,-0.09786817,0,1.0,False,13
2.1266322,-0.15487541,6.818347e-06,0.19543381,1,1.0,False,13
2.1235347,0.040246435,0.0039154943,-0.09724697,0,1.0,False,13
2.1243396,-0.15493141,0.0019705552,0.19666871,1,1.0,False,13
2.121241,0.040162295,0.0059039295,-0.09539194,1,1.0,False,13
2.1220443,0.23519914,0.0039960905,-0.38620636,0,1.0,False,13
2.1267483,0.040020682,-0.0037280363,-0.092266165,0,1.0,False,13
2.1275487,-0.15504764,-0.00557336,0.19923824,1,1.0,False,13
2.1244478,0.04015358,-0.0015885948,-0.0951976,0,1.0,False,13
2.1252508,-0.15494557,-0.0034925467,0.19698371,1,1.0,False,13
2.1221519,0.04022617,0.00044712727,-0.09679892,0,1.0,False,13
2.1229565,-0.15490219,-0.001488851,0.19602504,1,1.0,False,13
2.1198585,0.04024103,0.0024316497,-0.09712718,0,1.0,False,13
2.1206632,-0.15491569,0.0004891062,0.19632193,1,1.0,False,13
2.117565,0.04019926,0.004415545,-0.09620666,0,1.0,False,13
2.1183689,-0.1549857,0.0024914118,0.1978661,1,1.0,False,13
2.1152692,0.040100534,0.0064487336,-0.094029866,1,1.0,False,13
2.1160712,0.23512946,0.0045681363,-0.38467127,0,1.0,False,13
2.1207738,0.039942957,-0.003125289,-0.09055153,0,1.0,False,13
2.1215727,-0.15513405,-0.00493632,0.20114373,1,1.0,False,13
2.11847,0.040058143,-0.0009134453,-0.093092285,0,1.0,False,13
2.119271,-0.15505071,-0.002775291,0.19930232,1,1.0,False,13
2.1161702,0.04011083,0.0012107553,-0.0942548,0,1.0,False,13
2.1169722,-0.15502845,-0.0006743406,0.19880988,1,1.0,False,13
2.1138718,0.040103137,0.003301857,-0.0940857,0,1.0,False,13
2.1146739,-0.15506598,0.001420143,0.19963713,1,1.0,False,13
2.1115725,0.040035628,0.0054128855,-0.09259747,0,1.0,False,13
2.112373,-0.15516348,0.0035609363,0.20178829,1,1.0,False,13
2.1092699,0.039907355,0.0075967023,-0.0897692,1,1.0,False,13
2.110068,0.2349196,0.005801318,-0.3800457,0,1.0,False,13
2.1147664,0.03971575,-0.0017995962,-0.08553929,0,1.0,False,13
2.1155608,-0.15538035,-0.003510382,0.20657532,1,1.0,False,13
2.1124532,0.039791614,0.00062112435,-0.08721289,0,1.0,False,13
2.113249,-0.15533924,-0.0011231335,0.20566595,1,1.0,False,13
2.1101422,0.03979876,0.0029901853,-0.087371066,0,1.0,False,13
2.1109383,-0.15536593,0.0012427641,0.20625377,1,1.0,False,13
2.107831,0.03973823,0.0053678392,-0.086036876,1,1.0,False,13
2.1086257,0.23478283,0.0036471018,-0.37702143,0,1.0,False,13
2.1133213,0.03960927,-0.0038933265,-0.083190784,0,1.0,False,13
2.1141136,-0.15545666,-0.005557142,0.20826125,1,1.0,False,13
2.1110044,0.039744314,-0.0013919171,-0.086169474,0,1.0,False,13
2.1117992,-0.15535766,-0.0031153066,0.20607398,1,1.0,False,13
2.1086922,0.039808705,0.0010061731,-0.08759004,0,1.0,False,13
2.1094882,-0.15532765,-0.00074562774,0.20541017,1,1.0,False,13
2.1063817,0.03980495,0.0033625755,-0.08750788,0,1.0,False,13
2.1071777,-0.15536503,0.001612418,0.20623405,1,1.0,False,13
2.1040704,0.03973382,0.005737099,-0.08593981,0,1.0,False,13
2.104865,-0.1554699,0.0040183025,0.20854765,1,1.0,False,13
2.1017559,0.039594367,0.008189255,-0.08286501,1,1.0,False,13
2.1025476,0.23459798,0.006531955,-0.372953,0,1.0,False,13
2.1072397,0.039383844,-0.00092710456,-0.07821767,0,1.0,False,13
2.1080272,-0.15572481,-0.002491458,0.2141726,1,1.0,False,13
2.1049128,0.03943268,0.0017919942,-0.079295196,0,1.0,False,13
2.1057014,-0.15571491,0.00020609028,0.21395257,1,1.0,False,13
2.1025872,0.039404087,0.004485142,-0.07866534,0,1.0,False,13
2.1033752,-0.15578187,0.002911835,0.21542929,1,1.0,False,13
2.1002595,0.03929833,0.0072204205,-0.0763337,1,1.0,False,13
2.1010456,0.23431604,0.0056937467,-0.36672983,0,1.0,False,13
2.105732,0.039113633,-0.0016408501,-0.07225704,0,1.0,False,13
2.1065142,-0.15598476,-0.003085991,0.21990775,1,1.0,False,13
2.1033945,0.039181173,0.0013121639,-0.07374704,0,1.0,False,13
2.1041782,-0.15595956,-0.00016277682,0.2193496,1,1.0,False,13
2.101059,0.039164715,0.004224215,-0.07338467,0,1.0,False,13
2.1018422,-0.15601754,0.0027565216,0.22062801,1,1.0,False,13
2.0987217,0.0390649,0.007169082,-0.07118412,1,1.0,False,13
2.099503,0.23408334,0.0057453993,-0.36159658,0,1.0,False,13
2.1041849,0.0388802,-0.0014865322,-0.06710756,0,1.0,False,13
2.1049623,-0.1562204,-0.0028286832,0.22510599,1,1.0,False,13
2.101838,0.038941856,0.0016734366,-0.06846786,0,1.0,False,13
2.1026168,-0.15620404,0.00030407924,0.22474256,1,1.0,False,13
2.0994928,0.038913555,0.0047989306,-0.06784443,1,1.0,False,13
2.100271,0.23396638,0.003442042,-0.35900941,0,1.0,False,13
2.1049504,0.038795665,-0.003738146,-0.06524312,0,1.0,False,13
2.1057262,-0.15627249,-0.0050430084,0.22625807,1,1.0,False,13
2.1026008,0.038921166,-0.000517847,-0.068011336,0,1.0,False,13
2.1033792,-0.15619336,-0.0018780738,0.22450817,1,1.0,False,13
2.1002555,0.038955387,0.0026120895,-0.068766594,0,1.0,False,13
2.1010344,-0.15620391,0.0012367576,0.22473931,1,1.0,False,13
2.0979104,0.038900338,0.005731544,-0.06755323,1,1.0,False,13
2.0986884,0.23393965,0.0043804795,-0.35842234,0,1.0,False,13
2.1033673,0.0387557,-0.0027879672,-0.064361356,0,1.0,False,13
2.1041424,-0.15632617,-0.0040751942,0.22744064,1,1.0,False,13
2.1010158,0.038853783,0.0004736185,-0.06652495,0,1.0,False,13
2.1017928,-0.15627496,-0.00085688056,0.22630736,1,1.0,False,13
2.0986674,0.03885923,0.0036692668,-0.066645734,1,1.0,False,13
2.0994446,0.23392838,0.0023363521,-0.35816872,0,1.0,False,13
2.104123,0.038773295,-0.0048270226,-0.06475001,0,1.0,False,13
2.1048987,-0.15627912,-0.0061220224,0.22640607,1,1.0,False,13
2.101773,0.03892979,-0.0015939013,-0.068201676,0,1.0,False,13
2.1025517,-0.15616928,-0.0029579347,0.22397794,1,1.0,False,13
2.0994282,0.03899483,0.001521624,-0.06963656,0,1.0,False,13
2.100208,-0.15614891,0.00012889285,0.22352606,1,1.0,False,13
2.0970852,0.038971204,0.004599414,-0.069116205,1,1.0,False,13
2.0978646,0.23402691,0.00321709,-0.36034447,0,1.0,False,13
2.102545,0.03885938,-0.0039897994,-0.06664885,0,1.0,False,13
2.1033223,-0.15620515,-0.0053227763,0.2247726,1,1.0,False,13
2.1001983,0.038992476,-0.000827324,-0.06958456,0,1.0,False,13
2.1009781,-0.1561176,-0.0022190153,0.22283722,1,1.0,False,13
2.0978558,0.039035995,0.0022377293,-0.07054484,0,1.0,False,13
2.0986364,-0.15611796,0.00082683255,0.22284326,1,1.0,False,13
2.095514,0.038992155,0.005283698,-0.06957874,1,1.0,False,13
2.096294,0.23403797,0.0038921232,-0.36058995,0,1.0,False,13
2.1009746,0.0388609,-0.003319676,-0.0666823,0,1.0,False,13
2.1017518,-0.1562133,-0.004653322,0.2249514,1,1.0,False,13
2.0986276,0.038974848,-0.00015429397,-0.06919572,0,1.0,False,13
2.0994072,-0.15614489,-0.0015382083,0.22343852,1,1.0,False,13
2.0962842,0.03899901,0.002930562,-0.06972922,0,1.0,False,13
2.0970643,-0.15616482,0.0015359777,0.22387688,1,1.0,False,13
2.093941,0.038935132,0.006013515,-0.06832115,1,1.0,False,13
2.0947196,0.23397036,0.004647092,-0.35910073,0,1.0,False,13
2.099399,0.038782652,-0.0025349224,-0.0649561,0,1.0,False,13
2.1001747,-0.15630287,-0.0038340446,0.22692597,1,1.0,False,13
2.0970485,0.03887367,0.0007044749,-0.06696389,0,1.0,False,13
2.097826,-0.15625837,-0.0006348028,0.22594123,1,1.0,False,13
2.0947008,0.038872644,0.0038840217,-0.06694188,0,1.0,False,13
2.0954783,-0.15630478,0.002545184,0.22696395,1,1.0,False,13
2.0923522,0.038780708,0.007084463,-0.06491505,1,1.0,False,13
2.093128,0.23380037,0.005786162,-0.3553544,0,1.0,False,13
2.0978038,0.038596634,-0.0013209259,-0.060852565,0,1.0,False,13
2.0985758,-0.15650636,-0.0025379772,0.2314133,1,1.0,False,13
2.0954456,0.03865177,0.002090289,-0.0620691,0,1.0,False,13
2.0962188,-0.15650009,0.000848907,0.2312726,1,1.0,False,13
2.0930886,0.03860972,0.005474359,-0.061142437,1,1.0,False,13
2.0938609,0.23365276,0.00425151,-0.35209316,0,1.0,False,13
2.0985339,0.038470607,-0.002790353,-0.05807263,0,1.0,False,13
2.0993035,-0.15661122,-0.0039518056,0.23372862,1,1.0,False,13
2.0961711,0.038566966,0.0007227667,-0.060198214,0,1.0,False,13
2.0969424,-0.15656534,-0.0004811976,0.23271266,1,1.0,False,13
2.0938113,0.038563482,0.0041730558,-0.060122013,1,1.0,False,13
2.0945826,0.23362535,0.0029706154,-0.3514854,0,1.0,False,13
2.099255,0.038461283,-0.0040590926,-0.05786722,0,1.0,False,13
2.1000242,-0.15660223,-0.005216437,0.23353226,1,1.0,False,13
2.096892,0.038593862,-0.0005457916,-0.06079151,0,1.0,False,13
2.097664,-0.15652026,-0.0017616218,0.23171917,1,1.0,False,13
2.0945337,0.03862682,0.0028727616,-0.06151892,0,1.0,False,13
2.0953062,-0.1565362,0.0016423832,0.232069,1,1.0,False,13
2.0921755,0.038562242,0.0062837633,-0.060095415,1,1.0,False,13
2.0929468,0.23359354,0.0050818548,-0.35078916,0,1.0,False,13
2.0976186,0.038399685,-0.0019339285,-0.05650811,0,1.0,False,13
2.0983865,-0.15669449,-0.0030640906,0.23556402,1,1.0,False,13
2.0952528,0.03847111,0.0016471898,-0.058083836,0,1.0,False,13
2.0960221,-0.15667441,0.00048551316,0.23511833,1,1.0,False,13
2.0928886,0.03844059,0.00518788,-0.057411406,1,1.0,False,13
2.0936575,0.23348777,0.0040396517,-0.34845302,0,1.0,False,13
2.0983272,0.0383086,-0.0029294086,-0.054498985,0,1.0,False,13
2.0990934,-0.15677123,-0.004019388,0.23725826,1,1.0,False,13
2.095958,0.038407918,0.0007257768,-0.056689795,0,1.0,False,13
2.0967262,-0.15672444,-0.0004080191,0.23622203,1,1.0,False,13
2.0935917,0.038403347,0.0043164217,-0.05658957,1,1.0,False,13
2.0943596,0.23346314,0.00318463,-0.3479075,0,1.0,False,13
2.0990288,0.03829604,-0.0037735202,-0.054222066,0,1.0,False,13
2.0997949,-0.1567716,-0.0048579616,0.2372679,1,1.0,False,13
2.0966594,0.038419414,-0.00011260348,-0.056943405,0,1.0,False,13
2.0974278,-0.15670092,-0.0012514716,0.23570399,1,1.0,False,13
2.0942938,0.038438886,0.0034626082,-0.057373423,1,1.0,False,13
2.0950625,0.23351102,0.0023151399,-0.34896186,0,1.0,False,13
2.0997329,0.03835622,-0.0046640974,-0.055549793,0,1.0,False,13
2.1004999,-0.15669855,-0.005775093,0.23565793,1,1.0,False,13
2.0973659,0.038505435,-0.0010619346,-0.058841027,0,1.0,False,13
2.098136,-0.15660128,-0.002238755,0.23350666,1,1.0,False,13
2.095004,0.038552593,0.002431378,-0.059881598,0,1.0,False,13
2.0957751,-0.15660414,0.0012337461,0.23356745,1,1.0,False,13
2.092643,0.038500167,0.005905095,-0.058726057,1,1.0,False,13
2.0934129,0.23353696,0.004730574,-0.34954005,0,1.0,False,13
2.0980837,0.038348045,-0.002260227,-0.055369176,0,1.0,False,13
2.0988507,-0.15674143,-0.0033676105,0.23659977,1,1.0,False,13
2.0957158,0.038428478,0.0013643849,-0.057143494,0,1.0,False,13
2.0964844,-0.15671301,0.00022151505,0.23596959,1,1.0,False,13
2.0933502,0.038405776,0.004940907,-0.056643452,1,1.0,False,13
2.0941184,0.23345654,0.0038080378,-0.3477634,0,1.0,False,13
2.0987873,0.03828063,-0.00314723,-0.0538821,0,1.0,False,13
2.099553,-0.15679605,-0.004224872,0.23780619,1,1.0,False,13
2.0964172,0.038386,0.0005312518,-0.056206383,0,1.0,False,13
2.097185,-0.15674357,-0.00059287593,0.2366441,1,1.0,False,13
2.09405,0.038386848,0.0041400064,-0.05622577,1,1.0,False,13
2.0948176,0.23344919,0.003015491,-0.34759963,0,1.0,False,13
2.0994866,0.038284484,-0.0039365017,-0.053967334,0,1.0,False,13
2.1002524,-0.15678081,-0.005015848,0.237471,1,1.0,False,13
2.0971167,0.038412444,-0.00026642825,-0.05678984,0,1.0,False,13
2.097885,-0.15670568,-0.0014022251,0.23580901,1,1.0,False,13
2.094751,0.03843627,0.0033139552,-0.05731589,1,1.0,False,13
2.0955195,0.23351055,0.0021676372,-0.3489514,0,1.0,False,13
2.1001897,0.03835784,-0.004811391,-0.05558573,0,1.0,False,13
2.100957,-0.1566948,-0.0059231054,0.23557529,1,1.0,False,13
2.0978231,0.038511276,-0.0012115996,-0.058970068,0,1.0,False,13
2.0985932,-0.15659328,-0.002391001,0.23333034,1,1.0,False,13
2.0954614,0.038562752,0.002275606,-0.060105823,0,1.0,False,13
2.0962327,-0.15659176,0.0010734895,0.2332942,1,1.0,False,13
2.0931008,0.038514845,0.0057393736,-0.059049916,1,1.0,False,13
2.093871,0.23355404,0.0045583756,-0.34991652,0,1.0,False,13
2.0985422,0.03836755,-0.002439955,-0.055799678,0,1.0,False,13
2.0993097,-0.15671933,-0.0035559486,0.23611243,1,1.0,False,13
2.0961752,0.038453244,0.0011663,-0.057690028,0,1.0,False,13
2.0969443,-0.15668541,1.2499435e-05,0.23536065,1,1.0,False,13
2.0938106,0.038436364,0.0047197123,-0.057318337,1,1.0,False,13
2.0945792,0.23349032,0.0035733455,-0.34850845,0,1.0,False,13
2.0992491,0.038317733,-0.003396823,-0.05470085,0,1.0,False,13
2.1000154,-0.15675534,-0.0044908402,0.23690842,1,1.0,False,13
2.0968804,0.038430475,0.00024732822,-0.057187665,0,1.0,False,13
2.0976489,-0.15669502,-0.0008964251,0.23557329,1,1.0,False,13
2.094515,0.038439725,0.0038150407,-0.057392266,1,1.0,False,13
2.0952837,0.23350677,0.0026671954,-0.3488691,0,1.0,True,13
0.022612605,-0.048309717,0.048080105,0.022460422,0,1.0,False,14
0.02164641,-0.24408704,0.048529316,0.32991713,0,1.0,False,14
0.01676467,-0.43986502,0.055127658,0.6375004,1,1.0,False,14
0.00796737,-0.24555339,0.067877665,0.36267504,1,1.0,False,14
0.003056302,-0.051458545,0.07513116,0.09214394,0,1.0,False,14
0.002027131,-0.24757247,0.07697404,0.40755275,1,1.0,False,14
-0.0029243184,-0.053621538,0.0851251,0.14009583,1,1.0,False,14
-0.003996749,0.1401846,0.08792701,-0.12456416,0,1.0,False,14
-0.0011930572,-0.056079797,0.08543573,0.1945124,1,1.0,False,14
-0.002314653,0.13772273,0.08932598,-0.07004352,0,1.0,False,14
0.00043980152,-0.058558766,0.087925114,0.24943182,1,1.0,False,14
-0.0007313738,0.1352047,0.09291375,-0.014273964,1,1.0,False,14
0.0019727203,0.32887983,0.09262827,-0.2762562,0,1.0,False,14
0.008550317,0.13256681,0.08710314,0.044144735,1,1.0,False,14
0.011201653,0.32633877,0.08798604,-0.21983531,0,1.0,False,14
0.017728427,0.13007648,0.08358933,0.099253826,1,1.0,False,14
0.020329958,0.32390717,0.08557441,-0.16593038,0,1.0,False,14
0.026808102,0.12767111,0.0822558,0.15247476,1,1.0,False,14
0.029361524,0.32152483,0.085305296,-0.11316669,0,1.0,False,14
0.03579202,0.12529069,0.083041966,0.20516351,1,1.0,False,14
0.038297832,0.31913298,0.08714523,-0.060211685,1,1.0,False,14
0.044680495,0.51290435,0.085941,-0.3241775,0,1.0,False,14
0.05493858,0.31667054,0.07945745,-0.005677561,1,1.0,False,14
0.06127199,0.5105684,0.0793439,-0.27227074,0,1.0,False,14
0.07148336,0.3144092,0.07389849,0.044344988,1,1.0,False,14
0.077771544,0.50839794,0.07478538,-0.2241376,0,1.0,False,14
0.0879395,0.31229123,0.07030263,0.09116668,1,1.0,False,14
0.09418532,0.5063388,0.072125964,-0.17853366,0,1.0,False,14
0.1043121,0.31026274,0.06855529,0.13600233,1,1.0,False,14
0.11051735,0.5043392,0.07127534,-0.13428904,1,1.0,False,14
0.12060414,0.69837165,0.06858956,-0.40366155,0,1.0,False,14
0.13457157,0.5023474,0.060516328,-0.090167,1,1.0,False,14
0.14461853,0.69655204,0.058712985,-0.36315984,0,1.0,False,14
0.15854956,0.50064695,0.05144979,-0.052556757,1,1.0,False,14
0.1685625,0.69499487,0.050398655,-0.32857332,0,1.0,False,14
0.1824624,0.49919298,0.043827187,-0.020432528,1,1.0,False,14
0.19244626,0.6936599,0.043418538,-0.2989717,0,1.0,False,14
0.20631945,0.4979468,0.037439104,0.0070822826,1,1.0,False,14
0.21627839,0.6925124,0.03758075,-0.27355704,0,1.0,False,14
0.23012865,0.49687493,0.032109607,0.03073808,1,1.0,False,14
0.24006614,0.69152206,0.03272437,-0.2516435,0,1.0,False,14
0.25389656,0.49594846,0.0276915,0.051179077,1,1.0,False,14
0.26381555,0.6906626,0.028715082,-0.23263994,0,1.0,False,14
0.2776288,0.4951424,0.024062283,0.068960585,1,1.0,False,14
0.28753164,0.68991125,0.025441494,-0.2160345,0,1.0,False,14
0.30132988,0.494435,0.021120803,0.08456397,0,1.0,False,14
0.31121856,0.29901677,0.022812083,0.38383502,1,1.0,False,14
0.3171989,0.49380752,0.030488783,0.09843104,1,1.0,False,14
0.32707506,0.68847954,0.032457404,-0.18447895,0,1.0,False,14
0.34084466,0.4929086,0.028767826,0.11826378,0,1.0,False,14
0.35070282,0.29738653,0.0311331,0.4198821,1,1.0,False,14
0.35665056,0.4920538,0.039530743,0.13717431,1,1.0,False,14
0.36649162,0.6865879,0.04227423,-0.14277987,0,1.0,False,14
0.3802234,0.49088684,0.03941863,0.16293442,1,1.0,False,14
0.3900411,0.68542296,0.04267732,-0.117057025,0,1.0,False,14
0.4037496,0.48971635,0.04033618,0.18877894,1,1.0,False,14
0.4135439,0.6842387,0.04411176,-0.090911634,1,1.0,False,14
0.4272287,0.8787015,0.042293526,-0.36935747,0,1.0,False,14
0.4448027,0.683005,0.034906376,-0.06364456,0,1.0,False,14
0.4584628,0.48740038,0.033633485,0.23984398,1,1.0,False,14
0.46821082,0.68202615,0.038430367,-0.042043153,1,1.0,False,14
0.48185134,0.87657654,0.0375895,-0.32235754,0,1.0,False,14
0.49938288,0.68094003,0.031142352,-0.018061362,1,1.0,False,14
0.5130017,0.8756018,0.030781124,-0.30075812,0,1.0,False,14
0.5305137,0.68005496,0.02476596,0.0014714225,1,1.0,False,14
0.5441148,0.87481314,0.02479539,-0.2832958,0,1.0,False,14
0.56161106,0.6793465,0.019129474,0.017103175,1,1.0,False,14
0.575198,0.87418896,0.019471537,-0.26948333,0,1.0,False,14
0.59268177,0.6787946,0.014081871,0.029276885,1,1.0,False,14
0.6062577,0.8737118,0.014667409,-0.25893,0,1.0,False,14
0.6237319,0.6783836,0.009488809,0.038342904,1,1.0,False,14
0.6372996,0.8733682,0.010255666,-0.25133118,0,1.0,False,14
0.654767,0.6781013,0.0052290433,0.04456887,1,1.0,False,14
0.668329,0.8731479,0.0061204205,-0.24645966,0,1.0,False,14
0.6857919,0.67793906,0.0011912272,0.04814748,1,1.0,False,14
0.6993507,0.8730439,0.0021541768,-0.24415937,0,1.0,False,14
0.7168116,0.67789125,-0.0027290105,0.049202263,1,1.0,False,14
0.7303694,0.87305224,-0.0017449652,-0.24434043,0,1.0,False,14
0.74783045,0.67795527,-0.006631774,0.04779157,1,1.0,False,14
0.76138955,0.8731717,-0.0056759426,-0.24697635,0,1.0,False,14
0.778853,0.6781312,-0.010615469,0.043910876,1,1.0,False,14
0.7924156,0.8734038,-0.009737252,-0.25210235,0,1.0,False,14
0.8098837,0.6784222,-0.014779299,0.037493438,0,1.0,False,14
0.8234522,0.4835153,-0.01402943,0.32547694,1,1.0,False,14
0.83312243,0.67883414,-0.007519891,0.028402967,1,1.0,False,14
0.8466991,0.87406313,-0.0069518313,-0.26664305,0,1.0,False,14
0.8641804,0.6790411,-0.012284692,0.023839131,1,1.0,False,14
0.87776124,0.874337,-0.01180791,-0.2726943,0,1.0,False,14
0.89524794,0.67938554,-0.017261796,0.016241109,0,1.0,False,14
0.90883565,0.48451534,-0.016936973,0.30342814,1,1.0,False,14
0.918526,0.67987454,-0.010868411,0.005452161,1,1.0,False,14
0.9321235,0.8751507,-0.010759368,-0.29063997,0,1.0,False,14
0.9496265,0.68018377,-0.016572166,-0.0013697494,0,1.0,False,14
0.96323013,0.48530334,-0.016599562,0.28603873,1,1.0,False,14
0.9729362,0.68065804,-0.010878787,-0.011833005,1,1.0,False,14
0.9865494,0.8759343,-0.011115448,-0.30792835,0,1.0,False,14
1.004068,0.6809725,-0.017274015,-0.018771581,0,1.0,False,14
1.0176876,0.4861025,-0.017649446,0.26841152,1,1.0,False,14
1.0274096,0.6814718,-0.012281216,-0.029785484,0,1.0,False,14
1.041039,0.4865281,-0.012876926,0.2589974,1,1.0,False,14
1.0507696,0.6818315,-0.0076969774,-0.03771909,1,1.0,False,14
1.0644062,0.877063,-0.008451359,-0.3328205,0,1.0,False,14
1.0819474,0.6820623,-0.0151077695,-0.042814665,0,1.0,False,14
1.0955887,0.48716024,-0.015964063,0.24506359,1,1.0,False,14
1.1053319,0.6825065,-0.011062791,-0.05261173,0,1.0,False,14
1.1189821,0.48754492,-0.012115025,0.23656037,1,1.0,False,14
1.1287329,0.68283784,-0.007383818,-0.05991925,1,1.0,False,14
1.1423897,0.8780649,-0.008582203,-0.35492265,0,1.0,False,14
1.159951,0.683066,-0.015680656,-0.06495824,0,1.0,False,14
1.1736124,0.48817235,-0.016979821,0.2227364,1,1.0,False,14
1.1833757,0.68353283,-0.012525093,-0.075253904,0,1.0,False,14
1.1970464,0.48859265,-0.014030171,0.21345115,1,1.0,False,14
1.2068182,0.68391234,-0.009761148,-0.08362431,0,1.0,False,14
1.2204965,0.4889317,-0.011433634,0.20596305,1,1.0,False,14
1.2302752,0.68421525,-0.0073143733,-0.09030458,0,1.0,False,14
1.2439594,0.4891989,-0.009120465,0.20006171,1,1.0,False,14
1.2537434,0.6844501,-0.0051192306,-0.09548429,1,1.0,False,14
1.2674325,0.87964505,-0.0070289164,-0.38977793,0,1.0,False,14
1.2850254,0.68462354,-0.014824475,-0.0993194,0,1.0,False,14
1.2987179,0.4897172,-0.016810862,0.18864982,1,1.0,False,14
1.3085122,0.6850756,-0.013037867,-0.1092885,0,1.0,False,14
1.3222136,0.49014282,-0.015223636,0.1792527,1,1.0,False,14
1.3320165,0.6854793,-0.011638583,-0.11819361,0,1.0,False,14
1.3457261,0.49052602,-0.0140024545,0.17079484,1,1.0,False,14
1.3555366,0.68584555,-0.010586558,-0.12627234,1,1.0,False,14
1.3692535,0.8811176,-0.013112005,-0.42227632,0,1.0,False,14
1.3868759,0.6861838,-0.02155753,-0.13375564,0,1.0,False,14
1.4005996,0.49137717,-0.024232645,0.15204899,1,1.0,False,14
1.4104271,0.68683755,-0.021191664,-0.14817923,0,1.0,False,14
1.4241638,0.4920254,-0.024155248,0.13774353,1,1.0,False,14
1.4340044,0.68748486,-0.021400377,-0.16246106,0,1.0,False,14
1.447754,0.4926757,-0.0246496,0.123394534,1,1.0,False,14
1.4576076,0.68814194,-0.022181708,-0.17696203,0,1.0,False,14
1.4713705,0.49334434,-0.025720948,0.108641595,1,1.0,False,14
1.4812373,0.68882525,-0.023548117,-0.1920439,0,1.0,False,14
1.4950138,0.49404794,-0.027388996,0.09311855,1,1.0,False,14
1.5048947,0.68955153,-0.025526624,-0.2080782,0,1.0,False,14
1.5186858,0.49480373,-0.029688189,0.076444335,1,1.0,False,14
1.5285819,0.69033843,-0.028159302,-0.22545551,0,1.0,False,14
1.5423887,0.49563,-0.03266841,0.05821359,1,1.0,False,14
1.5523013,0.6912047,-0.03150414,-0.24459481,0,1.0,False,14
1.5661254,0.49654663,-0.036396038,0.03798682,1,1.0,False,14
1.5760562,0.6921711,-0.0356363,-0.2659536,0,1.0,False,14
1.5898997,0.49757537,-0.040955372,0.0152797485,0,1.0,False,14
1.5998513,0.303064,-0.040649775,0.29476467,1,1.0,False,14
1.6059124,0.49874118,-0.034754485,-0.010456398,0,1.0,False,14
1.6158873,0.30413446,-0.03496361,0.27106166,1,1.0,False,14
1.6219699,0.4997374,-0.02954238,-0.032440692,1,1.0,False,14
1.6319647,0.6952703,-0.030191192,-0.33429623,0,1.0,False,14
1.6458701,0.50059074,-0.036877118,-0.05128485,0,1.0,False,14
1.655882,0.30601645,-0.037902813,0.22953875,1,1.0,False,14
1.6620023,0.501659,-0.033312038,-0.07485499,0,1.0,False,14
1.6720355,0.30703002,-0.03480914,0.20713453,1,1.0,False,14
1.678176,0.50263196,-0.030666448,-0.096322514,0,1.0,False,14
1.6882287,0.3079627,-0.032592896,0.18652964,1,1.0,False,14
1.6943879,0.50353545,-0.028862305,-0.11625429,0,1.0,False,14
1.7044587,0.30883867,-0.03118739,0.16718489,1,1.0,False,14
1.7106354,0.5043928,-0.027843693,-0.13517134,0,1.0,False,14
1.7207233,0.30968052,-0.03054712,0.14859891,1,1.0,False,14
1.7269169,0.5052263,-0.027575143,-0.15356235,0,1.0,False,14
1.7370214,0.3105098,-0.03064639,0.13029528,1,1.0,False,14
1.7432317,0.5060571,-0.028040484,-0.17189649,0,1.0,False,14
1.7533528,0.31134742,-0.031478412,0.11181032,1,1.0,False,14
1.7595798,0.506906,-0.029242206,-0.1906353,0,1.0,False,14
1.7697178,0.3122143,-0.033054914,0.09268137,1,1.0,False,14
1.7759621,0.507794,-0.031201286,-0.21024437,0,1.0,False,14
1.786118,0.3131318,-0.035406172,0.07243519,0,1.0,False,14
1.7923807,0.11853486,-0.03395747,0.35374042,1,1.0,False,14
1.7947513,0.3141228,-0.02688266,0.050546076,1,1.0,False,14
1.8010339,0.5096197,-0.025871739,-0.25049588,0,1.0,False,14
1.8112262,0.31487656,-0.030881656,0.033915617,0,1.0,False,14
1.8175237,0.120210774,-0.030203344,0.31669733,1,1.0,False,14
1.8199279,0.31574962,-0.023869397,0.014644402,0,1.0,False,14
1.8262429,0.12097797,-0.02357651,0.29970172,1,1.0,False,14
1.8286625,0.31642792,-0.017582476,-0.00032256515,1,1.0,False,14
1.8349911,0.51179755,-0.017588926,-0.29850072,0,1.0,False,14
1.845227,0.31693068,-0.02355894,-0.011416493,0,1.0,False,14
1.8515656,0.12215437,-0.023787271,0.2737412,1,1.0,False,14
1.8540087,0.31760752,-0.018312447,-0.026348367,0,1.0,False,14
1.8603609,0.1227529,-0.018839413,0.260501,1,1.0,False,14
1.8628159,0.31813866,-0.013629395,-0.03806409,0,1.0,False,14
1.8691787,0.12321477,-0.014390676,0.25028765,1,1.0,False,14
1.871643,0.31853923,-0.009384923,-0.04689942,1,1.0,False,14
1.8780137,0.5137945,-0.010322912,-0.34252852,0,1.0,False,14
1.8882897,0.31882092,-0.017173482,-0.053118635,0,1.0,False,14
1.8946661,0.123949364,-0.018235855,0.23409683,1,1.0,False,14
1.897145,0.31932706,-0.013553918,-0.06428203,0,1.0,False,14
1.9035316,0.12440203,-0.014839559,0.22409393,1,1.0,False,14
1.9060197,0.3197329,-0.01035768,-0.073232785,0,1.0,False,14
1.9124143,0.124760956,-0.011822335,0.21616434,1,1.0,False,14
1.9149095,0.3200499,-0.007499049,-0.0802243,1,1.0,False,14
1.9213105,0.5152786,-0.009103535,-0.37526372,0,1.0,False,14
1.9316161,0.32028708,-0.01660881,-0.08546505,0,1.0,False,14
1.9380218,0.1254071,-0.018318111,0.20193185,1,1.0,False,14
1.94053,0.32078618,-0.014279474,-0.09647282,0,1.0,False,14
1.9469457,0.12587176,-0.01620893,0.19167097,1,1.0,False,14
1.9494631,0.3212218,-0.012375511,-0.106080815,0,1.0,False,14
1.9558876,0.12627935,-0.014497127,0.18267214,1,1.0,False,14
1.9584131,0.3216057,-0.010843685,-0.11454861,0,1.0,False,14
1.9648453,0.1266408,-0.0131346565,0.17469358,1,1.0,False,14
1.9673781,0.32194826,-0.009640785,-0.12210379,0,1.0,False,14
1.973817,0.12696573,-0.012082861,0.16752204,1,1.0,False,14
1.9763564,0.32225853,-0.00873242,-0.12894806,0,1.0,False,14
1.9828016,0.12726276,-0.011311381,0.16096716,1,1.0,False,14
1.9853468,0.3225448,-0.008092038,-0.13526265,0,1.0,False,14
1.9917977,0.1275397,-0.010797291,0.15485641,1,1.0,False,14
1.9943485,0.32281455,-0.007700163,-0.14121316,0,1.0,False,14
2.0008047,0.12780373,-0.010524426,0.14903058,1,1.0,False,14
2.0033607,0.3230748,-0.0075438144,-0.14695391,0,1.0,False,14
2.0098224,0.12806168,-0.010482892,0.14333957,1,1.0,False,14
2.0123835,0.3233322,-0.0076161013,-0.152632,0,1.0,False,14
2.0188503,0.12832011,-0.010668742,0.13763851,1,1.0,False,14
2.0214167,0.32359323,-0.007915971,-0.15839104,0,1.0,False,14
2.0278885,0.1285855,-0.011083792,0.13178411,1,1.0,False,14
2.0304601,0.32386446,-0.00844811,-0.16437489,0,1.0,False,14
2.0369375,0.12886445,-0.011735608,0.12563096,1,1.0,False,14
2.0395148,0.32415256,-0.009222989,-0.1707312,0,1.0,False,14
2.0459979,0.12916382,-0.012637612,0.11902794,1,1.0,False,14
2.0485811,0.32446453,-0.010257054,-0.17761509,0,1.0,False,14
2.0550704,0.12949085,-0.013809356,0.111814514,1,1.0,False,14
2.05766,0.32480794,-0.011573065,-0.185193,0,1.0,False,14
2.0641563,0.12985346,-0.015276926,0.10381672,1,1.0,False,14
2.0667534,0.325191,-0.013200591,-0.19364661,0,1.0,False,14
2.0732572,0.13026032,-0.017073523,0.094843045,1,1.0,False,14
2.0758624,0.32562277,-0.015176662,-0.20317729,0,1.0,False,14
2.0823748,0.1307211,-0.019240208,0.08467976,1,1.0,False,14
2.0849893,0.3261135,-0.017546613,-0.21401085,0,1.0,False,14
2.0915117,0.13124675,-0.02182683,0.073085845,1,1.0,False,14
2.0941365,0.3266747,-0.020365113,-0.22640283,0,1.0,False,14
2.10067,0.13184963,-0.02489317,0.05978724,1,1.0,False,14
2.103307,0.3273195,-0.023697425,-0.24064454,0,1.0,False,14
2.1098535,0.13254394,-0.028510315,0.044470374,0,1.0,False,14
2.1125042,-0.06215784,-0.027620908,0.32802343,1,1.0,False,14
2.1112611,0.13334623,-0.021060439,0.02675969,1,1.0,False,14
2.113928,0.32876378,-0.020525245,-0.27249295,0,1.0,False,14
2.1205034,0.13394062,-0.025975104,0.013646246,0,1.0,False,14
2.123182,-0.060799375,-0.025702178,0.29802188,1,1.0,False,14
2.1219661,0.13467935,-0.019741742,-0.0026549764,1,1.0,False,14
2.1246598,0.33007878,-0.019794842,-0.3015007,0,1.0,False,14
2.1312613,0.13524447,-0.025824856,-0.015125801,0,1.0,False,14
2.1339662,-0.059497785,-0.026127372,0.26929852,1,1.0,False,14
2.1327763,0.13598709,-0.020741401,-0.031509295,0,1.0,False,14
2.135496,-0.05883137,-0.021371586,0.254558,1,1.0,False,14
2.1343193,0.13658911,-0.016280428,-0.044788536,1,1.0,False,14
2.137051,0.33194068,-0.017176198,-0.3425633,0,1.0,False,14
2.1436899,0.13706726,-0.024027463,-0.055345826,0,1.0,False,14
2.1464312,-0.05770209,-0.02513438,0.22966047,1,1.0,False,14
2.1452773,0.13776985,-0.02054117,-0.07084356,0,1.0,False,14
2.1480327,-0.057051685,-0.021958042,0.2152884,1,1.0,False,14
2.1468916,0.13837719,-0.017652275,-0.084239386,0,1.0,False,14
2.1496592,-0.056487333,-0.019337062,0.20282236,1,1.0,False,14
2.1485295,0.13890575,-0.015280615,-0.09589721,0,1.0,False,14
2.1513076,-0.055993896,-0.017198559,0.19192581,1,1.0,False,14
2.1501877,0.13936982,-0.013360043,-0.10613255,0,1.0,False,14
2.152975,-0.05555816,-0.015482694,0.18230557,1,1.0,False,14
2.1518638,0.13978188,-0.011836582,-0.11522108,0,1.0,False,14
2.1546595,-0.055168495,-0.014141004,0.17370412,1,1.0,False,14
2.153556,0.14015296,-0.010666922,-0.12340609,0,1.0,False,14
2.1563592,-0.054814562,-0.013135044,0.16589254,1,1.0,False,14
2.155263,0.14049293,-0.009817192,-0.13090502,0,1.0,False,14
2.1580727,-0.05448703,-0.012435293,0.15866461,1,1.0,False,14
2.1569831,0.14081073,-0.009262001,-0.13791525,0,1.0,False,14
2.1597993,-0.05417735,-0.012020306,0.15183133,1,1.0,False,14
2.1587157,0.14111464,-0.008983679,-0.14461938,0,1.0,False,14
2.1615381,-0.05387751,-0.011876067,0.14521588,1,1.0,False,14
2.1604605,0.14141248,-0.008971749,-0.15118994,0,1.0,False,14
2.1632888,-0.05357986,-0.011995547,0.13864915,1,1.0,False,14
2.1622171,0.14171183,-0.009222565,-0.15779392,0,1.0,False,14
2.1650515,-0.053276874,-0.012378443,0.13196531,1,1.0,False,14
2.1639857,0.14202018,-0.009739137,-0.164597,0,1.0,False,14
2.1668262,-0.052961007,-0.013031078,0.124997646,1,1.0,False,14
2.165767,0.14234518,-0.010531125,-0.17176779,0,1.0,False,14
2.168614,-0.052624468,-0.01396648,0.11757437,1,1.0,False,14
2.1675615,0.14269479,-0.011614993,-0.17948194,0,1.0,False,14
2.1704154,-0.05225905,-0.015204632,0.109514356,1,1.0,False,14
2.1693702,0.14307745,-0.0130143445,-0.1879265,0,1.0,False,14
2.1722317,-0.051855918,-0.016772876,0.10062266,1,1.0,False,14
2.1711946,0.14350235,-0.014760422,-0.19730452,0,1.0,False,14
2.1740646,-0.0514054,-0.018706512,0.09068586,1,1.0,False,14
2.1730366,0.14397961,-0.016892795,-0.20783979,0,1.0,False,14
2.1759162,-0.05089676,-0.02104959,0.07946683,1,1.0,False,14
2.1748981,0.14452052,-0.019460253,-0.21978228,0,1.0,False,14
2.1777885,-0.050317932,-0.023855899,0.0666991,0,1.0,False,14
2.1767821,-0.24508987,-0.022521917,0.35176092,1,1.0,False,14
2.1718805,-0.04965501,-0.015486699,0.052062087,1,1.0,False,14
2.1708872,0.14568554,-0.014445457,-0.2454665,0,1.0,False,14
2.173801,-0.049227145,-0.019354787,0.0426252,0,1.0,False,14
2.1728165,-0.24406628,-0.018502284,0.3291392,1,1.0,False,14
2.1679351,-0.048685893,-0.011919499,0.030679429,1,1.0,False,14
2.1669614,0.14660494,-0.011305911,-0.26574028,0,1.0,False,14
2.1698935,-0.048353832,-0.016620716,0.023355342,0,1.0,False,14
2.1689265,-0.24323353,-0.01615361,0.31074825,1,1.0,False,14
2.1640618,-0.047885206,-0.009938644,0.013015037,1,1.0,False,14
2.163104,0.14737786,-0.009678343,-0.282787,0,1.0,False,14
2.1660516,-0.04760472,-0.015334083,0.006827773,0,1.0,False,14
2.1650996,-0.24250343,-0.015197528,0.29463345,1,1.0,False,14
2.1602495,-0.047168158,-0.009304859,-0.0028035522,1,1.0,False,14
2.159306,0.148086,-0.00936093,-0.2984077,0,1.0,False,14
2.162268,-0.04690128,-0.015329083,-0.0086916685,0,1.0,False,14
2.1613297,-0.24180007,-0.015502918,0.2791156,1,1.0,False,14
2.156494,-0.046460435,-0.009920605,-0.018416319,0,1.0,False,14
2.1555645,-0.24143872,-0.010288931,0.2711201,1,1.0,False,14
2.1507359,-0.04617147,-0.0048665293,-0.024790157,0,1.0,False,14
2.1498125,-0.24122329,-0.005362333,0.26635337,1,1.0,False,14
2.1449878,-0.046025224,-3.5265366e-05,-0.028016055,1,1.0,False,14
2.1440675,0.14909723,-0.0005955865,-0.32071012,0,1.0,False,14
2.1470494,-0.04601623,-0.007009789,-0.028215067,0,1.0,False,14
2.1461291,-0.24103695,-0.00757409,0.26224798,1,1.0,False,14
2.1413083,-0.045807716,-0.0023291304,-0.03281425,0,1.0,False,14
2.140392,-0.2408962,-0.0029854155,0.2591329,1,1.0,False,14
2.1355743,-0.045731746,0.0021972426,-0.034490168,1,1.0,False,14
2.1346595,0.14935863,0.0015074393,-0.32647902,0,1.0,False,14
2.1376467,-0.045784753,-0.005022141,-0.033321105,0,1.0,False,14
2.1367311,-0.24083433,-0.0056885635,0.25777307,1,1.0,False,14
2.1319144,-0.045631625,-0.00053310225,-0.036698684,0,1.0,False,14
2.1310017,-0.24074593,-0.0012670759,0.25581598,1,1.0,False,14
2.1261868,-0.04560591,0.003849244,-0.037266318,1,1.0,False,14
2.1252747,0.14946063,0.0031039177,-0.32873228,0,1.0,False,14
2.128264,-0.045705367,-0.003470728,-0.035072144,0,1.0,False,14
2.1273499,-0.24077737,-0.004172171,0.2565137,1,1.0,False,14
2.1225343,-0.045596108,0.00095810334,-0.037482258,0,1.0,False,14
2.1216223,-0.24073179,0.00020845824,0.25550282,1,1.0,False,14
2.1168077,-0.04561281,0.0053185145,-0.03711436,1,1.0,False,14
2.1158955,0.14943247,0.004576227,-0.3281145,0,1.0,False,14
2.118884,-0.04575433,-0.001986063,-0.033991966,0,1.0,False,14
2.117969,-0.24084774,-0.0026659023,0.25806367,1,1.0,False,14
2.113152,-0.045687836,0.002495371,-0.035458922,0,1.0,False,14
2.1122384,-0.24084549,0.0017861926,0.25801027,1,1.0,False,14
2.1074214,-0.045749076,0.006946398,-0.03410873,1,1.0,False,14
2.1065063,0.14927258,0.0062642237,-0.32459193,0,1.0,False,14
2.1094918,-0.045938004,-0.00022761489,-0.029940125,0,1.0,False,14
2.1085732,-0.2410567,-0.0008264174,0.26267096,1,1.0,False,14
2.103752,-0.045922954,0.0044270023,-0.030272495,0,1.0,False,14
2.1028335,-0.2411081,0.0038215523,0.2638039,1,1.0,False,14
2.0980113,-0.046040915,0.00909763,-0.02767122,1,1.0,False,14
2.0970905,0.1489494,0.008544206,-0.31746992,0,1.0,False,14
2.1000695,-0.046293203,0.0021948076,-0.022104742,0,1.0,False,14
2.0991437,-0.24144655,0.0017527128,0.27126986,1,1.0,False,14
2.0943148,-0.046349663,0.00717811,-0.020859735,1,1.0,False,14
2.0933878,0.14866862,0.0067609153,-0.31126928,0,1.0,False,14
2.0963612,-0.046549004,0.00053553,-0.016461842,0,1.0,False,14
2.0954301,-0.24167863,0.00020629315,0.27639002,1,1.0,False,14
2.0905967,-0.046559624,0.005734093,-0.016227853,1,1.0,False,14
2.0896654,0.14847963,0.005409536,-0.3070961,0,1.0,False,14
2.092635,-0.04671899,-0.0007323859,-0.012712069,0,1.0,False,14
2.0917006,-0.24183042,-0.0009866273,0.27973968,1,1.0,False,14
2.086864,-0.046694417,0.0046081664,-0.013254252,0,1.0,False,14
2.08593,-0.24188215,0.0043430817,0.28087905,1,1.0,False,14
2.0810924,-0.046822418,0.009960663,-0.010430939,1,1.0,False,14
2.080156,0.14815527,0.0097520435,-0.2999546,0,1.0,False,14
2.0831192,-0.04710431,0.0037529517,-0.00421208,0,1.0,False,14
2.082177,-0.24227989,0.0036687101,0.2896526,1,1.0,False,14
2.0773313,-0.047210436,0.009461761,-0.0018710182,1,1.0,False,14
2.0763872,0.14777455,0.009424342,-0.29155368,0,1.0,False,14
2.0793426,-0.0474805,0.0035932676,0.0040865964,0,1.0,False,14
2.078393,-0.2426538,0.0036749996,0.29790106,1,1.0,False,14
2.07354,-0.04758443,0.009633021,0.0063794386,1,1.0,False,14
2.0725882,0.14739805,0.00976061,-0.28324866,0,1.0,False,14
2.0755363,-0.047861744,0.004095637,0.012496666,1,1.0,False,14
2.074579,0.14720124,0.00434557,-0.27889124,0,1.0,False,14
2.077523,-0.04798244,-0.0012322546,0.015159109,0,1.0,False,14
2.0765634,-0.2430867,-0.0009290724,0.30745298,1,1.0,False,14
2.0717018,-0.04795152,0.0052199876,0.014477203,1,1.0,False,14
2.0707426,0.14709519,0.0055095316,-0.2765542,0,1.0,False,14
2.0736845,-0.048104938,-2.1552445e-05,0.017861335,0,1.0,False,14
2.0727224,-0.24322657,0.00033567424,0.31053746,1,1.0,False,14
2.067858,-0.048109412,0.0065464233,0.017960414,1,1.0,False,14
2.0668957,0.14691804,0.0069056316,-0.27264988,0,1.0,False,14
2.069834,-0.048301756,0.0014526343,0.022203092,0,1.0,False,14
2.0688682,-0.2434445,0.0018966962,0.31534398,1,1.0,False,14
2.0639992,-0.048349626,0.008203576,0.023259817,1,1.0,False,14
2.0630322,0.14665373,0.008668772,-0.26682353,0,1.0,False,14
2.0659652,-0.04859087,0.0033323015,0.028580932,1,1.0,False,14
2.0649934,0.14648314,0.00390392,-0.26304877,0,1.0,False,14
2.067923,-0.04869432,-0.001357055,0.030862948,0,1.0,False,14
2.0669491,-0.24379678,-0.0007397961,0.3231174,1,1.0,False,14
2.0620732,-0.048664305,0.005722552,0.030201264,1,1.0,False,14
2.0611,0.14637512,0.006326577,-0.26067066,0,1.0,False,14
2.0640275,-0.048836578,0.001113164,0.03400102,0,1.0,False,14
2.0630507,-0.24397448,0.0017931844,0.32703495,1,1.0,False,14
2.0581713,-0.048878096,0.008333883,0.034918055,1,1.0,False,14
2.0571938,0.14612336,0.009032245,-0.25512382,0,1.0,False,14
2.0601163,-0.049126383,0.0039297678,0.040394273,1,1.0,False,14
2.0591338,0.14593899,0.0047376533,-0.25104618,0,1.0,False,14
2.0620525,-0.049250286,-0.00028327043,0.043127317,0,1.0,False,14
2.0610673,-0.24436818,0.0005792759,0.33572087,1,1.0,False,14
2.05618,-0.049254473,0.007293693,0.043220658,1,1.0,False,14
2.055195,0.14576213,0.008158106,-0.24715215,0,1.0,False,14
2.0581102,-0.04947537,0.0032150631,0.048092827,1,1.0,False,14
2.0571208,0.14560033,0.00417692,-0.243574,0,1.0,False,14
2.0600326,-0.049581032,-0.00069456,0.050423514,0,1.0,False,14
2.059041,-0.24469303,0.0003139103,0.34288722,1,1.0,False,14
2.0541472,-0.049575534,0.0071716546,0.0503033,1,1.0,False,14
2.0531557,0.14544286,0.008177721,-0.24010831,0,1.0,False,14
2.0560646,-0.04979496,0.0033755545,0.05514284,1,1.0,False,14
2.0550687,0.14527842,0.0044784113,-0.23647317,0,1.0,False,14
2.0579743,-0.04990722,-0.0002510521,0.057619017,1,1.0,False,14
2.056976,0.14521833,0.0009013282,-0.23514311,0,1.0,False,14
2.0598805,-0.049916483,-0.003801534,0.05782399,0,1.0,False,14
2.0588822,-0.24498372,-0.0026450541,0.3493051,1,1.0,False,14
2.0539825,-0.049824253,0.0043410473,0.05578926,1,1.0,False,14
2.052986,0.14523518,0.0054568327,-0.23552088,0,1.0,False,14
2.0558908,-0.0499643,0.000746415,0.05887829,1,1.0,False,14
2.0548913,0.14514694,0.0019239808,-0.23356904,0,1.0,False,14
2.0577943,-0.05000245,-0.0027474,0.059720147,0,1.0,False,14
2.0567944,-0.2450849,-0.001552997,0.351535,1,1.0,False,14
2.0518925,-0.0499409,0.0054777027,0.058362756,1,1.0,False,14
2.0508938,0.14510208,0.0066449577,-0.23258689,0,1.0,False,14
2.0537958,-0.05011418,0.00199322,0.062184643,1,1.0,False,14
2.0527935,0.14497913,0.003236913,-0.22986874,0,1.0,False,14
2.0556931,-0.05018892,-0.001360462,0.06383346,1,1.0,False,14
2.0546894,0.1449525,-8.3792955e-05,-0.2292784,0,1.0,False,14
2.0575883,-0.050168242,-0.004669361,0.0633781,0,1.0,False,14
2.056585,-0.24522294,-0.003401799,0.35458416,1,1.0,False,14
2.0516806,-0.05005278,0.0036898844,0.0608305,1,1.0,False,14
2.0506794,0.14501607,0.0049064946,-0.23068596,0,1.0,False,14
2.0535798,-0.05017565,0.00029277522,0.06354059,1,1.0,False,14
2.0525763,0.1449421,0.0015635871,-0.22904995,0,1.0,False,14
2.0554752,-0.050202157,-0.0030174118,0.06412578,0,1.0,False,14
2.054471,-0.24528071,-0.0017348963,0.35585517,1,1.0,False,14
2.0495656,-0.05013414,0.005382207,0.06262569,1,1.0,False,14
2.0485628,0.14491023,0.006634721,-0.22835428,0,1.0,False,14
2.051461,-0.050305903,0.0020676355,0.06641408,1,1.0,False,14
2.0504549,0.14478634,0.0033959171,-0.22561578,0,1.0,False,14
2.0533507,-0.050383978,-0.0011163986,0.06813641,1,1.0,False,14
2.052343,0.14475396,0.00024632964,-0.22489853,0,1.0,False,14
2.055238,-0.05037151,-0.004251641,0.06786208,0,1.0,False,14
2.0542307,-0.24543224,-0.0028943995,0.35920057,1,1.0,False,14
2.049322,-0.05026927,0.0042896117,0.06560637,1,1.0,False,14
2.0483165,0.14479092,0.005601739,-0.22572008,0,1.0,False,14
2.0512123,-0.050410643,0.0010873377,0.06872457,1,1.0,False,14
2.0502043,0.1446957,0.0024618292,-0.2236151,0,1.0,False,14
2.0530982,-0.05046135,-0.0020104726,0.069843374,1,1.0,False,14
2.052089,0.14468937,-0.0006136052,-0.22347319,0,1.0,False,14
2.0549827,-0.050423805,-0.005083069,0.06901612,0,1.0,False,14
2.0539742,-0.24547252,-0.0037027467,0.360091,1,1.0,False,14
2.0490646,-0.050298125,0.003499073,0.06624281,1,1.0,False,14
2.0480587,0.14477348,0.004823929,-0.2253341,0,1.0,False,14
2.0509543,-0.050417077,0.00031724726,0.06886657,1,1.0,False,14
2.0499458,0.14470032,0.0016945787,-0.22371624,0,1.0,False,14
2.05284,-0.050445806,-0.0027797462,0.06950074,0,1.0,False,14
2.051831,-0.24552779,-0.0013897315,0.36130536,1,1.0,False,14
2.0469205,-0.050386116,0.005836375,0.068184525,1,1.0,False,14
2.0459127,0.14465168,0.007200066,-0.22265129,0,1.0,False,14
2.0488057,-0.050572444,0.00274704,0.07229409,1,1.0,False,14
2.0477943,0.14451002,0.004192922,-0.21952087,0,1.0,False,14
2.0506845,-0.05067162,-0.00019749533,0.07448173,1,1.0,False,14
2.0496712,0.14445317,0.0012921393,-0.21826349,0,1.0,False,14
2.05256,-0.050687235,-0.0030731307,0.07482674,1,1.0,False,14
2.0515463,0.14447863,-0.0015765958,-0.21882418,0,1.0,False,14
2.054436,-0.05062074,-0.0059530796,0.073361,0,1.0,False,14
2.0534236,-0.24565685,-0.0044858595,0.3641598,1,1.0,False,14
2.0485103,-0.050471425,0.002797336,0.07006576,1,1.0,False,14
2.047501,0.14461032,0.0041986513,-0.22173329,0,1.0,False,14
2.050393,-0.050571404,-0.00023601421,0.07227111,1,1.0,False,14
2.0493817,0.14455393,0.0012094079,-0.22048627,0,1.0,False,14
2.0522728,-0.05058529,-0.0032003175,0.0725779,0,1.0,False,14
2.0512612,-0.24566121,-0.0017487595,0.3642494,1,1.0,False,14
2.0463479,-0.050514452,0.0055362284,0.071015574,1,1.0,False,14
2.0453377,0.14452769,0.00695654,-0.21991552,0,1.0,False,14
2.0482283,-0.050693,0.0025582295,0.074953645,1,1.0,False,14
2.0472143,0.14439218,0.0040573026,-0.21692106,0,1.0,False,14
2.0501022,-0.050787535,-0.0002811186,0.07703896,1,1.0,False,14
2.0490863,0.14433844,0.0012596605,-0.21573265,0,1.0,False,14
2.051973,-0.05080149,-0.0030549925,0.07734736,1,1.0,False,14
2.0509572,0.14436412,-0.0015080454,-0.21629786,0,1.0,False,14
2.0538445,-0.050736237,-0.0058340025,0.07590898,0,1.0,False,14
2.0528297,-0.24577408,-0.004315823,0.36674556,1,1.0,False,14
2.0479143,-0.050591055,0.0030190884,0.072704926,1,1.0,False,14
2.0469024,0.14448749,0.004473187,-0.21902394,0,1.0,False,14
2.049792,-0.050698124,9.270815e-05,0.075066656,1,1.0,False,14
2.048778,0.1444225,0.0015940412,-0.21758702,0,1.0,False,14
2.0516667,-0.050722204,-0.0027576992,0.07559831,1,1.0,False,14
2.0506523,0.14443918,-0.001245733,-0.2179534,0,1.0,False,14
2.053541,-0.05066495,-0.0056048012,0.074336305,0,1.0,False,14
2.0525277,-0.24570611,-0.004118075,0.36524564,1,1.0,False,14
2.0476136,-0.050525874,0.0031868378,0.07126706,1,1.0,False,14
2.046603,0.14455025,0.004612179,-0.22040871,0,1.0,False,14
2.049494,-0.050637327,0.00020400481,0.07372552,1,1.0,False,14
2.0484812,0.1444817,0.0016785152,-0.21889304,0,1.0,False,14
2.0513709,-0.050664205,-0.0026993456,0.07431889,1,1.0,False,14
2.0503576,0.14449634,-0.0012129677,-0.21921447,0,1.0,False,14
2.0532475,-0.05060825,-0.005597257,0.07308559,0,1.0,False,14
2.0522354,-0.24564952,-0.0041355453,0.3639973,1,1.0,False,14
2.0473225,-0.050469033,0.0031444011,0.070013255,1,1.0,False,14
2.046313,0.1446077,0.0045446665,-0.22167595,0,1.0,False,14
2.049205,-0.05057892,0.00011114742,0.072437085,1,1.0,False,14
2.0481937,0.14454144,0.0015598891,-0.22021078,0,1.0,False,14
2.0510845,-0.050602775,-0.0028443264,0.0729638,1,1.0,False,14
2.0500724,0.14455985,-0.0013850505,-0.22061516,0,1.0,False,14
2.0529635,-0.050542288,-0.005797354,0.07163054,0,1.0,False,14
2.0519528,-0.24558064,-0.004364743,0.36247873,1,1.0,False,14
2.0470412,-0.05039693,0.0028848317,0.068422735,1,1.0,False,14
2.0460331,0.14468354,0.0042532864,-0.22334862,0,1.0,False,14
2.0489268,-0.050498944,-0.000213686,0.07067292,1,1.0,False,14
2.047917,0.14462607,0.0011997723,-0.22207741,0,1.0,False,14
2.0508094,-0.050513007,-0.003241776,0.07098372,0,1.0,False,14
2.0497992,-0.24558833,-0.0018221017,0.36264208,1,1.0,False,14
2.0448873,-0.05044053,0.0054307403,0.06938518,1,1.0,False,14
2.0438786,0.14460315,0.006818444,-0.22157939,0,1.0,True,14
0.018416671,-0.0031688032,0.03412337,-0.01596802,0,1.0,False,15
0.018353295,-0.19876309,0.033804007,0.28728294,0,1.0,False,15
0.014378033,-0.3943504,0.039549664,0.59043276,1,1.0,False,15
0.0064910245,-0.19980386,0.05135832,0.31046575,0,1.0,False,15
0.0024949473,-0.3956185,0.057567637,0.6188931,1,1.0,False,15
-0.0054174224,-0.20134588,0.0699455,0.34488246,1,1.0,False,15
-0.00944434,-0.0072850212,0.07684315,0.07505016,0,1.0,False,15
-0.00959004,-0.20341969,0.07834415,0.39095363,1,1.0,False,15
-0.013658434,-0.009491958,0.08616322,0.12396393,1,1.0,False,15
-0.013848273,0.18429667,0.0886425,-0.14034,0,1.0,False,15
-0.01016234,-0.011975642,0.0858357,0.17893936,1,1.0,False,15
-0.010401852,0.1818198,0.089414485,-0.085478865,0,1.0,False,15
-0.006765457,-0.014462511,0.08770491,0.23402128,1,1.0,False,15
-0.007054707,0.17930396,0.09238534,-0.029759092,0,1.0,False,15
-0.0034686276,-0.017013067,0.091790155,0.29058334,1,1.0,False,15
-0.003808889,0.17668833,0.09760182,0.028202819,1,1.0,False,15
-0.0002751224,0.37028497,0.09816588,-0.23216066,0,1.0,False,15
0.0071305768,0.17390737,0.09352267,0.089802,1,1.0,False,15
0.010608724,0.36757302,0.095318705,-0.1719714,0,1.0,False,15
0.017960185,0.17122522,0.09187928,0.14919466,1,1.0,False,15
0.02138469,0.36491957,0.09486317,-0.11314687,1,1.0,False,15
0.028683081,0.55856323,0.092600234,-0.37445846,0,1.0,False,15
0.039854348,0.36225632,0.08511107,-0.054074056,1,1.0,False,15
0.04709947,0.5560613,0.084029585,-0.3187368,0,1.0,False,15
0.0582207,0.35984936,0.077654846,-0.0007817202,1,1.0,False,15
0.065417685,0.55377674,0.077639215,-0.2679885,0,1.0,False,15
0.07649322,0.35763755,0.07227944,0.048136972,1,1.0,False,15
0.08364597,0.5516526,0.07324218,-0.22089414,0,1.0,False,15
0.09467902,0.35556436,0.0688243,0.09396367,1,1.0,False,15
0.10179031,0.5496358,0.07070357,-0.17623596,1,1.0,False,15
0.11278303,0.74367845,0.06717885,-0.44580314,0,1.0,False,15
0.1276566,0.5476736,0.058262788,-0.1327233,1,1.0,False,15
0.13861006,0.74191463,0.055608325,-0.40647095,0,1.0,False,15
0.15344836,0.5460501,0.047478903,-0.09678781,0,1.0,False,15
0.16436936,0.3502809,0.04554315,0.21048854,1,1.0,False,15
0.17137498,0.5447231,0.049752917,-0.06748724,1,1.0,False,15
0.18226944,0.7390977,0.048403174,-0.3440671,0,1.0,False,15
0.19705139,0.54332185,0.041521832,-0.03652218,1,1.0,False,15
0.20791784,0.7378245,0.04079139,-0.31582084,0,1.0,False,15
0.22267433,0.54214597,0.034474973,-0.010557854,1,1.0,False,15
0.23351724,0.736757,0.034263816,-0.29216728,0,1.0,False,15
0.24825238,0.5411637,0.028420469,0.0111220805,1,1.0,False,15
0.25907564,0.7358667,0.028642911,-0.2724601,0,1.0,False,15
0.27379298,0.54034805,0.02319371,0.029117513,0,1.0,False,15
0.28459996,0.3449013,0.02377606,0.32902712,1,1.0,False,15
0.29149798,0.53967685,0.0303566,0.04393588,1,1.0,False,15
0.3022915,0.7343506,0.031235319,-0.2390168,0,1.0,False,15
0.3169785,0.5387967,0.026454983,0.06335269,0,1.0,False,15
0.32775447,0.34330565,0.027722036,0.36426353,1,1.0,False,15
0.33462057,0.5380229,0.03500731,0.080449164,0,1.0,False,15
0.34538102,0.34241703,0.03661629,0.3839682,1,1.0,False,15
0.3522294,0.5370005,0.044295654,0.103051424,1,1.0,False,15
0.36296937,0.7314606,0.046356685,-0.1753339,0,1.0,False,15
0.37759858,0.53570694,0.042850006,0.13160515,1,1.0,False,15
0.38831273,0.7301897,0.04548211,-0.1472572,0,1.0,False,15
0.40291652,0.53444695,0.042536967,0.15942043,1,1.0,False,15
0.41360545,0.7289349,0.04572537,-0.11954553,1,1.0,False,15
0.42818415,0.9233729,0.04333446,-0.39745912,0,1.0,False,15
0.4466516,0.7276638,0.03538528,-0.09143471,0,1.0,False,15
0.4612049,0.532053,0.033556588,0.21219891,1,1.0,False,15
0.47184595,0.7266795,0.037800565,-0.069712706,1,1.0,False,15
0.48637953,0.9212397,0.036406312,-0.3502338,0,1.0,False,15
0.5048043,0.72561944,0.029401634,-0.046296716,1,1.0,False,15
0.51931673,0.9203077,0.0284757,-0.3295601,0,1.0,False,15
0.5377229,0.7247922,0.0218845,-0.02803501,0,1.0,False,15
0.55221874,0.52936333,0.021323798,0.2714716,1,1.0,False,15
0.562806,0.7241746,0.02675323,-0.01441018,1,1.0,False,15
0.57728946,0.9189029,0.026465027,-0.29853353,0,1.0,False,15
0.59566754,0.7234139,0.020494355,0.002377092,1,1.0,False,15
0.6101358,0.918236,0.020541897,-0.28376982,0,1.0,False,15
0.6285005,0.7228272,0.014866501,0.015320475,1,1.0,False,15
0.6429571,0.91773283,0.015172911,-0.27263507,0,1.0,False,15
0.66131175,0.7223977,0.009720209,0.024794564,1,1.0,False,15
0.6757597,0.9173789,0.0102161,-0.26480573,0,1.0,False,15
0.6941073,0.72211266,0.004919986,0.031081848,1,1.0,False,15
0.7085495,0.91716367,0.0055416226,-0.26004472,0,1.0,False,15
0.7268928,0.7219631,0.00034072815,0.034380943,1,1.0,False,15
0.74133205,0.91708016,0.0010283471,-0.25819445,0,1.0,False,15
0.75967366,0.7219435,-0.004135542,0.034812644,1,1.0,False,15
0.7741125,0.9171245,-0.0034392893,-0.2591722,0,1.0,False,15
0.792455,0.72205186,-0.008622734,0.032423932,1,1.0,False,15
0.8068961,0.9172964,-0.007974255,-0.26296705,0,1.0,False,15
0.825242,0.72228914,-0.0132335955,0.027190093,1,1.0,False,15
0.83968776,0.91759837,-0.0126897935,-0.26963863,0,1.0,False,15
0.85803974,0.72265977,-0.018082567,0.019015007,1,1.0,False,15
0.87249297,0.91803634,-0.017702267,-0.2793179,0,1.0,False,15
0.89085364,0.72317135,-0.023288624,0.007729635,0,1.0,False,15
0.90531707,0.52839094,-0.02313403,0.2929747,1,1.0,False,15
0.9158849,0.723835,-0.017274538,-0.0069136834,0,1.0,False,15
0.9303616,0.528965,-0.017412812,0.28026924,1,1.0,False,15
0.9409409,0.72433096,-0.011807426,-0.017854368,1,1.0,False,15
0.9554275,0.9196202,-0.012164514,-0.31423917,0,1.0,False,15
0.9738199,0.7246736,-0.018449297,-0.02541722,0,1.0,False,15
0.98831344,0.52982104,-0.018957641,0.26138812,1,1.0,False,15
0.99890983,0.72520846,-0.013729879,-0.03721347,0,1.0,False,15
1.013414,0.530286,-0.014474148,0.2511061,1,1.0,False,15
1.0240197,0.7256116,-0.009452025,-0.046106875,1,1.0,False,15
1.0385319,0.92086786,-0.010374163,-0.34175694,0,1.0,False,15
1.0569493,0.72589505,-0.017209303,-0.052363396,0,1.0,False,15
1.0714672,0.53102404,-0.01825657,0.23484056,1,1.0,False,15
1.0820876,0.726402,-0.013559759,-0.06354469,0,1.0,False,15
1.0966157,0.53147703,-0.014830653,0.22482939,1,1.0,False,15
1.1072453,0.7268078,-0.010334065,-0.07249455,1,1.0,False,15
1.1217815,0.92207634,-0.011783956,-0.36841992,0,1.0,False,15
1.1402229,0.7271238,-0.019152354,-0.079475805,0,1.0,False,15
1.1547655,0.5322816,-0.02074187,0.20710349,1,1.0,False,15
1.1654111,0.72769386,-0.0165998,-0.0920496,0,1.0,False,15
1.1799649,0.5328137,-0.018440792,0.19535021,1,1.0,False,15
1.1906213,0.72819453,-0.014533789,-0.10309246,0,1.0,False,15
1.205185,0.5332839,-0.016595637,0.1849699,1,1.0,False,15
1.2158508,0.7286393,-0.01289624,-0.11290177,0,1.0,False,15
1.2304236,0.53370446,-0.015154275,0.17568474,1,1.0,False,15
1.2410977,0.72904,-0.01164058,-0.12174007,0,1.0,False,15
1.2556784,0.53408676,-0.014075382,0.16724774,1,1.0,False,15
1.2663602,0.7294073,-0.010730427,-0.12984212,0,1.0,False,15
1.2809483,0.5344407,-0.013327269,0.15943627,1,1.0,False,15
1.2916372,0.7297509,-0.010138543,-0.1374211,0,1.0,False,15
1.3062322,0.5347756,-0.012886966,0.15204611,1,1.0,False,15
1.3169277,0.7300797,-0.009846043,-0.14467435,0,1.0,False,15
1.3315293,0.5351001,-0.01273953,0.14488614,1,1.0,False,15
1.3422313,0.7304022,-0.009841807,-0.15178849,1,1.0,False,15
1.3568393,0.92566365,-0.012877577,-0.44755998,0,1.0,False,15
1.3753526,0.73072624,-0.021828776,-0.15896396,0,1.0,False,15
1.3899671,0.5359235,-0.025008056,0.12675339,1,1.0,False,15
1.4006855,0.7313946,-0.022472989,-0.17371322,0,1.0,False,15
1.4153135,0.53660136,-0.025947252,0.11179634,1,1.0,False,15
1.4260455,0.73208535,-0.023711326,-0.18895853,0,1.0,False,15
1.4406872,0.5373105,-0.027490497,0.09615112,1,1.0,False,15
1.4514334,0.73281544,-0.025567474,-0.20507668,0,1.0,False,15
1.4660897,0.5380683,-0.029669007,0.07943258,1,1.0,False,15
1.4768511,0.7336027,-0.028080355,-0.22246139,0,1.0,False,15
1.4915231,0.5388931,-0.032529585,0.061233293,1,1.0,False,15
1.502301,0.734466,-0.03130492,-0.24153285,0,1.0,False,15
1.5169903,0.53980494,-0.036135577,0.041113615,1,1.0,False,15
1.5277865,0.7354259,-0.035313305,-0.26274785,0,1.0,False,15
1.542495,0.54082537,-0.04056826,0.018591028,0,1.0,False,15
1.5533115,0.34630796,-0.04019644,0.29820323,1,1.0,False,15
1.5602376,0.54197913,-0.034232374,-0.006881046,1,1.0,False,15
1.5710772,0.7375749,-0.034369994,-0.31016514,0,1.0,False,15
1.5858287,0.5429591,-0.0405733,-0.02851657,0,1.0,False,15
1.5966879,0.34844175,-0.04114363,0.251094,1,1.0,False,15
1.6036568,0.54412633,-0.03612175,-0.054277282,0,1.0,False,15
1.6145393,0.34954044,-0.037207294,0.22679368,1,1.0,False,15
1.62153,0.5451738,-0.03267142,-0.07738973,0,1.0,False,15
1.6324335,0.3505351,-0.034219217,0.20480886,1,1.0,False,15
1.6394442,0.5461293,-0.030123038,-0.09846912,0,1.0,False,15
1.6503668,0.35145172,-0.032092422,0.18455991,1,1.0,False,15
1.6573958,0.5470178,-0.028401222,-0.11807172,0,1.0,False,15
1.6683362,0.35231405,-0.030762658,0.16551729,1,1.0,False,15
1.6753825,0.5478625,-0.027452312,-0.13670947,0,1.0,False,15
1.6863397,0.35314435,-0.0301865,0.14718783,1,1.0,False,15
1.6934026,0.54868525,-0.027242744,-0.15486343,0,1.0,False,15
1.7043763,0.35396376,-0.030340012,0.12910208,1,1.0,False,15
1.7114556,0.5495069,-0.027757972,-0.17299625,0,1.0,False,15
1.7224457,0.354793,-0.031217897,0.11080229,1,1.0,False,15
1.7295417,0.55034804,-0.02900185,-0.19156393,0,1.0,False,15
1.7405486,0.35565275,-0.03283313,0.09183087,1,1.0,False,15
1.7476616,0.55122954,-0.030996513,-0.21102741,0,1.0,False,15
1.7586862,0.35656416,-0.03521706,0.07171886,1,1.0,False,15
1.7658175,0.55217284,-0.033782683,-0.2318639,0,1.0,False,15
1.776861,0.3575495,-0.038419962,0.049974333,0,1.0,False,15
1.784012,0.16299891,-0.037420474,0.33029217,1,1.0,False,15
1.787272,0.358633,-0.03081463,0.026047403,0,1.0,False,15
1.7944446,0.16396621,-0.030293683,0.3088509,1,1.0,False,15
1.7977239,0.3595064,-0.024116665,0.0067702206,1,1.0,False,15
1.804914,0.5549658,-0.02398126,-0.29342318,0,1.0,False,15
1.8160133,0.3601938,-0.029849725,-0.008399042,0,1.0,False,15
1.8232173,0.16551237,-0.030017706,0.2747185,1,1.0,False,15
1.8265275,0.36104947,-0.024523335,-0.027278885,0,1.0,False,15
1.8337485,0.16628762,-0.025068913,0.2575669,1,1.0,False,15
1.8370742,0.36175832,-0.019917574,-0.04291654,0,1.0,False,15
1.8443093,0.16692758,-0.020775905,0.24341625,1,1.0,False,15
1.8476479,0.36234003,-0.01590758,-0.05574684,1,1.0,False,15
1.8548948,0.5576864,-0.017022517,-0.35340598,0,1.0,False,15
1.8660485,0.3628106,-0.024090637,-0.06613898,0,1.0,False,15
1.8733047,0.16804217,-0.025413416,0.21884692,1,1.0,False,15
1.8766655,0.363518,-0.021036478,-0.0817429,0,1.0,False,15
1.8839359,0.16870384,-0.022671336,0.20422944,1,1.0,False,15
1.8873099,0.36414254,-0.018586747,-0.09551809,0,1.0,False,15
1.8945928,0.16929185,-0.02049711,0.19124328,1,1.0,False,15
1.8979787,0.36470094,-0.016672242,-0.10783452,0,1.0,False,15
1.9052726,0.16982183,-0.018828934,0.17954212,1,1.0,False,15
1.9086691,0.3652081,-0.015238091,-0.1190207,0,1.0,False,15
1.9159733,0.17030774,-0.017618505,0.16881606,1,1.0,False,15
1.9193795,0.3656774,-0.014242184,-0.1293725,0,1.0,False,15
1.926693,0.17076232,-0.016829634,0.15878338,1,1.0,False,15
1.9301082,0.3661211,-0.013653967,-0.139161,0,1.0,False,15
1.9374306,0.17119737,-0.016437186,0.14918323,1,1.0,False,15
1.9408545,0.3665508,-0.013453522,-0.14863963,0,1.0,False,15
1.9481856,0.17162405,-0.016426314,0.1397688,1,1.0,False,15
1.9516181,0.36697736,-0.013630939,-0.15805076,0,1.0,False,15
1.9589577,0.1720532,-0.016791955,0.13030095,1,1.0,False,15
1.9623986,0.3674116,-0.014185934,-0.16763195,0,1.0,False,15
1.969747,0.17249557,-0.017538574,0.120542176,1,1.0,False,15
1.9731969,0.36786434,-0.015127731,-0.177622,0,1.0,False,15
1.9805541,0.17296211,-0.01868017,0.11025051,1,1.0,False,15
1.9840133,0.3683467,-0.01647516,-0.18826687,0,1.0,False,15
1.9913803,0.17346428,-0.020240499,0.09917359,1,1.0,False,15
1.9948496,0.36887038,-0.018257026,-0.19982582,0,1.0,False,15
2.002227,0.17401424,-0.022253543,0.087042406,1,1.0,False,15
2.0057073,0.369448,-0.020512694,-0.21257763,0,1.0,False,15
2.0130963,0.17462523,-0.024764247,0.073564716,1,1.0,False,15
2.0165887,0.3700933,-0.023292953,-0.22682741,0,1.0,False,15
2.0239906,0.17531185,-0.027829502,0.058418,0,1.0,False,15
2.0274968,-0.01940026,-0.02666114,0.34219223,1,1.0,False,15
2.027109,0.17609066,-0.019817296,0.04122263,1,1.0,False,15
2.0306306,0.3714911,-0.018992843,-0.25764638,0,1.0,False,15
2.0380604,0.17664538,-0.02414577,0.028985923,0,1.0,False,15
2.0415933,-0.018122135,-0.023566052,0.31395388,1,1.0,False,15
2.041231,0.17732745,-0.017286975,0.013933104,1,1.0,False,15
2.0447774,0.372693,-0.017008314,-0.28415355,0,1.0,False,15
2.0522313,0.17781772,-0.022691384,0.0031169027,0,1.0,False,15
2.0557878,-0.016971583,-0.022629047,0.28855494,1,1.0,False,15
2.0554483,0.17846563,-0.016857948,-0.011178203,0,1.0,False,15
2.0590177,-0.016410548,-0.017081512,0.27613854,1,1.0,False,15
2.0586894,0.17895089,-0.011558741,-0.021882595,1,1.0,False,15
2.0622685,0.37423667,-0.011996393,-0.31818992,0,1.0,False,15
2.0697532,0.17928763,-0.018360192,-0.029314224,0,1.0,False,15
2.073339,-0.015566282,-0.018946476,0.25751978,1,1.0,False,15
2.0730276,0.17982097,-0.01379608,-0.04107842,1,1.0,False,15
2.076624,0.375138,-0.014617649,-0.33808202,0,1.0,False,15
2.0841267,0.18022709,-0.021379288,-0.0500443,0,1.0,False,15
2.0877314,-0.014581892,-0.022380175,0.23581734,1,1.0,False,15
2.0874395,0.18085255,-0.017663827,-0.06384011,0,1.0,False,15
2.0910566,-0.014011759,-0.01894063,0.22321784,1,1.0,False,15
2.0907764,0.18137571,-0.014476273,-0.07537901,0,1.0,False,15
2.094404,-0.013535746,-0.015983853,0.21270168,1,1.0,False,15
2.0941331,0.18181103,-0.01172982,-0.08498013,0,1.0,False,15
2.0977695,-0.013140824,-0.013429422,0.20397906,1,1.0,False,15
2.0975068,0.18217058,-0.009349841,-0.09290975,1,1.0,False,15
2.10115,0.37742528,-0.011208036,-0.38852784,0,1.0,False,15
2.1086986,0.1824642,-0.018978592,-0.09939966,0,1.0,False,15
2.1123478,-0.012380682,-0.020966586,0.18723565,1,1.0,False,15
2.1121001,0.18303487,-0.017221874,-0.11198697,0,1.0,False,15
2.115761,-0.011836124,-0.019461611,0.1752132,1,1.0,False,15
2.1155243,0.18355887,-0.015957348,-0.12354514,0,1.0,False,15
2.1191955,-0.011330877,-0.018428251,0.164061,1,1.0,False,15
2.1189687,0.18404996,-0.015147031,-0.1343781,0,1.0,False,15
2.1226497,-0.010851786,-0.017834593,0.15348792,1,1.0,False,15
2.1224327,0.18452093,-0.014764834,-0.14476763,0,1.0,False,15
2.1261232,-0.010386497,-0.017660188,0.14322093,1,1.0,False,15
2.1259155,0.18498386,-0.014795768,-0.15498073,0,1.0,False,15
2.129615,-0.009923151,-0.017895384,0.13299799,1,1.0,False,15
2.1294167,0.18545051,-0.015235423,-0.16527653,0,1.0,False,15
2.1331255,-0.009450077,-0.018540954,0.12256137,1,1.0,False,15
2.1329367,0.18593253,-0.016089726,-0.17591289,0,1.0,False,15
2.1366553,-0.008955504,-0.019607984,0.111651145,1,1.0,False,15
2.1364763,0.18644185,-0.01737496,-0.18715292,0,1.0,False,15
2.140205,-0.00842726,-0.021118019,0.099998645,1,1.0,False,15
2.1400366,0.18699089,-0.019118046,-0.19927144,0,1.0,False,15
2.1437762,-0.007852485,-0.023103476,0.087319836,1,1.0,False,15
2.1436193,0.18759288,-0.021357078,-0.2125618,0,1.0,False,15
2.147371,-0.0072173118,-0.025608314,0.07330835,0,1.0,False,15
2.1472268,-0.20196295,-0.024142148,0.35780302,1,1.0,False,15
2.1431875,-0.006506253,-0.016986087,0.057606295,1,1.0,False,15
2.1430573,0.18885508,-0.01583396,-0.2403871,0,1.0,False,15
2.1468344,-0.006037147,-0.020641703,0.047259603,0,1.0,False,15
2.1467137,-0.20085712,-0.019696511,0.3333591,1,1.0,False,15
2.1426966,-0.0054604486,-0.0130293295,0.034530524,1,1.0,False,15
2.1425874,0.1898459,-0.012338719,-0.26223466,0,1.0,False,15
2.1463842,-0.0050977697,-0.017583413,0.026531108,0,1.0,False,15
2.1462824,-0.19996321,-0.01705279,0.31361482,1,1.0,False,15
2.142283,-0.0046025324,-0.010780494,0.015603139,1,1.0,False,15
2.142191,0.19067235,-0.010468431,-0.28046158,0,1.0,False,15
2.1460044,-0.0042987177,-0.016077662,0.008901347,0,1.0,False,15
2.1459186,-0.19918644,-0.015899636,0.29646853,1,1.0,False,15
2.1419349,-0.0038414863,-0.0099702645,-0.0011861697,1,1.0,False,15
2.1418579,0.19142203,-0.009993988,-0.29699808,0,1.0,False,15
2.1456864,-0.003556044,-0.01593395,-0.007483774,0,1.0,False,15
2.1456153,-0.1984459,-0.016083626,0.28012952,1,1.0,False,15
2.1416464,-0.003098253,-0.010481035,-0.017582437,0,1.0,False,15
2.1415844,-0.19806834,-0.010832684,0.27177525,1,1.0,False,15
2.137623,-0.0027934995,-0.0053971787,-0.02430456,1,1.0,False,15
2.137567,0.19240543,-0.0058832695,-0.31868547,0,1.0,False,15
2.1414154,-0.0026322328,-0.012256979,-0.02786369,0,1.0,False,15
2.1413627,-0.19757628,-0.012814253,0.26092696,1,1.0,False,15
2.137411,-0.0022737763,-0.0075957133,-0.035770036,0,1.0,False,15
2.1373656,-0.19728598,-0.008311114,0.2545067,1,1.0,False,15
2.13342,-0.0020463571,-0.0032209798,-0.040786047,0,1.0,False,15
2.133379,-0.19712198,-0.004036701,0.2508789,1,1.0,False,15
2.1294365,-0.00194261,0.000980877,-0.043074556,1,1.0,False,15
2.1293976,0.19316526,0.00011938589,-0.33544785,0,1.0,False,15
2.133261,-0.0019583881,-0.006589571,-0.042727273,0,1.0,False,15
2.1332219,-0.19698523,-0.0074441163,0.24786931,1,1.0,False,15
2.129282,-0.001757761,-0.00248673,-0.047152318,0,1.0,False,15
2.129247,-0.19684397,-0.0034297765,0.24474499,1,1.0,False,15
2.1253102,-0.0016731957,0.0014651233,-0.049017802,1,1.0,False,15
2.1252766,0.19342771,0.00048476728,-0.3412381,0,1.0,False,15
2.1291451,-0.0017011288,-0.0063399947,-0.048402354,0,1.0,False,15
2.129111,-0.1967316,-0.007308042,0.24227352,1,1.0,False,15
2.1251764,-0.0015060244,-0.0024625715,-0.05270556,0,1.0,False,15
2.1251464,-0.19659258,-0.0035166827,0.23919939,1,1.0,False,15
2.1212146,-0.0014205667,0.0012673051,-0.05459072,0,1.0,False,15
2.121186,-0.19656067,0.00017549064,0.23849177,1,1.0,False,15
2.117255,-0.0014412226,0.004945326,-0.05413579,1,1.0,False,15
2.1172261,0.19360948,0.0038626106,-0.34525433,0,1.0,False,15
2.1210983,-0.0015672122,-0.0030424763,-0.051355883,0,1.0,False,15
2.1210668,-0.19664541,-0.0040695937,0.24036556,1,1.0,False,15
2.117134,-0.0014655573,0.0007377175,-0.05359824,0,1.0,False,15
2.1171048,-0.19659808,-0.00033424734,0.23931736,1,1.0,False,15
2.1131728,-0.001471354,0.0044520996,-0.053470988,1,1.0,False,15
2.1131432,0.19358648,0.0033826798,-0.34474593,0,1.0,False,15
2.1170151,-0.0015834299,-0.0035122386,-0.05099823,0,1.0,False,15
2.1169834,-0.19665484,-0.004532203,0.2405745,1,1.0,False,15
2.1130502,-0.0014684442,0.00027928656,-0.053534567,0,1.0,False,15
2.113021,-0.1965944,-0.0007914048,0.23923646,1,1.0,False,15
2.1090891,-0.0014611509,0.0039933245,-0.053695988,1,1.0,False,15
2.1090598,0.1936033,0.0029194048,-0.34511632,0,1.0,False,15
2.112932,-0.0015600441,-0.0039829216,-0.051514227,0,1.0,False,15
2.1129007,-0.19662465,-0.005013206,0.2399094,1,1.0,False,15
2.1089683,-0.0014314527,-0.00021501823,-0.054350607,0,1.0,False,15
2.1089396,-0.19655032,-0.0013020304,0.23826447,1,1.0,False,15
2.1050086,-0.0014097922,0.003463259,-0.054828867,0,1.0,False,15
2.1049802,-0.19658123,0.0023666818,0.23894472,1,1.0,False,15
2.1010487,-0.0014931683,0.007145576,-0.052990742,1,1.0,False,15
2.101019,0.1935256,0.0060857614,-0.34341064,0,1.0,False,15
2.1048894,-0.0016823992,-0.0007824514,-0.048814863,0,1.0,False,15
2.1048558,-0.19679312,-0.0017587487,0.2436211,1,1.0,False,15
2.10092,-0.0016460938,0.003113673,-0.049616072,0,1.0,False,15
2.1008868,-0.19681256,0.0021213517,0.24404761,1,1.0,False,15
2.0969508,-0.0017209664,0.007002304,-0.04796543,1,1.0,False,15
2.0969162,0.19329987,0.0060429955,-0.33843088,0,1.0,False,15
2.1007822,-0.0019075368,-0.0007256219,-0.043848455,0,1.0,False,15
2.100744,-0.19701907,-0.001602591,0.24860545,1,1.0,False,15
2.0968037,-0.001874274,0.0033695179,-0.044582546,0,1.0,False,15
2.0967662,-0.19704439,0.0024778668,0.24916159,1,1.0,False,15
2.0928254,-0.0019579025,0.0074610985,-0.04273874,1,1.0,False,15
2.0927863,0.19305627,0.0066063236,-0.3330583,0,1.0,False,15
2.0966473,-0.0021590858,-5.484237e-05,-0.038299423,0,1.0,False,15
2.096604,-0.19728026,-0.0008208309,0.2543662,1,1.0,False,15
2.0926585,-0.0021465889,0.004266493,-0.03857552,1,1.0,False,15
2.0926156,0.19291392,0.0034949828,-0.32990927,0,1.0,False,15
2.096474,-0.0022576067,-0.0031032027,-0.03612625,0,1.0,False,15
2.0964286,-0.19733492,-0.0038257279,0.25557598,1,1.0,False,15
2.092482,-0.002158556,0.0012857916,-0.038311195,0,1.0,False,15
2.092439,-0.19729893,0.0005195678,0.25477713,1,1.0,False,15
2.0884929,-0.002184393,0.0056151105,-0.037741866,1,1.0,False,15
2.0884492,0.1928566,0.004860273,-0.32864788,0,1.0,False,15
2.0923064,-0.002334215,-0.0017126846,-0.03443623,0,1.0,False,15
2.0922596,-0.19743156,-0.0024014092,0.25770584,1,1.0,False,15
2.088311,-0.002275411,0.0027527076,-0.035733562,0,1.0,False,15
2.0882654,-0.19743674,0.0020380362,0.2578166,1,1.0,False,15
2.0843167,-0.0023439326,0.007194368,-0.034222804,1,1.0,False,15
2.08427,0.19267412,0.006509912,-0.3246272,0,1.0,False,15
2.0881233,-0.0025399216,1.7368571e-05,-0.02989843,0,1.0,False,15
2.0880725,-0.19766212,-0.0005806,0.26278996,1,1.0,False,15
2.0841193,-0.002531888,0.0046751997,-0.03007602,1,1.0,False,15
2.0840688,0.1925227,0.004073679,-0.3212802,0,1.0,False,15
2.0879192,-0.0026570186,-0.002351925,-0.027315393,0,1.0,False,15
2.087866,-0.19774516,-0.002898233,0.26462454,1,1.0,False,15
2.0839112,-0.0025819647,0.002394258,-0.028971098,0,1.0,False,15
2.0838594,-0.19773817,0.001814836,0.2644663,1,1.0,False,15
2.0799048,-0.0026421684,0.0071041617,-0.027643679,1,1.0,False,15
2.0798519,0.19237718,0.006551288,-0.31807673,0,1.0,False,15
2.0836995,-0.0028374568,0.00018975357,-0.023334976,0,1.0,False,15
2.0836427,-0.19796214,-0.00027694597,0.2694078,1,1.0,False,15
2.0796833,-0.0028362263,0.0051112105,-0.02336245,1,1.0,False,15
2.0796268,0.19221206,0.0046439613,-0.31442836,0,1.0,False,15
2.0834708,-0.0029757416,-0.0016446059,-0.020284504,0,1.0,False,15
2.0834115,-0.19807407,-0.002050296,0.27187908,1,1.0,False,15
2.07945,-0.0029229214,0.0033872856,-0.021449815,0,1.0,False,15
2.0793915,-0.19809328,0.002958289,0.27229992,1,1.0,False,15
2.0754297,-0.0030136711,0.0084042875,-0.019448495,1,1.0,False,15
2.0753694,0.19198675,0.008015318,-0.30946797,0,1.0,False,15
2.079209,-0.0032484797,0.0018259583,-0.014268049,0,1.0,False,15
2.079144,-0.19839656,0.0015405972,0.27899042,1,1.0,False,15
2.0751762,-0.00329663,0.007120406,-0.013206198,1,1.0,False,15
2.0751102,0.19172248,0.006856282,-0.30363408,0,1.0,False,15
2.0789447,-0.0034965037,0.0007836004,-0.008796742,0,1.0,False,15
2.0788748,-0.19862968,0.0006076655,0.28413332,1,1.0,False,15
2.074902,-0.003516405,0.006290332,-0.008357894,1,1.0,False,15
2.0748317,0.19151478,0.006123174,-0.29904953,0,1.0,False,15
2.0786622,-0.0036939227,0.0001421835,-0.004441771,0,1.0,False,15
2.0785882,-0.19881791,5.3348085e-05,0.288286,1,1.0,False,15
2.074612,-0.0036967224,0.0058190683,-0.004380088,1,1.0,False,15
2.074538,0.1913413,0.0057314667,-0.29522136,0,1.0,False,15
2.0783648,-0.003861897,-0.00017296064,-0.00073634373,0,1.0,False,15
2.0782876,-0.19898137,-0.00018768753,0.291892,1,1.0,False,15
2.074308,-0.0038567402,0.0056501525,-0.00085010834,1,1.0,False,15
2.0742307,0.19118373,0.00563315,-0.291745,0,1.0,False,15
2.0780544,-0.0040180907,-0.00020174959,0.0027092148,0,1.0,False,15
2.077974,-0.19913715,-0.00014756528,0.29532847,1,1.0,False,15
2.0739913,-0.004013093,0.0057590045,0.0025990172,1,1.0,False,15
2.0739112,0.1910258,0.005810985,-0.28826132,0,1.0,False,15
2.0777316,-0.00417854,4.575818e-05,0.006248653,1,1.0,False,15
2.077648,0.19094275,0.00017073125,-0.28641984,0,1.0,False,15
2.081467,-0.0041816304,-0.0055576656,0.006316933,0,1.0,False,15
2.0813832,-0.19922344,-0.005431327,0.29724118,1,1.0,False,15
2.0773988,-0.0040244847,0.0005134968,0.0028502669,1,1.0,False,15
2.0773182,0.19109009,0.00057050213,-0.2896706,0,1.0,False,15
2.08114,-0.004039983,-0.00522291,0.0031922013,0,1.0,False,15
2.0810592,-0.19908664,-0.005159066,0.29422268,1,1.0,False,15
2.0770776,-0.0038915195,0.00072538754,-8.2875165e-05,1,1.0,False,15
2.0769997,0.19122002,0.00072373,-0.29253685,0,1.0,False,15
2.0808241,-0.0039122417,-0.0051270067,0.0003742488,0,1.0,False,15
2.080746,-0.19896029,-0.005119522,0.29143515,1,1.0,False,15
2.0767667,-0.0037657174,0.00070918095,-0.0028580122,0,1.0,False,15
2.0766914,-0.19889784,0.00065202074,0.2900486,1,1.0,False,15
2.0727134,-0.0037851844,0.0064529926,-0.00242863,1,1.0,False,15
2.0726378,0.19124363,0.00640442,-0.2930686,0,1.0,False,15
2.0764625,-0.003969045,0.00054304797,0.0016273,1,1.0,False,15
2.076383,0.1911451,0.00057559396,-0.29088423,0,1.0,False,15
2.0802062,-0.00398504,-0.0052420907,0.0019801678,0,1.0,False,15
2.0801265,-0.19903143,-0.0052024876,0.29300454,1,1.0,False,15
2.076146,-0.0038356823,0.0006576036,-0.0013146182,0,1.0,False,15
2.076069,-0.19896705,0.0006313112,0.29157573,1,1.0,False,15
2.0720897,-0.0038541143,0.0064628255,-0.0009080341,1,1.0,False,15
2.0720127,0.19117455,0.0064446647,-0.29154488,0,1.0,False,15
2.0758362,-0.00403869,0.0006137674,0.0031636336,1,1.0,False,15
2.0757554,0.19107446,0.0006770401,-0.28932557,0,1.0,False,15
2.0795767,-0.0040571457,-0.0051094713,0.0035708025,0,1.0,False,15
2.0794957,-0.19910544,-0.0050380556,0.29463726,1,1.0,False,15
2.0755136,-0.0039120344,0.00085468974,0.00036967223,1,1.0,False,15
2.0754354,0.19119765,0.00086208316,-0.29204348,0,1.0,False,15
2.0792594,-0.003936583,-0.004978786,0.0009112252,0,1.0,False,15
2.0791805,-0.19898678,-0.0049605616,0.29201913,1,1.0,False,15
2.0752008,-0.0037944512,0.0008798211,-0.002224153,0,1.0,False,15
2.075125,-0.19892901,0.000835338,0.29073623,1,1.0,False,15
2.0711465,-0.0038189793,0.0066500627,-0.0016831156,1,1.0,False,15
2.07107,0.19120698,0.0066164006,-0.29226047,0,1.0,False,15
2.0748942,-0.0040086885,0.00077119103,0.002501819,1,1.0,False,15
2.0748138,0.19110219,0.00082122744,-0.28993767,0,1.0,False,15
2.078636,-0.0040314575,-0.004977526,0.003004132,0,1.0,False,15
2.0785553,-0.19908167,-0.0049174437,0.29411244,1,1.0,False,15
2.0745738,-0.0038899584,0.00096480513,-0.00011731061,1,1.0,False,15
2.074496,0.19121814,0.00096245896,-0.29249567,0,1.0,False,15
2.0783203,-0.003917518,-0.0048874547,0.00049064483,0,1.0,False,15
2.078242,-0.19896904,-0.004877642,0.29162753,1,1.0,False,15
2.0742626,-0.003777878,0.0009549088,-0.0025897536,0,1.0,False,15
2.074187,-0.19891351,0.00090311375,0.2903943,1,1.0,False,15
2.0702088,-0.003804449,0.0067109996,-0.0020036525,1,1.0,False,15
2.0701327,0.19122061,0.0066709267,-0.29256165,0,1.0,False,15
2.073957,-0.0039958097,0.0008196939,0.0022177177,1,1.0,False,15
2.073877,0.19111438,0.00086404826,-0.29020646,0,1.0,False,15
2.0776994,-0.004019885,-0.0049400814,0.0027488396,0,1.0,False,15
2.077619,-0.19907065,-0.0048851045,0.29386902,1,1.0,False,15
2.0736377,-0.0038793837,0.0009922761,-0.00035058148,0,1.0,False,15
2.07356,-0.19901556,0.0009852644,0.29264525,1,1.0,False,15
2.0695798,-0.003907662,0.0068381694,0.00027323072,1,1.0,False,15
2.0695016,0.19111556,0.006843634,-0.29024434,0,1.0,False,15
2.073324,-0.004103309,0.0010387471,0.004589102,1,1.0,False,15
2.0732417,0.19100372,0.0011305292,-0.28776592,0,1.0,False,15
2.077062,-0.0041343253,-0.004624789,0.0052733645,0,1.0,False,15
2.0769792,-0.19918965,-0.0045193215,0.29649353,1,1.0,False,15
2.0729954,-0.004003561,0.001410549,0.0023887204,1,1.0,False,15
2.0729153,0.19109814,0.0014583234,-0.28984883,0,1.0,False,15
2.0767374,-0.0040445835,-0.0043386533,0.003293682,0,1.0,False,15
2.0766563,-0.19910404,-0.0042727794,0.29460457,1,1.0,False,15
2.0726743,-0.0039214385,0.0016193117,0.00057712966,1,1.0,False,15
2.0725958,0.19117725,0.0016308543,-0.29159445,0,1.0,False,15
2.0764194,-0.0039679147,-0.0042010345,0.0016023868,0,1.0,False,15
2.0763402,-0.19902937,-0.004168987,0.2929569,1,1.0,False,15
2.0723596,-0.003848223,0.0016901508,-0.0010379673,1,1.0,False,15
2.0722826,0.19124945,0.0016693914,-0.29318714,0,1.0,False,15
2.0761075,-0.0038962648,-0.0041943514,2.1810196e-05,0,1.0,False,15
2.0760295,-0.19895782,-0.0041939155,0.2913784,1,1.0,False,15
2.0720503,-0.0037763135,0.0016336531,-0.0026242586,0,1.0,False,15
2.071975,-0.19892165,0.0015811679,0.29057366,1,1.0,False,15
2.0679965,-0.0038222861,0.007392641,-0.0016101678,1,1.0,False,15
2.06792,0.19119287,0.007360438,-0.29195148,0,1.0,False,15
2.071744,-0.004033253,0.0015214079,0.0030437093,1,1.0,False,15
2.0716631,0.19106685,0.001582282,-0.28915882,0,1.0,False,15
2.0754845,-0.0040776324,-0.004200894,0.004022735,0,1.0,False,15
2.075403,-0.19913909,-0.0041204393,0.29537728,1,1.0,False,15
2.0714202,-0.0039586355,0.0017871062,0.001397678,1,1.0,False,15
2.071341,0.19113764,0.0018150597,-0.29072085,0,1.0,False,15
2.0751638,-0.004010144,-0.0039993576,0.002533963,0,1.0,False,15
2.0750837,-0.1990745,-0.0039486783,0.29395238,1,1.0,False,15
2.0711021,-0.0038964865,0.0019303691,2.6702033e-05,1,1.0,False,15
2.0710242,0.19119772,0.0019309031,-0.29204655,0,1.0,False,15
2.0748482,-0.003951702,-0.003910028,0.001244738,0,1.0,False,15
2.074769,-0.19901736,-0.003885133,0.29269144,1,1.0,False,15
2.0707889,-0.003840231,0.0019686958,-0.0012142668,1,1.0,False,15
2.0707119,0.19125342,0.0019444105,-0.2932754,0,1.0,False,15
2.074537,-0.0038961887,-0.0039210976,2.0136036e-05,0,1.0,False,15
2.074459,-0.19896169,-0.003920695,0.29146335,1,1.0,False,15
2.0704799,-0.003784052,0.0019085719,-0.002453549,0,1.0,False,15
2.0704043,-0.19893332,0.001859501,0.29083094,1,1.0,False,15
2.0664256,-0.0038379356,0.00767612,-0.0012649383,1,1.0,False,15
2.0663488,0.19117309,0.007650821,-0.2915161,0,1.0,False,15
2.0701723,-0.004057108,0.001820499,0.003569944,1,1.0,False,15
2.070091,0.19103868,0.0018918979,-0.28853804,0,1.0,False,15
2.073912,-0.0041101915,-0.0038788628,0.0047409744,0,1.0,False,15
2.0738297,-0.1991763,-0.0037840435,0.29619756,1,1.0,False,15
2.0698462,-0.0040006093,0.0021399076,0.0023236067,1,1.0,False,15
2.069766,0.19109058,0.0021863799,-0.28968337,0,1.0,False,15
2.073588,-0.0040624724,-0.003607288,0.0036882993,0,1.0,False,15
2.0735066,-0.1991325,-0.003533522,0.2952309,1,1.0,False,15
2.069524,-0.0039603566,0.002371096,0.0014356561,1,1.0,False,15
2.069445,0.19112751,0.0023998092,-0.29049823,0,1.0,False,15
2.0732675,-0.0040285788,-0.0034101552,0.0029406135,0,1.0,False,15
2.0731869,-0.19910146,-0.0033513429,0.29454565,1,1.0,False,15
2.0692048,-0.0039318874,0.00253957,0.0008076431,1,1.0,False,15
2.0691261,0.19115356,0.002555723,-0.29107293,0,1.0,False,15
2.0729492,-0.004004749,-0.0032657357,0.0024149371,0,1.0,False,15
2.072869,-0.1990797,-0.003217437,0.29406568,1,1.0,False,15
2.0688875,-0.003912038,0.0026638769,0.00036977674,1,1.0,False,15
2.0688093,0.1911716,0.0026712725,-0.29147148,0,1.0,False,15
2.0726328,-0.00398833,-0.003158157,0.0020527397,0,1.0,False,15
2.072553,-0.19906485,-0.0031171022,0.29373756,1,1.0,True,15
-0.01909882,0.03798336,-0.025690855,-0.029157953,0,1.0,False,16
-0.018339153,-0.15676093,-0.026274014,0.2553098,0,1.0,False,16
-0.02147437,-0.35149807,-0.021167818,0.539591,0,1.0,False,16
-0.028504333,-0.54631615,-0.010375997,0.8255298,0,1.0,False,16
-0.039430656,-0.7412947,0.0061346,1.1149313,1,1.0,False,16
-0.05425655,-0.5462538,0.028433228,0.8241791,1,1.0,False,16
-0.06518163,-0.3515321,0.04491681,0.5405728,0,1.0,False,16
-0.07221227,-0.5472557,0.055728268,0.84706324,1,1.0,False,16
-0.08315738,-0.35293642,0.07266953,0.57241243,1,1.0,False,16
-0.09021611,-0.15890461,0.08411778,0.30347896,1,1.0,False,16
-0.093394205,0.034924075,0.09018736,0.038465407,0,1.0,False,16
-0.09269572,-0.16136765,0.090956666,0.35818553,1,1.0,False,16
-0.09592307,0.032351453,0.09812038,0.095512435,1,1.0,False,16
-0.09527604,0.22594017,0.10003063,-0.16467278,0,1.0,False,16
-0.09075724,0.029539134,0.09673717,0.15781607,1,1.0,False,16
-0.09016646,0.22315256,0.099893495,-0.10284985,0,1.0,False,16
-0.08570341,0.026751455,0.097836494,0.21960302,1,1.0,False,16
-0.08516838,0.22034866,0.10222856,-0.040685996,1,1.0,False,16
-0.0807614,0.41386738,0.10141484,-0.29944575,0,1.0,False,16
-0.07248405,0.21745712,0.09542592,0.023420788,1,1.0,False,16
-0.06813491,0.41109025,0.09589434,-0.2376948,0,1.0,False,16
-0.05991311,0.21473843,0.09114044,0.0836295,1,1.0,False,16
-0.055618342,0.40844372,0.09281303,-0.17896432,0,1.0,False,16
-0.047449466,0.21212462,0.08923375,0.14149478,1,1.0,False,16
-0.043206975,0.40586278,0.09206364,-0.12175629,1,1.0,False,16
-0.03508972,0.5995534,0.08962852,-0.38403335,0,1.0,False,16
-0.023098651,0.40328085,0.08194785,-0.06449076,1,1.0,False,16
-0.015033034,0.5971381,0.08065803,-0.33023506,0,1.0,False,16
-0.0030902722,0.40096614,0.07405333,-0.013246069,1,1.0,False,16
0.004929051,0.5949523,0.07378841,-0.28167596,0,1.0,False,16
0.016828096,0.3988596,0.068154894,0.033336747,1,1.0,False,16
0.024805289,0.59294134,0.068821624,-0.23708797,0,1.0,False,16
0.036664113,0.39690712,0.064079866,0.07648489,1,1.0,False,16
0.044602256,0.5910547,0.06560957,-0.19531219,0,1.0,False,16
0.05642335,0.39505857,0.06170332,0.117324814,1,1.0,False,16
0.06432452,0.58924466,0.06404982,-0.15527073,1,1.0,False,16
0.07610942,0.78339386,0.0609444,-0.4270796,0,1.0,False,16
0.091777295,0.58746403,0.05240281,-0.11582396,1,1.0,False,16
0.10352658,0.7817975,0.05008633,-0.39152464,0,1.0,False,16
0.11916252,0.5860019,0.042255837,-0.083480224,0,1.0,False,16
0.13088256,0.39030045,0.040586233,0.22222936,1,1.0,False,16
0.13868856,0.5848195,0.04503082,-0.057379857,1,1.0,False,16
0.15038496,0.77926785,0.043883223,-0.3355221,0,1.0,False,16
0.16597033,0.58354974,0.037172783,-0.02933002,1,1.0,False,16
0.17764132,0.77811944,0.03658618,-0.31005666,0,1.0,False,16
0.1932037,0.5824958,0.030385047,-0.0060636927,1,1.0,False,16
0.20485362,0.7771691,0.030263774,-0.28900704,0,1.0,False,16
0.220397,0.581629,0.024483634,0.013065066,1,1.0,False,16
0.23202959,0.7763914,0.024744935,-0.27179354,0,1.0,False,16
0.2475574,0.5809253,0.019309064,0.028590186,0,1.0,False,16
0.25917593,0.3855318,0.019880868,0.32730225,1,1.0,False,16
0.26688656,0.5803652,0.026426913,0.040954567,1,1.0,False,16
0.27849385,0.7750984,0.027246004,-0.24327466,0,1.0,False,16
0.29399583,0.57959807,0.02238051,0.057876304,0,1.0,False,16
0.30558777,0.3841625,0.023538036,0.35753557,1,1.0,False,16
0.31327102,0.578942,0.030688748,0.07236674,0,1.0,False,16
0.32484987,0.38339385,0.032136083,0.37457195,1,1.0,False,16
0.33251774,0.57804495,0.039627522,0.092192456,1,1.0,False,16
0.34407866,0.77257717,0.04147137,-0.18772934,0,1.0,False,16
0.35953018,0.5768872,0.037716784,0.117742345,1,1.0,False,16
0.37106794,0.77144897,0.040071633,-0.16280672,0,1.0,False,16
0.3864969,0.575777,0.036815498,0.14224358,1,1.0,False,16
0.39801246,0.77035284,0.039660368,-0.13860115,0,1.0,False,16
0.4134195,0.574686,0.036888346,0.16632548,1,1.0,False,16
0.42491323,0.769261,0.040214855,-0.1144958,1,1.0,False,16
0.44029844,0.96378434,0.037924938,-0.3942249,0,1.0,False,16
0.45957413,0.7681453,0.030040441,-0.089830175,0,1.0,False,16
0.47493705,0.57260597,0.028243836,0.21217711,1,1.0,False,16
0.48638916,0.76731294,0.032487378,-0.07146431,1,1.0,False,16
0.50173545,0.9619545,0.031058094,-0.35372287,0,1.0,False,16
0.5209745,0.7664049,0.023983635,-0.05141049,1,1.0,False,16
0.5363026,0.96117496,0.022955425,-0.33643094,0,1.0,False,16
0.55552614,0.76573396,0.016226808,-0.0365984,0,1.0,False,16
0.5708408,0.57038313,0.015494839,0.26115975,1,1.0,False,16
0.58224845,0.7652805,0.020718034,-0.026595911,1,1.0,False,16
0.5975541,0.9600993,0.020186115,-0.31267074,0,1.0,False,16
0.616756,0.7646957,0.013932701,-0.013690707,1,1.0,False,16
0.63205,0.95961505,0.013658887,-0.30194533,0,1.0,False,16
0.65124226,0.7643011,0.0076199803,-0.0049861814,1,1.0,False,16
0.6665283,0.959313,0.0075202566,-0.2952552,0,1.0,False,16
0.68571454,0.76408464,0.0016151523,-0.00021002411,1,1.0,False,16
0.7009962,0.9591834,0.0016109518,-0.29238293,0,1.0,False,16
0.7201799,0.7640385,-0.0042367065,0.0008076512,1,1.0,False,16
0.7354607,0.95922095,-0.004220553,-0.293209,0,1.0,False,16
0.7546451,0.76415944,-0.010084733,-0.001860152,1,1.0,False,16
0.7699283,0.95942456,-0.010121936,-0.2977078,0,1.0,False,16
0.7891168,0.76444834,-0.016076092,-0.00823426,0,1.0,False,16
0.80440575,0.5695606,-0.016240777,0.2793334,1,1.0,False,16
0.815797,0.7649104,-0.010654109,-0.01842724,1,1.0,False,16
0.83109516,0.9601835,-0.011022653,-0.31445253,0,1.0,False,16
0.8502988,0.7652203,-0.017311703,-0.02526607,0,1.0,False,16
0.8656032,0.5703508,-0.017817026,0.26190493,1,1.0,False,16
0.8770102,0.7657225,-0.012578927,-0.03634401,0,1.0,False,16
0.8923247,0.5707832,-0.0133058075,0.25234374,1,1.0,False,16
0.90374035,0.7660926,-0.008258932,-0.04450621,1,1.0,False,16
0.9190622,0.961332,-0.009149056,-0.33978343,0,1.0,False,16
0.93828887,0.7663414,-0.015944725,-0.049999572,0,1.0,False,16
0.95361567,0.57145166,-0.016944716,0.23761031,1,1.0,False,16
0.96504474,0.76681155,-0.01219251,-0.06036894,0,1.0,False,16
0.98038095,0.5718665,-0.013399889,0.22844237,1,1.0,False,16
0.9918183,0.7671774,-0.008831042,-0.06843706,1,1.0,False,16
1.0071619,0.9624248,-0.010199782,-0.3638931,0,1.0,False,16
1.0264103,0.7674493,-0.017477645,-0.07444372,0,1.0,False,16
1.0417593,0.57258224,-0.018966518,0.2126741,1,1.0,False,16
1.053211,0.76797014,-0.014713037,-0.085930884,0,1.0,False,16
1.0685704,0.5730621,-0.016431654,0.20207399,1,1.0,False,16
1.0800316,0.7684152,-0.012390175,-0.09574672,0,1.0,False,16
1.0953999,0.573473,-0.014305109,0.19300152,1,1.0,False,16
1.1068693,0.7687966,-0.010445079,-0.10415952,0,1.0,False,16
1.1222453,0.5738259,-0.01252827,0.18520981,1,1.0,False,16
1.1337218,0.76912487,-0.008824073,-0.11139883,0,1.0,False,16
1.1491044,0.5741305,-0.01105205,0.17848714,1,1.0,False,16
1.160587,0.7694088,-0.007482307,-0.11766173,0,1.0,False,16
1.1759751,0.5743948,-0.009835541,0.17265123,1,1.0,False,16
1.187463,0.7696562,-0.006382517,-0.12311821,0,1.0,False,16
1.2028561,0.57462627,-0.008844881,0.16754429,1,1.0,False,16
1.2143487,0.7698737,-0.0054939953,-0.12791577,1,1.0,False,16
1.2297461,0.9650739,-0.008052311,-0.42232692,0,1.0,False,16
1.2490476,0.770067,-0.016498849,-0.13219331,0,1.0,False,16
1.2644489,0.5751852,-0.019142715,0.15523912,1,1.0,False,16
1.2759527,0.7705759,-0.016037934,-0.14342089,0,1.0,False,16
1.2913642,0.5756873,-0.018906351,0.14415951,1,1.0,False,16
1.3028779,0.77107483,-0.01602316,-0.15442754,0,1.0,False,16
1.3182994,0.5761859,-0.019111712,0.13315769,1,1.0,False,16
1.3298231,0.77157634,-0.016448557,-0.16549294,0,1.0,False,16
1.3452547,0.57669365,-0.019758416,0.12195589,1,1.0,False,16
1.3567885,0.772093,-0.0173193,-0.17689456,0,1.0,False,16
1.3722304,0.5772231,-0.020857189,0.110274784,1,1.0,False,16
1.3837749,0.77263767,-0.018651694,-0.1889148,0,1.0,False,16
1.3992276,0.57778746,-0.02242999,0.097826384,1,1.0,False,16
1.4107833,0.7732236,-0.020473463,-0.20184791,0,1.0,False,16
1.4262478,0.5784003,-0.02451042,0.08430694,1,1.0,False,16
1.4378158,0.77386487,-0.022824282,-0.21600719,0,1.0,False,16
1.4532931,0.5790765,-0.027144426,0.06938948,1,1.0,False,16
1.4648746,0.77457696,-0.025756637,-0.23173255,0,1.0,False,16
1.4803662,0.5798323,-0.030391287,0.052715883,1,1.0,False,16
1.4919628,0.77537656,-0.02933697,-0.24939871,0,1.0,False,16
1.5074704,0.58068556,-0.034324944,0.033888273,1,1.0,False,16
1.5190841,0.7762825,-0.03364718,-0.26942387,0,1.0,False,16
1.5346097,0.58165646,-0.039035656,0.012459536,1,1.0,False,16
1.5462428,0.77731586,-0.038786463,-0.29227954,0,1.0,False,16
1.5617892,0.5827678,-0.044632055,-0.012077274,0,1.0,False,16
1.5734445,0.3883134,-0.044873603,0.26619637,1,1.0,False,16
1.5812109,0.5840461,-0.039549675,-0.04029556,1,1.0,False,16
1.5928917,0.77971226,-0.040355586,-0.34518978,0,1.0,False,16
1.6084859,0.5851869,-0.04725938,-0.06550067,0,1.0,False,16
1.6201897,0.39077327,-0.048569392,0.2119051,1,1.0,False,16
1.6280051,0.58655477,-0.044331294,-0.09569464,0,1.0,False,16
1.6397363,0.39209533,-0.046245184,0.18267883,1,1.0,False,16
1.6475781,0.5878474,-0.04259161,-0.124226645,0,1.0,False,16
1.6593351,0.39336073,-0.04507614,0.1547207,1,1.0,False,16
1.6672024,0.5890981,-0.041981727,-0.15183507,0,1.0,False,16
1.6789843,0.39460167,-0.045018427,0.12731355,1,1.0,False,16
1.6868763,0.59033865,-0.042472158,-0.17922541,0,1.0,False,16
1.6986831,0.3958494,-0.046056665,0.09976231,0,1.0,False,16
1.7066001,0.20141676,-0.04406142,0.37756616,1,1.0,False,16
1.7106284,0.39713588,-0.036510095,0.07132252,1,1.0,False,16
1.7185712,0.59276175,-0.035083644,-0.23265226,0,1.0,False,16
1.7304264,0.3981582,-0.03973669,0.048760947,0,1.0,False,16
1.7383895,0.20362788,-0.03876147,0.32864654,1,1.0,False,16
1.7424622,0.3992796,-0.032188542,0.023996394,1,1.0,False,16
1.7504478,0.59484804,-0.031708613,-0.27866608,0,1.0,False,16
1.7623446,0.40019244,-0.037281934,0.0038497671,0,1.0,False,16
1.7703485,0.20562443,-0.03720494,0.2845406,1,1.0,False,16
1.774461,0.4012567,-0.031514127,-0.019640492,0,1.0,False,16
1.7824861,0.20660056,-0.031906936,0.26293516,1,1.0,False,16
1.7866181,0.4021631,-0.026648235,-0.039638363,0,1.0,False,16
1.7946614,0.2074332,-0.027441002,0.2445191,1,1.0,False,16
1.79881,0.40293613,-0.02255062,-0.05669153,0,1.0,False,16
1.8068688,0.20814465,-0.023684451,0.22879207,1,1.0,False,16
1.8110317,0.4035969,-0.019108608,-0.07126667,1,1.0,False,16
1.8191036,0.5989875,-0.020533942,-0.36991668,0,1.0,False,16
1.8310834,0.40416324,-0.027932277,-0.083778426,0,1.0,False,16
1.8391666,0.2094526,-0.029607845,0.1999626,1,1.0,False,16
1.8433557,0.40498522,-0.025608592,-0.10191123,0,1.0,False,16
1.8514553,0.21023947,-0.027646817,0.18258353,1,1.0,False,16
1.8556602,0.4057459,-0.023995146,-0.118691154,0,1.0,False,16
1.8637751,0.2109758,-0.02636897,0.16632597,1,1.0,False,16
1.8679947,0.40646508,-0.02304245,-0.1345576,0,1.0,False,16
1.8761239,0.21168064,-0.025733603,0.15076762,1,1.0,False,16
1.8803575,0.40716144,-0.02271825,-0.14992134,0,1.0,False,16
1.8885008,0.21237205,-0.025716677,0.13550876,1,1.0,False,16
1.8927482,0.40785274,-0.023006503,-0.16517518,0,1.0,False,16
1.9009053,0.21306755,-0.026310006,0.120161965,1,1.0,False,16
1.9051666,0.40855637,-0.023906766,-0.18070404,0,1.0,False,16
1.9133377,0.21378453,-0.027520847,0.10434231,1,1.0,False,16
1.9176134,0.40928987,-0.025434,-0.19689472,0,1.0,False,16
1.9257993,0.21454076,-0.029371895,0.087657645,0,1.0,False,16
1.9300901,0.01985187,-0.027618742,0.37093094,1,1.0,False,16
1.930487,0.2153551,-0.020200124,0.069669046,1,1.0,False,16
1.9347942,0.41076073,-0.018806743,-0.22931805,0,1.0,False,16
1.9430094,0.21591252,-0.023393104,0.05737374,0,1.0,False,16
1.9473276,0.02113366,-0.022245629,0.34258515,1,1.0,False,16
1.9477503,0.21656492,-0.015393927,0.04297111,1,1.0,False,16
1.9520816,0.4119042,-0.014534504,-0.25452873,0,1.0,False,16
1.9603196,0.21699275,-0.019625079,0.033534568,1,1.0,False,16
1.9646596,0.41239056,-0.018954387,-0.2652751,0,1.0,False,16
1.9729073,0.2175442,-0.02425989,0.021369688,0,1.0,False,16
1.9772582,0.022778401,-0.023832496,0.3063007,1,1.0,False,16
1.9777138,0.21823171,-0.017706482,0.0061978986,0,1.0,False,16
1.9820784,0.023368115,-0.017582523,0.29324204,1,1.0,False,16
1.9825459,0.21873628,-0.011717683,-0.004933902,1,1.0,False,16
1.9869205,0.4140243,-0.011816361,-0.30129075,0,1.0,False,16
1.995201,0.21907274,-0.017842175,-0.012357753,0,1.0,False,16
1.9995825,0.024211157,-0.01808933,0.2746428,1,1.0,False,16
2.0000668,0.21958648,-0.012596475,-0.023690213,0,1.0,False,16
2.0044584,0.02464741,-0.013070279,0.2649919,1,1.0,False,16
2.0049515,0.21995345,-0.007770441,-0.031784672,1,1.0,False,16
2.0093505,0.41518596,-0.008406134,-0.3269091,0,1.0,False,16
2.0176542,0.2201847,-0.014944316,-0.036888897,0,1.0,False,16
2.0220578,0.025280202,-0.015682094,0.25104174,1,1.0,False,16
2.0225635,0.22062254,-0.010661259,-0.046546094,0,1.0,False,16
2.0269759,0.025655074,-0.011592181,0.24275413,1,1.0,False,16
2.027489,0.22094068,-0.0067370986,-0.053562608,1,1.0,False,16
2.0319078,0.4161586,-0.007808351,-0.34836352,0,1.0,False,16
2.040231,0.22114855,-0.014775621,-0.058153015,0,1.0,False,16
2.044654,0.026241533,-0.01593868,0.22983171,1,1.0,False,16
2.045179,0.22158758,-0.011342047,-0.067835905,0,1.0,False,16
2.0496106,0.026630059,-0.012698765,0.22124708,1,1.0,False,16
2.0501432,0.2219312,-0.008273823,-0.07541435,1,1.0,False,16
2.0545819,0.4171708,-0.00978211,-0.3706962,0,1.0,False,16
2.062925,0.22218916,-0.017196035,-0.08111364,0,1.0,False,16
2.067369,0.027317885,-0.018818308,0.20609468,1,1.0,False,16
2.0679154,0.22270381,-0.014696414,-0.09246457,0,1.0,False,16
2.0723693,0.027795557,-0.016545705,0.19554564,1,1.0,False,16
2.0729253,0.22315022,-0.012634792,-0.102310464,0,1.0,False,16
2.0773883,0.028211603,-0.014681001,0.1863596,1,1.0,False,16
2.0779526,0.2235405,-0.010953809,-0.110918224,0,1.0,False,16
2.0824234,0.028577203,-0.013172174,0.17828882,1,1.0,False,16
2.082995,0.22388515,-0.009606398,-0.1185202,0,1.0,False,16
2.0874727,0.028902147,-0.011976802,0.17111658,1,1.0,False,16
2.0880506,0.22419345,-0.00855447,-0.12532048,0,1.0,False,16
2.0925345,0.029195094,-0.01106088,0.16465138,1,1.0,False,16
2.0931184,0.22447363,-0.007767852,-0.13150032,0,1.0,False,16
2.0976079,0.029463798,-0.010397858,0.15872186,1,1.0,False,16
2.0981972,0.22473305,-0.0072234212,-0.13722311,0,1.0,False,16
2.102692,0.02971531,-0.009967883,0.15317221,1,1.0,False,16
2.103286,0.22497855,-0.006904439,-0.14263862,1,1.0,False,16
2.1077857,0.4201987,-0.009757211,-0.43749174,0,1.0,False,16
2.1161897,0.22521621,-0.018507047,-0.1479005,0,1.0,False,16
2.120694,0.030364111,-0.021465058,0.13888682,1,1.0,False,16
2.1213012,0.22578682,-0.01868732,-0.16048995,0,1.0,False,16
2.125817,0.030937316,-0.021897119,0.12623952,1,1.0,False,16
2.1264358,0.22636601,-0.01937233,-0.17327048,0,1.0,False,16
2.130963,0.031526595,-0.022837738,0.11323869,1,1.0,False,16
2.1315937,0.22696821,-0.020572964,-0.186561,0,1.0,False,16
2.136133,0.032146562,-0.024304185,0.09956162,1,1.0,False,16
2.136776,0.22760825,-0.022312952,-0.20068906,0,1.0,False,16
2.141328,0.032812417,-0.026326733,0.0848725,1,1.0,False,16
2.1419842,0.22830166,-0.024629284,-0.21599892,0,1.0,False,16
2.1465504,0.03354031,-0.02894926,0.06881423,0,1.0,False,16
2.147221,-0.1611549,-0.027572976,0.3522248,1,1.0,False,16
2.1439981,0.034348078,-0.02052848,0.05097636,1,1.0,False,16
2.144685,0.22975828,-0.019508954,-0.24811213,0,1.0,False,16
2.1492803,0.034920298,-0.024471197,0.038353957,0,1.0,False,16
2.1499786,-0.15984234,-0.023704117,0.32321665,1,1.0,False,16
2.1467817,0.03560898,-0.017239785,0.023153652,1,1.0,False,16
2.1474938,0.23097387,-0.01677671,-0.27491838,0,1.0,False,16
2.1521134,0.03609525,-0.022275079,0.012426288,0,1.0,False,16
2.1528354,-0.15870027,-0.022026554,0.29799876,1,1.0,False,16
2.1496613,0.036728617,-0.016066577,-0.0015487527,1,1.0,False,16
2.1503959,0.23207726,-0.016097553,-0.29925728,0,1.0,False,16
2.1550374,0.03718842,-0.022082698,-0.011694357,0,1.0,False,16
2.1557813,-0.15760998,-0.022316586,0.27394024,1,1.0,False,16
2.152629,0.03782315,-0.016837781,-0.02569702,0,1.0,False,16
2.1533854,-0.15705334,-0.017351722,0.2616262,1,1.0,False,16
2.1502445,0.03831195,-0.012119197,-0.03647877,0,1.0,False,16
2.1510108,-0.15663412,-0.012848773,0.25235593,1,1.0,False,16
2.147878,0.038668916,-0.0078016543,-0.044351894,1,1.0,False,16
2.1486514,0.23390186,-0.008688692,-0.33948606,0,1.0,False,16
2.1533294,0.038904615,-0.015478414,-0.04955568,0,1.0,False,16
2.1541076,-0.15599202,-0.016469527,0.23820376,1,1.0,False,16
2.1509876,0.03936131,-0.011705452,-0.059628293,0,1.0,False,16
2.151775,-0.15559088,-0.012898018,0.22933862,1,1.0,False,16
2.148663,0.039712995,-0.008311246,-0.06738473,0,1.0,False,16
2.1494572,-0.15528882,-0.00965894,0.22266442,1,1.0,False,16
2.1463516,0.03996985,-0.0052056517,-0.07304961,0,1.0,False,16
2.147151,-0.15507708,-0.006666644,0.21798638,1,1.0,False,16
2.1440494,0.040139526,-0.0023069165,-0.07679202,1,1.0,False,16
2.1448522,0.23529448,-0.0038427569,-0.3702019,0,1.0,False,16
2.149558,0.04022733,-0.011246795,-0.0787331,0,1.0,False,16
2.1503625,-0.1547316,-0.012821456,0.21038032,1,1.0,False,16
2.147268,0.040571302,-0.008613851,-0.08631937,0,1.0,False,16
2.1480794,-0.15442613,-0.010340238,0.20363347,1,1.0,False,16
2.144991,0.040842168,-0.0062675686,-0.09229328,0,1.0,False,16
2.1458077,-0.1541894,-0.008113434,0.19840567,1,1.0,False,16
2.142724,0.04104766,-0.004145321,-0.0968256,0,1.0,False,16
2.143545,-0.15401463,-0.0060818326,0.19454661,1,1.0,False,16
2.1404645,0.041193783,-0.0021909007,-0.100048654,0,1.0,False,16
2.1412885,-0.1538967,-0.0041918736,0.19194224,1,1.0,False,16
2.1382105,0.041284967,-0.00035302885,-0.10206009,0,1.0,False,16
2.1390362,-0.15383193,-0.0023942306,0.19051144,1,1.0,False,16
2.1359596,0.0413242,0.0014159981,-0.10292581,0,1.0,False,16
2.136786,-0.15381801,-0.0006425181,0.19020352,1,1.0,False,16
2.1337097,0.04131312,0.0031615524,-0.102682024,0,1.0,False,16
2.134536,-0.153854,0.0011079119,0.19099669,1,1.0,False,16
2.131459,0.041252088,0.0049278457,-0.10133654,1,1.0,False,16
2.132284,0.23630308,0.0029011148,-0.39246067,0,1.0,False,16
2.13701,0.04114007,-0.0049480987,-0.09886448,0,1.0,False,16
2.1378329,-0.15391062,-0.0069253882,0.19225323,1,1.0,False,16
2.1347547,0.041309714,-0.0030803236,-0.10260629,0,1.0,False,16
2.1355808,-0.15376796,-0.0051324493,0.18910322,1,1.0,False,16
2.1325054,0.041427046,-0.0013503851,-0.10519437,0,1.0,False,16
2.133334,-0.15367553,-0.0034542724,0.18706222,1,1.0,False,16
2.1302605,0.041495673,0.00028697177,-0.1067084,0,1.0,False,16
2.1310904,-0.15363039,-0.0018471961,0.18606505,1,1.0,False,16
2.1280177,0.041517943,0.001874105,-0.10720002,0,1.0,False,16
2.128848,-0.15363081,-0.00026989545,0.18607359,1,1.0,False,16
2.1257756,0.041495,0.0034515765,-0.10669447,0,1.0,False,16
2.1266055,-0.15367624,0.001317687,0.18707542,1,1.0,False,16
2.1235318,0.041426826,0.005059195,-0.10519154,0,1.0,False,16
2.1243603,-0.15376726,0.0029553645,0.18908323,1,1.0,False,16
2.121285,0.04131229,0.006737029,-0.10266592,1,1.0,False,16
2.1221113,0.23633705,0.0046837106,-0.39321575,0,1.0,False,16
2.126838,0.041148942,-0.0031806042,-0.099059805,0,1.0,False,16
2.127661,-0.15392728,-0.0051618004,0.19261795,1,1.0,False,16
2.1245825,0.04126813,-0.0013094413,-0.101688825,0,1.0,False,16
2.125408,-0.15383503,-0.0033432178,0.1905807,1,1.0,False,16
2.1223311,0.041334588,0.00046839603,-0.10315501,0,1.0,False,16
2.1231577,-0.15379407,-0.0015947041,0.18967566,1,1.0,False,16
2.120082,0.04135066,0.002198809,-0.1035099,0,1.0,False,16
2.120909,-0.15380274,0.00012861106,0.18986593,1,1.0,False,16
2.117833,0.041317374,0.00392593,-0.10277642,0,1.0,False,16
2.1186593,-0.15386061,0.0018704011,0.19114253,1,1.0,False,16
2.115582,0.041234527,0.0056932517,-0.10094978,0,1.0,False,16
2.1164067,-0.15396856,0.0036742561,0.1935239,1,1.0,False,16
2.1133273,0.041100644,0.0075447345,-0.09799769,1,1.0,False,16
2.1141493,0.23611365,0.0055847806,-0.38829076,0,1.0,False,16
2.1188717,0.040912878,-0.0021810345,-0.09385224,0,1.0,False,16
2.11969,-0.15417774,-0.0040580793,0.19814178,1,1.0,False,16
2.1166065,0.041002017,-9.5243544e-05,-0.09581852,0,1.0,False,16
2.1174264,-0.15411857,-0.002011614,0.19683436,1,1.0,False,16
2.1143441,0.041032095,0.0019250732,-0.09648246,0,1.0,False,16
2.1151648,-0.15411739,-4.576096e-06,0.19680719,1,1.0,False,16
2.1120822,0.041004624,0.003931568,-0.09587717,0,1.0,False,16
2.1129024,-0.15417345,0.0020140244,0.19804356,1,1.0,False,16
2.109819,0.04091963,0.005974896,-0.09400335,0,1.0,False,16
2.1106374,-0.15428744,0.0040948284,0.20055865,1,1.0,False,16
2.1075516,0.0407757,0.008106002,-0.090829745,1,1.0,False,16
2.1083672,0.23578054,0.0062894067,-0.38094425,0,1.0,False,16
2.1130826,0.04056984,-0.0013294785,-0.08628493,0,1.0,False,16
2.1138942,-0.15453303,-0.003055177,0.20597826,1,1.0,False,16
2.1108034,0.04063248,0.0010643881,-0.08766686,0,1.0,False,16
2.1116161,-0.15450472,-0.0006889492,0.2053517,1,1.0,False,16
2.108526,0.040627085,0.0034180847,-0.08754849,0,1.0,False,16
2.1093385,-0.1545437,0.0016671149,0.20621088,1,1.0,False,16
2.1062477,0.04055438,0.0057913326,-0.08594568,1,1.0,False,16
2.1070588,0.23559284,0.004072419,-0.37679583,0,1.0,False,16
2.1117706,0.040413283,-0.0034634976,-0.082831636,0,1.0,False,16
2.1125789,-0.15465885,-0.0051201303,0.20875654,1,1.0,False,16
2.1094856,0.040535938,-0.00094499945,-0.08553711,0,1.0,False,16
2.1102965,-0.15457246,-0.0026557418,0.20684752,1,1.0,False,16
2.107205,0.040587373,0.0014812086,-0.08667198,0,1.0,False,16
2.1080167,-0.15455578,-0.00025223102,0.2064779,1,1.0,False,16
2.1049256,0.04056978,0.003877327,-0.08628458,0,1.0,False,16
2.105737,-0.15460753,0.0021516355,0.20761912,1,1.0,False,16
2.102645,0.040483583,0.0063040177,-0.0843843,1,1.0,False,16
2.1034546,0.23551461,0.004616332,-0.37507164,0,1.0,False,16
2.1081648,0.040327385,-0.0028851011,-0.080936745,0,1.0,False,16
2.1089714,-0.15475309,-0.004503836,0.21083453,1,1.0,False,16
2.1058762,0.040432967,-0.0002871454,-0.08326571,0,1.0,False,16
2.106685,-0.15468487,-0.0019524596,0.20932661,1,1.0,False,16
2.1035912,0.04046495,0.0022340727,-0.083971575,0,1.0,False,16
2.1044006,-0.15468895,0.00055464107,0.20941536,1,1.0,False,16
2.1013067,0.040425062,0.0047429483,-0.08309255,0,1.0,False,16
2.1021154,-0.15476456,0.0030810973,0.21108301,1,1.0,False,16
2.09902,0.040313207,0.0073027574,-0.080626406,1,1.0,False,16
2.0998263,0.23532972,0.005690229,-0.3709964,0,1.0,False,16
2.104533,0.040127385,-0.0017296983,-0.076524705,0,1.0,False,16
2.1053355,-0.15496972,-0.0032601925,0.215612,1,1.0,False,16
2.102236,0.04019868,0.0010520475,-0.07809756,0,1.0,False,16
2.10304,-0.15493834,-0.00050990365,0.21491711,1,1.0,False,16
2.0999413,0.0401909,0.0037884384,-0.07792662,0,1.0,False,16
2.100745,-0.15498516,0.0022299062,0.21594916,1,1.0,False,16
2.0976453,0.040104847,0.0065488894,-0.076029524,1,1.0,False,16
2.0984473,0.2351323,0.0050282986,-0.36663908,0,1.0,False,16
2.1031501,0.039939262,-0.0023044827,-0.0723749,0,1.0,False,16
2.1039488,-0.15514958,-0.0037519808,0.21958005,1,1.0,False,16
2.1008458,0.040025808,0.00063962035,-0.07428403,0,1.0,False,16
2.1016464,-0.15510531,-0.0008460603,0.21860063,1,1.0,False,16
2.0985444,0.04002873,0.0035259523,-0.07434906,0,1.0,False,16
2.099345,-0.15514359,0.002038971,0.21944423,1,1.0,False,16
2.096242,0.039949153,0.0064278557,-0.07259482,1,1.0,False,16
2.097041,0.23497836,0.004975959,-0.36324283,0,1.0,False,16
2.1017406,0.039786045,-0.0022888973,-0.06899504,0,1.0,False,16
2.1025362,-0.15530302,-0.0036687981,0.22296484,1,1.0,False,16
2.09943,0.039871182,0.0007904987,-0.070873104,0,1.0,False,16
2.1002276,-0.1552621,-0.0006269634,0.22205913,1,1.0,False,16
2.0971224,0.039868813,0.003814219,-0.07082151,0,1.0,False,16
2.0979197,-0.1553076,0.002397789,0.22306238,1,1.0,False,16
2.0948136,0.039779983,0.0068590366,-0.06886323,1,1.0,False,16
2.0956092,0.23480293,0.005481772,-0.35937423,0,1.0,False,16
2.1003053,0.039603483,-0.0017057123,-0.06496782,0,1.0,False,16
2.1010973,-0.15549397,-0.0030050687,0.22717646,1,1.0,False,16
2.0979874,0.0396708,0.0015384605,-0.06645286,0,1.0,False,16
2.0987809,-0.15547317,0.00020940325,0.22671506,1,1.0,False,16
2.0956714,0.03964578,0.0047437046,-0.0659018,1,1.0,False,16
2.0964644,0.2346994,0.0034256685,-0.3570843,0,1.0,False,16
2.1011584,0.039528914,-0.0037160176,-0.06332314,0,1.0,False,16
2.101949,-0.15553956,-0.0049824803,0.22818504,1,1.0,False,16
2.098838,0.039653238,-0.00041877944,-0.06606536,0,1.0,False,16
2.099631,-0.15546271,-0.0017400867,0.22648542,1,1.0,False,16
2.0965219,0.03968407,0.0027896215,-0.0667459,0,1.0,False,16
2.0973155,-0.15547776,0.0014547036,0.22681586,1,1.0,False,16
2.094206,0.039623365,0.0059910207,-0.06540784,1,1.0,False,16
2.0949986,0.23465891,0.004682864,-0.35619456,0,1.0,False,16
2.0996916,0.039470695,-0.0024410272,-0.06203869,0,1.0,False,16
2.100481,-0.15561618,-0.003681801,0.22987308,1,1.0,False,16
2.0973687,0.0395582,0.00091566064,-0.063968934,0,1.0,False,16
2.09816,-0.15557687,-0.0003637181,0.22900274,1,1.0,False,16
2.0950484,0.039550275,0.0042163366,-0.06379489,1,1.0,False,16
2.0958395,0.23461153,0.002940439,-0.35514456,0,1.0,False,16
2.1005316,0.03944789,-0.004162452,-0.061535884,0,1.0,False,16
2.1013205,-0.15561414,-0.00539317,0.22983086,1,1.0,False,16
2.0982082,0.039584465,-0.0007965526,-0.064548366,0,1.0,False,16
2.099,-0.15552606,-0.00208752,0.22788313,1,1.0,False,16
2.0958896,0.039625663,0.0024701427,-0.06545754,0,1.0,False,16
2.096682,-0.15553162,0.001160992,0.22800371,1,1.0,False,16
2.0935714,0.039573725,0.005721066,-0.06431277,1,1.0,False,16
2.0943627,0.23461318,0.0044348105,-0.35518518,0,1.0,False,16
2.099055,0.03942846,-0.0026688932,-0.061107155,0,1.0,False,16
2.0998437,-0.15565512,-0.0038910364,0.23073253,1,1.0,False,16
2.0967305,0.039522212,0.0007236142,-0.063175224,0,1.0,False,16
2.097521,-0.1556101,-0.0005398903,0.22973593,1,1.0,False,16
2.0944088,0.039519556,0.004054828,-0.06311726,1,1.0,False,16
2.095199,0.23458314,0.002792483,-0.35451812,0,1.0,False,16
2.099891,0.039421592,-0.004297879,-0.06095594,0,1.0,False,16
2.1006794,-0.15563847,-0.005516998,0.23036788,1,1.0,False,16
2.0975666,0.039561875,-0.0009096404,-0.064050175,0,1.0,False,16
2.0983577,-0.15554702,-0.002190644,0.22834562,1,1.0,False,16
2.0952468,0.03960617,0.0023762684,-0.06502751,0,1.0,False,16
2.0960388,-0.15554978,0.0010757181,0.2284042,1,1.0,False,16
2.092928,0.03955679,0.0056438018,-0.06393922,1,1.0,False,16
2.093719,0.23459737,0.0043650176,-0.35483617,0,1.0,False,16
2.098411,0.039413627,-0.0027317058,-0.06078003,0,1.0,False,16
2.0991993,-0.15566905,-0.0039473064,0.23103978,1,1.0,False,16
2.096086,0.03950908,0.00067348906,-0.06288565,0,1.0,False,16
2.0968761,-0.15562251,-0.0005842239,0.23000969,1,1.0,False,16
2.0937636,0.039507776,0.00401597,-0.062857464,1,1.0,False,16
2.0945537,0.23457192,0.0027588208,-0.35427064,0,1.0,False,16
2.0992453,0.03941085,-0.0043265917,-0.06071904,0,1.0,False,16
2.1000335,-0.1556488,-0.0055409726,0.23059568,1,1.0,False,16
2.0969205,0.039551888,-0.0009290587,-0.06382989,0,1.0,False,16
2.0977116,-0.15555674,-0.0022056566,0.22855976,1,1.0,False,16
2.0946004,0.03959667,0.0023655389,-0.064818084,0,1.0,False,16
2.0953922,-0.15555912,0.0010691771,0.22861025,1,1.0,False,16
2.092281,0.03954754,0.0056413817,-0.06373524,1,1.0,False,16
2.0930722,0.23458816,0.0043666773,-0.35463294,0,1.0,False,16
2.0977638,0.03940439,-0.0027259819,-0.06057629,0,1.0,False,16
2.098552,-0.15567838,-0.0039375075,0.23124532,1,1.0,False,16
2.0954385,0.03949962,0.000687399,-0.06267702,0,1.0,False,16
2.0962284,-0.15563218,-0.00056614133,0.2302227,1,1.0,False,16
2.0931158,0.039497856,0.004038313,-0.062638745,1,1.0,False,16
2.0939057,0.23456168,0.0027855379,-0.35404482,0,1.0,False,16
2.0985968,0.039400227,-0.0042953584,-0.06048484,0,1.0,False,16
2.099385,-0.15565987,-0.0055050557,0.23083977,1,1.0,False,16
2.0962718,0.039540306,-0.00088825985,-0.06357453,0,1.0,False,16
2.0970626,-0.1555689,-0.0021597506,0.22882801,1,1.0,False,16
2.0939512,0.03958385,0.0024168096,-0.064535394,0,1.0,False,16
2.0947428,-0.15557267,0.0011261017,0.22890906,1,1.0,False,16
2.0916314,0.03953317,0.0057042832,-0.06341843,1,1.0,False,16
2.092422,0.23457287,0.0044359146,-0.35429618,0,1.0,False,16
2.0971134,0.03938813,-0.0026500092,-0.06021779,0,1.0,False,16
2.0979013,-0.15569572,-0.0038543649,0.23162787,1,1.0,False,16
2.0947874,0.039481092,0.0007781923,-0.06226836,0,1.0,False,16
2.095577,-0.15565202,-0.00046717492,0.23065999,1,1.0,False,16
2.092464,0.039476614,0.004146025,-0.062170267,1,1.0,False,16
2.0932534,0.23453888,0.0029026195,-0.3535422,0,1.0,False,16
2.0979443,0.03937577,-0.004168225,-0.059945423,0,1.0,False,16
2.0987318,-0.15568617,-0.0053671333,0.23141949,1,1.0,False,16
2.095618,0.03951206,-0.00073874346,-0.062951565,0,1.0,False,16
2.0964084,-0.1555993,-0.001997775,0.2294982,1,1.0,False,16
2.0932963,0.039551154,0.002592189,-0.06381424,0,1.0,False,16
2.0940874,-0.15560786,0.0013159042,0.22968541,1,1.0,False,16
2.090975,0.039495256,0.0059096124,-0.06258214,1,1.0,False,16
2.091765,0.23453198,0.00465797,-0.35339472,0,1.0,False,16
2.0964556,0.039344106,-0.0024099243,-0.05924663,0,1.0,False,16
2.0972426,-0.15574321,-0.003594857,0.23267497,1,1.0,False,16
2.0941277,0.03942992,0.0010586426,-0.061139714,0,1.0,False,16
2.0949163,-0.1557072,-0.00016415167,0.23187703,1,1.0,False,16
2.0918021,0.039417103,0.004473389,-0.06085767,1,1.0,False,16
2.0925906,0.23447463,0.0032562355,-0.35212585,0,1.0,False,16
2.09728,0.03930653,-0.0037862817,-0.058417924,0,1.0,False,16
2.098066,-0.15576093,-0.0049546403,0.233068,1,1.0,False,16
2.094951,0.039431464,-0.00029328003,-0.06117365,0,1.0,False,16
2.0957396,-0.15568629,-0.0015167531,0.23141673,1,1.0,False,16
2.0926259,0.03945731,0.0031115816,-0.061744247,0,1.0,False,16
2.093415,-0.15570912,0.0018766966,0.23191878,1,1.0,False,16
2.0903008,0.039385967,0.006515072,-0.060171586,1,1.0,False,16
2.0910885,0.2344139,0.0053116404,-0.35079187,0,1.0,False,16
2.0957768,0.039216816,-0.0017041969,-0.056438748,0,1.0,False,16
2.0965612,-0.15588066,-0.0028329717,0.235706,1,1.0,False,16
2.0934434,0.039281655,0.0018811482,-0.05786918,0,1.0,False,16
2.0942292,-0.15586722,0.0007237646,0.23540667,1,1.0,False,16
2.091112,0.039244384,0.005431898,-0.057047874,1,1.0,False,16
2.0918968,0.23428804,0.0042909402,-0.34801206,0,1.0,False,16
2.0965824,0.039105315,-0.002669301,-0.053979144,0,1.0,False,16
2.0973644,-0.15597826,-0.0037488837,0.2378604,1,1.0,False,16
2.094245,0.039197046,0.0010083244,-0.05600267,0,1.0,False,16
2.0950289,-0.15593936,-0.000111728994,0.23699822,1,1.0,True,16
0.0087747155,0.032606617,-0.03830562,-0.01225704,0,1.0,False,17
0.009426848,-0.16194564,-0.038550764,0.26809818,0,1.0,False,17
0.0061879354,-0.3564968,-0.033188798,0.548377,0,1.0,False,17
-0.00094200106,-0.5511372,-0.02222126,0.8304211,0,1.0,False,17
-0.011964745,-0.7459485,-0.0056128376,1.1160333,1,1.0,False,17
-0.026883714,-0.5507533,0.016707828,0.821595,1,1.0,False,17
-0.037898783,-0.3558639,0.033139728,0.5342136,0,1.0,False,17
-0.045016058,-0.5514358,0.043824002,0.8371517,1,1.0,False,17
-0.056044776,-0.35693896,0.060567036,0.55856663,1,1.0,False,17
-0.06318355,-0.16271713,0.07173837,0.28556392,0,1.0,False,17
-0.0664379,-0.358785,0.07744965,0.59998226,1,1.0,False,17
-0.0736136,-0.16482712,0.089449294,0.33266503,1,1.0,False,17
-0.07691014,0.02891534,0.096102595,0.069476224,1,1.0,False,17
-0.07633183,0.22253752,0.09749211,-0.1914062,0,1.0,False,17
-0.071881086,0.026165845,0.09366399,0.13036987,1,1.0,False,17
-0.071357764,0.21982996,0.09627139,-0.13135602,0,1.0,False,17
-0.06696117,0.02347022,0.09364427,0.19007981,1,1.0,False,17
-0.06649176,0.2171364,0.09744587,-0.07165547,0,1.0,False,17
-0.062149033,0.020762265,0.096012756,0.2501121,1,1.0,False,17
-0.06173379,0.21439135,0.101015,-0.010809446,1,1.0,False,17
-0.057445962,0.40793043,0.10079881,-0.26999024,0,1.0,False,17
-0.049287353,0.21152532,0.09539901,0.052706707,1,1.0,False,17
-0.045056846,0.40515912,0.09645314,-0.20841849,0,1.0,False,17
-0.036953665,0.20879976,0.09228477,0.113064766,1,1.0,False,17
-0.03277767,0.4024865,0.094546065,-0.14913586,1,1.0,False,17
-0.024727939,0.5961364,0.091563344,-0.4105582,0,1.0,False,17
-0.012805212,0.39984372,0.083352186,-0.090470575,1,1.0,False,17
-0.0048083374,0.5936782,0.081542775,-0.35573563,0,1.0,False,17
0.0070652254,0.39749724,0.07442806,-0.03849503,1,1.0,False,17
0.01501517,0.59147733,0.07365816,-0.30679798,0,1.0,False,17
0.026844718,0.3953873,0.0675222,0.008175431,1,1.0,False,17
0.034752462,0.58947915,0.06768571,-0.2624625,0,1.0,False,17
0.046542045,0.39345962,0.062436458,0.05077795,1,1.0,False,17
0.05441124,0.5876333,0.06345201,-0.22157066,0,1.0,False,17
0.066163905,0.3916645,0.059020605,0.09043338,1,1.0,False,17
0.07399719,0.585893,0.06082927,-0.18306008,0,1.0,False,17
0.085715055,0.3899558,0.05716807,0.12817492,1,1.0,False,17
0.093514174,0.58421415,0.05973157,-0.14593835,1,1.0,False,17
0.10519846,0.77843213,0.0568128,-0.4191951,0,1.0,False,17
0.120767094,0.5825531,0.048428897,-0.10915661,0,1.0,False,17
0.13241816,0.3867718,0.046245765,0.19840351,1,1.0,False,17
0.1401536,0.58120286,0.050213836,-0.07933982,1,1.0,False,17
0.15177765,0.77557033,0.04862704,-0.35576692,0,1.0,False,17
0.16728906,0.57979196,0.041511703,-0.048155755,1,1.0,False,17
0.1788849,0.77429485,0.040548585,-0.3274578,0,1.0,False,17
0.19437079,0.5786198,0.033999432,-0.022268431,1,1.0,False,17
0.2059432,0.77323806,0.033554062,-0.30403325,0,1.0,False,17
0.22140795,0.57765436,0.027473398,-0.0009598266,1,1.0,False,17
0.23296104,0.77237177,0.027454201,-0.28484952,0,1.0,False,17
0.24840848,0.57686925,0.02175721,0.016364284,0,1.0,False,17
0.25994587,0.38144213,0.022084497,0.3158317,1,1.0,False,17
0.2675747,0.5762426,0.02840113,0.03019446,1,1.0,False,17
0.27909955,0.770946,0.029005019,-0.25339404,0,1.0,False,17
0.29451847,0.5754222,0.023937138,0.048294645,0,1.0,False,17
0.3060269,0.37996534,0.024903031,0.3484328,1,1.0,False,17
0.31362623,0.5747244,0.031871688,0.06370552,0,1.0,False,17
0.32512072,0.37916034,0.033145797,0.36627135,1,1.0,False,17
0.33270392,0.573796,0.040471226,0.08422132,1,1.0,False,17
0.34417984,0.76831514,0.04215565,-0.19542319,0,1.0,False,17
0.35954615,0.57261634,0.038247187,0.11025432,1,1.0,False,17
0.37099847,0.7671699,0.04045227,-0.17012073,0,1.0,False,17
0.38634187,0.571493,0.03704986,0.13504423,1,1.0,False,17
0.39777172,0.76606524,0.039750744,-0.14572363,0,1.0,False,17
0.41309303,0.5703972,0.03683627,0.15923016,1,1.0,False,17
0.42450097,0.764973,0.040020876,-0.12160805,1,1.0,False,17
0.43980044,0.95949936,0.03758871,-0.401401,0,1.0,False,17
0.45899042,0.763865,0.029560693,-0.097108215,0,1.0,False,17
0.47426772,0.5683321,0.02761853,0.20475255,1,1.0,False,17
0.48563436,0.7630484,0.03171358,-0.07909174,1,1.0,False,17
0.5008953,0.95770174,0.030131744,-0.36160266,0,1.0,False,17
0.5200494,0.7621647,0.022899691,-0.05957292,0,1.0,False,17
0.5352927,0.56672204,0.021708233,0.24024615,1,1.0,False,17
0.5466271,0.7615273,0.026513156,-0.045511127,1,1.0,False,17
0.56185764,0.9562592,0.025602933,-0.32971242,0,1.0,False,17
0.5809828,0.76078236,0.019008685,-0.029066738,1,1.0,False,17
0.5961985,0.9556266,0.01842735,-0.31569213,0,1.0,False,17
0.615311,0.7602471,0.012113508,-0.017255265,1,1.0,False,17
0.63051593,0.9551932,0.0117684025,-0.30609176,0,1.0,False,17
0.6496198,0.7599056,0.0056465673,-0.009720726,1,1.0,False,17
0.6648179,0.9549461,0.005452153,-0.30061677,0,1.0,False,17
0.68391687,0.75974685,-0.00056018215,-0.00621933,0,1.0,False,17
0.6991118,0.56463295,-0.0006845687,0.2862868,1,1.0,False,17
0.71040446,0.7597647,0.005041167,-0.006611956,1,1.0,False,17
0.72559977,0.95481396,0.004908928,-0.29770008,0,1.0,False,17
0.744696,0.7596224,-0.0010450735,-0.0034730143,1,1.0,False,17
0.75988847,0.9547593,-0.0011145337,-0.29648548,0,1.0,False,17
0.77898365,0.7596533,-0.0070442436,-0.0041542784,1,1.0,False,17
0.7941767,0.9548755,-0.0071273292,-0.2990514,0,1.0,False,17
0.8132742,0.75985587,-0.013108357,-0.008624793,1,1.0,False,17
0.82847136,0.95516336,-0.013280853,-0.30541456,0,1.0,False,17
0.8475746,0.76023316,-0.019389145,-0.016949512,0,1.0,False,17
0.86277926,0.5653945,-0.019728135,0.2695534,1,1.0,False,17
0.87408715,0.7607924,-0.014337067,-0.029286029,0,1.0,False,17
0.889303,0.5658789,-0.014922787,0.25883913,1,1.0,False,17
0.9006206,0.76121074,-0.009746005,-0.03851304,1,1.0,False,17
0.9158448,0.9564711,-0.010516265,-0.33425492,0,1.0,False,17
0.93497425,0.76150036,-0.017201364,-0.044906754,0,1.0,False,17
0.95020425,0.56662923,-0.018099498,0.24229974,1,1.0,False,17
0.9615368,0.762005,-0.013253504,-0.05603685,0,1.0,False,17
0.9767769,0.56707555,-0.014374241,0.23243521,1,1.0,False,17
0.9881184,0.7623999,-0.009725537,-0.064746946,0,1.0,False,17
1.0033665,0.56741875,-0.011020476,0.22485171,1,1.0,False,17
1.0147148,0.76269644,-0.0065234415,-0.07128701,1,1.0,False,17
1.0299687,0.9579113,-0.007949182,-0.36602095,0,1.0,False,17
1.049127,0.7629032,-0.015269601,-0.0758551,0,1.0,False,17
1.064385,0.5680035,-0.016786702,0.21197137,1,1.0,False,17
1.0757451,0.76336133,-0.012547275,-0.08595923,0,1.0,False,17
1.0910124,0.5684215,-0.01426646,0.20273875,1,1.0,False,17
1.1023808,0.76374453,-0.010211685,-0.0944102,0,1.0,False,17
1.1176556,0.5687704,-0.012099889,0.19503354,1,1.0,False,17
1.1290311,0.76406336,-0.008199219,-0.10144169,1,1.0,False,17
1.1443123,0.9593018,-0.010228052,-0.3967001,0,1.0,False,17
1.1634984,0.76432645,-0.018162055,-0.107259385,0,1.0,False,17
1.1787848,0.56946945,-0.020307243,0.17963862,1,1.0,False,17
1.1901742,0.764876,-0.01671447,-0.11938072,0,1.0,False,17
1.2054718,0.5699975,-0.019102084,0.16798241,1,1.0,False,17
1.2168717,0.76538754,-0.015742436,-0.13066491,0,1.0,False,17
1.2321795,0.5704946,-0.018355735,0.1570102,1,1.0,False,17
1.2435894,0.7658745,-0.015215531,-0.14140655,0,1.0,False,17
1.2589068,0.57097375,-0.018043661,0.14643757,1,1.0,False,17
1.2703264,0.7663494,-0.01511491,-0.15188272,0,1.0,False,17
1.2856534,0.5714471,-0.018152565,0.1359937,1,1.0,False,17
1.2970823,0.76682425,-0.01543269,-0.16236036,0,1.0,False,17
1.3124187,0.5719266,-0.018679898,0.1254143,1,1.0,False,17
1.3238573,0.7673111,-0.016171612,-0.17310292,0,1.0,False,17
1.3392035,0.5724243,-0.01963367,0.11443483,1,1.0,False,17
1.350652,0.76782197,-0.017344974,-0.18437715,0,1.0,False,17
1.3660084,0.57295245,-0.021032516,0.10278402,1,1.0,False,17
1.3774675,0.76836944,-0.018976836,-0.19645968,0,1.0,False,17
1.3928349,0.573524,-0.02290603,0.090177,1,1.0,False,17
1.4043053,0.7689666,-0.02110249,-0.20964387,0,1.0,False,17
1.4196846,0.57415265,-0.025295367,0.07630833,1,1.0,False,17
1.4311677,0.7696279,-0.0237692,-0.22424681,0,1.0,False,17
1.4465603,0.57485366,-0.028254136,0.06084463,1,1.0,False,17
1.4580574,0.77036905,-0.027037244,-0.24061707,0,1.0,False,17
1.4734647,0.57564354,-0.031849585,0.04341645,1,1.0,False,17
1.4849776,0.7712074,-0.030981256,-0.25914273,0,1.0,False,17
1.5004017,0.5765411,-0.036164112,0.023609528,1,1.0,False,17
1.5119326,0.77216256,-0.03569192,-0.28026065,0,1.0,False,17
1.5273758,0.5775674,-0.041297134,0.0009549103,0,1.0,False,17
1.5389272,0.38306132,-0.041278034,0.2803274,1,1.0,False,17
1.5465884,0.57874703,-0.035671487,-0.025083438,1,1.0,False,17
1.5581634,0.7743619,-0.036173157,-0.32880428,0,1.0,False,17
1.5736506,0.57977307,-0.04274924,-0.047744576,0,1.0,False,17
1.5852461,0.38528937,-0.043704133,0.23115003,1,1.0,False,17
1.5929519,0.5810077,-0.039081134,-0.07499205,0,1.0,False,17
1.604572,0.38646716,-0.040580973,0.20510899,1,1.0,False,17
1.6123013,0.5821452,-0.036478795,-0.100094,0,1.0,False,17
1.6239443,0.38756457,-0.038480673,0.18086044,1,1.0,False,17
1.6316955,0.5832154,-0.034863465,-0.12370911,0,1.0,False,17
1.6433599,0.38860983,-0.037337646,0.1577741,1,1.0,False,17
1.651132,0.5842459,-0.034182165,-0.1464502,0,1.0,False,17
1.662817,0.38962972,-0.03711117,0.13525596,1,1.0,False,17
1.6706096,0.5852631,-0.03440605,-0.16890016,0,1.0,False,17
1.6823149,0.39065003,-0.037784055,0.112733215,1,1.0,False,17
1.6901278,0.58629245,-0.03552939,-0.19162683,0,1.0,False,17
1.7018536,0.3916963,-0.039361924,0.08963973,1,1.0,False,17
1.7096876,0.5873597,-0.03756913,-0.21519744,0,1.0,False,17
1.7214348,0.39279443,-0.04187308,0.0654018,0,1.0,False,17
1.7292907,0.19829707,-0.040565044,0.34458503,1,1.0,False,17
1.7332566,0.3939719,-0.033673342,0.039391395,1,1.0,False,17
1.7411361,0.58956015,-0.032885514,-0.26372275,0,1.0,False,17
1.7529273,0.39492264,-0.03815997,0.018409055,0,1.0,False,17
1.7608258,0.20036812,-0.03779179,0.29881206,1,1.0,False,17
1.7648331,0.39600784,-0.031815547,-0.005546101,0,1.0,False,17
1.7727532,0.20135626,-0.031926468,0.2769313,1,1.0,False,17
1.7767804,0.3969188,-0.026387844,-0.025647819,0,1.0,False,17
1.7847188,0.20218502,-0.0269008,0.25859404,1,1.0,False,17
1.7887625,0.3976805,-0.02172892,-0.04245093,1,1.0,False,17
1.7967161,0.59310716,-0.022577938,-0.34190956,0,1.0,False,17
1.8085781,0.39831358,-0.029416129,-0.05643103,0,1.0,False,17
1.8165444,0.2036255,-0.03054475,0.22682768,1,1.0,False,17
1.820617,0.39917037,-0.026008196,-0.075331554,0,1.0,False,17
1.8286004,0.20443073,-0.027514828,0.20903356,1,1.0,False,17
1.832689,0.3999351,-0.023334157,-0.09220032,0,1.0,False,17
1.8406878,0.20515522,-0.025178162,0.19303033,1,1.0,False,17
1.8447908,0.40062812,-0.021317557,-0.10748771,0,1.0,False,17
1.8528033,0.20581804,-0.02346731,0.17839414,1,1.0,False,17
1.8569198,0.40126783,-0.019899428,-0.121598564,0,1.0,False,17
1.864945,0.20643654,-0.022331398,0.16474044,1,1.0,False,17
1.8690737,0.40187094,-0.01903659,-0.13490292,0,1.0,False,17
1.8771112,0.20702676,-0.021734647,0.15171397,1,1.0,False,17
1.8812518,0.40245306,-0.018700369,-0.14774576,0,1.0,False,17
1.8893008,0.20760384,-0.021655284,0.1389794,1,1.0,False,17
1.8934529,0.40302914,-0.018875696,-0.16045599,0,1.0,False,17
1.9015135,0.20818244,-0.022084815,0.12621288,1,1.0,False,17
1.9056771,0.40361372,-0.019560559,-0.17335492,0,1.0,False,17
1.9137495,0.20877708,-0.023027657,0.113093644,1,1.0,False,17
1.917925,0.4042213,-0.020765783,-0.18676448,0,1.0,False,17
1.9260094,0.20940252,-0.024501074,0.09929599,1,1.0,False,17
1.9301975,0.4048669,-0.022515154,-0.20101516,0,1.0,False,17
1.9382948,0.21007407,-0.026535457,0.08448112,1,1.0,False,17
1.9424963,0.40556616,-0.024845835,-0.21645427,0,1.0,False,17
1.9506075,0.21080804,-0.02917492,0.0682888,0,1.0,False,17
1.9548237,0.016116243,-0.027809145,0.351626,1,1.0,False,17
1.9551461,0.2116224,-0.020776624,0.05030532,1,1.0,False,17
1.9593785,0.407036,-0.019770518,-0.24885972,0,1.0,False,17
1.9675192,0.2122019,-0.024747713,0.03752218,0,1.0,False,17
1.9717633,0.017443413,-0.023997268,0.32229537,1,1.0,False,17
1.9721122,0.21289872,-0.01755136,0.022142297,1,1.0,False,17
1.9763701,0.40826792,-0.017108515,-0.2760262,0,1.0,False,17
1.9845355,0.21339418,-0.02262904,0.011211964,0,1.0,False,17
1.9888034,0.018603953,-0.0224048,0.29667014,1,1.0,False,17
1.9891754,0.21403801,-0.016471397,-0.0029938384,0,1.0,False,17
1.9934561,0.019156111,-0.016531274,0.28444698,1,1.0,False,17
1.9938393,0.21450989,-0.0108423345,-0.013403615,1,1.0,False,17
1.9981295,0.40978563,-0.011110406,-0.3094876,0,1.0,False,17
2.0063252,0.21482374,-0.017300159,-0.0203292,0,1.0,False,17
2.0106218,0.01995411,-0.017706743,0.26684552,1,1.0,False,17
2.0110207,0.21532424,-0.012369833,-0.03136925,0,1.0,False,17
2.0153272,0.02038184,-0.0129972175,0.25738534,1,1.0,False,17
2.015735,0.21568692,-0.007849511,-0.039368607,1,1.0,False,17
2.0200486,0.41092053,-0.0086368825,-0.33451775,0,1.0,False,17
2.0282671,0.21592258,-0.0153272385,-0.044570923,0,1.0,False,17
2.0325854,0.021023722,-0.016218657,0.24323697,1,1.0,False,17
2.033006,0.21637353,-0.0113539165,-0.054517277,0,1.0,False,17
2.0373335,0.02141621,-0.012444262,0.23456189,1,1.0,False,17
2.0377617,0.21671373,-0.007753025,-0.062020235,1,1.0,False,17
2.0420961,0.41194597,-0.008993429,-0.35713917,0,1.0,False,17
2.050335,0.21695304,-0.016136212,-0.06730562,0,1.0,False,17
2.054674,0.022066101,-0.017482325,0.22024289,1,1.0,False,17
2.0551152,0.21743353,-0.013077468,-0.07790302,0,1.0,False,17
2.059464,0.022501467,-0.0146355275,0.21062541,1,1.0,False,17
2.059914,0.21782959,-0.0104230195,-0.086638086,0,1.0,False,17
2.0642707,0.02285858,-0.0121557815,0.20273823,1,1.0,False,17
2.0647278,0.21815225,-0.008101017,-0.09375434,1,1.0,False,17
2.0690908,0.41338935,-0.009976104,-0.3889821,0,1.0,False,17
2.0773587,0.21841043,-0.017755745,-0.09946115,0,1.0,False,17
2.0817268,0.023547389,-0.019744968,0.18756741,1,1.0,False,17
2.082198,0.21894619,-0.01599362,-0.111278296,0,1.0,False,17
2.0865767,0.024057021,-0.018219186,0.17631614,1,1.0,False,17
2.0870578,0.2194349,-0.014692863,-0.12205819,0,1.0,False,17
2.0914466,0.024526509,-0.017134028,0.16595331,1,1.0,False,17
2.091937,0.21988948,-0.013814962,-0.13208531,0,1.0,False,17
2.096335,0.02496812,-0.016456667,0.15620737,1,1.0,False,17
2.0968342,0.22032177,-0.01333252,-0.14162149,0,1.0,False,17
2.1012406,0.025393287,-0.01616495,0.14682563,1,1.0,False,17
2.1017485,0.22074296,-0.013228437,-0.15091288,0,1.0,False,17
2.1061635,0.025812896,-0.016246695,0.13756758,1,1.0,False,17
2.1066797,0.22116373,-0.013495343,-0.16019632,0,1.0,False,17
2.1111028,0.026237562,-0.01669927,0.1281988,1,1.0,False,17
2.1116276,0.2215947,-0.014135293,-0.16970542,0,1.0,False,17
2.1160595,0.026677903,-0.017529402,0.118484944,1,1.0,False,17
2.1165931,0.22204657,-0.015159703,-0.17967641,0,1.0,False,17
2.1210341,0.027144793,-0.01875323,0.10818587,1,1.0,False,17
2.121577,0.2225304,-0.016589513,-0.19035411,0,1.0,False,17
2.1260276,0.02764965,-0.020396596,0.097049676,1,1.0,False,17
2.1265805,0.2230579,-0.018455602,-0.20199792,0,1.0,False,17
2.1310418,0.028204693,-0.02249556,0.08480649,1,1.0,False,17
2.1316059,0.22364177,-0.02079943,-0.21488808,0,1.0,False,17
2.1360786,0.028823247,-0.025097193,0.07116189,1,1.0,False,17
2.136655,0.22429584,-0.023673955,-0.22933248,0,1.0,False,17
2.141141,0.029520059,-0.028260604,0.055789847,0,1.0,False,17
2.1417315,-0.16518553,-0.027144806,0.33942407,1,1.0,False,17
2.1384277,0.030311948,-0.020356325,0.03830632,1,1.0,False,17
2.139034,0.22571981,-0.019590199,-0.26072907,0,1.0,False,17
2.1435483,0.030882906,-0.02480478,0.025711035,0,1.0,False,17
2.144166,-0.1638747,-0.02429056,0.31046572,1,1.0,False,17
2.1408885,0.03158475,-0.018081246,0.01022231,0,1.0,False,17
2.1415203,-0.16327329,-0.0178768,0.297146,1,1.0,False,17
2.1382546,0.032098882,-0.01193388,-0.0011209327,1,1.0,False,17
2.1388967,0.22738993,-0.011956299,-0.29754514,0,1.0,False,17
2.1434445,0.03244044,-0.0179072,-0.0086568585,0,1.0,False,17
2.1440933,-0.16242018,-0.018080339,0.2783228,1,1.0,False,17
2.1408448,0.032954976,-0.0125138825,-0.020007387,0,1.0,False,17
2.141504,-0.1619853,-0.01291403,0.26870114,1,1.0,False,17
2.1382644,0.033318546,-0.0075400076,-0.028026814,1,1.0,False,17
2.1389308,0.22854781,-0.008100544,-0.32307914,0,1.0,False,17
2.1435018,0.033542138,-0.014562126,-0.032961752,0,1.0,False,17
2.1441724,-0.161368,-0.015221361,0.25509134,1,1.0,False,17
2.1409452,0.033967942,-0.010119535,-0.042353537,0,1.0,False,17
2.1416245,-0.16100745,-0.0109666055,0.24711947,1,1.0,False,17
2.1384044,0.0342694,-0.006024216,-0.04900229,1,1.0,False,17
2.1390898,0.22947721,-0.0070042615,-0.3435798,0,1.0,False,17
2.1436794,0.0344556,-0.013875858,-0.053113803,0,1.0,False,17
2.1443684,-0.16046467,-0.014938134,0.23515908,1,1.0,False,17
2.141159,0.03486749,-0.010234952,-0.062198114,0,1.0,False,17
2.1418564,-0.16010623,-0.011478915,0.22723813,1,1.0,False,17
2.1386542,0.03517787,-0.006934152,-0.06904345,0,1.0,False,17
2.1393578,-0.15984398,-0.008315021,0.22144367,1,1.0,False,17
2.136161,0.035395827,-0.0038861474,-0.073850505,0,1.0,False,17
2.136869,-0.1596702,-0.0053631575,0.2176038,1,1.0,False,17
2.1336756,0.035528008,-0.0010110817,-0.076766066,0,1.0,False,17
2.134386,-0.15957943,-0.002546403,0.21559769,1,1.0,False,17
2.1311946,0.03557883,0.0017655508,-0.07788739,1,1.0,False,17
2.131906,0.23067543,0.00020780295,-0.37001276,0,1.0,False,17
2.1365197,0.035550524,-0.0071924524,-0.07726432,0,1.0,False,17
2.1372306,-0.1594676,-0.008737738,0.21314071,1,1.0,False,17
2.1340413,0.035778195,-0.0044749244,-0.082285635,0,1.0,False,17
2.1347568,-0.15927933,-0.006120637,0.2089821,1,1.0,False,17
2.1315713,0.035929605,-0.0019409953,-0.08562528,0,1.0,False,17
2.13229,-0.15916447,-0.003653501,0.20644462,1,1.0,False,17
2.1291065,0.036009535,0.0004753916,-0.08738855,0,1.0,False,17
2.1298268,-0.15911922,-0.0012723794,0.20544432,1,1.0,False,17
2.1266444,0.036020897,0.002836507,-0.087639704,1,1.0,False,17
2.1273646,0.23110208,0.0010837129,-0.37942636,0,1.0,False,17
2.1319869,0.03596475,-0.006504814,-0.08640194,0,1.0,False,17
2.1327062,-0.15906335,-0.008232853,0.20422164,1,1.0,False,17
2.1295247,0.036175355,-0.0041484204,-0.091046944,0,1.0,False,17
2.1302483,-0.1588869,-0.005969359,0.20032428,1,1.0,False,17
2.1270707,0.036319926,-0.0019628736,-0.09423571,0,1.0,False,17
2.127797,-0.15877384,-0.0038475879,0.19782728,1,1.0,False,17
2.1246214,0.036402937,0.00010895781,-0.09606689,0,1.0,False,17
2.1253495,-0.15872058,-0.00181238,0.1966504,1,1.0,False,17
2.1221752,0.036427252,0.002120628,-0.09660369,0,1.0,False,17
2.1229036,-0.15872502,0.00018855413,0.19674753,1,1.0,False,17
2.1197293,0.036394224,0.0041235047,-0.09587591,0,1.0,False,17
2.1204572,-0.15878658,0.0022059865,0.19810513,1,1.0,False,17
2.1172814,0.036303747,0.006168089,-0.0938811,1,1.0,False,17
2.1180074,0.23133676,0.004290467,-0.38461164,0,1.0,False,17
2.1226342,0.03615415,-0.0034017658,-0.09057904,0,1.0,False,17
2.1233573,-0.15891887,-0.0052133463,0.20102869,1,1.0,False,17
2.120179,0.036277246,-0.0011927726,-0.093294226,0,1.0,False,17
2.1209044,-0.15882759,-0.0030586573,0.19901215,1,1.0,False,17
2.1177278,0.036337975,0.0009215856,-0.09463408,0,1.0,False,17
2.1184547,-0.15879717,-0.00097109604,0.19833946,1,1.0,False,17
2.1152787,0.036338657,0.0029956931,-0.09464964,0,1.0,False,17
2.1160054,-0.1588261,0.0011027004,0.19897692,1,1.0,False,17
2.112829,0.03628006,0.0050822385,-0.09335796,0,1.0,False,17
2.1135545,-0.15891437,0.0032150794,0.20092407,1,1.0,False,17
2.1103761,0.036161456,0.007233561,-0.090742916,1,1.0,False,17
2.1110995,0.23117898,0.0054187025,-0.3811349,0,1.0,False,17
2.1157231,0.035980508,-0.0022039956,-0.0867484,0,1.0,False,17
2.1164427,-0.15910979,-0.0039389636,0.20523834,1,1.0,False,17
2.1132605,0.036068276,0.00016580334,-0.08868452,0,1.0,False,17
2.1139817,-0.15905605,-0.0016078871,0.20405072,1,1.0,False,17
2.1108007,0.036088858,0.002473127,-0.08913899,0,1.0,False,17
2.1115224,-0.15906845,0.0006903474,0.20432319,1,1.0,False,17
2.1083412,0.036043614,0.004776811,-0.088141896,0,1.0,False,17
2.109062,-0.15914647,0.0030139731,0.20604429,1,1.0,False,17
2.105879,0.035932243,0.007134859,-0.08568636,1,1.0,False,17
2.1065977,0.2309512,0.005421132,-0.37610972,0,1.0,False,17
2.1112168,0.03575267,-0.0021010626,-0.08172242,0,1.0,False,17
2.1119318,-0.1593391,-0.003735511,0.21029687,1,1.0,False,17
2.108745,0.035836063,0.00047042637,-0.08356207,0,1.0,False,17
2.1094618,-0.15929262,-0.001200815,0.20926924,1,1.0,False,17
2.1062758,0.03584647,0.0029845699,-0.08379223,0,1.0,False,17
2.1069927,-0.15931813,0.0013087253,0.20983084,1,1.0,False,17
2.1038065,0.03578508,0.005505342,-0.08243897,0,1.0,False,17
2.1045222,-0.15941535,0.0038565625,0.21197581,1,1.0,False,17
2.1013339,0.035651244,0.008096078,-0.07948809,1,1.0,False,17
2.1020467,0.2306562,0.006506317,-0.36960572,0,1.0,False,17
2.10666,0.03544242,-0.0008857977,-0.0748784,0,1.0,False,17
2.1073687,-0.15966682,-0.0023833658,0.21752492,1,1.0,False,17
2.1041756,0.03548912,0.0019671328,-0.07590887,0,1.0,False,17
2.1048853,-0.15966098,0.00044895543,0.21739405,1,1.0,False,17
2.101692,0.035454553,0.0047968365,-0.07514723,0,1.0,False,17
2.102401,-0.15973584,0.003293892,0.21904525,1,1.0,False,17
2.0992064,0.035338875,0.007674797,-0.072596826,1,1.0,False,17
2.0999131,0.23034996,0.0062228604,-0.36284846,0,1.0,False,17
2.10452,0.03514012,-0.0010341088,-0.068209864,0,1.0,False,17
2.105223,-0.15996699,-0.0023983063,0.22414662,1,1.0,False,17
2.1020236,0.035189155,0.0020846261,-0.06929187,0,1.0,False,17
2.1027274,-0.15996262,0.00069878873,0.22404803,1,1.0,False,17
2.099528,0.03514934,0.0051797493,-0.06841438,1,1.0,False,17
2.1002312,0.23019664,0.0038114619,-0.35945857,0,1.0,False,17
2.104835,0.03502072,-0.0033777095,-0.06557625,0,1.0,False,17
2.1055355,-0.16005264,-0.004689235,0.22603908,1,1.0,False,17
2.1023345,0.035136014,-0.000168453,-0.06811931,0,1.0,False,17
2.103037,-0.15998352,-0.0015308392,0.22451046,1,1.0,False,17
2.0998375,0.035160273,0.0029593701,-0.068654954,0,1.0,False,17
2.1005406,-0.16000398,0.0015862709,0.2249602,1,1.0,False,17
2.0973406,0.035095263,0.006085475,-0.06722194,1,1.0,False,17
2.0980425,0.23012944,0.004741036,-0.35797867,0,1.0,False,17
2.1026452,0.03494041,-0.0024185372,-0.06380455,0,1.0,False,17
2.103344,-0.16014679,-0.0036946284,0.22811432,1,1.0,False,17
2.100141,0.035027776,0.00086765824,-0.06573173,0,1.0,False,17
2.1008415,-0.1601066,-0.00044697625,0.22722483,1,1.0,False,17
2.0976393,0.03502173,0.0040975204,-0.065599054,1,1.0,False,17
2.0983398,0.2300847,0.0027855393,-0.35698637,0,1.0,False,17
2.1029415,0.03492325,-0.0043541887,-0.063426405,0,1.0,False,17
2.10364,-0.160136,-0.0056227166,0.22787957,1,1.0,False,17
2.1004374,0.035065852,-0.0010651251,-0.066571645,0,1.0,False,17
2.1011386,-0.16004081,-0.002396558,0.22577503,1,1.0,False,17
2.0979378,0.035115305,0.0021189428,-0.06766289,0,1.0,False,17
2.0986402,-0.16003697,0.000765685,0.22568782,1,1.0,False,17
2.0954394,0.03507404,0.0052794414,-0.06675348,1,1.0,False,17
2.0961409,0.2301199,0.003944372,-0.35776606,0,1.0,False,17
2.1007433,0.034942098,-0.0032109492,-0.063841976,0,1.0,False,17
2.101442,-0.16013367,-0.004487789,0.22782615,1,1.0,False,17
2.0982394,0.035052128,6.873424e-05,-0.066269,0,1.0,False,17
2.0989404,-0.1600708,-0.0012566459,0.2264356,1,1.0,False,17
2.0957391,0.03506908,0.0032720664,-0.06664345,0,1.0,False,17
2.0964403,-0.16009963,0.0019391973,0.22707003,1,1.0,False,17
2.0932384,0.034994554,0.006480598,-0.065000564,1,1.0,False,17
2.0939384,0.230023,0.0051805866,-0.3556318,0,1.0,False,17
2.0985389,0.03482777,-0.0019320493,-0.061319806,0,1.0,False,17
2.0992353,-0.16026643,-0.0031584455,0.23075292,1,1.0,False,17
2.09603,0.034900513,0.001456613,-0.062924616,0,1.0,False,17
2.096728,-0.16024229,0.0001981207,0.23021753,1,1.0,False,17
2.0935233,0.034876827,0.004802471,-0.062402897,1,1.0,False,17
2.0942206,0.2299296,0.0035544133,-0.35356677,0,1.0,False,17
2.0988193,0.034757283,-0.0035169218,-0.059765138,0,1.0,False,17
2.0995145,-0.16031407,-0.0047122245,0.2318061,1,1.0,False,17
2.0963082,0.034874897,-7.6102486e-05,-0.062359486,0,1.0,False,17
2.0970056,-0.16024595,-0.0013232921,0.23029943,1,1.0,False,17
2.0938008,0.034894876,0.0032826965,-0.062800616,0,1.0,False,17
2.0944986,-0.16027398,0.0020266841,0.23091622,1,1.0,False,17
2.091293,0.034818944,0.0066450085,-0.06112674,1,1.0,False,17
2.0919895,0.22984499,0.0054224734,-0.35170573,0,1.0,False,17
2.0965865,0.03464635,-0.0016116411,-0.05731788,0,1.0,False,17
2.0972793,-0.16045246,-0.0027579986,0.23485613,1,1.0,False,17
2.0940704,0.034708794,0.0019391238,-0.05869548,0,1.0,False,17
2.0947645,-0.1604409,0.00076521427,0.23459862,1,1.0,False,17
2.0915556,0.034670103,0.0054571866,-0.057842832,1,1.0,False,17
2.0922492,0.22971338,0.00430033,-0.348799,0,1.0,False,17
2.0968432,0.034530535,-0.00267565,-0.054763135,0,1.0,False,17
2.097534,-0.16055295,-0.0037709125,0.2370744,1,1.0,False,17
2.094323,0.034622673,0.0009705755,-0.056795593,0,1.0,False,17
2.0950153,-0.16051318,-0.00016533636,0.2361934,1,1.0,False,17
2.091805,0.034611132,0.0045585316,-0.056541674,1,1.0,False,17
2.0924973,0.22966743,0.003427698,-0.34778288,0,1.0,False,17
2.0970907,0.03449689,-0.0035279593,-0.054021046,0,1.0,False,17
2.0977807,-0.1605743,-0.00460838,0.2375467,1,1.0,False,17
2.0945692,0.034613185,0.0001425538,-0.056586277,0,1.0,False,17
2.0952613,-0.16051081,-0.0009891718,0.23614162,1,1.0,False,17
2.0920513,0.03462526,0.0037336608,-0.056853157,1,1.0,False,17
2.0927436,0.22969347,0.0025965977,-0.34835574,0,1.0,False,17
2.0973375,0.03453469,-0.0043705176,-0.054855157,0,1.0,False,17
2.0980282,-0.16052432,-0.0054676207,0.23644564,1,1.0,False,17
2.0948176,0.034675315,-0.00073870784,-0.057956915,0,1.0,False,17
2.0955112,-0.16043603,-0.0018978461,0.23449285,1,1.0,False,17
2.0923026,0.03471298,0.002792011,-0.05878811,0,1.0,False,17
2.0929968,-0.1604489,0.0016162487,0.23477441,1,1.0,False,17
2.0897877,0.03464993,0.006311737,-0.057398267,1,1.0,False,17
2.0904808,0.22968082,0.0051637716,-0.34808314,0,1.0,False,17
2.0950744,0.034485802,-0.001797891,-0.05377637,0,1.0,False,17
2.0957642,-0.16061032,-0.0028734184,0.23833877,1,1.0,False,17
2.092552,0.03455256,0.0018933569,-0.055249132,0,1.0,False,17
2.093243,-0.16059649,0.0007883743,0.23803057,1,1.0,False,17
2.0900311,0.03451419,0.0055489857,-0.054403584,1,1.0,False,17
2.0907214,0.22955614,0.0044609136,-0.34533063,0,1.0,False,17
2.0953124,0.034371015,-0.0024456985,-0.051244333,0,1.0,False,17
2.096,-0.16071579,-0.0034705852,0.24066596,1,1.0,False,17
2.0927856,0.034455575,0.0013427339,-0.05310967,0,1.0,False,17
2.0934746,-0.1606856,0.0002805405,0.2399966,1,1.0,False,17
2.090261,0.034432337,0.005080472,-0.052597824,1,1.0,False,17
2.0909495,0.22948107,0.004028516,-0.3436735,0,1.0,False,17
2.0955393,0.034302045,-0.0028449541,-0.04972295,0,1.0,False,17
2.0962253,-0.160779,-0.0038394132,0.242061,1,1.0,False,17
2.0930097,0.034397587,0.001001807,-0.051830493,0,1.0,False,17
2.0936975,-0.16073872,-3.480278e-05,0.24116835,1,1.0,False,17
2.090483,0.034383733,0.004788564,-0.05152556,1,1.0,False,17
2.0911705,0.2294367,0.003758053,-0.3426938,0,1.0,False,17
2.0957594,0.03426148,-0.0030958233,-0.048828196,0,1.0,False,17
2.0964446,-0.16081594,-0.0040723872,0.24287637,1,1.0,False,17
2.093228,0.03436394,0.00078514003,-0.05108831,0,1.0,False,17
2.0939155,-0.16076925,-0.00023662619,0.24184223,1,1.0,False,17
2.0907001,0.034356073,0.0046002185,-0.050915323,1,1.0,False,17
2.0913873,0.22941177,0.003581912,-0.3421433,0,1.0,False,17
2.0959754,0.03423903,-0.003260954,-0.048333008,0,1.0,False,17
2.0966601,-0.16083601,-0.004227614,0.24331927,1,1.0,False,17
2.0934434,0.03434607,0.0006387714,-0.05069414,0,1.0,False,17
2.0941305,-0.16078503,-0.00037511144,0.24219026,1,1.0,False,17
2.0909147,0.034342274,0.004468694,-0.050610967,1,1.0,False,17
2.0916016,0.22939986,0.0034564743,-0.34188065,0,1.0,False,17
2.0961895,0.03422891,-0.0033811384,-0.048109755,0,1.0,False,17
2.0968742,-0.1608444,-0.0043433337,0.24350448,1,1.0,False,17
2.0936573,0.034339324,0.00052675605,-0.050545275,0,1.0,False,17
2.0943441,-0.16079018,-0.00048414947,0.2423038,1,1.0,False,17
2.0911283,0.034338687,0.0043619266,-0.050531797,1,1.0,False,17
2.091815,0.22939782,0.0033512907,-0.34183532,0,1.0,False,17
2.096403,0.03422835,-0.0034854156,-0.048097476,0,1.0,False,17
2.0970876,-0.16084345,-0.004447365,0.24348374,1,1.0,False,17
2.0938706,0.03434174,0.00042230956,-0.050598677,0,1.0,False,17
2.0945575,-0.16078626,-0.000589664,0.24221747,1,1.0,False,17
2.0913417,0.034344107,0.0042546852,-0.0506514,1,1.0,False,17
2.0920286,0.22940479,0.0032416573,-0.34198892,0,1.0,False,17
2.0966167,0.03423687,-0.003598121,-0.048285518,0,1.0,False,17
2.0973015,-0.1608333,-0.0045638313,0.24326,1,1.0,False,17
2.0940847,0.03435354,0.00030136868,-0.050858974,0,1.0,False,17
2.0947719,-0.16077273,-0.0007158108,0.24191903,1,1.0,False,17
2.0915565,0.034359436,0.0041225697,-0.050989605,1,1.0,False,17
2.0922437,0.22942203,0.0031027775,-0.342369,0,1.0,False,17
2.096832,0.03425608,-0.0037446022,-0.04870924,0,1.0,False,17
2.0975173,-0.16081198,-0.004718787,0.24278988,1,1.0,False,17
2.094301,0.034377053,0.00013701078,-0.05137773,0,1.0,False,17
2.0949886,-0.16074686,-0.00089054374,0.24134843,1,1.0,False,17
2.0917735,0.0343878,0.003936425,-0.05161527,1,1.0,False,17
2.0924613,0.22945309,0.0029041194,-0.34305364,0,1.0,False,17
2.0970504,0.03428994,-0.003956953,-0.049456332,0,1.0,False,17
2.0977361,-0.16077505,-0.00494608,0.24197552,1,1.0,False,17
2.0945206,0.034417205,-0.000106569474,-0.05226342,0,1.0,False,17
2.0952091,-0.16070323,-0.0011518379,0.24038588,1,1.0,False,17
2.091995,0.034435168,0.0036558798,-0.052660145,1,1.0,False,17
2.0926836,0.22950451,0.0026026769,-0.34418738,0,1.0,False,17
2.0972738,0.034345627,-0.0042810705,-0.050684858,0,1.0,False,17
2.0979607,-0.16071467,-0.0052947677,0.24064429,1,1.0,False,17
2.0947464,0.03448251,-0.00048188193,-0.053704042,0,1.0,False,17
2.095436,-0.16063254,-0.0015559627,0.23882681,1,1.0,False,17
2.0922234,0.034511615,0.0032205735,-0.054346506,1,1.0,False,17
2.0929136,0.22958724,0.0021336433,-0.34601158,0,1.0,False,17
2.0975053,0.034435004,-0.0047865883,-0.052656602,0,1.0,False,17
2.0981941,-0.16061799,-0.0058397204,0.23851228,1,1.0,False,17
2.0949817,0.0345869,-0.0010694746,-0.056006923,0,1.0,False,17
2.0956733,-0.1605197,-0.0021896132,0.23633838,1,1.0,False,17
2.092463,0.034633465,0.0025371546,-0.05703441,0,1.0,False,17
2.0931556,-0.16052477,0.0013964664,0.23644793,1,1.0,False,17
2.0899453,0.0345772,0.006125425,-0.055794183,1,1.0,False,17
2.0906367,0.22961079,0.0050095413,-0.34653822,0,1.0,True,17
-0.017571619,-0.04728536,-0.04452791,0.049049154,0,1.0,False,18
-0.018517327,-0.24174148,-0.04354693,0.32735732,0,1.0,False,18
-0.023352155,-0.43621728,-0.03699978,0.6059957,0,1.0,False,18
-0.0320765,-0.63080287,-0.024879867,0.88679886,0,1.0,False,18
-0.044692557,-0.8255784,-0.0071438905,1.1715578,1,1.0,False,18
-0.061204124,-0.6303643,0.016287267,0.87664384,1,1.0,False,18
-0.07381141,-0.43546745,0.033820145,0.58912563,0,1.0,False,18
-0.08252076,-0.63104624,0.045602657,0.8922673,1,1.0,False,18
-0.09514169,-0.43657157,0.063448004,0.6142611,1,1.0,False,18
-0.10387312,-0.24239089,0.07573322,0.34221733,0,1.0,False,18
-0.108720936,-0.43850404,0.08257757,0.65778816,1,1.0,False,18
-0.117491014,-0.24462269,0.09573333,0.39220732,1,1.0,False,18
-0.12238347,-0.050980434,0.10357748,0.1311766,1,1.0,False,18
-0.12340308,0.14251705,0.106201015,-0.12711674,0,1.0,False,18
-0.12055273,-0.05395335,0.103658676,0.19709292,1,1.0,False,18
-0.1216318,0.13954495,0.10760053,-0.061175436,1,1.0,False,18
-0.1188409,0.3329728,0.10637703,-0.31806567,0,1.0,False,18
-0.11218145,0.13650925,0.100015715,0.0061797057,1,1.0,False,18
-0.109451264,0.3300652,0.100139305,-0.25334767,0,1.0,False,18
-0.10284996,0.13366656,0.09507235,0.0691662,1,1.0,False,18
-0.10017663,0.327306,0.09645568,-0.19207206,0,1.0,False,18
-0.09363051,0.13094603,0.09261424,0.12941283,1,1.0,False,18
-0.09101159,0.32462764,0.09520249,-0.13267484,0,1.0,False,18
-0.084519036,0.12828003,0.092548996,0.18846014,1,1.0,False,18
-0.081953436,0.3219644,0.0963182,-0.07365252,1,1.0,False,18
-0.075514145,0.51558304,0.09484515,-0.33446053,0,1.0,False,18
-0.06520249,0.3192482,0.08815594,-0.013439184,1,1.0,False,18
-0.058817524,0.5130025,0.08788715,-0.2770578,0,1.0,False,18
-0.04855747,0.31674382,0.082346,0.04199959,1,1.0,False,18
-0.042222597,0.5105943,0.08318599,-0.2236085,0,1.0,False,18
-0.032010708,0.31438804,0.07871382,0.094111726,1,1.0,False,18
-0.025722949,0.5082987,0.08059606,-0.1727357,0,1.0,False,18
-0.015556974,0.31212127,0.077141345,0.14424482,1,1.0,False,18
-0.009314549,0.5060586,0.08002624,-0.12313894,1,1.0,False,18
0.0008066227,0.69994825,0.07756346,-0.38954005,0,1.0,False,18
0.014805588,0.503816,0.06977266,-0.073445424,1,1.0,False,18
0.024881909,0.6978719,0.06830375,-0.3433245,0,1.0,False,18
0.038839348,0.5018481,0.06143726,-0.029908726,1,1.0,False,18
0.048876308,0.69603765,0.060839087,-0.3025923,0,1.0,False,18
0.06279706,0.5001038,0.054787237,0.008640435,1,1.0,False,18
0.07279914,0.69439894,0.054960046,-0.26626563,0,1.0,False,18
0.08668712,0.49853742,0.049634736,0.04323318,1,1.0,False,18
0.096657865,0.6929138,0.0504994,-0.23338567,0,1.0,False,18
0.11051614,0.497108,0.045831684,0.07478906,1,1.0,False,18
0.1204583,0.691544,0.047327466,-0.20308882,0,1.0,False,18
0.13428918,0.49577826,0.04326569,0.10414003,1,1.0,False,18
0.14420475,0.69025433,0.04534849,-0.17458494,0,1.0,False,18
0.15800983,0.4945137,0.04185679,0.13205206,1,1.0,False,18
0.1679001,0.6890118,0.044497833,-0.14713734,1,1.0,False,18
0.18168034,0.8834693,0.041555088,-0.42545667,0,1.0,False,18
0.19934973,0.6877841,0.03304595,-0.11996864,0,1.0,False,18
0.21310541,0.49220464,0.03064658,0.1829541,1,1.0,False,18
0.2229495,0.686875,0.034305662,-0.099905595,1,1.0,False,18
0.236687,0.8814889,0.03230755,-0.38157085,0,1.0,False,18
0.25431678,0.68592346,0.024676133,-0.078878984,0,1.0,False,18
0.26803523,0.4904566,0.023098553,0.22148606,1,1.0,False,18
0.27784437,0.6852409,0.027528275,-0.063822076,0,1.0,False,18
0.2915492,0.4897353,0.026251834,0.2374175,1,1.0,False,18
0.30134392,0.68447256,0.031000184,-0.046870586,0,1.0,False,18
0.31503335,0.48892012,0.030062772,0.25542974,1,1.0,False,18
0.32481176,0.68360025,0.035171367,-0.027621357,0,1.0,False,18
0.33848375,0.48799202,0.03461894,0.27594775,1,1.0,False,18
0.3482436,0.68260336,0.040137894,-0.0056184535,1,1.0,False,18
0.36189568,0.8771274,0.040025525,-0.2853721,0,1.0,False,18
0.37943822,0.6814581,0.034318082,0.019661086,1,1.0,False,18
0.3930674,0.8760716,0.034711305,-0.2619996,0,1.0,False,18
0.4105888,0.6804718,0.029471314,0.041426424,1,1.0,False,18
0.42419824,0.87515897,0.03029984,-0.24181427,0,1.0,False,18
0.4417014,0.6796176,0.025463555,0.06026994,1,1.0,False,18
0.45529377,0.8743654,0.026668955,-0.22427155,0,1.0,False,18
0.4727811,0.67887264,0.022183523,0.076703064,1,1.0,False,18
0.48635855,0.8736696,0.023717584,-0.20889917,0,1.0,False,18
0.5038319,0.67821676,0.019539602,0.09117007,1,1.0,False,18
0.5173963,0.87305325,0.021363003,-0.19528463,0,1.0,False,18
0.53485733,0.67763233,0.01745731,0.1040601,1,1.0,False,18
0.54841,0.8724998,0.019538512,-0.18306439,0,1.0,False,18
0.56586,0.6771038,0.015877225,0.11571761,1,1.0,False,18
0.579402,0.87199473,0.018191576,-0.17191418,0,1.0,False,18
0.59684193,0.6766172,0.014753293,0.12645166,1,1.0,False,18
0.6103743,0.8715247,0.017282326,-0.16154051,0,1.0,False,18
0.62780476,0.6761597,0.014051516,0.13654405,1,1.0,False,18
0.641328,0.87107754,0.016782397,-0.15167291,0,1.0,False,18
0.6587495,0.6757194,0.013748939,0.1462569,1,1.0,False,18
0.6722639,0.87064177,0.016674077,-0.142057,0,1.0,False,18
0.68967676,0.67528504,0.013832937,0.15583932,1,1.0,False,18
0.70318246,0.8702062,0.016949723,-0.13244773,1,1.0,False,18
0.7205866,1.0650814,0.014300768,-0.41973543,0,1.0,False,18
0.7418882,0.8697597,0.00590606,-0.12257865,1,1.0,False,18
0.75928336,1.0647966,0.003454487,-0.41339242,0,1.0,False,18
0.7805793,0.86962575,-0.004813362,-0.11962245,0,1.0,False,18
0.79797184,0.6745731,-0.0072058104,0.17153803,1,1.0,False,18
0.8114633,0.86979747,-0.00377505,-0.12340937,0,1.0,False,18
0.82885927,0.67472976,-0.0062432373,0.16808018,1,1.0,False,18
0.8423538,0.8699405,-0.0028816336,-0.12656575,0,1.0,False,18
0.85975266,0.67486,-0.005412949,0.16520667,1,1.0,False,18
0.8732498,0.870059,-0.0021088154,-0.12917897,0,1.0,False,18
0.89065105,0.67496735,-0.0046923948,0.16283791,1,1.0,False,18
0.90415037,0.87015617,-0.0014356365,-0.13132164,1,1.0,False,18
0.9215535,1.0652987,-0.0040620696,-0.42445716,0,1.0,False,18
0.9428595,0.87023443,-0.012551213,-0.13305755,0,1.0,False,18
0.96026415,0.6752945,-0.015212364,0.15563937,1,1.0,False,18
0.9737701,0.8706309,-0.012099576,-0.14180362,0,1.0,False,18
0.9911827,0.67568433,-0.014935648,0.14703767,1,1.0,False,18
1.0046964,0.871017,-0.011994895,-0.15031949,0,1.0,False,18
1.0221167,0.6760688,-0.015001285,0.1385553,1,1.0,False,18
1.0356381,0.8714024,-0.012230178,-0.1588223,0,1.0,False,18
1.0530661,0.67645764,-0.015406624,0.12997736,1,1.0,False,18
1.0665953,0.87179685,-0.012807078,-0.16752607,0,1.0,False,18
1.0840312,0.6768606,-0.0161576,0.12108924,1,1.0,False,18
1.0975684,0.8722102,-0.013735814,-0.17664714,0,1.0,False,18
1.1150126,0.6772875,-0.017268756,0.111671135,1,1.0,False,18
1.1285584,0.8726526,-0.015035334,-0.18640956,0,1.0,False,18
1.1460115,0.677749,-0.018763525,0.10149263,1,1.0,False,18
1.1595664,0.87313473,-0.016733672,-0.19705057,0,1.0,False,18
1.1770291,0.67825603,-0.020674685,0.090307005,1,1.0,False,18
1.1905942,0.87366813,-0.018868543,-0.20882642,0,1.0,False,18
1.2080675,0.678821,-0.023045072,0.077845246,1,1.0,False,18
1.221644,0.8742656,-0.021488167,-0.22201847,0,1.0,False,18
1.2391293,0.6794573,-0.025928536,0.06380952,1,1.0,False,18
1.2527184,0.87494123,-0.024652347,-0.23693994,0,1.0,False,18
1.2702173,0.68017995,-0.029391145,0.047866095,1,1.0,False,18
1.2838209,0.8757108,-0.028433824,-0.25394318,0,1.0,False,18
1.3013351,0.68100613,-0.033512685,0.029637335,0,1.0,False,18
1.3149552,0.4863804,-0.03291994,0.3115611,1,1.0,False,18
1.3246828,0.6819555,-0.026688717,0.00868069,1,1.0,False,18
1.3383219,0.8774498,-0.026515104,-0.29230192,0,1.0,False,18
1.355871,0.6827158,-0.032361142,-0.008098051,0,1.0,False,18
1.3695253,0.4880725,-0.032523103,0.27420145,1,1.0,False,18
1.3792868,0.68364304,-0.027039075,-0.028559314,1,1.0,False,18
1.3929596,0.8791421,-0.027610261,-0.32964924,0,1.0,False,18
1.4105424,0.68442386,-0.034203246,-0.045799572,0,1.0,False,18
1.4242309,0.48980865,-0.035119236,0.23589873,1,1.0,False,18
1.4340271,0.6854143,-0.030401263,-0.06765175,1,1.0,False,18
1.4477353,0.8809586,-0.031754296,-0.3697693,0,1.0,False,18
1.4653546,0.6863019,-0.039149683,-0.08726559,0,1.0,False,18
1.4790806,0.49176234,-0.040894996,0.19281307,1,1.0,False,18
1.4889158,0.6874447,-0.037038732,-0.112484865,0,1.0,False,18
1.5026647,0.49287254,-0.03928843,0.16828634,1,1.0,False,18
1.5125221,0.6885342,-0.035922706,-0.13652748,0,1.0,False,18
1.5262928,0.49394467,-0.038653255,0.14460945,1,1.0,False,18
1.5361717,0.68959826,-0.035761066,-0.16001293,0,1.0,False,18
1.5499637,0.49500605,-0.038961325,0.121177256,1,1.0,False,18
1.5598638,0.69066393,-0.036537778,-0.18353856,0,1.0,False,18
1.5736771,0.4960833,-0.04020855,0.09739785,1,1.0,False,18
1.5835987,0.6917578,-0.038260594,-0.20769475,0,1.0,False,18
1.5974339,0.49720323,-0.042414486,0.07267763,1,1.0,False,18
1.607378,0.69290674,-0.040960934,-0.23307979,0,1.0,False,18
1.6212361,0.4983933,-0.04562253,0.046406534,1,1.0,False,18
1.631204,0.69413877,-0.0446944,-0.2603145,0,1.0,False,18
1.6450868,0.49968237,-0.049900692,0.017942999,0,1.0,False,18
1.6550804,0.30531025,-0.04954183,0.29447353,1,1.0,False,18
1.6611866,0.5011022,-0.04365236,-0.013413418,0,1.0,False,18
1.6712086,0.3066326,-0.04392063,0.26518342,1,1.0,False,18
1.6773413,0.502353,-0.03861696,-0.0410226,0,1.0,False,18
1.6873884,0.30780548,-0.039437413,0.23923056,1,1.0,False,18
1.6935445,0.503468,-0.0346528,-0.06562658,0,1.0,False,18
1.7036139,0.30885956,-0.03596533,0.21592493,1,1.0,False,18
1.7097911,0.5044767,-0.031646833,-0.08788258,0,1.0,False,18
1.7198806,0.30982235,-0.033404484,0.19465016,1,1.0,False,18
1.726077,0.5054058,-0.029511482,-0.10838047,0,1.0,False,18
1.7361851,0.31071892,-0.03167909,0.1748476,1,1.0,False,18
1.7423995,0.5062796,-0.02818214,-0.12765832,0,1.0,False,18
1.7525251,0.31157246,-0.030735306,0.15600194,1,1.0,False,18
1.7587565,0.50712067,-0.027615268,-0.14621662,0,1.0,False,18
1.768899,0.31240484,-0.030539598,0.1376279,1,1.0,False,18
1.7751471,0.5079506,-0.02778704,-0.1645312,0,1.0,False,18
1.7853061,0.31323722,-0.031077664,0.119257785,1,1.0,False,18
1.7915708,0.5087903,-0.02869251,-0.18306561,0,1.0,False,18
1.8017466,0.31409046,-0.032353822,0.10042959,1,1.0,False,18
1.8080285,0.5096608,-0.03034523,-0.20228276,0,1.0,False,18
1.8182217,0.31498566,-0.034390885,0.080675356,1,1.0,False,18
1.8245213,0.5105833,-0.032777376,-0.22265653,0,1.0,False,18
1.834733,0.3159448,-0.03723051,0.05950957,0,1.0,False,18
1.8410519,0.12137589,-0.036040317,0.34021744,1,1.0,False,18
1.8434794,0.3169916,-0.029235968,0.036390845,0,1.0,False,18
1.8498193,0.12230084,-0.028508151,0.31970805,1,1.0,False,18
1.8522652,0.31781694,-0.02211399,0.018172786,1,1.0,False,18
1.8586216,0.513249,-0.021750534,-0.28140453,0,1.0,False,18
1.8688866,0.3184439,-0.027378624,0.004339794,0,1.0,False,18
1.8752555,0.12372508,-0.027291829,0.28826025,1,1.0,False,18
1.87773,0.31922537,-0.021526624,-0.012903788,0,1.0,False,18
1.8841145,0.12441865,-0.0217847,0.27291027,1,1.0,False,18
1.8866029,0.31984457,-0.016326495,-0.026563248,1,1.0,False,18
1.8929998,0.5151968,-0.01685776,-0.32435232,0,1.0,False,18
1.9033037,0.32031888,-0.023344805,-0.03703294,0,1.0,False,18
1.90971,0.12553935,-0.024085466,0.24819401,1,1.0,False,18
1.9122208,0.32099685,-0.019121585,-0.05198764,0,1.0,False,18
1.9186407,0.12615421,-0.020161338,0.23460147,1,1.0,False,18
1.9211639,0.32155833,-0.015469308,-0.06437218,0,1.0,False,18
1.927595,0.12666155,-0.016756753,0.22339022,1,1.0,False,18
1.9301282,0.32201895,-0.012288948,-0.07453098,0,1.0,False,18
1.9365686,0.12707531,-0.013779568,0.21424954,1,1.0,False,18
1.9391102,0.3223915,-0.009494577,-0.08274803,0,1.0,False,18
1.945558,0.12740695,-0.011149537,0.20692427,1,1.0,False,18
1.9481062,0.32268655,-0.0070110518,-0.08925481,1,1.0,False,18
1.9545598,0.5179083,-0.008796148,-0.38414145,0,1.0,False,18
1.964918,0.3229123,-0.016478976,-0.09424485,0,1.0,False,18
1.9713763,0.12803039,-0.018363874,0.19319376,1,1.0,False,18
1.9739369,0.32341015,-0.014499999,-0.10522515,0,1.0,False,18
1.9804051,0.12849897,-0.016604502,0.18284804,1,1.0,False,18
1.982975,0.32385454,-0.012947541,-0.1150264,0,1.0,False,18
1.9894521,0.12892047,-0.01524807,0.17354372,1,1.0,False,18
1.9920305,0.32425728,-0.011777195,-0.12391022,0,1.0,False,18
1.9985157,0.12930603,-0.014255399,0.16503398,1,1.0,False,18
2.0011017,0.3246291,-0.01095472,-0.13211183,0,1.0,False,18
2.0075943,0.12966578,-0.013596957,0.157095,1,1.0,False,18
2.0101876,0.32497972,-0.010455056,-0.13984624,0,1.0,False,18
2.0166874,0.13000907,-0.013251981,0.14952004,1,1.0,False,18
2.0192876,0.32531825,-0.01026158,-0.14731398,0,1.0,False,18
2.0257938,0.13034475,-0.013207859,0.14211404,1,1.0,False,18
2.0284007,0.32565334,-0.010365579,-0.1547063,0,1.0,False,18
2.0349138,0.13068134,-0.013459705,0.13468859,1,1.0,False,18
2.0375276,0.32599345,-0.010765933,-0.1622101,0,1.0,False,18
2.0440474,0.13102728,-0.014010135,0.12705709,1,1.0,False,18
2.0466678,0.3263471,-0.0114689935,-0.17001273,0,1.0,False,18
2.0531948,0.13139117,-0.0148692485,0.11903012,1,1.0,False,18
2.0558226,0.32672298,-0.0124886455,-0.1783066,0,1.0,False,18
2.0623572,0.13178195,-0.016054777,0.11041058,1,1.0,False,18
2.0649927,0.32713023,-0.013846566,-0.18729399,0,1.0,False,18
2.0715353,0.13220909,-0.017592445,0.10098893,1,1.0,False,18
2.0741794,0.3275787,-0.015572667,-0.19719204,0,1.0,False,18
2.0807312,0.1326829,-0.019516507,0.09053802,1,1.0,False,18
2.0833848,0.32807907,-0.017705748,-0.20823792,0,1.0,False,18
2.0899463,0.13321473,-0.021870505,0.078807585,1,1.0,False,18
2.0926106,0.32864326,-0.020294353,-0.22069453,0,1.0,False,18
2.0991836,0.13381718,-0.024708245,0.065518275,1,1.0,False,18
2.1018598,0.32928452,-0.02339788,-0.23485671,0,1.0,False,18
2.1084454,0.13450454,-0.028095013,0.05035493,1,1.0,False,18
2.1111357,0.33001783,-0.027087916,-0.25105813,0,1.0,False,18
2.1177359,0.13529298,-0.032109078,0.03295915,0,1.0,False,18
2.120442,-0.05935416,-0.031449895,0.3153409,1,1.0,False,18
2.1192548,0.13620134,-0.025143076,0.012907973,1,1.0,False,18
2.1219788,0.33167467,-0.024884917,-0.28760067,0,1.0,False,18
2.1286123,0.13691628,-0.03063693,-0.0028689182,0,1.0,False,18
2.1313505,-0.0577532,-0.030694308,0.27999243,1,1.0,False,18
2.1301956,0.13779286,-0.02509446,-0.0222112,0,1.0,False,18
2.1329515,-0.0569604,-0.025538685,0.2624497,1,1.0,False,18
2.131812,0.1385166,-0.02028969,-0.038177755,0,1.0,False,18
2.1345825,-0.056308597,-0.021053245,0.24803515,1,1.0,False,18
2.1334562,0.1391076,-0.016092543,-0.051213384,1,1.0,False,18
2.1362386,0.33445656,-0.01711681,-0.34892988,0,1.0,False,18
2.1429276,0.13958219,-0.024095407,-0.06169324,0,1.0,False,18
2.1457193,-0.055186156,-0.025329271,0.2232911,1,1.0,False,18
2.1446157,0.14028849,-0.020863451,-0.07727283,0,1.0,False,18
2.1474214,-0.05452825,-0.022408906,0.20875527,1,1.0,False,18
2.1463308,0.14090684,-0.018233802,-0.09091142,0,1.0,False,18
2.149149,-0.05394908,-0.020052029,0.19596343,1,1.0,False,18
2.1480699,0.14145388,-0.01613276,-0.10297698,0,1.0,False,18
2.150899,-0.05343321,-0.0181923,0.18457277,1,1.0,False,18
2.1498303,0.14194426,-0.014500845,-0.113793164,0,1.0,False,18
2.1526692,-0.05296695,-0.016776709,0.17427981,1,1.0,False,18
2.15161,0.14239104,-0.013291112,-0.12364806,0,1.0,False,18
2.1544576,-0.052538,-0.015764074,0.16481219,1,1.0,False,18
2.1534069,0.14280602,-0.0124678295,-0.13280188,0,1.0,False,18
2.156263,-0.052135136,-0.015123867,0.15592168,1,1.0,False,18
2.1552203,0.14320005,-0.012005433,-0.14149383,0,1.0,False,18
2.1580844,-0.051747918,-0.01483531,0.14737754,1,1.0,False,18
2.1570494,0.1435833,-0.011887759,-0.14994848,0,1.0,False,18
2.159921,-0.051366422,-0.0148867285,0.13896053,1,1.0,False,18
2.1588938,0.14396554,-0.0121075185,-0.15838149,0,1.0,False,18
2.161773,-0.050980985,-0.015275148,0.13045736,1,1.0,False,18
2.1607535,0.14435641,-0.012666001,-0.16700529,0,1.0,False,18
2.1636405,-0.050581966,-0.016006107,0.12165513,1,1.0,False,18
2.162629,0.1447656,-0.013573004,-0.17603429,0,1.0,False,18
2.1655242,-0.0501595,-0.01709369,0.11233609,1,1.0,False,18
2.164521,0.14520317,-0.0148469675,-0.18569039,0,1.0,False,18
2.1674252,-0.049703244,-0.018560776,0.10227215,1,1.0,False,18
2.166431,0.14567973,-0.016515333,-0.19620837,0,1.0,False,18
2.1693447,-0.04920215,-0.0204395,0.09121928,1,1.0,False,18
2.1683605,0.1462067,-0.018615114,-0.20784158,0,1.0,False,18
2.1712847,-0.048644178,-0.022771945,0.07891159,1,1.0,False,18
2.170312,0.14679669,-0.021193715,-0.22086808,0,1.0,False,18
2.1732478,-0.048016008,-0.025611075,0.06505486,0,1.0,False,18
2.1722875,-0.24276158,-0.024309978,0.34954858,1,1.0,False,18
2.1674323,-0.047302473,-0.017319007,0.049300127,1,1.0,False,18
2.1664863,0.14806348,-0.016333004,-0.24879639,0,1.0,False,18
2.1694474,-0.046821456,-0.021308932,0.038690336,0,1.0,False,18
2.168511,-0.24163146,-0.020535124,0.32457465,1,1.0,False,18
2.1636784,-0.046223227,-0.014043632,0.025487194,1,1.0,False,18
2.1627538,0.14909728,-0.013533888,-0.27159336,0,1.0,False,18
2.165736,-0.045828965,-0.018965755,0.016790379,0,1.0,False,18
2.1648192,-0.24067385,-0.018629948,0.30342957,1,1.0,False,18
2.1600058,-0.045291424,-0.012561357,0.004929882,0,1.0,False,18
2.1591,-0.24023099,-0.012462759,0.29362324,1,1.0,False,18
2.1542954,-0.0449336,-0.006590294,-0.0029640764,1,1.0,False,18
2.1533966,0.15028225,-0.0066495757,-0.297719,0,1.0,False,18
2.1564023,-0.044744287,-0.012603956,-0.007140642,0,1.0,False,18
2.1555073,-0.23968324,-0.012746769,0.28153908,1,1.0,False,18
2.1507137,-0.044381805,-0.007115987,-0.01513671,0,1.0,False,18
2.149826,-0.23940098,-0.0074187214,0.27529258,1,1.0,False,18
2.1450381,-0.044173975,-0.0019128701,-0.019720966,1,1.0,False,18
2.1441545,0.15097536,-0.0023072895,-0.31300682,0,1.0,False,18
2.1471741,-0.04411365,-0.008567425,-0.021052424,0,1.0,False,18
2.146292,-0.23911169,-0.0089884745,0.26891512,1,1.0,False,18
2.1415095,-0.04386263,-0.0036101718,-0.026589226,0,1.0,False,18
2.1406324,-0.23893262,-0.0041419566,0.26495248,1,1.0,False,18
2.1358538,-0.0437518,0.0011570931,-0.029033987,1,1.0,False,18
2.1349788,0.15135354,0.0005764133,-0.32135162,0,1.0,False,18
2.1380057,-0.043776616,-0.005850619,-0.028486963,0,1.0,False,18
2.1371303,-0.23881418,-0.006420358,0.2623443,1,1.0,False,18
2.132354,-0.043601174,-0.0011734723,-0.032356746,0,1.0,False,18
2.131482,-0.23870628,-0.0018206071,0.2599557,1,1.0,False,18
2.1267078,-0.04355838,0.003378507,-0.033300906,1,1.0,False,18
2.1258366,0.15151496,0.0027124889,-0.32491598,0,1.0,False,18
2.128867,-0.04364551,-0.0037858305,-0.031378873,0,1.0,False,18
2.127994,-0.23871297,-0.0044134078,0.2601072,1,1.0,False,18
2.1232197,-0.043528292,0.0007887358,-0.033964515,0,1.0,False,18
2.1223493,-0.23866154,0.00010944551,0.25896716,1,1.0,False,18
2.117576,-0.043541156,0.0052887886,-0.033681244,1,1.0,False,18
2.1167052,0.15150456,0.004615164,-0.32469082,0,1.0,False,18
2.1197352,-0.043682806,-0.0018786525,-0.030556045,0,1.0,False,18
2.1188617,-0.23877777,-0.0024897733,0.26153356,1,1.0,False,18
2.114086,-0.043620363,0.0027408977,-0.031933635,0,1.0,False,18
2.1132135,-0.23878151,0.002102225,0.2616128,1,1.0,False,18
2.108438,-0.04368963,0.0073344815,-0.030406307,1,1.0,False,18
2.1075642,0.15132637,0.0067263553,-0.32076612,0,1.0,False,18
2.1105907,-0.04389072,0.00031103252,-0.025969582,0,1.0,False,18
2.1097128,-0.23901713,-0.00020835911,0.26681146,1,1.0,False,18
2.1049325,-0.043892205,0.00512787,-0.025937175,1,1.0,False,18
2.1040547,0.15115583,0.0046091266,-0.3169978,0,1.0,False,18
2.1070778,-0.04403146,-0.0017308294,-0.022864887,0,1.0,False,18
2.106197,-0.23912854,-0.002188127,0.26927143,1,1.0,False,18
2.1014147,-0.04397544,0.0031973016,-0.02410083,0,1.0,False,18
2.1005352,-0.23914309,0.0027152852,0.26958916,1,1.0,False,18
2.0957522,-0.04406,0.008107068,-0.02223611,1,1.0,False,18
2.094871,0.15094475,0.007662346,-0.31235018,0,1.0,False,18
2.09789,-0.04428551,0.0014153426,-0.017260665,0,1.0,False,18
2.0970042,-0.23942773,0.0010701292,0.27586848,1,1.0,False,18
2.0922158,-0.044321064,0.006587499,-0.016476734,1,1.0,False,18
2.0913293,0.1507058,0.0062579643,-0.30707398,0,1.0,False,18
2.0943434,-0.044504765,0.00011648488,-0.012424029,0,1.0,False,18
2.0934534,-0.23962839,-0.00013199571,0.28029564,1,1.0,False,18
2.0886607,-0.044504553,0.0054739174,-0.012428907,1,1.0,False,18
2.0877707,0.15053847,0.005225339,-0.30337974,0,1.0,False,18
2.0907815,-0.04465756,-0.00084225554,-0.009053444,0,1.0,False,18
2.0898883,-0.23976742,-0.0010233244,0.2833636,1,1.0,False,18
2.0850928,-0.04463089,0.004643948,-0.009641879,0,1.0,False,18
2.0842004,-0.23981914,0.0044511105,0.28450266,1,1.0,False,18
2.0794039,-0.044760946,0.010141163,-0.0067731137,1,1.0,False,18
2.0785086,0.1502141,0.010005701,-0.2962392,0,1.0,False,18
2.081513,-0.04504904,0.0040809168,-0.000417515,0,1.0,False,18
2.080612,-0.24022928,0.0040725665,0.2935502,1,1.0,False,18
2.0758073,-0.045165632,0.00994357,0.0021544732,1,1.0,False,18
2.0749042,0.14981231,0.0099866595,-0.28737462,0,1.0,False,18
2.0779004,-0.04545062,0.0042391676,0.008441203,1,1.0,False,18
2.0769913,0.14961028,0.0044079917,-0.2829012,0,1.0,False,18
2.0799835,-0.045574266,-0.0012500327,0.011168714,0,1.0,False,18
2.079072,-0.24067827,-0.0010266583,0.303457,1,1.0,False,18
2.0742586,-0.0455417,0.0050424812,0.010450443,1,1.0,False,18
2.0733476,0.14950757,0.00525149,-0.28063726,0,1.0,False,18
2.0763378,-0.045688894,-0.00036125522,0.013697329,0,1.0,False,18
2.075424,-0.24080566,-8.7308654e-05,0.30626625,1,1.0,False,18
2.070608,-0.045682468,0.0060380166,0.013555793,1,1.0,False,18
2.0696943,0.14935237,0.006309132,-0.27721596,0,1.0,False,18
2.0726812,-0.045859016,0.0007648129,0.017450161,0,1.0,False,18
2.0717642,-0.24099194,0.0011138162,0.3103743,1,1.0,False,18
2.0669444,-0.045885865,0.007321302,0.018042844,1,1.0,False,18
2.0660264,0.14913033,0.007682159,-0.27232116,0,1.0,False,18
2.069009,-0.04610039,0.0022357358,0.02277481,0,1.0,False,18
2.068087,-0.24125433,0.002691232,0.3161623,1,1.0,False,18
2.063262,-0.04617082,0.009014478,0.024329307,1,1.0,False,18
2.0623386,0.1488207,0.009501064,-0.26549587,0,1.0,False,18
2.065315,-0.046435554,0.004191146,0.030168567,1,1.0,False,18
2.0643864,0.14862604,0.0047945175,-0.26118907,0,1.0,False,18
2.067359,-0.04656402,-0.00042926363,0.033002246,0,1.0,False,18
2.0664277,-0.24167982,0.00023078127,0.3255497,1,1.0,False,18
2.061594,-0.046561148,0.006741775,0.032939564,1,1.0,False,18
2.0606627,0.14846347,0.0074005667,-0.25760865,0,1.0,False,18
2.063632,-0.046763342,0.0022483934,0.0373993,1,1.0,False,18
2.0626967,0.1483263,0.0029963795,-0.25457337,0,1.0,False,18
2.0656633,-0.046838313,-0.0020950884,0.03905314,0,1.0,False,18
2.0647266,-0.24193016,-0.0013140256,0.3310743,1,1.0,False,18
2.059888,-0.046789527,0.0053074607,0.037977293,1,1.0,False,18
2.058952,0.14825591,0.0060670064,-0.25302637,0,1.0,False,18
2.0619173,-0.04695214,0.0010064791,0.041564018,0,1.0,False,18
2.0609782,-0.24208851,0.0018377595,0.33456433,1,1.0,False,18
2.0561364,-0.04699276,0.008529047,0.042461503,1,1.0,False,18
2.0551965,0.14800586,0.009378276,-0.24751827,0,1.0,False,18
2.0581567,-0.04724877,0.004427911,0.048107956,1,1.0,False,18
2.0572116,0.14780942,0.00539007,-0.24317464,0,1.0,False,18
2.060168,-0.047389116,0.000526577,0.051203564,1,1.0,False,18
2.05922,0.14772528,0.0015506484,-0.24131317,0,1.0,False,18
2.0621746,-0.047418788,-0.0032756152,0.051858462,0,1.0,False,18
2.0612264,-0.24249361,-0.002238446,0.3435061,1,1.0,False,18
2.0563765,-0.04733989,0.0046316762,0.050118156,1,1.0,False,18
2.0554297,0.14771535,0.005634039,-0.24109985,0,1.0,False,18
2.058384,-0.047486637,0.00081204245,0.05335487,1,1.0,False,18
2.057434,0.14762366,0.0018791398,-0.23907174,0,1.0,False,18
2.0603867,-0.047525086,-0.002902295,0.054203328,0,1.0,False,18
2.059436,-0.2426053,-0.0018182285,0.34596914,1,1.0,False,18
2.054584,-0.04745753,0.0051011546,0.05271342,1,1.0,False,18
2.053635,0.1475909,0.006155423,-0.2383557,0,1.0,False,18
2.0565867,-0.04761844,0.0013883088,0.056262456,1,1.0,False,18
2.0556343,0.14748357,0.002513558,-0.23598212,0,1.0,False,18
2.058584,-0.047674194,-0.0022060846,0.05749259,0,1.0,False,18
2.0576305,-0.24276444,-0.0010562327,0.34947866,1,1.0,False,18
2.0527751,-0.047627486,0.0059333406,0.05646286,1,1.0,False,18
2.0518227,0.14740889,0.007062598,-0.23434216,0,1.0,False,18
2.054771,-0.047813255,0.0023757548,0.06056014,1,1.0,False,18
2.0538146,0.14727455,0.0035869575,-0.23137227,0,1.0,False,18
2.05676,-0.04789847,-0.0010404879,0.062439937,1,1.0,False,18
2.055802,0.14723839,0.00020831083,-0.23057109,0,1.0,False,18
2.0587468,-0.047886543,-0.004403111,0.062177543,0,1.0,False,18
2.057789,-0.24294509,-0.00315956,0.353468,1,1.0,False,18
2.0529304,-0.047778353,0.0039098,0.05979046,1,1.0,False,18
2.0519748,0.14728732,0.0051056095,-0.23165634,0,1.0,False,18
2.0549204,-0.04790721,0.00047248258,0.06263269,1,1.0,False,18
2.0539622,0.14720796,0.0017251363,-0.22990113,0,1.0,False,18
2.0569065,-0.047938596,-0.0028728864,0.063325465,0,1.0,False,18
2.0559478,-0.24301924,-0.001606377,0.3551006,1,1.0,False,18
2.0510874,-0.047874488,0.005495635,0.061911564,1,1.0,False,18
2.05013,0.14716823,0.0067338664,-0.2290324,0,1.0,False,18
2.0530732,-0.04804929,0.0021532183,0.065767,1,1.0,False,18
2.052112,0.14704172,0.0034685582,-0.22623579,0,1.0,False,18
2.055053,-0.048129626,-0.0010561578,0.06753922,1,1.0,False,18
2.0540905,0.14700745,0.00029462666,-0.22547674,0,1.0,False,18
2.0570307,-0.048118707,-0.004214908,0.067299105,0,1.0,False,18
2.0560682,-0.24317998,-0.0028689262,0.35864922,1,1.0,False,18
2.0512047,-0.04801736,0.0043040584,0.065063044,1,1.0,False,18
2.0502443,0.14704262,0.0056053195,-0.22625883,0,1.0,False,18
2.0531852,-0.04815899,0.0010801429,0.068186946,1,1.0,False,18
2.052222,0.14694746,0.002443882,-0.224155,0,1.0,False,18
2.055161,-0.048209336,-0.002039218,0.06929783,1,1.0,False,18
2.0541966,0.1469418,-0.00065326155,-0.22402778,0,1.0,False,18
2.0571356,-0.048170816,-0.0051338174,0.068449005,0,1.0,False,18
2.0561721,-0.2432188,-0.0037648373,0.35950777,1,1.0,False,18
2.0513077,-0.048043523,0.0034253183,0.065640084,1,1.0,False,18
2.0503469,0.14702915,0.00473812,-0.22596017,0,1.0,False,18
2.0532875,-0.048160195,0.0002189166,0.06821357,1,1.0,False,18
2.0523243,0.14695862,0.001583188,-0.22440028,0,1.0,False,18
2.0552635,-0.048185926,-0.0029048177,0.06878162,0,1.0,False,18
2.0542996,-0.2432661,-0.0015291853,0.36054665,1,1.0,False,18
2.0494344,-0.048122454,0.0056817476,0.067381926,1,1.0,False,18
2.048472,0.14691758,0.0070293862,-0.22350298,0,1.0,False,18
2.0514102,-0.048304133,0.0025593268,0.07138898,1,1.0,False,18
2.0504441,0.14678103,0.0039871065,-0.22048537,0,1.0,False,18
2.0533798,-0.048397683,-0.0004226009,0.073452584,1,1.0,False,18
2.0524118,0.14673032,0.0010464508,-0.21936364,0,1.0,False,18
2.0553465,-0.04840657,-0.0033408222,0.07364919,1,1.0,False,18
2.0543783,0.14676312,-0.0018678382,-0.2200859,0,1.0,False,18
2.0573137,-0.048332088,-0.0062695565,0.07200725,0,1.0,False,18
2.056347,-0.24336359,-0.0048294114,0.36270553,1,1.0,False,18
2.0514796,-0.04817334,0.002424699,0.06850371,1,1.0,False,18
2.0505161,0.14691377,0.0037947732,-0.22341323,0,1.0,False,18
2.0534544,-0.048262216,-0.0006734912,0.0704643,1,1.0,False,18
2.0524893,0.14686939,0.0007357948,-0.22243103,0,1.0,False,18
2.0554266,-0.048263077,-0.003712826,0.07048389,0,1.0,False,18
2.0544615,-0.2433316,-0.0023031482,0.3619931,1,1.0,False,18
2.0495946,-0.04817699,0.0049367137,0.06858483,1,1.0,False,18
2.0486312,0.14687383,0.0063084103,-0.22253646,0,1.0,False,18
2.0515687,-0.04833771,0.0018576814,0.0721297,1,1.0,False,18
2.050602,0.14675756,0.0033002754,-0.21996655,0,1.0,False,18
2.0535371,-0.04841141,-0.0010990555,0.0737556,1,1.0,False,18
2.052569,0.14672628,0.0003760565,-0.21927388,0,1.0,False,18
2.0555034,-0.048401047,-0.004009421,0.07352764,0,1.0,False,18
2.0545354,-0.24346529,-0.0025388682,0.36494288,1,1.0,False,18
2.0496662,-0.048307348,0.0047599897,0.0714605,1,1.0,False,18
2.0486999,0.14674604,0.0061891996,-0.21971683,0,1.0,False,18
2.0516348,-0.048463833,0.0017948628,0.074911974,1,1.0,False,18
2.0506656,0.14663234,0.0032931021,-0.21720412,0,1.0,False,18
2.0535982,-0.04853653,-0.0010509803,0.076515764,1,1.0,False,18
2.0526276,0.14660047,0.00047933508,-0.21649857,0,1.0,False,18
2.0555594,-0.04852833,-0.003850636,0.07633553,1,1.0,False,18
2.0545888,0.14664862,-0.0023239257,-0.2175598,0,1.0,False,18
2.0575218,-0.048440043,-0.0066751214,0.07438916,0,1.0,False,18
2.0565531,-0.24346566,-0.005187338,0.3649586,1,1.0,False,18
2.0516837,-0.04827038,0.0021118338,0.07064454,1,1.0,False,18
2.0507183,0.14682123,0.0035247246,-0.22137134,0,1.0,False,18
2.0536547,-0.048350923,-0.0009027021,0.07242134,1,1.0,False,18
2.052688,0.14678396,0.0005457247,-0.22054626,0,1.0,False,18
2.0556235,-0.04834579,-0.0038652003,0.072308764,0,1.0,False,18
2.0546565,-0.24341212,-0.0024190252,0.3637697,1,1.0,False,18
2.0497882,-0.04825587,0.004856369,0.070324995,1,1.0,False,18
2.048823,0.14679612,0.0062628686,-0.22082178,0,1.0,False,18
2.051759,-0.048414785,0.0018464333,0.07383011,1,1.0,False,18
2.0507908,0.14668065,0.0033230355,-0.21826968,0,1.0,False,18
2.0537245,-0.04848865,-0.001042358,0.075459614,1,1.0,False,18
2.0527546,0.14664823,0.0004668343,-0.21755199,0,1.0,False,18
2.0556877,-0.04848039,-0.0038842056,0.075278156,1,1.0,False,18
2.054718,0.14669703,-0.0023786426,-0.21862772,0,1.0,False,18
2.057652,-0.04839084,-0.006751197,0.07330394,0,1.0,False,18
2.056684,-0.24341536,-0.0052851182,0.3638492,1,1.0,False,18
2.0518157,-0.048218694,0.001991866,0.069504485,1,1.0,False,18
2.0508513,0.14687465,0.0033819554,-0.22254933,0,1.0,False,18
2.053789,-0.048295483,-0.0010690312,0.07119847,1,1.0,False,18
2.052823,0.14684178,0.00035493824,-0.22182155,0,1.0,False,18
2.05576,-0.048285242,-0.004081493,0.07097332,0,1.0,False,18
2.054794,-0.24334845,-0.0026620263,0.36236572,1,1.0,False,18
2.0499272,-0.048188757,0.0045852885,0.0688446,1,1.0,False,18
2.0489633,0.14686716,0.0059621804,-0.22238812,0,1.0,False,18
2.0519009,-0.048339505,0.0015144177,0.072169535,1,1.0,False,18
2.050934,0.1467607,0.0029578083,-0.22003521,0,1.0,False,18
2.0538692,-0.0484034,-0.0014428957,0.07357927,1,1.0,False,18
2.052901,0.1467392,2.8689652e-05,-0.21955855,0,1.0,False,18
2.055836,-0.048383158,-0.004362481,0.073133424,0,1.0,False,18
2.0548682,-0.2434423,-0.0028998128,0.36443678,1,1.0,False,18
2.0499995,-0.048279252,0.004388923,0.07084091,1,1.0,False,18
2.0490339,0.1467795,0.005805741,-0.22045407,0,1.0,False,18
2.0519693,-0.04842495,0.0013966598,0.07405456,1,1.0,False,18
2.0510008,0.14667694,0.002877751,-0.21818739,0,1.0,True,18
-0.012562572,0.027193561,0.01711431,0.020915484,0,1.0,False,19
-0.0120187,-0.16816959,0.01753262,0.31894866,0,1.0,False,19
-0.015382092,-0.3635368,0.023911593,0.61710876,0,1.0,False,19
-0.022652829,-0.5589845,0.03625377,0.91722584,1,1.0,False,19
-0.033832517,-0.36437097,0.054598287,0.63615364,1,1.0,False,19
-0.041119937,-0.17005128,0.06732136,0.36115238,0,1.0,False,19
-0.044520963,-0.36606234,0.07454441,0.67428046,1,1.0,False,19
-0.05184221,-0.17205122,0.08803002,0.40596774,1,1.0,False,19
-0.055283234,0.021719314,0.09614937,0.14228483,1,1.0,False,19
-0.05484885,0.21534215,0.09899507,-0.1185836,0,1.0,False,19
-0.050542004,0.018951446,0.09662339,0.2036172,1,1.0,False,19
-0.050162975,0.21256833,0.10069574,-0.057090376,1,1.0,False,19
-0.04591161,0.40611312,0.09955393,-0.31638238,0,1.0,False,19
-0.03778935,0.20972449,0.093226284,0.005962488,1,1.0,False,19
-0.033594858,0.40339437,0.09334553,-0.255912,0,1.0,False,19
-0.02552697,0.20707223,0.088227294,0.06469292,1,1.0,False,19
-0.021385526,0.4008257,0.08952115,-0.19890173,0,1.0,False,19
-0.013369012,0.20454499,0.08554312,0.12062448,1,1.0,False,19
-0.009278112,0.3983438,0.08795561,-0.14389175,0,1.0,False,19
-0.001311236,0.20207952,0.08507777,0.17519227,1,1.0,False,19
0.0027303544,0.39588735,0.088581614,-0.08948531,1,1.0,False,19
0.010648102,0.5896353,0.08679191,-0.3529588,0,1.0,False,19
0.022440808,0.39339328,0.07973273,-0.034218993,1,1.0,False,19
0.030308673,0.5872867,0.07904835,-0.30071852,0,1.0,False,19
0.042054407,0.39113224,0.07303398,0.01581038,1,1.0,False,19
0.04987705,0.5851349,0.07335019,-0.252965,0,1.0,False,19
0.06157975,0.38904643,0.06829089,0.06192248,1,1.0,False,19
0.06936068,0.5831262,0.06952934,-0.20845662,1,1.0,False,19
0.0810232,0.7771886,0.06536021,-0.47842175,0,1.0,False,19
0.096566975,0.5812077,0.055791773,-0.1658759,0,1.0,False,19
0.10819113,0.38533333,0.052474257,0.14387277,1,1.0,False,19
0.1158978,0.5796661,0.05535171,-0.13180472,1,1.0,False,19
0.12749112,0.77395326,0.05271562,-0.40652406,0,1.0,False,19
0.14297017,0.57812494,0.044585135,-0.09769845,0,1.0,False,19
0.15453269,0.38239327,0.042631168,0.20871095,1,1.0,False,19
0.16218054,0.5768806,0.046805386,-0.07022511,1,1.0,False,19
0.17371815,0.7713013,0.045400884,-0.3477811,0,1.0,False,19
0.18914418,0.57556397,0.03844526,-0.041134395,1,1.0,False,19
0.20065546,0.7701141,0.037622575,-0.3214439,0,1.0,False,19
0.21605775,0.5744772,0.031193696,-0.017137678,1,1.0,False,19
0.22754729,0.7691382,0.030850943,-0.2998177,0,1.0,False,19
0.24293005,0.5735904,0.02485459,0.002433142,0,1.0,False,19
0.25440186,0.378121,0.02490325,0.30285323,1,1.0,False,19
0.2619643,0.5728794,0.030960316,0.018127082,1,1.0,False,19
0.27342188,0.7675439,0.031322856,-0.26462898,0,1.0,False,19
0.28877276,0.57198924,0.026030278,0.037766602,1,1.0,False,19
0.30021253,0.7667284,0.02678561,-0.2465912,0,1.0,False,19
0.3155471,0.57123435,0.021853786,0.054418743,0,1.0,False,19
0.3269718,0.37580597,0.022942161,0.3539158,1,1.0,False,19
0.33448792,0.5705943,0.030020477,0.06855459,0,1.0,False,19
0.3458998,0.37505513,0.03139157,0.37055594,1,1.0,False,19
0.3534009,0.56971735,0.038802687,0.08793406,1,1.0,False,19
0.36479524,0.76426226,0.040561367,-0.19225849,0,1.0,False,19
0.3800805,0.5685842,0.0367162,0.11293889,1,1.0,False,19
0.39145216,0.76316136,0.038974978,-0.16793796,0,1.0,False,19
0.4067154,0.5675038,0.03561622,0.1367812,1,1.0,False,19
0.4180655,0.762098,0.03835184,-0.14445601,0,1.0,False,19
0.43330744,0.5664484,0.035462722,0.16007526,1,1.0,False,19
0.4446364,0.76104516,0.038664225,-0.12121252,1,1.0,False,19
0.4598573,0.95559245,0.036239974,-0.4014509,0,1.0,False,19
0.47896916,0.75997573,0.028210958,-0.097566225,0,1.0,False,19
0.49416867,0.56446105,0.026259633,0.20388202,1,1.0,False,19
0.5054579,0.75919783,0.030337274,-0.08040298,1,1.0,False,19
0.52064186,0.953872,0.028729213,-0.36336216,0,1.0,False,19
0.5397193,0.75835377,0.021461971,-0.061760593,0,1.0,False,19
0.55488634,0.5629308,0.02022676,0.23761572,1,1.0,False,19
0.566145,0.757758,0.024979074,-0.04861909,1,1.0,False,19
0.58130014,0.95251304,0.02400669,-0.33331743,0,1.0,False,19
0.6003504,0.7570578,0.017340343,-0.03316171,0,1.0,False,19
0.61549157,0.5616915,0.01667711,0.26494145,1,1.0,False,19
0.6267254,0.75657153,0.021975938,-0.02243506,1,1.0,False,19
0.6418568,0.95137155,0.021527236,-0.30810413,0,1.0,False,19
0.66088426,0.75594956,0.0153651545,-0.008710567,1,1.0,False,19
0.6760032,0.9508478,0.015190943,-0.2965063,0,1.0,False,19
0.6950202,0.75551265,0.009260817,0.00092865183,1,1.0,False,19
0.71013045,0.95050055,0.009279391,-0.28881806,0,1.0,False,19
0.72914046,0.75524753,0.0035030295,0.0067770025,1,1.0,False,19
0.7442454,0.95031905,0.0036385695,-0.28479862,0,1.0,False,19
0.7632518,0.75514543,-0.0020574029,0.009029663,1,1.0,False,19
0.7783547,0.9502968,-0.0018768096,-0.2843017,0,1.0,False,19
0.79736066,0.7552017,-0.007562843,0.007788713,1,1.0,False,19
0.81246465,0.9504313,-0.007407069,-0.28727075,0,1.0,False,19
0.8314733,0.75541574,-0.013152484,0.0030668732,1,1.0,False,19
0.84658164,0.9507238,-0.013091147,-0.29373664,0,1.0,False,19
0.8655961,0.75579095,-0.01896588,-0.0052110474,0,1.0,False,19
0.8807119,0.56094605,-0.0190701,0.2814281,1,1.0,False,19
0.8919308,0.7563347,-0.013441538,-0.017207947,1,1.0,False,19
0.9070575,0.95164686,-0.0137856975,-0.31410134,0,1.0,False,19
0.9260905,0.756724,-0.020067723,-0.025797665,0,1.0,False,19
0.94122493,0.5618955,-0.020583678,0.26048672,1,1.0,False,19
0.95246285,0.75730515,-0.015373943,-0.038616825,0,1.0,False,19
0.9676089,0.56240696,-0.01614628,0.2491761,1,1.0,False,19
0.9788571,0.75775576,-0.011162758,-0.048555665,1,1.0,False,19
0.9940122,0.95303595,-0.012133871,-0.34473953,0,1.0,False,19
1.013073,0.7580887,-0.019028662,-0.05590744,0,1.0,False,19
1.0282347,0.5632447,-0.02014681,0.23071158,1,1.0,False,19
1.0394996,0.75864863,-0.015532578,-0.06825764,0,1.0,False,19
1.0546726,0.5637528,-0.016897732,0.2194845,1,1.0,False,19
1.0659477,0.7591122,-0.012508042,-0.07848042,0,1.0,False,19
1.0811299,0.56417173,-0.01407765,0.21023008,1,1.0,False,19
1.0924133,0.7594921,-0.009873048,-0.08686015,0,1.0,False,19
1.1076032,0.564513,-0.011610252,0.20269154,1,1.0,False,19
1.1188934,0.7597991,-0.0075564208,-0.09363113,1,1.0,False,19
1.1340894,0.95502853,-0.009429043,-0.3886885,0,1.0,False,19
1.1531899,0.7600417,-0.017202813,-0.09899332,0,1.0,False,19
1.1683908,0.56517047,-0.01918268,0.1882129,1,1.0,False,19
1.1796942,0.7605615,-0.0154184215,-0.110459134,0,1.0,False,19
1.1949054,0.5656639,-0.017627604,0.17731977,1,1.0,False,19
1.2062187,0.7610336,-0.014081209,-0.12087154,0,1.0,False,19
1.2214394,0.5661162,-0.01649864,0.16733585,1,1.0,False,19
1.2327617,0.7614704,-0.013151923,-0.13050592,0,1.0,False,19
1.2479911,0.5665393,-0.015762042,0.15799889,1,1.0,False,19
1.2593219,0.7618833,-0.012602064,-0.1396146,0,1.0,False,19
1.2745596,0.56694406,-0.015394355,0.14906609,1,1.0,False,19
1.2858984,0.762283,-0.012413033,-0.14843342,0,1.0,False,19
1.3011441,0.567341,-0.015381702,0.14030775,1,1.0,False,19
1.3124909,0.7626799,-0.012575547,-0.15718788,0,1.0,False,19
1.3277445,0.5677402,-0.015719304,0.13150138,1,1.0,False,19
1.3390993,0.76308376,-0.013089277,-0.16609904,1,1.0,False,19
1.354361,0.9583906,-0.016411258,-0.46288234,0,1.0,False,19
1.3735288,0.7635044,-0.025668904,-0.17541708,0,1.0,False,19
1.388799,0.568759,-0.029177247,0.10905891,1,1.0,False,19
1.400174,0.76428664,-0.026996069,-0.19268462,0,1.0,False,19
1.4154599,0.56956106,-0.03084976,0.09136143,1,1.0,False,19
1.426851,0.7651113,-0.029022532,-0.21089274,0,1.0,False,19
1.4421532,0.5704161,-0.033240385,0.07249568,1,1.0,False,19
1.4535615,0.7659984,-0.031790473,-0.23048665,0,1.0,False,19
1.4688816,0.57134485,-0.036400206,0.052001394,1,1.0,False,19
1.4803084,0.7669693,-0.03536018,-0.25194022,0,1.0,False,19
1.4956478,0.5723697,-0.04039898,0.02938305,0,1.0,False,19
1.5070952,0.37784964,-0.03981132,0.30905095,1,1.0,False,19
1.5146523,0.5735156,-0.033630304,0.0040831873,1,1.0,False,19
1.5261226,0.7691033,-0.03354864,-0.29901794,0,1.0,False,19
1.5415046,0.5744752,-0.039529,-0.017101547,0,1.0,False,19
1.5529941,0.3799418,-0.03987103,0.26285213,1,1.0,False,19
1.5605929,0.5756095,-0.034613986,-0.04213516,1,1.0,False,19
1.5721052,0.77121025,-0.03545669,-0.34553504,0,1.0,False,19
1.5875293,0.57661015,-0.04236739,-0.064240426,0,1.0,False,19
1.5990615,0.38212046,-0.0436522,0.21478006,1,1.0,False,19
1.606704,0.5778384,-0.039356597,-0.09134688,0,1.0,False,19
1.6182607,0.38330203,-0.041183535,0.18866387,1,1.0,False,19
1.6259267,0.57898825,-0.03741026,-0.11672109,0,1.0,False,19
1.6375065,0.3844217,-0.03974468,0.16392843,1,1.0,False,19
1.645195,0.58008945,-0.03646611,-0.1410232,0,1.0,False,19
1.6567967,0.3855082,-0.039286576,0.13993593,1,1.0,False,19
1.6645069,0.58117014,-0.03648786,-0.16487783,0,1.0,False,19
1.6761303,0.38658902,-0.039785415,0.11607456,1,1.0,False,19
1.6838621,0.58225775,-0.037463922,-0.18889014,0,1.0,False,19
1.6955073,0.3876913,-0.041241724,0.091743,1,1.0,False,19
1.703261,0.5833793,-0.039406866,-0.21366113,0,1.0,False,19
1.7149286,0.38884228,-0.043680087,0.06633527,0,1.0,False,19
1.7227055,0.19437294,-0.042353384,0.34492323,1,1.0,False,19
1.726593,0.39007097,-0.035454918,0.03919122,0,1.0,False,19
1.7343944,0.19547492,-0.034671094,0.32048032,1,1.0,False,19
1.7383039,0.39107305,-0.028261488,0.017068204,1,1.0,False,19
1.7461253,0.5865886,-0.027920123,-0.28439587,0,1.0,False,19
1.7578571,0.3918758,-0.03360804,-0.00064789504,0,1.0,False,19
1.7656946,0.19725156,-0.033621,0.28124472,1,1.0,False,19
1.7696396,0.39283657,-0.027996104,-0.021849696,0,1.0,False,19
1.7774963,0.19812705,-0.0284331,0.26187032,1,1.0,False,19
1.781459,0.39364308,-0.023195691,-0.039643392,0,1.0,False,19
1.7893318,0.19886132,-0.02398856,0.24563175,1,1.0,False,19
1.793309,0.3943175,-0.019075925,-0.054520164,1,1.0,False,19
1.8011954,0.58970773,-0.020166328,-0.35316014,0,1.0,False,19
1.8129895,0.39487827,-0.02722953,-0.066903844,0,1.0,False,19
1.8208871,0.20015706,-0.028567607,0.21706517,1,1.0,False,19
1.8248903,0.3956755,-0.024226304,-0.08449056,0,1.0,False,19
1.8328037,0.20090905,-0.025916114,0.20045155,1,1.0,False,19
1.8368219,0.3963919,-0.021907084,-0.10029273,0,1.0,False,19
1.8447498,0.20159064,-0.023912938,0.18539886,1,1.0,False,19
1.8487816,0.39704645,-0.020204961,-0.11473073,0,1.0,False,19
1.8567225,0.20221974,-0.022499576,0.17150982,1,1.0,False,19
1.8607669,0.39765638,-0.01906938,-0.12818526,0,1.0,False,19
1.86872,0.20281272,-0.021633085,0.15842104,1,1.0,False,19
1.8727763,0.3982376,-0.018464664,-0.14100733,0,1.0,False,19
1.880741,0.20338489,-0.021284811,0.14579359,1,1.0,False,19
1.8848088,0.39880508,-0.018368939,-0.15352757,0,1.0,False,19
1.8927848,0.20395091,-0.02143949,0.13330424,1,1.0,False,19
1.8968638,0.3993733,-0.018773405,-0.16606471,0,1.0,False,19
1.9048513,0.20452504,-0.0220947,0.12063712,1,1.0,False,19
1.9089419,0.39995646,-0.019681957,-0.17893378,0,1.0,False,19
1.9169409,0.20512162,-0.023260633,0.107475765,1,1.0,False,19
1.9210434,0.40056905,-0.021111118,-0.19245407,0,1.0,False,19
1.9290547,0.20575535,-0.0249602,0.09349514,1,1.0,False,19
1.9331698,0.40122598,-0.023090295,-0.20695704,0,1.0,False,19
1.9411944,0.20644172,-0.027229438,0.07835356,0,1.0,False,19
1.9453232,0.011720474,-0.025662366,0.3623227,1,1.0,False,19
1.9455576,0.20719759,-0.018415913,0.06165963,1,1.0,False,19
1.9497015,0.40257868,-0.017182719,-0.23677628,0,1.0,False,19
1.9577532,0.20770638,-0.021918245,0.050437562,0,1.0,False,19
1.9619073,0.012905458,-0.020909494,0.3361253,1,1.0,False,19
1.9621654,0.20831864,-0.014186988,0.036922667,1,1.0,False,19
1.9663317,0.40364113,-0.0134485345,-0.2602024,0,1.0,False,19
1.9744046,0.20871373,-0.018652583,0.028208507,1,1.0,False,19
1.9785788,0.40409812,-0.018088413,-0.27030066,0,1.0,False,19
1.9866608,0.2092389,-0.023494426,0.016622646,0,1.0,False,19
1.9908456,0.014461636,-0.023161974,0.3018012,1,1.0,False,19
1.9911349,0.20990592,-0.01712595,0.0019043982,0,1.0,False,19
1.995333,0.015033709,-0.017087862,0.28913507,1,1.0,False,19
1.9956336,0.21039511,-0.01130516,-0.008887847,1,1.0,False,19
1.9998416,0.40567735,-0.011482917,-0.30511615,0,1.0,False,19
2.007955,0.21072091,-0.01758524,-0.016076652,0,1.0,False,19
2.0121696,0.015855506,-0.017906772,0.27100646,1,1.0,False,19
2.0124867,0.21122834,-0.012486643,-0.027270125,0,1.0,False,19
2.0167112,0.016287668,-0.013032046,0.26144713,1,1.0,False,19
2.017037,0.2115932,-0.007803104,-0.035317615,1,1.0,False,19
2.0212688,0.40682617,-0.008509456,-0.33045226,0,1.0,False,19
2.0294054,0.21182638,-0.015118501,-0.040464904,0,1.0,False,19
2.0336418,0.016924456,-0.015927799,0.24740991,1,1.0,False,19
2.0339804,0.21227022,-0.010979601,-0.050254147,0,1.0,False,19
2.0382257,0.017307412,-0.011984684,0.2389445,1,1.0,False,19
2.0385718,0.2125985,-0.007205794,-0.057494514,1,1.0,False,19
2.0428238,0.40782303,-0.008355685,-0.35244218,0,1.0,False,19
2.0509803,0.21282089,-0.015404528,-0.062405724,0,1.0,False,19
2.0552368,0.01792315,-0.016652642,0.22537744,1,1.0,False,19
2.0555952,0.2132791,-0.012145094,-0.072511494,0,1.0,False,19
2.0598607,0.018333344,-0.013595323,0.216315,1,1.0,False,19
2.0602274,0.213647,-0.009269023,-0.080625296,1,1.0,False,19
2.0645003,0.4089006,-0.010881529,-0.37621814,0,1.0,False,19
2.0726783,0.21393485,-0.018405892,-0.08698599,0,1.0,False,19
2.076957,0.019081505,-0.020145612,0.1998335,1,1.0,False,19
2.0773387,0.2144857,-0.016148942,-0.09913574,0,1.0,False,19
2.0816283,0.01959888,-0.018131657,0.1884088,1,1.0,False,19
2.0820205,0.21497548,-0.014363481,-0.10993834,0,1.0,False,19
2.08632,0.020062268,-0.016562248,0.17817861,1,1.0,False,19
2.0867212,0.21541727,-0.012998676,-0.11968279,0,1.0,False,19
2.0910294,0.020483946,-0.015392331,0.16887099,1,1.0,False,19
2.0914392,0.2158228,-0.0120149115,-0.12862775,0,1.0,False,19
2.0957556,0.020875005,-0.014587467,0.16024055,1,1.0,False,19
2.096173,0.21620272,-0.011382655,-0.13700843,0,1.0,False,19
2.1004972,0.021245643,-0.014122824,0.15206182,1,1.0,False,19
2.100922,0.21656694,-0.0110815875,-0.14504288,0,1.0,False,19
2.1052535,0.021605428,-0.013982446,0.14412351,1,1.0,False,19
2.1056855,0.2169248,-0.011099976,-0.15293762,0,1.0,False,19
2.110024,0.021963535,-0.014158728,0.13622294,1,1.0,False,19
2.1104634,0.2172854,-0.011434269,-0.16089301,0,1.0,False,19
2.114809,0.022328988,-0.014652128,0.12816088,1,1.0,False,19
2.1152556,0.21765774,-0.012088911,-0.16910836,0,1.0,False,19
2.1196089,0.022710891,-0.015471078,0.119736485,1,1.0,False,19
2.120063,0.21805105,-0.013076348,-0.17778699,0,1.0,False,19
2.124424,0.023118645,-0.01663209,0.11074227,1,1.0,False,19
2.1248863,0.21847492,-0.014417243,-0.18714122,0,1.0,False,19
2.1292558,0.023562184,-0.018160067,0.10095898,1,1.0,False,19
2.1297271,0.21893963,-0.016140888,-0.19739762,0,1.0,False,19
2.134106,0.02405222,-0.02008884,0.09015019,1,1.0,False,19
2.134587,0.21945627,-0.018285837,-0.20880246,0,1.0,False,19
2.138976,0.024600493,-0.022461886,0.078056596,1,1.0,False,19
2.1394682,0.22003712,-0.020900754,-0.22162764,0,1.0,False,19
2.143869,0.025220059,-0.025333308,0.06438976,1,1.0,False,19
2.1443732,0.2206959,-0.024045512,-0.2361771,0,1.0,False,19
2.1487873,0.025925584,-0.028769054,0.048825204,0,1.0,False,19
2.1493056,-0.16877228,-0.027792549,0.33229423,1,1.0,False,19
2.1459303,0.026734008,-0.021146664,0.03097808,0,1.0,False,19
2.1464648,-0.16807841,-0.020527104,0.3169147,1,1.0,False,19
2.1431034,0.027329816,-0.014188809,0.017829582,1,1.0,False,19
2.1436498,0.22265235,-0.013832218,-0.2792961,0,1.0,False,19
2.148103,0.02773042,-0.019418139,0.008992284,0,1.0,False,19
2.1486576,-0.16710775,-0.019238293,0.29548585,1,1.0,False,19
2.1453154,0.028283117,-0.013328577,-0.003201906,1,1.0,False,19
2.1458812,0.22359365,-0.013392615,-0.30006018,0,1.0,False,19
2.150353,0.028665135,-0.019393818,-0.01163093,0,1.0,False,19
2.1509264,-0.1661734,-0.019626437,0.27487049,1,1.0,False,19
2.1476028,0.029223006,-0.014129028,-0.023937477,0,1.0,False,19
2.1481872,-0.1656935,-0.014607777,0.2642543,1,1.0,False,19
2.1448734,0.029633872,-0.009322691,-0.033000026,1,1.0,False,19
2.145466,0.22488827,-0.009982692,-0.32860973,0,1.0,False,19
2.1499639,0.02990984,-0.016554886,-0.03909152,0,1.0,False,19
2.150562,-0.16497084,-0.017336717,0.24832255,1,1.0,False,19
2.1472626,0.030394346,-0.012370266,-0.04977795,0,1.0,False,19
2.1478705,-0.16454807,-0.013365825,0.23897652,1,1.0,False,19
2.1445796,0.030762253,-0.008586294,-0.05789222,0,1.0,False,19
2.1451948,-0.16423555,-0.009744138,0.23206936,1,1.0,False,19
2.14191,0.03102428,-0.0051027513,-0.0636712,0,1.0,False,19
2.1425307,-0.16402414,-0.0063761757,0.22739741,1,1.0,False,19
2.13925,0.03118835,-0.0018282272,-0.06728995,1,1.0,False,19
2.1398737,0.22633646,-0.0031740263,-0.36054912,0,1.0,False,19
2.1444006,0.031259775,-0.0103850085,-0.068868734,0,1.0,False,19
2.1450257,-0.16371176,-0.011762383,0.22051966,1,1.0,False,19
2.1417515,0.031576328,-0.0073519903,-0.07585027,0,1.0,False,19
2.142383,-0.16343945,-0.008868996,0.21450403,1,1.0,False,19
2.1391144,0.03180816,-0.004578915,-0.08096332,0,1.0,False,19
2.1397505,-0.16324785,-0.0061981813,0.21027143,1,1.0,False,19
2.1364856,0.03196217,-0.0019927528,-0.08436023,0,1.0,False,19
2.1371248,-0.16313116,-0.0036799572,0.20769332,1,1.0,False,19
2.133862,0.03204322,0.00047390908,-0.08614817,0,1.0,False,19
2.134503,-0.16308552,-0.0012490544,0.20668423,1,1.0,False,19
2.1312413,0.032054268,0.0028846303,-0.08639245,1,1.0,False,19
2.1318824,0.22713475,0.0011567813,-0.37816387,0,1.0,False,19
2.136425,0.03199639,-0.0064064963,-0.08511643,0,1.0,False,19
2.137065,-0.16303314,-0.0081088245,0.20553836,1,1.0,False,19
2.1338043,0.03220382,-0.0039980575,-0.08969142,0,1.0,False,19
2.1344483,-0.1628606,-0.005791886,0.20172743,1,1.0,False,19
2.1311913,0.032343708,-0.001757337,-0.09277691,0,1.0,False,19
2.131838,-0.16275302,-0.0036128752,0.19935106,1,1.0,False,19
2.128583,0.032420427,0.000374146,-0.09446937,0,1.0,False,19
2.1292315,-0.16270688,-0.0015152413,0.19833158,1,1.0,False,19
2.1259773,0.032436706,0.0024513903,-0.094828956,0,1.0,False,19
2.126626,-0.1627203,0.0005548111,0.19862637,1,1.0,False,19
2.1233716,0.032393716,0.004527339,-0.09388148,0,1.0,False,19
2.1240194,-0.16279283,0.002649709,0.20022637,1,1.0,False,19
2.1207635,0.032291126,0.0066542365,-0.09161952,1,1.0,False,19
2.1214094,0.22731707,0.004821846,-0.38219562,0,1.0,False,19
2.1259558,0.032126985,-0.0028220667,-0.08799629,0,1.0,False,19
2.1265984,-0.1629544,-0.0045819925,0.20379494,1,1.0,False,19
2.1233392,0.032232776,-0.0005060937,-0.090329856,0,1.0,False,19
2.1239839,-0.16288191,-0.002312691,0.20219335,1,1.0,False,19
2.120726,0.032273035,0.0017311762,-0.09121822,0,1.0,False,19
2.1213717,-0.16287369,-9.318817e-05,0.2020104,1,1.0,False,19
2.1181142,0.032249596,0.0039470196,-0.09070193,0,1.0,False,19
2.1187592,-0.1629287,0.002132981,0.20322366,1,1.0,False,19
2.1155007,0.032162674,0.0061974544,-0.08878565,1,1.0,False,19
2.116144,0.22719525,0.0044217412,-0.37950686,0,1.0,False,19
2.1206877,0.032010783,-0.0031683957,-0.08543303,0,1.0,False,19
2.121328,-0.16306561,-0.004877056,0.20624858,1,1.0,False,19
2.1180668,0.032125745,-0.0007520845,-0.08796881,0,1.0,False,19
2.1187093,-0.16298541,-0.0025114606,0.20447674,1,1.0,False,19
2.1154494,0.03217236,0.0015780741,-0.08899737,0,1.0,False,19
2.116093,-0.16297218,-0.00020187334,0.20418303,1,1.0,False,19
2.1128335,0.03215266,0.003881787,-0.088563584,0,1.0,False,19
2.1134765,-0.16302471,0.0021105155,0.20534152,1,1.0,False,19
2.1102161,0.03206699,0.006217346,-0.0866749,1,1.0,False,19
2.1108575,0.22709927,0.004483848,-0.3773898,0,1.0,False,19
2.1153994,0.03191393,-0.0030639477,-0.083296455,0,1.0,False,19
2.1160376,-0.16316397,-0.0047298768,0.20841822,1,1.0,False,19
2.1127744,0.032025293,-0.0005615124,-0.08575298,0,1.0,False,19
2.113415,-0.1630886,-0.0022765722,0.20675273,1,1.0,False,19
2.1101532,0.032065827,0.0018584826,-0.086647466,0,1.0,False,19
2.1107945,-0.16308272,0.00012553325,0.20662123,1,1.0,False,19
2.1075327,0.03203744,0.004257958,-0.086022094,0,1.0,False,19
2.1081736,-0.16314529,0.0025375162,0.20800118,1,1.0,False,19
2.1049106,0.031940293,0.0066975397,-0.08388021,1,1.0,False,19
2.1055493,0.22696559,0.0050199353,-0.37444255,0,1.0,False,19
2.1100888,0.031772703,-0.0024689154,-0.08018104,0,1.0,False,19
2.1107242,-0.16331378,-0.0040725362,0.21172191,1,1.0,False,19
2.1074579,0.03186617,0.00016190206,-0.08224289,0,1.0,False,19
2.1080952,-0.1632581,-0.0014829558,0.2104911,1,1.0,False,19
2.10483,0.031885024,0.0027268664,-0.08265924,0,1.0,False,19
2.1054678,-0.16327591,0.0010736817,0.21088277,1,1.0,False,19
2.1022022,0.031830672,0.005291337,-0.08146127,0,1.0,False,19
2.102839,-0.16336673,0.0036621117,0.21288638,1,1.0,False,19
2.0995715,0.031702675,0.00791984,-0.078639105,1,1.0,False,19
2.1002057,0.2267102,0.006347057,-0.36881283,0,1.0,False,19
2.10474,0.031498645,-0.0010291992,-0.074135356,0,1.0,False,19
2.1053698,-0.16360854,-0.0025119062,0.21822268,1,1.0,False,19
2.1020975,0.03154923,0.0018525473,-0.07525155,0,1.0,False,19
2.1027286,-0.16359922,0.0003475162,0.21801528,1,1.0,False,19
2.0994565,0.03151775,0.004707822,-0.074558,0,1.0,False,19
2.100087,-0.16367137,0.003216662,0.21960653,1,1.0,False,19
2.0968134,0.03140445,0.0076087927,-0.07205999,1,1.0,False,19
2.0974417,0.2264165,0.006167593,-0.3623326,0,1.0,False,19
2.10197,0.03120743,-0.0010790596,-0.06771133,0,1.0,False,19
2.1025941,-0.16389903,-0.0024332863,0.22463095,1,1.0,False,19
2.0993161,0.031257607,0.0020593328,-0.06881853,0,1.0,False,19
2.0999413,-0.1638938,0.00068296207,0.22451341,1,1.0,False,19
2.0966635,0.031218376,0.0051732305,-0.067954004,1,1.0,False,19
2.0972877,0.22626577,0.00381415,-0.35900027,0,1.0,False,19
2.101813,0.031089814,-0.0033658552,-0.0651171,0,1.0,False,19
2.1024349,-0.16398372,-0.004668197,0.22650199,1,1.0,False,19
2.0991552,0.031204637,-0.00013815744,-0.067649804,0,1.0,False,19
2.0997794,-0.16391534,-0.0014911535,0.22498953,1,1.0,False,19
2.0965009,0.031227898,0.003008637,-0.06816339,0,1.0,False,19
2.0971255,-0.16393706,0.0016453695,0.22546726,1,1.0,False,19
2.0938468,0.031161338,0.0061547146,-0.066696204,1,1.0,False,19
2.09447,0.22619452,0.0048207906,-0.35743093,0,1.0,False,19
2.098994,0.031004356,-0.0023278282,-0.0632318,0,1.0,False,19
2.099614,-0.16408414,-0.0035924644,0.22871576,1,1.0,False,19
2.0963323,0.031088961,0.000981851,-0.06509818,0,1.0,False,19
2.096954,-0.16404705,-0.00032011265,0.22789437,1,1.0,False,19
2.0936732,0.031079471,0.0042377748,-0.06488952,0,1.0,False,19
2.0942948,-0.16410299,0.0029399842,0.22912744,1,1.0,False,19
2.0910127,0.030976834,0.0075225327,-0.062626675,1,1.0,False,19
2.0916321,0.22599013,0.0062699993,-0.35292673,0,1.0,False,19
2.096152,0.03077958,-0.0007885354,-0.0582733,0,1.0,False,19
2.0967677,-0.16433105,-0.0019540014,0.23416074,1,1.0,False,19
2.093481,0.03081876,0.0027292133,-0.059137907,0,1.0,False,19
2.0940974,-0.16434221,0.0015464551,0.23440486,1,1.0,False,19
2.0908105,0.030757604,0.0062345522,-0.05778987,1,1.0,False,19
2.0914257,0.2257896,0.005078755,-0.34849924,0,1.0,False,19
2.0959415,0.030595794,-0.0018912301,-0.054219153,0,1.0,False,19
2.0965533,-0.16449898,-0.002975613,0.23786648,1,1.0,False,19
2.0932634,0.030665347,0.0017817164,-0.05575356,0,1.0,False,19
2.0938768,-0.1644821,0.00066664524,0.23749098,1,1.0,False,19
2.0905871,0.030630315,0.005416465,-0.05498159,1,1.0,False,19
2.0911996,0.22567418,0.004316833,-0.34595066,0,1.0,False,19
2.0957131,0.030491095,-0.0026021805,-0.051909618,0,1.0,False,19
2.096323,-0.16459344,-0.0036403728,0.23995116,1,1.0,False,19
2.0930312,0.030580318,0.0011586505,-0.053877812,0,1.0,False,19
2.0936427,-0.16455823,8.109429e-05,0.23917045,1,1.0,False,19
2.0903516,0.030562565,0.004864503,-0.053486895,1,1.0,False,19
2.090963,0.22561443,0.0037947656,-0.34463108,0,1.0,False,19
2.0954752,0.0304387,-0.003097856,-0.05075393,0,1.0,False,19
2.0960839,-0.1646387,-0.004112934,0.24094999,1,1.0,False,19
2.092791,0.030541768,0.0007060654,-0.05302742,0,1.0,False,19
2.093402,-0.1645903,-0.00035448305,0.23987819,1,1.0,False,19
2.09011,0.030536713,0.0044430806,-0.05291653,1,1.0,False,19
2.090721,0.22559467,0.00338475,-0.34419432,0,1.0,False,19
2.0952327,0.030424736,-0.0034991363,-0.050445978,0,1.0,False,19
2.0958412,-0.16464686,-0.0045080557,0.24113089,1,1.0,False,19
2.0925484,0.03053919,0.00031456188,-0.052970584,0,1.0,False,19
2.0931592,-0.16458727,-0.0007448498,0.23981157,1,1.0,False,19
2.0898674,0.030545315,0.0040513817,-0.053106207,1,1.0,False,19
2.0904782,0.22560894,0.0029892575,-0.34450814,0,1.0,False,19
2.0949905,0.030444592,-0.0039009054,-0.050884087,0,1.0,False,19
2.0955994,-0.1646212,-0.004918587,0.24056552,1,1.0,False,19
2.0923069,0.03057066,-0.00010727658,-0.053664796,0,1.0,False,19
2.0929184,-0.16454975,-0.0011805724,0.23898429,1,1.0,False,19
2.0896273,0.030589044,0.0035991133,-0.054070797,0,1.0,False,19
2.090239,-0.16458432,0.0025176974,0.2397455,1,1.0,False,19
2.0869474,0.030501567,0.0073126075,-0.05214221,1,1.0,False,19
2.0875576,0.2255179,0.006269763,-0.342509,0,1.0,False,19
2.0920677,0.030307317,-0.00058041693,-0.047855582,0,1.0,False,19
2.092674,-0.1648063,-0.0015375286,0.24464417,1,1.0,False,19
2.0893779,0.03033757,0.0033553545,-0.048523344,1,1.0,False,19
2.0899847,0.22541125,0.0023848878,-0.34014574,0,1.0,False,19
2.094493,0.030255446,-0.004418027,-0.046711713,0,1.0,False,19
2.095098,-0.16480288,-0.0053522615,0.24457403,1,1.0,False,19
2.091802,0.030395111,-0.0004607809,-0.049792323,0,1.0,False,19
2.0924098,-0.16472024,-0.0014566274,0.24274519,1,1.0,False,19
2.0891154,0.030422498,0.0033982764,-0.05039684,1,1.0,False,19
2.0897238,0.22549556,0.0023903395,-0.34200564,0,1.0,False,19
2.0942338,0.030339679,-0.0044497736,-0.04856991,0,1.0,False,19
2.0948405,-0.16471818,-0.005421172,0.24270576,1,1.0,False,19
2.091546,0.030480782,-0.0005670566,-0.051682204,0,1.0,False,19
2.0921557,-0.16463304,-0.0016007007,0.24082176,1,1.0,False,19
2.0888631,0.030511746,0.0032157344,-0.052365646,0,1.0,False,19
2.0894732,-0.16465616,0.0021684216,0.24133013,1,1.0,False,19
2.0861802,0.030434743,0.006995024,-0.050668024,1,1.0,False,19
2.086789,0.2254557,0.0059816637,-0.34113577,0,1.0,False,19
2.091298,0.030249152,-0.00084105175,-0.046572603,0,1.0,False,19
2.091903,-0.16486073,-0.0017725038,0.24584484,1,1.0,False,19
2.0886059,0.030286493,0.0031443932,-0.04739664,1,1.0,False,19
2.0892115,0.22536321,0.0021964603,-0.33908582,0,1.0,False,19
2.0937188,0.03021008,-0.0045852563,-0.04571107,0,1.0,False,19
2.094323,-0.16484582,-0.0054994775,0.24552165,1,1.0,False,19
2.091026,0.03035424,-0.0005890448,-0.048890863,0,1.0,False,19
2.091633,-0.16475926,-0.0015668621,0.24360615,1,1.0,False,19
2.088338,0.030385038,0.003305261,-0.049570587,1,1.0,False,19
2.0889456,0.22545944,0.0023138493,-0.34120885,0,1.0,False,19
2.0934548,0.030304644,-0.0045103277,-0.047797162,0,1.0,False,19
2.094061,-0.16475235,-0.0054662707,0.24345931,1,1.0,False,19
2.090766,0.030447258,-0.0005970845,-0.050942793,0,1.0,False,19
2.0913749,-0.16466613,-0.0016159404,0.24155168,1,1.0,False,19
2.0880816,0.03047887,0.0032150934,-0.05164051,0,1.0,False,19
2.088691,-0.16468903,0.0021822832,0.24205507,1,1.0,False,19
2.0853972,0.030401677,0.007023385,-0.04993871,1,1.0,False,19
2.0860054,0.22542222,0.0060246103,-0.34039745,0,1.0,False,19
2.0905137,0.030215068,-0.0007833386,-0.045820814,0,1.0,False,19
2.091118,-0.16489564,-0.0016997549,0.24661486,1,1.0,False,19
2.0878203,0.030250544,0.0032325424,-0.046603724,1,1.0,False,19
2.0884252,0.22532599,0.0023004678,-0.338265,0,1.0,False,19
2.0929317,0.030171383,-0.004464832,-0.044857524,0,1.0,False,19
2.0935352,-0.16488627,-0.0053619826,0.24641337,1,1.0,False,19
2.0902374,0.030311858,-0.00043371526,-0.047956016,0,1.0,False,19
2.0908437,-0.16480388,-0.0013928356,0.24459004,1,1.0,False,19
2.0875475,0.030337946,0.0034989652,-0.048531897,1,1.0,False,19
2.0881543,0.22540955,0.002528327,-0.3401088,0,1.0,False,19
2.0926626,0.030251717,-0.004273849,-0.04662968,0,1.0,False,19
2.0932677,-0.16480869,-0.005206443,0.24470176,1,1.0,False,19
2.0899713,0.030387236,-0.0003124078,-0.049618855,0,1.0,False,19
2.090579,-0.16473024,-0.0013047849,0.24296549,1,1.0,False,19
2.0872846,0.03041033,0.0035545249,-0.050128717,0,1.0,False,19
2.0878928,-0.16476241,0.0025519505,0.24367356,1,1.0,False,19
2.0845976,0.030322999,0.007425422,-0.048203316,1,1.0,False,19
2.085204,0.2253377,0.0064613554,-0.33853424,0,1.0,False,19
2.0897107,0.030124398,-0.0003093292,-0.043820783,0,1.0,False,19
2.0903132,-0.16499312,-0.0011857449,0.24876453,1,1.0,False,19
2.0870132,0.03014575,0.0037895457,-0.044292167,1,1.0,False,19
2.0876162,0.22521316,0.0029037024,-0.33577704,0,1.0,False,19
2.0921204,0.03005,-0.0038118386,-0.042179868,0,1.0,False,19
2.0927215,-0.16501708,-0.004655436,0.24929795,1,1.0,False,19
2.0894213,0.03017104,0.00033052306,-0.044849753,0,1.0,False,19
2.0900247,-0.16495565,-0.000566472,0.24793744,1,1.0,False,19
2.0867255,0.03017439,0.004392277,-0.044924114,1,1.0,False,19
2.087329,0.22523308,0.0034937945,-0.336218,0,1.0,False,19
2.0918336,0.030061586,-0.0032305657,-0.042435374,0,1.0,False,19
2.092435,-0.1650139,-0.004079273,0.24922653,1,1.0,False,19
2.0891347,0.030166076,0.0009052576,-0.04474029,0,1.0,False,19
2.089738,-0.16496885,1.0451801e-05,0.24822812,1,1.0,False,19
2.0864384,0.030152958,0.0049750144,-0.044451512,1,1.0,False,19
2.0870416,0.22520322,0.004085984,-0.33556062,0,1.0,False,19
2.0915456,0.030023355,-0.0026252288,-0.041592006,0,1.0,False,19
2.0921462,-0.16506085,-0.003457069,0.2502615,1,1.0,False,19
2.088845,0.030110296,0.0015481607,-0.04350987,0,1.0,False,19
2.089447,-0.16503382,0.0006779633,0.24966112,1,1.0,False,19
2.0861464,0.03007844,0.0056711854,-0.042807892,1,1.0,False,19
2.086748,0.2251186,0.0048150276,-0.33369613,0,1.0,False,19
2.0912504,0.029928463,-0.0018588947,-0.03949868,0,1.0,False,19
2.0918489,-0.16516678,-0.0026488684,0.25259718,1,1.0,False,19
2.0885456,0.029992891,0.002403075,-0.040920082,1,1.0,False,19
2.0891454,0.2250803,0.0015846734,-0.33284384,0,1.0,False,19
2.093647,0.02993583,-0.0050722035,-0.039661616,0,1.0,False,19
2.0942457,-0.16511302,-0.005865436,0.25141668,1,1.0,False,19
2.0909436,0.030092195,-0.0008371024,-0.043110542,0,1.0,False,19
2.0915453,-0.16501774,-0.0016993133,0.24930815,1,1.0,False,19
2.088245,0.030128434,0.00328685,-0.043910287,1,1.0,False,19
2.0888476,0.2252031,0.0024086442,-0.33555436,0,1.0,False,19
2.0933516,0.030046953,-0.0043024435,-0.04211286,0,1.0,False,19
2.0939527,-0.16501305,-0.0051447004,0.24920951,1,1.0,False,19
2.0906522,0.030182004,-0.00016051035,-0.04509172,0,1.0,False,19
2.091256,-0.16493765,-0.0010623448,0.24754056,1,1.0,True,19
